transaction_id,client_id,article,montant,date,note,paiement,mois,annee,jour_semaine
TX00001,4018,Handbag,4619.0,2023-02-05,,Credit Card,2023-02,2023,Sunday
TX00002,4115,Tunic,2456.0,2023-07-11,2.0,Credit Card,2023-07,2023,Tuesday
TX00003,4019,Tank Top,2102.0,2023-03-23,4.1,Cash,2023-03,2023,Thursday
TX00004,4097,Leggings,3126.0,2023-03-15,3.2,Cash,2023-03,2023,Wednesday
TX00005,3997,Wallet,3003.0,2022-11-27,4.7,Cash,2022-11,2022,Sunday
TX00006,4080,Onesie,2914.0,2022-12-11,4.5,Credit Card,2022-12,2022,Sunday
TX00007,4055,Jacket,2571.0,2023-07-08,1.3,Cash,2023-07,2023,Saturday
TX00008,3973,Trousers,2419.0,2022-11-10,4.6,Cash,2022-11,2022,Thursday
TX00009,4044,Jeans,4771.0,2023-05-19,4.1,Cash,2023-05,2023,Friday
TX00010,4010,Loafers,4233.0,2023-06-11,,Credit Card,2023-06,2023,Sunday
TX00011,4108,Slippers,2356.0,2023-03-19,4.8,Credit Card,2023-03,2023,Sunday
TX00012,4067,Bowtie,4418.0,2022-11-21,3.4,Cash,2022-11,2022,Monday
TX00013,4068,Pajamas,3728.0,2022-12-09,,Credit Card,2022-12,2022,Friday
TX00014,4102,Trench Coat,2130.0,2023-01-29,4.8,Cash,2023-01,2023,Sunday
TX00015,4044,Handbag,2122.0,2023-08-01,1.2,Credit Card,2023-08,2023,Tuesday
TX00016,4096,Poncho,2383.0,2023-04-10,,Credit Card,2023-04,2023,Monday
TX00017,4017,Gloves,2895.0,2023-07-17,3.6,Credit Card,2023-07,2023,Monday
TX00018,4001,Trench Coat,2952.0,2023-06-13,2.2,Cash,2023-06,2023,Tuesday
TX00019,3976,Slippers,4069.0,2023-06-18,4.9,Credit Card,2023-06,2023,Sunday
TX00020,4103,Romper,4465.0,2022-11-21,,Credit Card,2022-11,2022,Monday
TX00021,4081,T-shirt,2108.0,2023-03-25,,Cash,2023-03,2023,Saturday
TX00022,3986,Gloves,4298.0,2023-04-05,4.2,Cash,2023-04,2023,Wednesday
TX00023,4108,Jeans,2814.0,2023-02-11,4.4,Credit Card,2023-02,2023,Saturday
TX00024,4109,Flip-Flops,4932.0,2022-12-20,4.0,Credit Card,2022-12,2022,Tuesday
TX00025,4075,Tunic,4661.0,2023-04-12,1.2,Credit Card,2023-04,2023,Wednesday
TX00026,4040,Shorts,4872.0,2023-08-25,3.8,Cash,2023-08,2023,Friday
TX00027,4099,Blazer,4232.0,2022-10-25,2.7,Credit Card,2022-10,2022,Tuesday
TX00028,3981,Boots,3718.0,2023-09-10,2.8,Credit Card,2023-09,2023,Sunday
TX00029,4070,Poncho,2902.0,2023-08-04,4.9,Cash,2023-08,2023,Friday
TX00030,4002,Belt,3839.0,2023-05-26,1.8,Cash,2023-05,2023,Friday
TX00031,4035,Tunic,4413.0,2022-12-23,1.2,Credit Card,2022-12,2022,Friday
TX00032,4060,Boots,3139.0,2023-01-26,3.4,Credit Card,2023-01,2023,Thursday
TX00033,3974,Flip-Flops,2026.0,2023-04-16,4.0,Cash,2023-04,2023,Sunday
TX00034,4110,Hoodie,2653.0,2022-10-11,4.2,Credit Card,2022-10,2022,Tuesday
TX00035,3984,Sweater,4859.0,2022-12-19,5.0,Cash,2022-12,2022,Monday
TX00036,4109,Blouse,3731.0,2023-03-02,,Credit Card,2023-03,2023,Thursday
TX00037,4054,Swimsuit,3393.0,2023-02-28,4.3,Cash,2023-02,2023,Tuesday
TX00038,4040,Kimono,3138.0,2023-05-12,,Credit Card,2023-05,2023,Friday
TX00039,4083,Cardigan,2636.0,2023-04-09,1.7,Cash,2023-04,2023,Sunday
TX00040,4122,Socks,2881.0,2023-02-22,,Credit Card,2023-02,2023,Wednesday
TX00041,3972,Pants,3378.0,2023-05-06,3.6,Cash,2023-05,2023,Saturday
TX00042,3980,Pajamas,2418.0,2023-05-26,2.2,Credit Card,2023-05,2023,Friday
TX00043,4012,Scarf,2379.0,2023-05-29,2.9,Credit Card,2023-05,2023,Monday
TX00044,3992,Backpack,101.0,2022-12-13,1.3,Credit Card,2022-12,2022,Tuesday
TX00045,4105,Dress,164.0,2022-10-20,3.2,Credit Card,2022-10,2022,Thursday
TX00046,4119,Boots,21.0,2023-04-03,3.9,Cash,2023-04,2023,Monday
TX00047,3957,Camisole,147.0,2022-11-04,4.7,Cash,2022-11,2022,Friday
TX00048,3995,Bowtie,30.0,2022-11-23,4.1,Cash,2022-11,2022,Wednesday
TX00049,4072,Poncho,170.0,2022-10-15,3.6,Credit Card,2022-10,2022,Saturday
TX00050,4093,Trousers,102.0,2023-05-25,2.1,Cash,2023-05,2023,Thursday
TX00051,4031,Blouse,190.0,2023-01-14,3.0,Cash,2023-01,2023,Saturday
TX00052,4114,Leggings,84.0,2023-06-15,3.8,Cash,2023-06,2023,Thursday
TX00053,4104,Backpack,69.0,2023-05-27,2.1,Cash,2023-05,2023,Saturday
TX00054,4071,Tunic,107.0,2022-12-03,1.5,Cash,2022-12,2022,Saturday
TX00055,4007,Dress,172.0,2023-04-05,1.9,Cash,2023-04,2023,Wednesday
TX00056,4009,Flannel Shirt,51.0,2023-04-16,1.8,Cash,2023-04,2023,Sunday
TX00057,4038,Tie,63.0,2023-02-13,4.3,Cash,2023-02,2023,Monday
TX00058,4033,Backpack,189.0,2023-08-31,4.9,Cash,2023-08,2023,Thursday
TX00059,4102,Cardigan,175.0,2023-06-05,3.6,Credit Card,2023-06,2023,Monday
TX00060,4068,Jeans,146.0,2023-08-26,1.1,Cash,2023-08,2023,Saturday
TX00061,4045,Gloves,51.0,2023-01-27,2.5,Credit Card,2023-01,2023,Friday
TX00062,3979,Camisole,79.0,2023-06-05,1.3,Cash,2023-06,2023,Monday
TX00063,4106,Trousers,173.0,2023-09-07,3.4,Credit Card,2023-09,2023,Thursday
TX00064,3959,Trousers,66.0,2022-11-02,4.5,Cash,2022-11,2022,Wednesday
TX00065,4113,Boots,24.0,2023-01-20,1.2,Credit Card,2023-01,2023,Friday
TX00066,4087,Scarf,18.0,2022-11-21,1.7,Credit Card,2022-11,2022,Monday
TX00067,4060,Polo Shirt,112.0,2023-06-08,1.2,Cash,2023-06,2023,Thursday
TX00068,3989,Sweater,64.0,2023-03-13,3.2,Credit Card,2023-03,2023,Monday
TX00069,4032,Wallet,155.0,2023-03-08,1.1,Credit Card,2023-03,2023,Wednesday
TX00070,3972,Boots,90.0,2023-01-26,4.6,Credit Card,2023-01,2023,Thursday
TX00071,4051,Umbrella,137.0,2023-06-30,4.6,Cash,2023-06,2023,Friday
TX00072,4097,Tank Top,174.0,2022-10-10,3.4,Cash,2022-10,2022,Monday
TX00073,3970,Camisole,77.0,2023-01-05,2.4,Cash,2023-01,2023,Thursday
TX00074,4100,Loafers,147.0,2023-03-02,3.9,Credit Card,2023-03,2023,Thursday
TX00075,4048,Pajamas,159.0,2022-11-08,1.2,Credit Card,2022-11,2022,Tuesday
TX00076,3985,Flannel Shirt,159.0,2023-03-05,2.6,Cash,2023-03,2023,Sunday
TX00077,4029,Leggings,66.0,2023-06-16,3.7,Cash,2023-06,2023,Friday
TX00078,3964,Hat,45.0,2023-03-17,4.8,Cash,2023-03,2023,Friday
TX00079,4017,Bowtie,33.0,2023-09-28,3.3,Credit Card,2023-09,2023,Thursday
TX00080,4067,Handbag,38.0,2023-05-25,3.1,Cash,2023-05,2023,Thursday
TX00081,4117,Kimono,162.0,2023-04-16,1.1,Cash,2023-04,2023,Sunday
TX00082,4054,Socks,129.0,2022-12-23,,Cash,2022-12,2022,Friday
TX00083,4060,Sweater,151.0,2023-07-17,3.2,Cash,2023-07,2023,Monday
TX00084,4054,Handbag,12.0,2022-12-29,2.6,Credit Card,2022-12,2022,Thursday
TX00085,4068,Pants,39.0,2023-03-21,2.4,Credit Card,2023-03,2023,Tuesday
TX00086,4096,Scarf,147.0,2023-02-11,4.1,Credit Card,2023-02,2023,Saturday
TX00087,4011,Blouse,174.0,2023-04-21,3.4,Cash,2023-04,2023,Friday
TX00088,4001,Hoodie,85.0,2023-09-17,3.3,Cash,2023-09,2023,Sunday
TX00089,4078,Hat,126.0,2023-06-29,2.1,Credit Card,2023-06,2023,Thursday
TX00090,4005,Sun Hat,194.0,2022-12-16,2.9,Credit Card,2022-12,2022,Friday
TX00091,4099,Scarf,138.0,2023-05-20,2.9,Credit Card,2023-05,2023,Saturday
TX00092,4055,Boots,139.0,2023-01-05,1.9,Credit Card,2023-01,2023,Thursday
TX00093,4049,Trench Coat,170.0,2023-07-13,,Cash,2023-07,2023,Thursday
TX00094,4063,Hoodie,173.0,2023-06-23,2.1,Credit Card,2023-06,2023,Friday
TX00095,3996,Belt,60.0,2023-03-04,2.3,Credit Card,2023-03,2023,Saturday
TX00096,3989,Overalls,148.0,2023-05-19,4.1,Credit Card,2023-05,2023,Friday
TX00097,3991,Blazer,145.0,2023-05-03,4.5,Credit Card,2023-05,2023,Wednesday
TX00098,3959,Coat,163.0,2023-05-09,3.5,Credit Card,2023-05,2023,Tuesday
TX00099,3975,Camisole,14.0,2023-02-07,3.5,Cash,2023-02,2023,Tuesday
TX00100,3961,Boots,88.0,2022-10-07,1.2,Cash,2022-10,2022,Friday
TX00101,3993,Belt,71.0,2023-05-18,4.4,Credit Card,2023-05,2023,Thursday
TX00102,4081,Hat,30.0,2023-09-01,1.2,Credit Card,2023-09,2023,Friday
TX00103,3991,Boots,27.0,2023-09-16,2.0,Credit Card,2023-09,2023,Saturday
TX00104,3978,Blazer,146.0,2023-01-15,3.7,Credit Card,2023-01,2023,Sunday
TX00105,3992,Cardigan,42.0,2022-12-14,2.4,Credit Card,2022-12,2022,Wednesday
TX00106,4121,Sunglasses,150.0,2023-06-03,3.4,Credit Card,2023-06,2023,Saturday
TX00107,4073,Handbag,165.0,2023-09-28,3.0,Credit Card,2023-09,2023,Thursday
TX00108,4111,Socks,64.0,2023-01-15,2.3,Credit Card,2023-01,2023,Sunday
TX00109,4065,Sneakers,196.0,2023-03-24,4.3,Credit Card,2023-03,2023,Friday
TX00110,4116,Onesie,192.0,2023-01-16,3.6,Credit Card,2023-01,2023,Monday
TX00111,4003,Hoodie,181.0,2023-07-09,1.6,Credit Card,2023-07,2023,Sunday
TX00112,4073,Swimsuit,122.0,2023-04-25,4.2,Credit Card,2023-04,2023,Tuesday
TX00113,4087,Vest,125.0,2023-06-02,2.6,Credit Card,2023-06,2023,Friday
TX00114,4098,Coat,96.0,2023-09-21,3.5,Credit Card,2023-09,2023,Thursday
TX00115,4055,Bowtie,160.0,2023-04-03,4.6,Cash,2023-04,2023,Monday
TX00116,4047,Belt,28.0,2023-08-07,,Cash,2023-08,2023,Monday
TX00117,4014,Trench Coat,25.0,2022-12-05,4.2,Cash,2022-12,2022,Monday
TX00118,4004,Flip-Flops,18.0,2023-01-21,4.1,Credit Card,2023-01,2023,Saturday
TX00119,4065,Poncho,28.0,2023-06-29,3.3,Credit Card,2023-06,2023,Thursday
TX00120,4111,Belt,81.0,2023-05-10,1.9,Credit Card,2023-05,2023,Wednesday
TX00121,3958,Tunic,64.0,2023-06-17,1.1,Cash,2023-06,2023,Saturday
TX00122,4104,Pants,195.0,2023-06-02,2.5,Cash,2023-06,2023,Friday
TX00123,4084,Onesie,156.0,2023-08-08,1.3,Credit Card,2023-08,2023,Tuesday
TX00124,4017,Jeans,72.0,2022-10-28,,Credit Card,2022-10,2022,Friday
TX00125,4085,Tunic,114.0,2023-04-28,1.9,Credit Card,2023-04,2023,Friday
TX00126,4096,Hoodie,118.0,2022-10-17,4.4,Cash,2022-10,2022,Monday
TX00127,4104,Tunic,196.0,2023-02-13,1.2,Cash,2023-02,2023,Monday
TX00128,3965,Loafers,175.0,2023-06-26,2.1,Cash,2023-06,2023,Monday
TX00129,4102,Pants,96.0,2023-07-31,2.0,Credit Card,2023-07,2023,Monday
TX00130,4080,Sun Hat,37.0,2023-09-14,2.4,Cash,2023-09,2023,Thursday
TX00131,4051,Camisole,58.0,2023-01-29,4.0,Cash,2023-01,2023,Sunday
TX00132,3985,Hat,45.0,2022-12-31,2.0,Credit Card,2022-12,2022,Saturday
TX00133,4105,Sandals,81.0,2022-10-31,4.5,Credit Card,2022-10,2022,Monday
TX00134,4080,Pajamas,29.0,2023-09-22,2.4,Credit Card,2023-09,2023,Friday
TX00135,3977,Overalls,150.0,2023-03-22,4.7,Cash,2023-03,2023,Wednesday
TX00136,4091,Overalls,148.0,2023-01-30,2.7,Cash,2023-01,2023,Monday
TX00137,4028,Cardigan,33.0,2023-02-11,4.3,Credit Card,2023-02,2023,Saturday
TX00138,4076,Pajamas,70.0,2022-10-05,3.2,Credit Card,2022-10,2022,Wednesday
TX00139,3977,Loafers,64.0,2022-10-15,1.6,Cash,2022-10,2022,Saturday
TX00140,4090,Onesie,25.0,2023-09-18,2.1,Cash,2023-09,2023,Monday
TX00141,4019,Blouse,126.0,2022-12-15,3.5,Credit Card,2022-12,2022,Thursday
TX00142,4077,Romper,188.0,2023-06-01,4.6,Credit Card,2023-06,2023,Thursday
TX00143,4118,Onesie,152.0,2023-01-12,1.1,Credit Card,2023-01,2023,Thursday
TX00144,3976,Socks,134.0,2023-07-24,2.1,Credit Card,2023-07,2023,Monday
TX00145,4095,Socks,24.0,2022-11-13,1.5,Cash,2022-11,2022,Sunday
TX00146,4105,T-shirt,148.0,2023-03-18,,Credit Card,2023-03,2023,Saturday
TX00147,4113,Trench Coat,22.0,2023-05-20,1.5,Cash,2023-05,2023,Saturday
TX00148,3970,Camisole,138.0,2023-05-09,4.7,Cash,2023-05,2023,Tuesday
TX00149,4044,Camisole,145.0,2023-02-10,2.4,Cash,2023-02,2023,Friday
TX00150,3959,Kimono,30.0,2023-03-11,1.5,Cash,2023-03,2023,Saturday
TX00151,4077,Vest,27.0,2023-01-08,4.6,Credit Card,2023-01,2023,Sunday
TX00152,4073,Tie,182.0,2023-09-16,3.5,Cash,2023-09,2023,Saturday
TX00153,4088,Vest,113.0,2023-09-02,1.2,Credit Card,2023-09,2023,Saturday
TX00154,4103,Swimsuit,73.0,2023-04-30,2.6,Cash,2023-04,2023,Sunday
TX00155,4041,Pajamas,20.0,2023-05-20,4.3,Cash,2023-05,2023,Saturday
TX00156,4064,Kimono,117.0,2022-10-31,2.9,Cash,2022-10,2022,Monday
TX00157,4047,Blazer,154.0,2023-06-01,1.7,Cash,2023-06,2023,Thursday
TX00158,4032,Backpack,76.0,2023-06-15,4.7,Cash,2023-06,2023,Thursday
TX00159,4031,Slippers,193.0,2023-08-02,1.3,Credit Card,2023-08,2023,Wednesday
TX00160,3999,Jacket,77.0,2023-05-27,3.4,Credit Card,2023-05,2023,Saturday
TX00161,3966,Tie,181.0,2023-06-14,3.6,Credit Card,2023-06,2023,Wednesday
TX00162,4109,Dress,127.0,2023-09-30,2.8,Cash,2023-09,2023,Saturday
TX00163,4034,Shorts,28.0,2023-03-24,3.4,Cash,2023-03,2023,Friday
TX00164,4023,Sunglasses,154.0,2023-02-09,2.4,Credit Card,2023-02,2023,Thursday
TX00165,3972,Coat,28.0,2022-12-22,4.6,Credit Card,2022-12,2022,Thursday
TX00166,4118,Socks,139.0,2023-05-13,4.4,Credit Card,2023-05,2023,Saturday
TX00167,4078,Tunic,99.0,2022-11-10,2.3,Cash,2022-11,2022,Thursday
TX00168,4105,Belt,72.0,2023-07-29,1.7,Credit Card,2023-07,2023,Saturday
TX00169,4000,Sandals,50.0,2023-09-27,4.3,Cash,2023-09,2023,Wednesday
TX00170,4103,Jumpsuit,149.0,2022-10-16,5.0,Cash,2022-10,2022,Sunday
TX00171,3970,Tunic,166.0,2023-02-02,3.1,Credit Card,2023-02,2023,Thursday
TX00172,4031,Camisole,177.0,2023-06-28,3.5,Cash,2023-06,2023,Wednesday
TX00173,4116,Raincoat,180.0,2023-02-11,,Cash,2023-02,2023,Saturday
TX00174,3963,Trench Coat,86.0,2022-12-16,1.5,Cash,2022-12,2022,Friday
TX00175,4030,Romper,36.0,2023-01-02,2.8,Credit Card,2023-01,2023,Monday
TX00176,4081,Kimono,44.0,2023-06-03,2.2,Credit Card,2023-06,2023,Saturday
TX00177,3978,Handbag,37.0,2023-01-17,5.0,Cash,2023-01,2023,Tuesday
TX00178,3989,Tank Top,49.0,2023-04-26,4.7,Credit Card,2023-04,2023,Wednesday
TX00179,4086,Swimsuit,164.0,2022-12-07,1.6,Cash,2022-12,2022,Wednesday
TX00180,3976,Tank Top,97.0,2023-05-23,4.4,Cash,2023-05,2023,Tuesday
TX00181,4028,Sweater,172.0,2023-01-15,1.1,Credit Card,2023-01,2023,Sunday
TX00182,4021,Backpack,139.0,2023-01-02,4.8,Cash,2023-01,2023,Monday
TX00183,3990,Pajamas,23.0,2022-11-01,4.2,Credit Card,2022-11,2022,Tuesday
TX00184,4028,Poncho,80.0,2022-12-31,1.1,Cash,2022-12,2022,Saturday
TX00185,4022,Boots,43.0,2023-08-27,3.9,Cash,2023-08,2023,Sunday
TX00186,3960,Onesie,77.0,2022-12-16,4.3,Cash,2022-12,2022,Friday
TX00187,4111,Swimsuit,190.0,2022-11-23,4.4,Credit Card,2022-11,2022,Wednesday
TX00188,4001,Handbag,12.0,2022-11-25,2.7,Cash,2022-11,2022,Friday
TX00189,3995,Umbrella,186.0,2023-05-27,3.9,Cash,2023-05,2023,Saturday
TX00190,4071,Jeans,149.0,2023-04-09,2.4,Cash,2023-04,2023,Sunday
TX00191,4001,Wallet,151.0,2023-06-09,3.9,Cash,2023-06,2023,Friday
TX00192,4081,Sandals,20.0,2022-12-02,4.1,Cash,2022-12,2022,Friday
TX00193,4003,Loafers,63.0,2023-06-10,2.3,Credit Card,2023-06,2023,Saturday
TX00194,4092,Overalls,180.0,2022-11-25,2.7,Cash,2022-11,2022,Friday
TX00195,4044,Pants,114.0,2022-12-25,4.4,Credit Card,2022-12,2022,Sunday
TX00196,3978,Sandals,49.0,2022-10-31,4.5,Cash,2022-10,2022,Monday
TX00197,3994,Boots,70.0,2023-03-01,,Cash,2023-03,2023,Wednesday
TX00198,4109,Loafers,55.0,2022-12-21,1.0,Credit Card,2022-12,2022,Wednesday
TX00199,3996,Slippers,16.0,2023-08-13,2.5,Credit Card,2023-08,2023,Sunday
TX00200,4062,Coat,115.0,2023-04-10,1.6,Credit Card,2023-04,2023,Monday
TX00201,4055,T-shirt,198.0,2022-11-29,3.9,Credit Card,2022-11,2022,Tuesday
TX00202,4017,Shorts,78.0,2023-02-26,1.8,Credit Card,2023-02,2023,Sunday
TX00203,4120,Hoodie,107.0,2023-07-11,4.0,Cash,2023-07,2023,Tuesday
TX00204,3999,Backpack,130.0,2023-04-26,,Cash,2023-04,2023,Wednesday
TX00205,4010,Romper,127.0,2023-07-24,,Credit Card,2023-07,2023,Monday
TX00206,4104,Pajamas,68.0,2023-07-12,1.8,Cash,2023-07,2023,Wednesday
TX00207,4045,Vest,178.0,2023-01-29,2.7,Credit Card,2023-01,2023,Sunday
TX00208,4121,Slippers,27.0,2023-04-11,3.6,Credit Card,2023-04,2023,Tuesday
TX00209,4024,Hoodie,81.0,2022-12-30,3.6,Credit Card,2022-12,2022,Friday
TX00210,3986,Flannel Shirt,140.0,2022-11-24,2.2,Cash,2022-11,2022,Thursday
TX00211,3970,Socks,147.0,2023-05-07,2.2,Credit Card,2023-05,2023,Sunday
TX00212,3999,Belt,17.0,2023-07-25,4.2,Credit Card,2023-07,2023,Tuesday
TX00213,4059,Belt,55.0,2023-01-16,1.4,Cash,2023-01,2023,Monday
TX00214,4078,Sandals,77.0,2023-07-28,4.5,Cash,2023-07,2023,Friday
TX00215,4078,Blazer,98.0,2023-01-05,2.3,Credit Card,2023-01,2023,Thursday
TX00216,4093,Trench Coat,90.0,2022-10-17,1.5,Cash,2022-10,2022,Monday
TX00217,4016,Polo Shirt,140.0,2023-01-02,2.3,Cash,2023-01,2023,Monday
TX00218,4056,Pajamas,58.0,2023-07-20,4.1,Cash,2023-07,2023,Thursday
TX00219,4078,Slippers,191.0,2023-07-10,4.2,Credit Card,2023-07,2023,Monday
TX00220,4024,Blazer,143.0,2022-10-09,2.6,Credit Card,2022-10,2022,Sunday
TX00221,3994,Camisole,147.0,2022-11-19,2.2,Cash,2022-11,2022,Saturday
TX00222,4092,Tie,199.0,2023-02-15,4.6,Cash,2023-02,2023,Wednesday
TX00223,4068,Tunic,60.0,2023-01-04,1.2,Cash,2023-01,2023,Wednesday
TX00224,3960,Camisole,27.0,2023-09-14,2.0,Credit Card,2023-09,2023,Thursday
TX00225,4030,Hoodie,94.0,2023-04-23,2.6,Credit Card,2023-04,2023,Sunday
TX00226,4071,Skirt,179.0,2023-02-16,2.6,Credit Card,2023-02,2023,Thursday
TX00227,4054,Handbag,194.0,2023-06-12,2.1,Credit Card,2023-06,2023,Monday
TX00228,4037,Sunglasses,139.0,2022-11-10,2.4,Cash,2022-11,2022,Thursday
TX00229,4092,Jumpsuit,114.0,2022-11-02,2.2,Credit Card,2022-11,2022,Wednesday
TX00230,3967,Raincoat,188.0,2023-05-06,3.3,Cash,2023-05,2023,Saturday
TX00231,3981,Pants,42.0,2023-07-08,1.8,Credit Card,2023-07,2023,Saturday
TX00232,4120,Poncho,107.0,2022-11-07,2.3,Cash,2022-11,2022,Monday
TX00233,4047,Scarf,54.0,2023-05-20,1.1,Credit Card,2023-05,2023,Saturday
TX00234,4067,Poncho,87.0,2023-05-27,4.2,Credit Card,2023-05,2023,Saturday
TX00235,4113,Vest,10.0,2022-10-11,,Credit Card,2022-10,2022,Tuesday
TX00236,4026,Tank Top,63.0,2023-01-20,4.6,Cash,2023-01,2023,Friday
TX00237,4042,Blazer,158.0,2022-11-12,3.2,Cash,2022-11,2022,Saturday
TX00238,4026,T-shirt,92.0,2023-04-24,3.1,Credit Card,2023-04,2023,Monday
TX00239,4025,Coat,123.0,2023-01-09,1.8,Cash,2023-01,2023,Monday
TX00240,3982,Kimono,140.0,2023-05-18,3.1,Credit Card,2023-05,2023,Thursday
TX00241,4022,T-shirt,198.0,2022-10-22,1.9,Cash,2022-10,2022,Saturday
TX00242,4075,Jumpsuit,172.0,2022-10-07,4.8,Credit Card,2022-10,2022,Friday
TX00243,4018,Tank Top,33.0,2022-10-18,,Credit Card,2022-10,2022,Tuesday
TX00244,4107,Tie,70.0,2023-02-28,,Cash,2023-02,2023,Tuesday
TX00245,4006,Flannel Shirt,67.0,2023-07-27,1.4,Cash,2023-07,2023,Thursday
TX00246,4090,Tie,47.0,2023-01-11,2.9,Cash,2023-01,2023,Wednesday
TX00247,4003,Cardigan,131.0,2023-01-04,4.1,Credit Card,2023-01,2023,Wednesday
TX00248,4037,Camisole,28.0,2023-05-01,2.1,Cash,2023-05,2023,Monday
TX00249,4097,Belt,171.0,2023-05-24,4.1,Cash,2023-05,2023,Wednesday
TX00250,3959,Coat,193.0,2023-01-03,1.5,Credit Card,2023-01,2023,Tuesday
TX00251,3959,Hat,136.0,2023-02-08,2.1,Credit Card,2023-02,2023,Wednesday
TX00252,3974,Swimsuit,47.0,2023-02-22,,Credit Card,2023-02,2023,Wednesday
TX00253,3960,Hat,11.0,2023-04-12,,Credit Card,2023-04,2023,Wednesday
TX00254,4062,Romper,37.0,2023-07-24,4.0,Cash,2023-07,2023,Monday
TX00255,3982,Blouse,66.0,2023-01-24,1.1,Cash,2023-01,2023,Tuesday
TX00256,3983,Kimono,142.0,2023-05-15,3.9,Credit Card,2023-05,2023,Monday
TX00257,4071,Hat,152.0,2022-12-22,1.8,Credit Card,2022-12,2022,Thursday
TX00258,4046,Trench Coat,41.0,2023-07-17,2.2,Credit Card,2023-07,2023,Monday
TX00259,4013,Shorts,128.0,2023-02-21,3.0,Cash,2023-02,2023,Tuesday
TX00260,4029,Bowtie,153.0,2023-05-17,,Credit Card,2023-05,2023,Wednesday
TX00261,4021,Sunglasses,123.0,2023-05-11,1.8,Cash,2023-05,2023,Thursday
TX00262,4006,Scarf,194.0,2023-02-02,3.6,Cash,2023-02,2023,Thursday
TX00263,3965,Hat,119.0,2023-07-13,2.2,Cash,2023-07,2023,Thursday
TX00264,3963,Socks,150.0,2022-10-04,,Credit Card,2022-10,2022,Tuesday
TX00265,4115,Sweater,50.0,2023-07-05,3.2,Cash,2023-07,2023,Wednesday
TX00266,3980,Poncho,131.0,2023-01-23,4.6,Credit Card,2023-01,2023,Monday
TX00267,3971,Hat,73.0,2023-07-17,2.0,Credit Card,2023-07,2023,Monday
TX00268,4109,Tunic,80.0,2022-10-18,,Credit Card,2022-10,2022,Tuesday
TX00269,4012,Socks,143.0,2023-04-23,2.6,Cash,2023-04,2023,Sunday
TX00270,4110,Sandals,71.0,2023-03-17,3.2,Cash,2023-03,2023,Friday
TX00271,4120,Tie,29.0,2023-02-12,1.9,Credit Card,2023-02,2023,Sunday
TX00272,3988,Bowtie,70.0,2022-11-02,2.6,Credit Card,2022-11,2022,Wednesday
TX00273,3987,Handbag,91.0,2022-12-21,2.5,Cash,2022-12,2022,Wednesday
TX00274,3979,Flip-Flops,30.0,2023-03-30,3.6,Cash,2023-03,2023,Thursday
TX00275,3990,Handbag,187.0,2023-08-11,1.4,Credit Card,2023-08,2023,Friday
TX00276,4122,Hoodie,116.0,2023-03-17,2.0,Cash,2023-03,2023,Friday
TX00277,4101,Cardigan,148.0,2022-11-26,3.5,Credit Card,2022-11,2022,Saturday
TX00278,4004,Hoodie,25.0,2023-09-24,3.9,Credit Card,2023-09,2023,Sunday
TX00279,3985,Pajamas,117.0,2023-08-07,1.9,Cash,2023-08,2023,Monday
TX00280,4004,Shorts,159.0,2023-01-22,2.0,Cash,2023-01,2023,Sunday
TX00281,4021,Sneakers,15.0,2023-08-07,2.4,Credit Card,2023-08,2023,Monday
TX00282,4032,Jacket,157.0,2023-01-25,2.3,Credit Card,2023-01,2023,Wednesday
TX00283,4076,Trousers,11.0,2022-12-06,2.6,Credit Card,2022-12,2022,Tuesday
TX00284,3976,Jeans,86.0,2023-05-26,,Cash,2023-05,2023,Friday
TX00285,4120,Slippers,117.0,2023-09-25,4.0,Credit Card,2023-09,2023,Monday
TX00286,4073,Boots,198.0,2022-12-21,3.2,Cash,2022-12,2022,Wednesday
TX00287,4027,Onesie,164.0,2023-06-11,3.6,Cash,2023-06,2023,Sunday
TX00288,4066,Kimono,134.0,2023-01-02,3.8,Credit Card,2023-01,2023,Monday
TX00289,4039,Umbrella,121.0,2023-07-05,4.4,Cash,2023-07,2023,Wednesday
TX00290,4022,Tunic,109.0,2022-11-15,1.3,Credit Card,2022-11,2022,Tuesday
TX00291,3998,Skirt,183.0,2022-12-22,3.8,Credit Card,2022-12,2022,Thursday
TX00292,3975,T-shirt,195.0,2023-07-22,4.0,Cash,2023-07,2023,Saturday
TX00293,3972,Sneakers,42.0,2023-04-18,2.8,Credit Card,2023-04,2023,Tuesday
TX00294,4054,Tunic,146.0,2023-01-23,1.2,Credit Card,2023-01,2023,Monday
TX00295,4042,Wallet,154.0,2023-08-31,2.9,Credit Card,2023-08,2023,Thursday
TX00296,3972,Slippers,31.0,2022-10-26,3.2,Credit Card,2022-10,2022,Wednesday
TX00297,4023,Dress,44.0,2023-03-03,2.2,Cash,2023-03,2023,Friday
TX00298,4024,Skirt,56.0,2023-07-17,2.2,Credit Card,2023-07,2023,Monday
TX00299,4069,Flannel Shirt,64.0,2022-11-01,3.5,Cash,2022-11,2022,Tuesday
TX00300,3974,T-shirt,96.0,2022-12-05,3.6,Credit Card,2022-12,2022,Monday
TX00301,4082,Pajamas,107.0,2023-05-10,3.1,Cash,2023-05,2023,Wednesday
TX00302,4008,Loafers,117.0,2023-05-04,3.5,Credit Card,2023-05,2023,Thursday
TX00303,4113,Flannel Shirt,30.0,2023-05-21,3.1,Credit Card,2023-05,2023,Sunday
TX00304,4057,Tunic,148.0,2023-04-22,2.9,Cash,2023-04,2023,Saturday
TX00305,4122,Kimono,67.0,2023-03-20,4.4,Cash,2023-03,2023,Monday
TX00306,4082,Onesie,176.0,2022-12-28,3.1,Credit Card,2022-12,2022,Wednesday
TX00307,4095,Loafers,15.0,2023-07-12,,Credit Card,2023-07,2023,Wednesday
TX00308,4067,Belt,71.0,2023-08-27,2.2,Credit Card,2023-08,2023,Sunday
TX00309,4114,Swimsuit,154.0,2023-04-02,2.3,Credit Card,2023-04,2023,Sunday
TX00310,4121,Umbrella,129.0,2023-01-15,,Cash,2023-01,2023,Sunday
TX00311,3984,Trousers,104.0,2023-07-30,1.6,Cash,2023-07,2023,Sunday
TX00312,4023,Boots,193.0,2023-02-14,3.5,Credit Card,2023-02,2023,Tuesday
TX00313,3965,Wallet,89.0,2023-08-18,4.5,Cash,2023-08,2023,Friday
TX00314,4103,Flip-Flops,183.0,2022-10-13,3.2,Cash,2022-10,2022,Thursday
TX00315,4021,Sweater,106.0,2023-05-21,1.3,Cash,2023-05,2023,Sunday
TX00316,4071,Raincoat,193.0,2022-10-02,3.9,Credit Card,2022-10,2022,Sunday
TX00317,4084,Skirt,170.0,2023-07-08,4.2,Cash,2023-07,2023,Saturday
TX00318,3995,T-shirt,188.0,2023-05-12,4.1,Cash,2023-05,2023,Friday
TX00319,4120,Overalls,185.0,2023-03-05,4.1,Credit Card,2023-03,2023,Sunday
TX00320,3957,Tank Top,40.0,2022-10-03,2.1,Cash,2022-10,2022,Monday
TX00321,3966,Vest,154.0,2023-05-04,4.5,Cash,2023-05,2023,Thursday
TX00322,4056,Camisole,98.0,2023-06-12,2.9,Credit Card,2023-06,2023,Monday
TX00323,4025,Blouse,179.0,2023-04-06,4.1,Cash,2023-04,2023,Thursday
TX00324,3995,Jeans,139.0,2023-05-01,1.4,Cash,2023-05,2023,Monday
TX00325,4041,Loafers,13.0,2022-10-13,1.6,Cash,2022-10,2022,Thursday
TX00326,4057,Shorts,135.0,2022-12-27,4.5,Credit Card,2022-12,2022,Tuesday
TX00327,3957,Sneakers,172.0,2023-07-08,,Credit Card,2023-07,2023,Saturday
TX00328,4088,Tank Top,127.0,2022-10-07,2.8,Credit Card,2022-10,2022,Friday
TX00329,4082,Tunic,121.0,2023-09-07,2.3,Cash,2023-09,2023,Thursday
TX00330,4068,Swimsuit,176.0,2023-07-18,2.5,Cash,2023-07,2023,Tuesday
TX00331,4060,Bowtie,147.0,2022-12-28,2.9,Credit Card,2022-12,2022,Wednesday
TX00332,3974,Flip-Flops,129.0,2023-08-02,3.1,Credit Card,2023-08,2023,Wednesday
TX00333,4095,Umbrella,197.0,2022-10-25,4.5,Credit Card,2022-10,2022,Tuesday
TX00334,4014,Wallet,92.0,2022-12-25,4.8,Credit Card,2022-12,2022,Sunday
TX00335,3957,Onesie,32.0,2023-01-05,4.3,Cash,2023-01,2023,Thursday
TX00336,4055,Trench Coat,125.0,2022-11-10,4.4,Cash,2022-11,2022,Thursday
TX00337,4080,Tie,128.0,2023-04-10,3.0,Credit Card,2023-04,2023,Monday
TX00338,3988,Wallet,181.0,2023-03-04,3.7,Credit Card,2023-03,2023,Saturday
TX00339,4102,Socks,17.0,2023-01-31,2.7,Cash,2023-01,2023,Tuesday
TX00340,4094,T-shirt,93.0,2023-08-15,1.1,Cash,2023-08,2023,Tuesday
TX00341,4042,Leggings,76.0,2023-02-22,3.9,Credit Card,2023-02,2023,Wednesday
TX00342,4034,Jeans,162.0,2023-02-11,3.2,Credit Card,2023-02,2023,Saturday
TX00343,4059,Handbag,80.0,2023-07-06,4.8,Cash,2023-07,2023,Thursday
TX00344,3971,Swimsuit,142.0,2023-07-22,1.7,Cash,2023-07,2023,Saturday
TX00345,4118,Dress,31.0,2022-10-19,1.0,Credit Card,2022-10,2022,Wednesday
TX00346,4122,Poncho,114.0,2023-07-28,3.1,Cash,2023-07,2023,Friday
TX00347,3980,Leggings,71.0,2023-01-25,,Cash,2023-01,2023,Wednesday
TX00348,4050,Umbrella,175.0,2022-12-29,1.4,Cash,2022-12,2022,Thursday
TX00349,4093,Bowtie,124.0,2022-12-21,2.0,Credit Card,2022-12,2022,Wednesday
TX00350,4044,Gloves,33.0,2023-03-29,3.4,Cash,2023-03,2023,Wednesday
TX00351,3977,Loafers,113.0,2023-01-08,,Credit Card,2023-01,2023,Sunday
TX00352,4074,Kimono,88.0,2023-02-05,2.9,Cash,2023-02,2023,Sunday
TX00353,4031,Vest,104.0,2023-01-15,,Credit Card,2023-01,2023,Sunday
TX00354,4122,Poncho,145.0,2022-12-29,2.0,Cash,2022-12,2022,Thursday
TX00355,4008,Flip-Flops,200.0,2022-10-05,4.9,Cash,2022-10,2022,Wednesday
TX00356,4002,Hoodie,100.0,2022-12-26,4.5,Cash,2022-12,2022,Monday
TX00357,4098,Raincoat,79.0,2023-02-04,5.0,Credit Card,2023-02,2023,Saturday
TX00358,3967,Belt,69.0,2023-04-03,3.0,Cash,2023-04,2023,Monday
TX00359,4056,Skirt,186.0,2023-04-11,,Cash,2023-04,2023,Tuesday
TX00360,4118,Pajamas,133.0,2023-03-20,4.5,Credit Card,2023-03,2023,Monday
TX00361,4048,Cardigan,160.0,2023-03-27,2.7,Cash,2023-03,2023,Monday
TX00362,4081,Loafers,144.0,2022-11-01,1.2,Credit Card,2022-11,2022,Tuesday
TX00363,3978,Socks,35.0,2022-11-29,1.2,Cash,2022-11,2022,Tuesday
TX00364,4118,Romper,85.0,2023-08-14,,Credit Card,2023-08,2023,Monday
TX00365,4069,Pants,55.0,2023-01-25,4.9,Cash,2023-01,2023,Wednesday
TX00366,4005,Flannel Shirt,191.0,2023-03-23,3.5,Cash,2023-03,2023,Thursday
TX00367,3992,Sunglasses,80.0,2023-02-24,,Cash,2023-02,2023,Friday
TX00368,3963,Dress,42.0,2022-10-19,3.3,Cash,2022-10,2022,Wednesday
TX00369,4108,Blouse,135.0,2023-01-25,3.1,Cash,2023-01,2023,Wednesday
TX00370,4056,Blazer,132.0,2023-06-17,,Cash,2023-06,2023,Saturday
TX00371,3973,Umbrella,57.0,2023-07-12,3.0,Cash,2023-07,2023,Wednesday
TX00372,4095,Sun Hat,74.0,2023-07-15,1.3,Credit Card,2023-07,2023,Saturday
TX00373,4121,Overalls,132.0,2023-02-24,2.1,Cash,2023-02,2023,Friday
TX00374,4093,Shorts,157.0,2023-08-17,1.0,Cash,2023-08,2023,Thursday
TX00375,4072,Onesie,23.0,2023-01-09,2.4,Cash,2023-01,2023,Monday
TX00376,3966,Polo Shirt,87.0,2023-01-08,3.3,Cash,2023-01,2023,Sunday
TX00377,3971,Boots,152.0,2023-03-01,,Credit Card,2023-03,2023,Wednesday
TX00378,4043,Scarf,165.0,2023-02-05,1.7,Credit Card,2023-02,2023,Sunday
TX00379,3967,Coat,168.0,2023-04-21,4.9,Credit Card,2023-04,2023,Friday
TX00380,4060,Tunic,143.0,2022-12-24,4.2,Credit Card,2022-12,2022,Saturday
TX00381,3987,Wallet,123.0,2023-08-01,2.5,Credit Card,2023-08,2023,Tuesday
TX00382,4011,Tank Top,160.0,2023-05-08,,Cash,2023-05,2023,Monday
TX00383,4090,Hoodie,88.0,2022-12-08,2.0,Cash,2022-12,2022,Thursday
TX00384,4074,Skirt,25.0,2022-10-05,3.6,Credit Card,2022-10,2022,Wednesday
TX00385,4094,Belt,199.0,2023-07-04,1.8,Credit Card,2023-07,2023,Tuesday
TX00386,4105,Jeans,170.0,2023-03-28,,Cash,2023-03,2023,Tuesday
TX00387,4016,Coat,179.0,2023-07-17,1.7,Credit Card,2023-07,2023,Monday
TX00388,3966,Pajamas,151.0,2023-08-28,1.8,Credit Card,2023-08,2023,Monday
TX00389,3961,Gloves,162.0,2022-12-05,3.0,Credit Card,2022-12,2022,Monday
TX00390,4077,Camisole,18.0,2023-02-16,2.4,Cash,2023-02,2023,Thursday
TX00391,4115,Sandals,190.0,2023-02-17,2.8,Cash,2023-02,2023,Friday
TX00392,3968,Wallet,126.0,2022-11-17,4.3,Credit Card,2022-11,2022,Thursday
TX00393,3990,Wallet,77.0,2023-07-25,2.5,Credit Card,2023-07,2023,Tuesday
TX00394,3960,Shorts,170.0,2022-10-31,1.8,Cash,2022-10,2022,Monday
TX00395,4001,Wallet,60.0,2023-05-17,2.4,Cash,2023-05,2023,Wednesday
TX00396,4118,Blouse,149.0,2023-03-21,4.2,Cash,2023-03,2023,Tuesday
TX00397,3969,Polo Shirt,48.0,2023-08-04,3.8,Cash,2023-08,2023,Friday
TX00398,4035,Handbag,46.0,2023-04-21,4.3,Credit Card,2023-04,2023,Friday
TX00399,4113,Hoodie,155.0,2023-08-05,1.1,Credit Card,2023-08,2023,Saturday
TX00400,4000,Tank Top,122.0,2023-08-12,3.6,Cash,2023-08,2023,Saturday
TX00401,3973,Gloves,189.0,2022-10-30,2.5,Credit Card,2022-10,2022,Sunday
TX00402,3984,Sunglasses,79.0,2022-12-01,3.4,Cash,2022-12,2022,Thursday
TX00403,3986,Jumpsuit,136.0,2022-12-14,,Cash,2022-12,2022,Wednesday
TX00404,4084,Loafers,163.0,2023-02-03,3.5,Credit Card,2023-02,2023,Friday
TX00405,4114,Backpack,92.0,2023-04-25,2.3,Credit Card,2023-04,2023,Tuesday
TX00406,4013,Trousers,16.0,2023-01-11,1.4,Credit Card,2023-01,2023,Wednesday
TX00407,4008,Romper,157.0,2023-06-05,1.7,Credit Card,2023-06,2023,Monday
TX00408,4066,Poncho,15.0,2023-05-25,,Cash,2023-05,2023,Thursday
TX00409,4043,Poncho,182.0,2023-03-09,2.8,Cash,2023-03,2023,Thursday
TX00410,4059,Camisole,157.0,2023-07-30,2.7,Cash,2023-07,2023,Sunday
TX00411,3987,Backpack,130.0,2023-02-21,2.5,Credit Card,2023-02,2023,Tuesday
TX00412,4104,Backpack,123.0,2022-12-22,3.7,Credit Card,2022-12,2022,Thursday
TX00413,4096,Sun Hat,56.0,2022-11-04,4.9,Cash,2022-11,2022,Friday
TX00414,3992,Belt,121.0,2022-10-09,4.1,Credit Card,2022-10,2022,Sunday
TX00415,4039,Gloves,135.0,2023-04-16,3.0,Credit Card,2023-04,2023,Sunday
TX00416,4011,Gloves,130.0,2023-01-03,4.1,Cash,2023-01,2023,Tuesday
TX00417,3968,Sandals,95.0,2023-08-02,2.6,Credit Card,2023-08,2023,Wednesday
TX00418,4108,Shorts,36.0,2023-02-16,,Cash,2023-02,2023,Thursday
TX00419,4001,Cardigan,94.0,2023-08-26,4.7,Credit Card,2023-08,2023,Saturday
TX00420,4042,Hoodie,136.0,2022-11-18,4.9,Credit Card,2022-11,2022,Friday
TX00421,3973,Shorts,112.0,2023-07-18,1.8,Cash,2023-07,2023,Tuesday
TX00422,3987,Hoodie,150.0,2023-01-14,4.0,Cash,2023-01,2023,Saturday
TX00423,4063,Slippers,39.0,2023-08-16,4.1,Credit Card,2023-08,2023,Wednesday
TX00424,4000,Socks,113.0,2022-11-21,2.8,Cash,2022-11,2022,Monday
TX00425,4051,Poncho,10.0,2023-07-29,1.0,Cash,2023-07,2023,Saturday
TX00426,4098,Shorts,148.0,2022-12-08,4.5,Credit Card,2022-12,2022,Thursday
TX00427,3999,Sunglasses,23.0,2023-01-02,1.3,Cash,2023-01,2023,Monday
TX00428,4019,Blouse,137.0,2023-05-18,,Cash,2023-05,2023,Thursday
TX00429,4105,Leggings,23.0,2022-11-09,3.7,Credit Card,2022-11,2022,Wednesday
TX00430,3967,Pajamas,150.0,2023-09-26,2.5,Credit Card,2023-09,2023,Tuesday
TX00431,3982,Poncho,188.0,2022-11-22,3.7,Credit Card,2022-11,2022,Tuesday
TX00432,4118,T-shirt,17.0,2023-06-05,4.7,Cash,2023-06,2023,Monday
TX00433,4113,Blazer,165.0,2023-04-10,4.3,Cash,2023-04,2023,Monday
TX00434,4053,Sweater,191.0,2023-01-28,4.1,Credit Card,2023-01,2023,Saturday
TX00435,3961,Polo Shirt,151.0,2022-12-06,4.1,Credit Card,2022-12,2022,Tuesday
TX00436,4081,Socks,67.0,2023-05-06,4.1,Credit Card,2023-05,2023,Saturday
TX00437,3977,Pajamas,39.0,2023-02-19,4.3,Credit Card,2023-02,2023,Sunday
TX00438,3958,Belt,40.0,2023-06-01,2.7,Cash,2023-06,2023,Thursday
TX00439,3958,Leggings,49.0,2023-03-14,1.3,Cash,2023-03,2023,Tuesday
TX00440,4002,Jumpsuit,193.0,2022-12-18,4.0,Credit Card,2022-12,2022,Sunday
TX00441,3979,Swimsuit,190.0,2023-09-08,1.9,Cash,2023-09,2023,Friday
TX00442,4108,Umbrella,133.0,2023-06-19,4.1,Credit Card,2023-06,2023,Monday
TX00443,4029,Blouse,72.0,2023-08-20,2.4,Credit Card,2023-08,2023,Sunday
TX00444,4063,Flannel Shirt,47.0,2023-04-24,3.4,Credit Card,2023-04,2023,Monday
TX00445,4078,Wallet,163.0,2023-02-07,4.7,Credit Card,2023-02,2023,Tuesday
TX00446,3989,Loafers,44.0,2023-04-16,1.6,Cash,2023-04,2023,Sunday
TX00447,4009,Slippers,80.0,2022-11-23,1.8,Cash,2022-11,2022,Wednesday
TX00448,3993,Gloves,116.0,2022-12-13,2.4,Credit Card,2022-12,2022,Tuesday
TX00449,4120,Skirt,139.0,2023-09-26,2.7,Credit Card,2023-09,2023,Tuesday
TX00450,4026,Vest,10.0,2022-10-15,2.5,Credit Card,2022-10,2022,Saturday
TX00451,4090,T-shirt,86.0,2023-08-15,1.1,Cash,2023-08,2023,Tuesday
TX00452,4072,Polo Shirt,158.0,2023-05-07,2.7,Credit Card,2023-05,2023,Sunday
TX00453,4062,Overalls,135.0,2022-12-02,3.7,Cash,2022-12,2022,Friday
TX00454,4018,Leggings,124.0,2023-05-19,2.9,Credit Card,2023-05,2023,Friday
TX00455,4001,Pants,98.0,2023-01-27,,Credit Card,2023-01,2023,Friday
TX00456,4113,Cardigan,149.0,2022-10-15,1.4,Cash,2022-10,2022,Saturday
TX00457,3966,Gloves,92.0,2022-10-04,4.2,Credit Card,2022-10,2022,Tuesday
TX00458,4109,Kimono,188.0,2023-07-21,,Credit Card,2023-07,2023,Friday
TX00459,4003,Umbrella,108.0,2023-08-01,3.3,Cash,2023-08,2023,Tuesday
TX00460,4084,Overalls,115.0,2022-12-22,2.8,Credit Card,2022-12,2022,Thursday
TX00461,3979,Loafers,190.0,2023-07-01,4.1,Cash,2023-07,2023,Saturday
TX00462,4117,Cardigan,107.0,2023-02-16,2.0,Credit Card,2023-02,2023,Thursday
TX00463,4034,Pants,179.0,2023-03-12,3.4,Cash,2023-03,2023,Sunday
TX00464,4046,Poncho,176.0,2022-12-11,2.8,Cash,2022-12,2022,Sunday
TX00465,4064,Wallet,136.0,2023-02-17,2.9,Credit Card,2023-02,2023,Friday
TX00466,3958,Tank Top,42.0,2022-11-02,3.1,Credit Card,2022-11,2022,Wednesday
TX00467,4099,Dress,161.0,2023-01-07,4.1,Cash,2023-01,2023,Saturday
TX00468,4017,Loafers,35.0,2022-12-26,3.1,Cash,2022-12,2022,Monday
TX00469,4006,Leggings,122.0,2023-09-28,3.7,Credit Card,2023-09,2023,Thursday
TX00470,4092,Trench Coat,13.0,2022-11-03,3.4,Credit Card,2022-11,2022,Thursday
TX00471,3981,Tank Top,114.0,2023-04-01,4.3,Cash,2023-04,2023,Saturday
TX00472,4115,Shorts,49.0,2023-09-20,2.8,Cash,2023-09,2023,Wednesday
TX00473,4095,Romper,77.0,2023-03-20,1.5,Credit Card,2023-03,2023,Monday
TX00474,4086,Sunglasses,187.0,2023-04-01,2.5,Cash,2023-04,2023,Saturday
TX00475,4013,Onesie,30.0,2022-10-07,3.7,Cash,2022-10,2022,Friday
TX00476,4075,Handbag,182.0,2023-03-13,2.3,Credit Card,2023-03,2023,Monday
TX00477,4117,Scarf,107.0,2022-11-19,4.3,Credit Card,2022-11,2022,Saturday
TX00478,4010,Kimono,170.0,2023-02-17,1.7,Cash,2023-02,2023,Friday
TX00479,4027,Cardigan,134.0,2023-01-17,1.1,Cash,2023-01,2023,Tuesday
TX00480,3970,Romper,19.0,2022-12-12,3.5,Cash,2022-12,2022,Monday
TX00481,4006,Pajamas,70.0,2022-11-22,2.4,Cash,2022-11,2022,Tuesday
TX00482,3985,Sweater,83.0,2023-07-26,,Credit Card,2023-07,2023,Wednesday
TX00483,3995,Trousers,33.0,2023-08-25,2.0,Credit Card,2023-08,2023,Friday
TX00484,4078,Pants,35.0,2022-11-24,,Cash,2022-11,2022,Thursday
TX00485,4084,Romper,190.0,2023-03-04,,Cash,2023-03,2023,Saturday
TX00486,4002,Scarf,123.0,2023-01-31,3.5,Credit Card,2023-01,2023,Tuesday
TX00487,3968,Gloves,17.0,2022-10-27,3.8,Credit Card,2022-10,2022,Thursday
TX00488,4122,Poncho,85.0,2023-05-16,3.9,Cash,2023-05,2023,Tuesday
TX00489,4050,Sweater,120.0,2023-06-07,2.8,Cash,2023-06,2023,Wednesday
TX00490,4010,Hat,154.0,2023-05-26,1.6,Credit Card,2023-05,2023,Friday
TX00491,4068,Kimono,56.0,2023-08-24,3.6,Credit Card,2023-08,2023,Thursday
TX00492,4114,Blazer,168.0,2023-05-28,4.0,Cash,2023-05,2023,Sunday
TX00493,4073,Wallet,137.0,2023-08-07,1.1,Cash,2023-08,2023,Monday
TX00494,3968,Coat,46.0,2022-12-05,2.0,Credit Card,2022-12,2022,Monday
TX00495,3983,Jeans,173.0,2023-04-11,4.5,Cash,2023-04,2023,Tuesday
TX00496,3970,Sun Hat,75.0,2023-09-21,2.7,Cash,2023-09,2023,Thursday
TX00497,4094,Vest,129.0,2023-02-07,1.8,Credit Card,2023-02,2023,Tuesday
TX00498,4002,Trousers,183.0,2022-12-08,2.2,Credit Card,2022-12,2022,Thursday
TX00499,3997,Belt,28.0,2022-12-19,4.4,Credit Card,2022-12,2022,Monday
TX00500,3964,Umbrella,98.0,2022-11-18,4.2,Cash,2022-11,2022,Friday
TX00501,4081,Onesie,86.0,2023-06-15,2.9,Credit Card,2023-06,2023,Thursday
TX00502,4088,Raincoat,118.0,2023-07-08,2.7,Credit Card,2023-07,2023,Saturday
TX00503,3986,Tunic,126.0,2023-01-30,4.1,Cash,2023-01,2023,Monday
TX00504,3975,Vest,60.0,2023-09-29,3.7,Credit Card,2023-09,2023,Friday
TX00505,4017,Vest,133.0,2023-02-09,4.6,Cash,2023-02,2023,Thursday
TX00506,4108,Flannel Shirt,101.0,2023-09-12,1.1,Cash,2023-09,2023,Tuesday
TX00507,4105,Camisole,189.0,2023-03-15,1.5,Credit Card,2023-03,2023,Wednesday
TX00508,4040,Cardigan,178.0,2023-09-25,3.4,Cash,2023-09,2023,Monday
TX00509,4064,Cardigan,12.0,2023-07-05,2.3,Credit Card,2023-07,2023,Wednesday
TX00510,4007,Tank Top,185.0,2022-11-27,1.1,Cash,2022-11,2022,Sunday
TX00511,4040,Socks,22.0,2023-07-31,1.3,Credit Card,2023-07,2023,Monday
TX00512,4015,Tank Top,200.0,2023-01-02,3.8,Cash,2023-01,2023,Monday
TX00513,3985,Sun Hat,83.0,2022-10-05,3.4,Cash,2022-10,2022,Wednesday
TX00514,4040,Vest,68.0,2023-03-05,2.3,Credit Card,2023-03,2023,Sunday
TX00515,4015,Skirt,100.0,2023-07-06,4.7,Credit Card,2023-07,2023,Thursday
TX00516,3982,Blouse,58.0,2023-06-06,,Credit Card,2023-06,2023,Tuesday
TX00517,4017,Leggings,183.0,2023-06-11,2.4,Credit Card,2023-06,2023,Sunday
TX00518,4062,Tunic,178.0,2022-10-23,2.8,Credit Card,2022-10,2022,Sunday
TX00519,4008,Slippers,45.0,2023-05-10,1.8,Credit Card,2023-05,2023,Wednesday
TX00520,4053,Sweater,170.0,2023-06-11,3.7,Cash,2023-06,2023,Sunday
TX00521,4013,Romper,89.0,2023-08-22,1.1,Cash,2023-08,2023,Tuesday
TX00522,3975,Blazer,18.0,2023-04-15,4.9,Credit Card,2023-04,2023,Saturday
TX00523,4077,Overalls,197.0,2023-07-23,3.2,Credit Card,2023-07,2023,Sunday
TX00524,4081,Coat,93.0,2023-01-16,2.5,Credit Card,2023-01,2023,Monday
TX00525,3970,Sunglasses,54.0,2023-01-30,2.3,Credit Card,2023-01,2023,Monday
TX00526,4068,Blouse,148.0,2022-12-28,1.1,Cash,2022-12,2022,Wednesday
TX00527,3994,Bowtie,103.0,2023-07-30,1.7,Credit Card,2023-07,2023,Sunday
TX00528,4012,Tank Top,79.0,2023-07-30,2.7,Cash,2023-07,2023,Sunday
TX00529,4113,Onesie,75.0,2023-07-14,1.1,Credit Card,2023-07,2023,Friday
TX00530,4073,Cardigan,133.0,2023-05-10,3.2,Credit Card,2023-05,2023,Wednesday
TX00531,4002,Pants,85.0,2023-04-01,1.9,Cash,2023-04,2023,Saturday
TX00532,4056,Scarf,96.0,2022-11-19,1.5,Cash,2022-11,2022,Saturday
TX00533,4052,Scarf,129.0,2023-04-03,4.4,Credit Card,2023-04,2023,Monday
TX00534,3991,Poncho,46.0,2023-08-14,,Credit Card,2023-08,2023,Monday
TX00535,4074,Socks,67.0,2022-10-31,5.0,Credit Card,2022-10,2022,Monday
TX00536,4006,Poncho,195.0,2022-12-25,1.7,Credit Card,2022-12,2022,Sunday
TX00537,4118,Backpack,111.0,2023-03-25,4.1,Credit Card,2023-03,2023,Saturday
TX00538,4048,T-shirt,152.0,2023-05-29,2.6,Cash,2023-05,2023,Monday
TX00539,4026,Swimsuit,111.0,2023-07-06,4.0,Cash,2023-07,2023,Thursday
TX00540,4042,Sunglasses,126.0,2023-02-27,2.5,Credit Card,2023-02,2023,Monday
TX00541,3989,Skirt,182.0,2023-05-11,4.5,Credit Card,2023-05,2023,Thursday
TX00542,3965,Umbrella,107.0,2023-02-19,4.0,Credit Card,2023-02,2023,Sunday
TX00543,4102,Pants,105.0,2022-10-31,3.1,Cash,2022-10,2022,Monday
TX00544,4028,Belt,16.0,2023-03-21,2.9,Cash,2023-03,2023,Tuesday
TX00545,3991,Umbrella,153.0,2023-08-23,2.8,Cash,2023-08,2023,Wednesday
TX00546,3985,Coat,166.0,2023-06-16,1.7,Cash,2023-06,2023,Friday
TX00547,4076,Sweater,26.0,2023-04-03,3.1,Cash,2023-04,2023,Monday
TX00548,4074,Skirt,128.0,2023-06-28,2.9,Credit Card,2023-06,2023,Wednesday
TX00549,4064,Raincoat,87.0,2023-06-30,4.6,Credit Card,2023-06,2023,Friday
TX00550,4000,Onesie,39.0,2023-01-08,3.6,Credit Card,2023-01,2023,Sunday
TX00551,4013,Sweater,87.0,2022-12-28,3.5,Cash,2022-12,2022,Wednesday
TX00552,4032,Shorts,39.0,2023-03-15,3.5,Credit Card,2023-03,2023,Wednesday
TX00553,3997,Backpack,44.0,2023-05-13,4.8,Credit Card,2023-05,2023,Saturday
TX00554,4120,Trousers,104.0,2023-09-30,2.0,Credit Card,2023-09,2023,Saturday
TX00555,4113,Slippers,200.0,2023-06-03,2.9,Credit Card,2023-06,2023,Saturday
TX00556,4000,Belt,148.0,2022-12-10,,Cash,2022-12,2022,Saturday
TX00557,4104,Pants,200.0,2023-04-27,4.0,Credit Card,2023-04,2023,Thursday
TX00558,4098,Handbag,116.0,2022-12-29,3.6,Credit Card,2022-12,2022,Thursday
TX00559,4015,Camisole,135.0,2022-10-11,4.5,Credit Card,2022-10,2022,Tuesday
TX00560,3979,Vest,81.0,2023-06-19,1.6,Cash,2023-06,2023,Monday
TX00561,4090,Dress,123.0,2023-04-23,4.7,Cash,2023-04,2023,Sunday
TX00562,4082,Shorts,70.0,2023-06-05,2.3,Credit Card,2023-06,2023,Monday
TX00563,4012,Boots,35.0,2022-12-05,4.6,Credit Card,2022-12,2022,Monday
TX00564,4108,Vest,104.0,2023-09-04,2.8,Cash,2023-09,2023,Monday
TX00565,4078,Kimono,175.0,2023-07-28,3.4,Cash,2023-07,2023,Friday
TX00566,4075,Blazer,111.0,2022-12-27,4.2,Cash,2022-12,2022,Tuesday
TX00567,4028,Tank Top,41.0,2023-04-05,3.0,Credit Card,2023-04,2023,Wednesday
TX00568,3960,Loafers,126.0,2023-03-07,3.4,Credit Card,2023-03,2023,Tuesday
TX00569,4020,Backpack,173.0,2023-08-24,2.8,Cash,2023-08,2023,Thursday
TX00570,4020,Poncho,15.0,2023-03-14,1.0,Credit Card,2023-03,2023,Tuesday
TX00571,4068,Jumpsuit,42.0,2022-11-12,4.5,Cash,2022-11,2022,Saturday
TX00572,4105,Tank Top,62.0,2023-07-28,4.4,Credit Card,2023-07,2023,Friday
TX00573,4108,Wallet,63.0,2022-12-27,2.0,Credit Card,2022-12,2022,Tuesday
TX00574,3995,Hoodie,69.0,2023-07-13,1.5,Credit Card,2023-07,2023,Thursday
TX00575,4103,Jumpsuit,47.0,2022-12-22,3.6,Credit Card,2022-12,2022,Thursday
TX00576,3958,Overalls,162.0,2022-12-29,1.1,Cash,2022-12,2022,Thursday
TX00577,3968,Pajamas,47.0,2023-03-30,2.6,Credit Card,2023-03,2023,Thursday
TX00578,3967,Sneakers,148.0,2022-10-06,4.1,Credit Card,2022-10,2022,Thursday
TX00579,4077,Handbag,54.0,2022-11-25,3.9,Credit Card,2022-11,2022,Friday
TX00580,3965,Bowtie,43.0,2023-01-03,1.5,Credit Card,2023-01,2023,Tuesday
TX00581,4092,T-shirt,70.0,2023-09-06,4.0,Credit Card,2023-09,2023,Wednesday
TX00582,4057,Shorts,14.0,2023-08-23,1.7,Cash,2023-08,2023,Wednesday
TX00583,4072,Shorts,144.0,2023-03-04,1.4,Credit Card,2023-03,2023,Saturday
TX00584,3978,Wallet,102.0,2023-07-11,2.0,Credit Card,2023-07,2023,Tuesday
TX00585,4099,Trench Coat,37.0,2023-04-30,2.8,Cash,2023-04,2023,Sunday
TX00586,3960,Gloves,66.0,2023-01-06,3.8,Cash,2023-01,2023,Friday
TX00587,4061,Jeans,21.0,2023-07-30,3.4,Credit Card,2023-07,2023,Sunday
TX00588,4012,Slippers,178.0,2023-02-07,1.6,Cash,2023-02,2023,Tuesday
TX00589,3990,Sunglasses,127.0,2023-01-02,1.9,Cash,2023-01,2023,Monday
TX00590,4048,Sunglasses,17.0,2023-08-28,2.5,Cash,2023-08,2023,Monday
TX00591,4018,Sneakers,112.0,2022-11-17,3.5,Credit Card,2022-11,2022,Thursday
TX00592,4122,Tank Top,37.0,2022-12-27,2.8,Cash,2022-12,2022,Tuesday
TX00593,3980,Poncho,123.0,2022-12-24,4.0,Credit Card,2022-12,2022,Saturday
TX00594,4035,Hat,26.0,2022-11-15,1.1,Credit Card,2022-11,2022,Tuesday
TX00595,4074,Onesie,159.0,2023-07-20,2.0,Credit Card,2023-07,2023,Thursday
TX00596,4103,Backpack,93.0,2023-07-22,4.0,Credit Card,2023-07,2023,Saturday
TX00597,4106,Tank Top,162.0,2022-12-30,2.6,Cash,2022-12,2022,Friday
TX00598,3963,Belt,126.0,2023-08-02,1.7,Credit Card,2023-08,2023,Wednesday
TX00599,4073,Blazer,120.0,2022-10-07,1.6,Cash,2022-10,2022,Friday
TX00600,3992,Blouse,177.0,2023-08-08,4.5,Cash,2023-08,2023,Tuesday
TX00601,4060,Skirt,151.0,2023-09-26,1.7,Cash,2023-09,2023,Tuesday
TX00602,4004,Leggings,65.0,2023-09-02,1.7,Cash,2023-09,2023,Saturday
TX00603,4051,Jacket,68.0,2023-05-03,1.1,Credit Card,2023-05,2023,Wednesday
TX00604,4117,Romper,126.0,2023-04-21,2.4,Credit Card,2023-04,2023,Friday
TX00605,4075,Polo Shirt,196.0,2022-12-28,1.9,Credit Card,2022-12,2022,Wednesday
TX00606,3957,Vest,180.0,2023-05-17,3.6,Cash,2023-05,2023,Wednesday
TX00607,4117,Tank Top,49.0,2022-10-22,2.8,Credit Card,2022-10,2022,Saturday
TX00608,3975,Jeans,131.0,2022-12-09,4.6,Credit Card,2022-12,2022,Friday
TX00609,4042,Sun Hat,33.0,2023-04-24,3.1,Credit Card,2023-04,2023,Monday
TX00610,4092,Polo Shirt,200.0,2022-10-02,1.8,Credit Card,2022-10,2022,Sunday
TX00611,3965,Flannel Shirt,43.0,2023-02-13,2.6,Cash,2023-02,2023,Monday
TX00612,4032,Kimono,160.0,2023-03-26,,Credit Card,2023-03,2023,Sunday
TX00613,4066,Jacket,153.0,2022-10-28,1.3,Credit Card,2022-10,2022,Friday
TX00614,4026,Flannel Shirt,41.0,2023-07-26,3.1,Credit Card,2023-07,2023,Wednesday
TX00615,4113,Slippers,180.0,2023-04-04,4.5,Credit Card,2023-04,2023,Tuesday
TX00616,4095,Polo Shirt,118.0,2023-05-10,1.2,Credit Card,2023-05,2023,Wednesday
TX00617,4104,Romper,194.0,2023-01-09,2.0,Cash,2023-01,2023,Monday
TX00618,3977,Shorts,89.0,2022-11-05,3.6,Cash,2022-11,2022,Saturday
TX00619,4115,Tunic,157.0,2023-06-03,3.8,Cash,2023-06,2023,Saturday
TX00620,4042,Tunic,49.0,2023-02-24,1.2,Cash,2023-02,2023,Friday
TX00621,3971,Scarf,67.0,2023-08-29,3.2,Cash,2023-08,2023,Tuesday
TX00622,4088,Wallet,99.0,2022-10-22,,Credit Card,2022-10,2022,Saturday
TX00623,4050,Shorts,104.0,2022-10-11,4.3,Credit Card,2022-10,2022,Tuesday
TX00624,3985,Loafers,67.0,2023-08-12,3.1,Credit Card,2023-08,2023,Saturday
TX00625,4055,Tank Top,153.0,2022-11-09,,Cash,2022-11,2022,Wednesday
TX00626,4050,Hat,169.0,2022-10-27,3.3,Cash,2022-10,2022,Thursday
TX00627,4076,T-shirt,174.0,2022-11-14,2.9,Credit Card,2022-11,2022,Monday
TX00628,4115,Sun Hat,165.0,2023-07-23,4.1,Credit Card,2023-07,2023,Sunday
TX00629,3967,Bowtie,187.0,2023-01-22,3.5,Credit Card,2023-01,2023,Sunday
TX00630,4050,Leggings,56.0,2023-02-04,1.5,Credit Card,2023-02,2023,Saturday
TX00631,4050,Shorts,89.0,2023-04-09,,Credit Card,2023-04,2023,Sunday
TX00632,4001,Dress,99.0,2023-01-12,3.2,Credit Card,2023-01,2023,Thursday
TX00633,4100,Sunglasses,154.0,2023-08-15,3.3,Credit Card,2023-08,2023,Tuesday
TX00634,3974,Scarf,27.0,2022-12-31,1.4,Cash,2022-12,2022,Saturday
TX00635,4009,Coat,17.0,2022-12-23,4.2,Credit Card,2022-12,2022,Friday
TX00636,4042,Sun Hat,106.0,2023-05-27,,Credit Card,2023-05,2023,Saturday
TX00637,4018,Sandals,97.0,2022-11-18,3.4,Cash,2022-11,2022,Friday
TX00638,3986,Dress,93.0,2023-08-01,3.1,Cash,2023-08,2023,Tuesday
TX00639,4079,Hoodie,155.0,2023-01-23,2.2,Credit Card,2023-01,2023,Monday
TX00640,4105,Shorts,23.0,2023-04-15,2.0,Credit Card,2023-04,2023,Saturday
TX00641,4014,Blazer,22.0,2023-09-22,2.8,Cash,2023-09,2023,Friday
TX00642,4039,Swimsuit,79.0,2022-10-25,4.8,Credit Card,2022-10,2022,Tuesday
TX00643,4047,Polo Shirt,118.0,2023-05-04,2.3,Credit Card,2023-05,2023,Thursday
TX00644,4025,Coat,123.0,2022-10-12,2.9,Credit Card,2022-10,2022,Wednesday
TX00645,4085,Belt,65.0,2023-06-29,1.3,Credit Card,2023-06,2023,Thursday
TX00646,4065,Wallet,39.0,2022-12-14,2.2,Cash,2022-12,2022,Wednesday
TX00647,4027,T-shirt,38.0,2023-05-26,2.8,Cash,2023-05,2023,Friday
TX00648,3970,Boots,183.0,2023-06-07,3.2,Credit Card,2023-06,2023,Wednesday
TX00649,3973,Blazer,144.0,2023-09-04,4.1,Cash,2023-09,2023,Monday
TX00650,4052,Dress,21.0,2022-10-21,1.9,Cash,2022-10,2022,Friday
TX00651,4045,Flannel Shirt,163.0,2023-03-15,2.3,Cash,2023-03,2023,Wednesday
TX00652,4081,Wallet,64.0,2023-02-22,3.4,Credit Card,2023-02,2023,Wednesday
TX00653,4085,Polo Shirt,75.0,2023-04-24,1.6,Credit Card,2023-04,2023,Monday
TX00654,4091,Bowtie,40.0,2022-11-27,4.1,Cash,2022-11,2022,Sunday
TX00655,4077,Sunglasses,54.0,2023-05-04,1.6,Cash,2023-05,2023,Thursday
TX00656,4093,Tank Top,68.0,2023-06-01,4.2,Cash,2023-06,2023,Thursday
TX00657,4031,Leggings,181.0,2023-05-13,2.1,Cash,2023-05,2023,Saturday
TX00658,4072,Flannel Shirt,28.0,2022-12-07,2.9,Cash,2022-12,2022,Wednesday
TX00659,4115,Raincoat,199.0,2023-04-20,2.2,Credit Card,2023-04,2023,Thursday
TX00660,4005,Trench Coat,90.0,2023-09-29,2.7,Credit Card,2023-09,2023,Friday
TX00661,4074,Scarf,156.0,2023-06-28,2.7,Credit Card,2023-06,2023,Wednesday
TX00662,3979,Tank Top,173.0,2023-04-01,2.6,Credit Card,2023-04,2023,Saturday
TX00663,3977,Skirt,39.0,2022-10-07,2.4,Credit Card,2022-10,2022,Friday
TX00664,4057,Wallet,93.0,2022-10-09,4.9,Cash,2022-10,2022,Sunday
TX00665,4030,Boots,127.0,2023-03-17,1.8,Cash,2023-03,2023,Friday
TX00666,3976,Dress,102.0,2023-01-26,2.2,Cash,2023-01,2023,Thursday
TX00667,3999,Pants,72.0,2022-12-29,2.3,Credit Card,2022-12,2022,Thursday
TX00668,4027,Blazer,112.0,2023-01-12,1.8,Credit Card,2023-01,2023,Thursday
TX00669,3985,Scarf,111.0,2023-02-17,3.0,Credit Card,2023-02,2023,Friday
TX00670,3994,Blouse,200.0,2023-05-06,1.4,Credit Card,2023-05,2023,Saturday
TX00671,4084,Loafers,95.0,2022-11-17,2.3,Credit Card,2022-11,2022,Thursday
TX00672,3995,Sun Hat,29.0,2023-05-17,3.9,Cash,2023-05,2023,Wednesday
TX00673,4009,Scarf,39.0,2023-05-07,4.9,Credit Card,2023-05,2023,Sunday
TX00674,4090,Slippers,59.0,2023-09-04,,Cash,2023-09,2023,Monday
TX00675,4117,Raincoat,99.0,2022-12-16,3.8,Credit Card,2022-12,2022,Friday
TX00676,3962,Sneakers,175.0,2023-01-24,2.9,Cash,2023-01,2023,Tuesday
TX00677,4032,Blouse,70.0,2023-09-11,3.4,Cash,2023-09,2023,Monday
TX00678,4095,Flip-Flops,54.0,2023-01-15,2.1,Credit Card,2023-01,2023,Sunday
TX00679,3990,Belt,177.0,2023-01-11,4.7,Credit Card,2023-01,2023,Wednesday
TX00680,4045,Sun Hat,170.0,2022-11-29,2.3,Credit Card,2022-11,2022,Tuesday
TX00681,4064,Sandals,154.0,2022-10-08,2.7,Cash,2022-10,2022,Saturday
TX00682,4070,Sandals,124.0,2023-08-27,1.6,Cash,2023-08,2023,Sunday
TX00683,4122,Pajamas,154.0,2023-08-14,1.8,Credit Card,2023-08,2023,Monday
TX00684,3962,Backpack,169.0,2023-02-11,,Credit Card,2023-02,2023,Saturday
TX00685,4031,Coat,170.0,2023-02-23,3.3,Cash,2023-02,2023,Thursday
TX00686,4005,Vest,122.0,2023-10-01,2.0,Cash,2023-10,2023,Sunday
TX00687,3962,Hoodie,87.0,2023-05-12,,Cash,2023-05,2023,Friday
TX00688,4016,Sandals,161.0,2023-03-04,1.3,Cash,2023-03,2023,Saturday
TX00689,4122,Belt,89.0,2023-01-12,4.4,Credit Card,2023-01,2023,Thursday
TX00690,4042,Tank Top,19.0,2022-11-21,2.8,Cash,2022-11,2022,Monday
TX00691,4105,Polo Shirt,29.0,2023-03-29,2.8,Cash,2023-03,2023,Wednesday
TX00692,4044,Scarf,33.0,2023-02-20,3.7,Credit Card,2023-02,2023,Monday
TX00693,4122,Jacket,139.0,2023-02-26,2.0,Credit Card,2023-02,2023,Sunday
TX00694,4040,Handbag,158.0,2022-11-30,1.1,Cash,2022-11,2022,Wednesday
TX00695,4081,Camisole,199.0,2023-01-10,2.6,Cash,2023-01,2023,Tuesday
TX00696,4108,Sneakers,125.0,2023-05-25,2.9,Cash,2023-05,2023,Thursday
TX00697,4092,Handbag,156.0,2023-01-01,,Credit Card,2023-01,2023,Sunday
TX00698,4097,Tank Top,92.0,2023-05-27,4.7,Cash,2023-05,2023,Saturday
TX00699,4070,Backpack,138.0,2023-05-30,1.1,Cash,2023-05,2023,Tuesday
TX00700,3990,Sunglasses,97.0,2023-04-05,3.5,Cash,2023-04,2023,Wednesday
TX00701,4035,Wallet,31.0,2023-06-03,3.3,Cash,2023-06,2023,Saturday
TX00702,4000,Backpack,54.0,2023-05-05,4.1,Cash,2023-05,2023,Friday
TX00703,4015,Loafers,122.0,2023-05-06,1.4,Cash,2023-05,2023,Saturday
TX00704,4080,Coat,166.0,2023-09-21,3.4,Credit Card,2023-09,2023,Thursday
TX00705,4030,Pants,82.0,2023-02-07,2.7,Cash,2023-02,2023,Tuesday
TX00706,3969,Leggings,96.0,2023-08-07,2.8,Cash,2023-08,2023,Monday
TX00707,3994,Belt,23.0,2023-02-28,4.0,Credit Card,2023-02,2023,Tuesday
TX00708,4047,Pajamas,175.0,2023-01-02,1.3,Cash,2023-01,2023,Monday
TX00709,4029,Jeans,94.0,2023-08-17,2.4,Cash,2023-08,2023,Thursday
TX00710,3999,Boots,82.0,2023-02-21,2.7,Cash,2023-02,2023,Tuesday
TX00711,4115,Jacket,178.0,2023-05-09,,Credit Card,2023-05,2023,Tuesday
TX00712,3998,Sneakers,164.0,2022-11-06,1.0,Credit Card,2022-11,2022,Sunday
TX00713,4094,Shorts,95.0,2023-06-01,1.1,Credit Card,2023-06,2023,Thursday
TX00714,4003,Shorts,99.0,2023-03-25,1.9,Credit Card,2023-03,2023,Saturday
TX00715,4001,Umbrella,177.0,2022-11-22,2.3,Cash,2022-11,2022,Tuesday
TX00716,3996,Sun Hat,110.0,2023-06-20,3.7,Credit Card,2023-06,2023,Tuesday
TX00717,4017,Jacket,31.0,2023-05-15,4.5,Cash,2023-05,2023,Monday
TX00718,3986,Trousers,106.0,2022-10-12,1.6,Credit Card,2022-10,2022,Wednesday
TX00719,3967,Handbag,94.0,2022-11-15,1.8,Cash,2022-11,2022,Tuesday
TX00720,4038,Hoodie,181.0,2023-06-12,1.1,Credit Card,2023-06,2023,Monday
TX00721,4104,Swimsuit,199.0,2023-08-15,4.4,Cash,2023-08,2023,Tuesday
TX00722,3989,Trousers,144.0,2023-08-13,3.2,Credit Card,2023-08,2023,Sunday
TX00723,4023,Sneakers,140.0,2023-01-06,1.9,Cash,2023-01,2023,Friday
TX00724,4051,Pants,102.0,2022-12-29,2.2,Cash,2022-12,2022,Thursday
TX00725,4004,Gloves,64.0,2023-03-04,2.1,Credit Card,2023-03,2023,Saturday
TX00726,4009,Sneakers,134.0,2023-09-24,1.9,Credit Card,2023-09,2023,Sunday
TX00727,3965,Skirt,49.0,2022-10-23,2.8,Cash,2022-10,2022,Sunday
TX00728,4045,Gloves,35.0,2023-02-25,4.0,Cash,2023-02,2023,Saturday
TX00729,3994,Pajamas,148.0,2023-07-15,2.5,Credit Card,2023-07,2023,Saturday
TX00730,4052,Skirt,144.0,2023-01-22,2.6,Credit Card,2023-01,2023,Sunday
TX00731,4095,Hat,168.0,2023-03-08,1.4,Credit Card,2023-03,2023,Wednesday
TX00732,4093,Camisole,51.0,2023-02-15,1.5,Cash,2023-02,2023,Wednesday
TX00733,3988,Slippers,169.0,2023-06-13,3.4,Credit Card,2023-06,2023,Tuesday
TX00734,3963,Kimono,52.0,2022-12-27,2.3,Cash,2022-12,2022,Tuesday
TX00735,4060,Skirt,21.0,2023-01-22,4.9,Credit Card,2023-01,2023,Sunday
TX00736,4084,Flannel Shirt,183.0,2023-02-16,2.4,Credit Card,2023-02,2023,Thursday
TX00737,3994,Raincoat,123.0,2023-03-27,1.4,Cash,2023-03,2023,Monday
TX00738,4074,Tank Top,124.0,2023-05-09,1.0,Cash,2023-05,2023,Tuesday
TX00739,4038,Sunglasses,71.0,2023-03-22,2.6,Credit Card,2023-03,2023,Wednesday
TX00740,3996,Cardigan,130.0,2023-01-10,2.4,Cash,2023-01,2023,Tuesday
TX00741,3958,Sun Hat,59.0,2023-06-15,4.3,Credit Card,2023-06,2023,Thursday
TX00742,4096,Sneakers,156.0,2023-04-19,4.4,Cash,2023-04,2023,Wednesday
TX00743,4086,Loafers,128.0,2023-07-22,5.0,Credit Card,2023-07,2023,Saturday
TX00744,4041,Skirt,107.0,2023-02-09,,Credit Card,2023-02,2023,Thursday
TX00745,4122,Sweater,117.0,2023-05-19,2.6,Credit Card,2023-05,2023,Friday
TX00746,4032,Coat,61.0,2023-07-20,4.8,Cash,2023-07,2023,Thursday
TX00747,4078,Leggings,45.0,2022-10-07,3.6,Credit Card,2022-10,2022,Friday
TX00748,4031,Tunic,23.0,2022-12-25,1.6,Credit Card,2022-12,2022,Sunday
TX00749,4103,Pajamas,105.0,2023-04-03,3.3,Credit Card,2023-04,2023,Monday
TX00750,3994,Hat,36.0,2023-03-01,1.6,Credit Card,2023-03,2023,Wednesday
TX00751,4101,Raincoat,142.0,2023-07-03,4.0,Credit Card,2023-07,2023,Monday
TX00752,4070,Poncho,82.0,2023-04-09,,Cash,2023-04,2023,Sunday
TX00753,4079,Sun Hat,141.0,2022-12-11,1.6,Credit Card,2022-12,2022,Sunday
TX00754,3992,Vest,66.0,2023-07-15,4.0,Cash,2023-07,2023,Saturday
TX00755,4098,Onesie,99.0,2023-07-19,1.7,Cash,2023-07,2023,Wednesday
TX00756,3986,Slippers,116.0,2022-10-23,1.4,Cash,2022-10,2022,Sunday
TX00757,3963,Sandals,70.0,2023-09-19,3.5,Cash,2023-09,2023,Tuesday
TX00758,4059,T-shirt,30.0,2023-05-29,2.1,Cash,2023-05,2023,Monday
TX00759,4115,Umbrella,17.0,2022-12-29,4.1,Cash,2022-12,2022,Thursday
TX00760,4013,Trench Coat,35.0,2023-01-11,4.6,Cash,2023-01,2023,Wednesday
TX00761,4071,Romper,176.0,2023-06-23,,Cash,2023-06,2023,Friday
TX00762,4048,Pants,47.0,2023-05-12,4.7,Cash,2023-05,2023,Friday
TX00763,4040,Blouse,130.0,2023-02-15,3.4,Credit Card,2023-02,2023,Wednesday
TX00764,3971,Pants,45.0,2022-11-03,1.6,Cash,2022-11,2022,Thursday
TX00765,4112,Pajamas,130.0,2023-09-01,,Credit Card,2023-09,2023,Friday
TX00766,4121,Sunglasses,11.0,2022-10-08,1.4,Cash,2022-10,2022,Saturday
TX00767,4006,Poncho,14.0,2022-10-03,1.4,Cash,2022-10,2022,Monday
TX00768,4106,Sneakers,48.0,2023-08-02,4.9,Cash,2023-08,2023,Wednesday
TX00769,4091,Sweater,196.0,2023-03-24,3.1,Cash,2023-03,2023,Friday
TX00770,4013,Camisole,118.0,2023-01-26,3.4,Cash,2023-01,2023,Thursday
TX00771,4007,Swimsuit,87.0,2023-03-23,4.6,Cash,2023-03,2023,Thursday
TX00772,3978,Jumpsuit,173.0,2023-03-11,3.5,Cash,2023-03,2023,Saturday
TX00773,4094,Boots,127.0,2023-06-05,2.9,Credit Card,2023-06,2023,Monday
TX00774,3979,Loafers,137.0,2022-12-30,1.9,Credit Card,2022-12,2022,Friday
TX00775,4088,Tie,14.0,2022-11-17,4.8,Credit Card,2022-11,2022,Thursday
TX00776,4057,Romper,157.0,2023-04-20,1.3,Credit Card,2023-04,2023,Thursday
TX00777,4006,Overalls,46.0,2023-02-21,,Cash,2023-02,2023,Tuesday
TX00778,4082,Hat,10.0,2023-01-30,4.5,Cash,2023-01,2023,Monday
TX00779,4038,Bowtie,71.0,2023-03-15,1.9,Cash,2023-03,2023,Wednesday
TX00780,4111,Raincoat,57.0,2023-07-31,3.6,Credit Card,2023-07,2023,Monday
TX00781,4111,Overalls,31.0,2023-08-06,4.9,Credit Card,2023-08,2023,Sunday
TX00782,4087,Trench Coat,102.0,2022-10-10,3.1,Cash,2022-10,2022,Monday
TX00783,4049,Sneakers,139.0,2023-07-26,1.5,Credit Card,2023-07,2023,Wednesday
TX00784,4058,Belt,139.0,2023-01-22,3.6,Cash,2023-01,2023,Sunday
TX00785,3994,Flannel Shirt,109.0,2023-06-03,4.7,Credit Card,2023-06,2023,Saturday
TX00786,4066,Romper,21.0,2023-07-02,,Cash,2023-07,2023,Sunday
TX00787,4051,Gloves,105.0,2022-11-10,2.5,Credit Card,2022-11,2022,Thursday
TX00788,4055,Blazer,14.0,2023-02-13,,Cash,2023-02,2023,Monday
TX00789,4052,Handbag,27.0,2023-09-11,1.7,Cash,2023-09,2023,Monday
TX00790,3960,Hoodie,197.0,2023-05-08,1.1,Cash,2023-05,2023,Monday
TX00791,4029,Blazer,36.0,2022-10-27,1.6,Cash,2022-10,2022,Thursday
TX00792,4045,Tie,198.0,2023-03-07,3.3,Cash,2023-03,2023,Tuesday
TX00793,4046,Jumpsuit,44.0,2023-06-09,2.4,Cash,2023-06,2023,Friday
TX00794,4071,Hoodie,174.0,2023-08-23,2.8,Credit Card,2023-08,2023,Wednesday
TX00795,3979,Hoodie,128.0,2022-11-19,1.5,Credit Card,2022-11,2022,Saturday
TX00796,4012,Jacket,132.0,2023-03-01,4.1,Cash,2023-03,2023,Wednesday
TX00797,4070,Camisole,44.0,2023-01-23,2.3,Cash,2023-01,2023,Monday
TX00798,4070,Hoodie,127.0,2023-06-17,2.9,Credit Card,2023-06,2023,Saturday
TX00799,3998,Sunglasses,61.0,2023-02-13,2.4,Credit Card,2023-02,2023,Monday
TX00800,4065,Sweater,90.0,2023-02-20,1.3,Cash,2023-02,2023,Monday
TX00801,4063,Hoodie,141.0,2023-01-18,3.6,Credit Card,2023-01,2023,Wednesday
TX00802,3992,Poncho,149.0,2023-05-24,1.5,Cash,2023-05,2023,Wednesday
TX00803,4107,Cardigan,19.0,2022-10-28,2.8,Credit Card,2022-10,2022,Friday
TX00804,4110,Sun Hat,58.0,2023-04-22,3.2,Cash,2023-04,2023,Saturday
TX00805,3979,Kimono,22.0,2023-04-12,4.5,Credit Card,2023-04,2023,Wednesday
TX00806,3993,T-shirt,94.0,2022-11-13,2.7,Cash,2022-11,2022,Sunday
TX00807,4010,Belt,104.0,2023-07-06,1.3,Credit Card,2023-07,2023,Thursday
TX00808,4034,Umbrella,112.0,2023-05-21,3.0,Credit Card,2023-05,2023,Sunday
TX00809,4078,Trench Coat,108.0,2023-08-31,4.8,Credit Card,2023-08,2023,Thursday
TX00810,4091,Camisole,57.0,2023-03-30,1.8,Cash,2023-03,2023,Thursday
TX00811,4042,Blouse,137.0,2023-05-02,1.9,Credit Card,2023-05,2023,Tuesday
TX00812,3973,Onesie,142.0,2023-02-10,,Cash,2023-02,2023,Friday
TX00813,4108,Kimono,31.0,2023-05-02,2.4,Cash,2023-05,2023,Tuesday
TX00814,4053,Trench Coat,30.0,2023-05-29,1.6,Cash,2023-05,2023,Monday
TX00815,3979,Umbrella,56.0,2022-12-08,3.1,Credit Card,2022-12,2022,Thursday
TX00816,3958,Umbrella,92.0,2023-09-14,2.5,Credit Card,2023-09,2023,Thursday
TX00817,4120,Tank Top,85.0,2023-01-29,2.5,Cash,2023-01,2023,Sunday
TX00818,4026,Shorts,164.0,2023-04-26,1.7,Credit Card,2023-04,2023,Wednesday
TX00819,4063,Vest,52.0,2023-07-12,3.5,Cash,2023-07,2023,Wednesday
TX00820,4001,T-shirt,99.0,2022-11-05,4.0,Credit Card,2022-11,2022,Saturday
TX00821,4099,Flip-Flops,196.0,2023-04-08,4.8,Credit Card,2023-04,2023,Saturday
TX00822,4075,Socks,100.0,2023-09-04,4.4,Credit Card,2023-09,2023,Monday
TX00823,4102,Poncho,121.0,2023-03-03,4.8,Credit Card,2023-03,2023,Friday
TX00824,3992,T-shirt,24.0,2023-09-22,2.2,Credit Card,2023-09,2023,Friday
TX00825,4004,Belt,103.0,2023-06-24,2.9,Cash,2023-06,2023,Saturday
TX00826,4054,Tank Top,183.0,2023-04-10,4.8,Credit Card,2023-04,2023,Monday
TX00827,4082,Raincoat,183.0,2023-07-21,4.7,Credit Card,2023-07,2023,Friday
TX00828,3967,Boots,18.0,2022-10-19,4.8,Cash,2022-10,2022,Wednesday
TX00829,4106,Wallet,175.0,2022-12-17,1.6,Credit Card,2022-12,2022,Saturday
TX00830,4034,Flannel Shirt,108.0,2023-05-21,4.1,Cash,2023-05,2023,Sunday
TX00831,4083,Umbrella,18.0,2023-06-02,4.8,Cash,2023-06,2023,Friday
TX00832,4100,Loafers,183.0,2023-09-23,4.1,Credit Card,2023-09,2023,Saturday
TX00833,4075,Dress,104.0,2022-12-26,2.6,Credit Card,2022-12,2022,Monday
TX00834,4014,Loafers,29.0,2023-07-24,4.3,Cash,2023-07,2023,Monday
TX00835,3963,Bowtie,145.0,2022-11-27,,Cash,2022-11,2022,Sunday
TX00836,3957,Coat,90.0,2022-10-07,2.1,Credit Card,2022-10,2022,Friday
TX00837,3996,Umbrella,73.0,2023-06-23,1.5,Cash,2023-06,2023,Friday
TX00838,4024,Tunic,16.0,2023-03-08,4.8,Cash,2023-03,2023,Wednesday
TX00839,4033,Flannel Shirt,137.0,2023-03-22,2.8,Cash,2023-03,2023,Wednesday
TX00840,4120,Gloves,153.0,2022-10-22,4.0,Cash,2022-10,2022,Saturday
TX00841,4077,Jacket,190.0,2023-05-22,2.2,Credit Card,2023-05,2023,Monday
TX00842,3988,Swimsuit,166.0,2023-08-30,3.5,Credit Card,2023-08,2023,Wednesday
TX00843,4030,Blouse,135.0,2023-07-16,3.6,Cash,2023-07,2023,Sunday
TX00844,4063,Trench Coat,44.0,2023-04-17,1.5,Credit Card,2023-04,2023,Monday
TX00845,4002,Raincoat,125.0,2022-10-12,2.8,Credit Card,2022-10,2022,Wednesday
TX00846,4122,Belt,32.0,2023-01-30,4.6,Cash,2023-01,2023,Monday
TX00847,4019,Kimono,91.0,2023-04-06,2.1,Cash,2023-04,2023,Thursday
TX00848,3964,Pajamas,191.0,2023-04-30,2.5,Credit Card,2023-04,2023,Sunday
TX00849,4027,Swimsuit,86.0,2022-10-19,3.3,Cash,2022-10,2022,Wednesday
TX00850,4083,Shorts,192.0,2023-03-23,3.8,Cash,2023-03,2023,Thursday
TX00851,3974,Trousers,189.0,2022-10-20,4.0,Cash,2022-10,2022,Thursday
TX00852,4110,Umbrella,102.0,2023-01-26,1.4,Credit Card,2023-01,2023,Thursday
TX00853,4049,Boots,41.0,2023-09-28,3.4,Cash,2023-09,2023,Thursday
TX00854,4105,Polo Shirt,45.0,2023-02-05,2.5,Cash,2023-02,2023,Sunday
TX00855,4080,Jumpsuit,136.0,2023-05-17,3.7,Cash,2023-05,2023,Wednesday
TX00856,4068,Cardigan,104.0,2023-05-07,3.6,Credit Card,2023-05,2023,Sunday
TX00857,4023,Blazer,151.0,2023-08-01,2.1,Credit Card,2023-08,2023,Tuesday
TX00858,4078,Cardigan,26.0,2023-02-04,3.0,Credit Card,2023-02,2023,Saturday
TX00859,3987,Sandals,193.0,2023-01-18,4.3,Credit Card,2023-01,2023,Wednesday
TX00860,4052,Scarf,144.0,2022-10-15,1.3,Cash,2022-10,2022,Saturday
TX00861,4088,T-shirt,114.0,2023-04-22,4.2,Credit Card,2023-04,2023,Saturday
TX00862,4104,Poncho,28.0,2023-06-06,3.0,Credit Card,2023-06,2023,Tuesday
TX00863,4023,Sunglasses,28.0,2023-05-15,4.1,Credit Card,2023-05,2023,Monday
TX00864,3998,Vest,184.0,2023-09-07,3.2,Cash,2023-09,2023,Thursday
TX00865,4105,Scarf,42.0,2023-01-18,2.5,Credit Card,2023-01,2023,Wednesday
TX00866,3971,Blazer,151.0,2022-10-13,4.7,Credit Card,2022-10,2022,Thursday
TX00867,3994,Backpack,56.0,2023-04-27,3.4,Cash,2023-04,2023,Thursday
TX00868,4038,Trench Coat,43.0,2023-05-31,4.2,Cash,2023-05,2023,Wednesday
TX00869,4075,Dress,24.0,2023-09-25,3.3,Credit Card,2023-09,2023,Monday
TX00870,3991,Overalls,142.0,2022-12-02,4.1,Credit Card,2022-12,2022,Friday
TX00871,3970,Sweater,191.0,2023-01-03,4.0,Cash,2023-01,2023,Tuesday
TX00872,4026,Raincoat,142.0,2023-01-03,4.2,Credit Card,2023-01,2023,Tuesday
TX00873,4049,T-shirt,30.0,2023-05-05,3.3,Credit Card,2023-05,2023,Friday
TX00874,4064,Flip-Flops,172.0,2023-04-30,4.8,Credit Card,2023-04,2023,Sunday
TX00875,4119,Overalls,80.0,2023-06-02,3.5,Cash,2023-06,2023,Friday
TX00876,3969,Blazer,146.0,2023-08-26,,Cash,2023-08,2023,Saturday
TX00877,4031,Skirt,161.0,2022-11-12,1.4,Credit Card,2022-11,2022,Saturday
TX00878,4092,T-shirt,49.0,2023-08-12,4.2,Credit Card,2023-08,2023,Saturday
TX00879,3976,Camisole,164.0,2023-06-21,4.3,Credit Card,2023-06,2023,Wednesday
TX00880,4088,Hat,154.0,2023-05-21,4.9,Cash,2023-05,2023,Sunday
TX00881,4117,Raincoat,30.0,2023-08-29,,Credit Card,2023-08,2023,Tuesday
TX00882,3981,Skirt,157.0,2023-05-10,4.2,Cash,2023-05,2023,Wednesday
TX00883,4110,Belt,63.0,2023-03-19,4.1,Credit Card,2023-03,2023,Sunday
TX00884,3999,Kimono,116.0,2023-01-21,2.3,Cash,2023-01,2023,Saturday
TX00885,4096,Socks,17.0,2023-06-16,2.4,Credit Card,2023-06,2023,Friday
TX00886,4039,Hoodie,170.0,2023-03-19,4.4,Credit Card,2023-03,2023,Sunday
TX00887,4037,Flannel Shirt,174.0,2023-09-13,2.3,Credit Card,2023-09,2023,Wednesday
TX00888,4034,Trench Coat,133.0,2023-08-04,4.0,Credit Card,2023-08,2023,Friday
TX00889,4026,Pants,185.0,2022-10-25,1.9,Credit Card,2022-10,2022,Tuesday
TX00890,4049,Tie,126.0,2023-04-18,1.4,Cash,2023-04,2023,Tuesday
TX00891,4105,T-shirt,133.0,2023-07-22,2.5,Credit Card,2023-07,2023,Saturday
TX00892,4047,Pants,97.0,2023-05-02,3.8,Cash,2023-05,2023,Tuesday
TX00893,3993,Jumpsuit,90.0,2023-01-14,4.2,Credit Card,2023-01,2023,Saturday
TX00894,3960,Wallet,91.0,2023-03-06,4.0,Credit Card,2023-03,2023,Monday
TX00895,3992,Sandals,98.0,2023-09-15,2.3,Credit Card,2023-09,2023,Friday
TX00896,4089,Gloves,43.0,2022-12-27,3.3,Cash,2022-12,2022,Tuesday
TX00897,4029,Onesie,141.0,2023-09-23,3.8,Credit Card,2023-09,2023,Saturday
TX00898,4052,Vest,91.0,2023-06-22,4.0,Cash,2023-06,2023,Thursday
TX00899,4081,Swimsuit,41.0,2023-09-22,2.6,Credit Card,2023-09,2023,Friday
TX00900,4062,Blazer,73.0,2023-08-14,1.8,Cash,2023-08,2023,Monday
TX00901,3983,Hat,167.0,2023-04-24,2.1,Credit Card,2023-04,2023,Monday
TX00902,4012,Polo Shirt,50.0,2022-10-14,3.1,Credit Card,2022-10,2022,Friday
TX00903,3996,Sneakers,157.0,2023-03-12,4.7,Credit Card,2023-03,2023,Sunday
TX00904,4085,Skirt,58.0,2023-08-24,4.8,Credit Card,2023-08,2023,Thursday
TX00905,4013,Bowtie,137.0,2023-03-16,4.5,Cash,2023-03,2023,Thursday
TX00906,4005,Wallet,129.0,2022-10-13,3.3,Credit Card,2022-10,2022,Thursday
TX00907,4100,Bowtie,88.0,2023-09-10,,Credit Card,2023-09,2023,Sunday
TX00908,4114,Coat,33.0,2023-08-24,2.8,Credit Card,2023-08,2023,Thursday
TX00909,4091,Blouse,139.0,2023-03-05,,Credit Card,2023-03,2023,Sunday
TX00910,4093,Raincoat,71.0,2023-07-21,3.7,Cash,2023-07,2023,Friday
TX00911,4098,Poncho,100.0,2022-12-11,3.0,Cash,2022-12,2022,Sunday
TX00912,4063,T-shirt,162.0,2022-12-01,1.9,Credit Card,2022-12,2022,Thursday
TX00913,4074,Raincoat,177.0,2023-09-22,1.9,Cash,2023-09,2023,Friday
TX00914,3976,Romper,83.0,2023-05-23,,Credit Card,2023-05,2023,Tuesday
TX00915,3986,Socks,37.0,2022-11-01,1.1,Credit Card,2022-11,2022,Tuesday
TX00916,3990,Shorts,77.0,2023-02-13,4.4,Credit Card,2023-02,2023,Monday
TX00917,3961,Socks,113.0,2023-08-29,3.2,Cash,2023-08,2023,Tuesday
TX00918,4079,Cardigan,112.0,2023-07-16,2.6,Cash,2023-07,2023,Sunday
TX00919,4036,Blouse,102.0,2023-09-25,4.6,Cash,2023-09,2023,Monday
TX00920,4049,Vest,28.0,2022-11-10,4.0,Credit Card,2022-11,2022,Thursday
TX00921,3992,Tie,125.0,2023-07-08,4.9,Cash,2023-07,2023,Saturday
TX00922,4070,Poncho,81.0,2023-04-25,2.1,Cash,2023-04,2023,Tuesday
TX00923,4109,Trousers,169.0,2023-09-16,4.6,Credit Card,2023-09,2023,Saturday
TX00924,4090,Dress,40.0,2023-05-16,2.3,Credit Card,2023-05,2023,Tuesday
TX00925,4034,Socks,96.0,2023-04-20,2.0,Credit Card,2023-04,2023,Thursday
TX00926,3964,Onesie,103.0,2023-01-15,1.5,Cash,2023-01,2023,Sunday
TX00927,3987,Wallet,60.0,2023-01-05,4.1,Cash,2023-01,2023,Thursday
TX00928,4013,Sneakers,112.0,2022-11-02,2.9,Credit Card,2022-11,2022,Wednesday
TX00929,3989,Shorts,21.0,2022-11-06,4.2,Credit Card,2022-11,2022,Sunday
TX00930,4015,Kimono,131.0,2022-12-24,3.6,Cash,2022-12,2022,Saturday
TX00931,4035,Sun Hat,48.0,2023-07-24,4.9,Credit Card,2023-07,2023,Monday
TX00932,3989,Kimono,141.0,2023-09-13,3.3,Credit Card,2023-09,2023,Wednesday
TX00933,3990,Romper,91.0,2023-06-01,3.0,Cash,2023-06,2023,Thursday
TX00934,4065,Leggings,199.0,2023-07-26,3.2,Credit Card,2023-07,2023,Wednesday
TX00935,3985,Tunic,161.0,2023-07-26,1.2,Cash,2023-07,2023,Wednesday
TX00936,3976,Tunic,140.0,2022-12-31,4.5,Credit Card,2022-12,2022,Saturday
TX00937,3961,Jumpsuit,191.0,2023-06-19,3.7,Cash,2023-06,2023,Monday
TX00938,4080,Vest,131.0,2023-08-13,,Credit Card,2023-08,2023,Sunday
TX00939,4067,Trench Coat,104.0,2022-11-12,3.3,Credit Card,2022-11,2022,Saturday
TX00940,3967,Camisole,38.0,2023-09-11,3.9,Credit Card,2023-09,2023,Monday
TX00941,4007,Poncho,159.0,2023-07-19,3.0,Cash,2023-07,2023,Wednesday
TX00942,3984,Pajamas,195.0,2023-07-03,4.8,Cash,2023-07,2023,Monday
TX00943,3965,Blouse,171.0,2022-12-22,1.9,Cash,2022-12,2022,Thursday
TX00944,4108,Skirt,177.0,2022-12-02,2.3,Cash,2022-12,2022,Friday
TX00945,3972,Jeans,158.0,2023-07-16,4.5,Cash,2023-07,2023,Sunday
TX00946,4077,Blouse,194.0,2022-12-19,1.6,Credit Card,2022-12,2022,Monday
TX00947,4021,Raincoat,144.0,2023-09-26,1.0,Cash,2023-09,2023,Tuesday
TX00948,3968,Trench Coat,168.0,2023-03-16,3.8,Cash,2023-03,2023,Thursday
TX00949,3973,T-shirt,107.0,2023-01-14,1.5,Credit Card,2023-01,2023,Saturday
TX00950,3959,Umbrella,18.0,2023-05-27,3.9,Credit Card,2023-05,2023,Saturday
TX00951,3981,Boots,189.0,2022-11-17,2.0,Credit Card,2022-11,2022,Thursday
TX00952,4009,Trousers,48.0,2023-07-02,3.0,Credit Card,2023-07,2023,Sunday
TX00953,4107,Belt,62.0,2023-05-06,1.4,Credit Card,2023-05,2023,Saturday
TX00954,4008,Loafers,166.0,2023-03-08,3.3,Credit Card,2023-03,2023,Wednesday
TX00955,4004,Poncho,198.0,2023-08-10,2.5,Cash,2023-08,2023,Thursday
TX00956,4046,T-shirt,190.0,2023-02-13,3.8,Cash,2023-02,2023,Monday
TX00957,3980,Onesie,93.0,2023-04-27,,Cash,2023-04,2023,Thursday
TX00958,3994,Cardigan,132.0,2023-07-29,3.8,Credit Card,2023-07,2023,Saturday
TX00959,4028,Cardigan,90.0,2023-02-28,3.0,Credit Card,2023-02,2023,Tuesday
TX00960,4105,Kimono,127.0,2022-12-21,2.6,Credit Card,2022-12,2022,Wednesday
TX00961,4046,Hoodie,97.0,2022-10-17,4.9,Cash,2022-10,2022,Monday
TX00962,4047,Tunic,183.0,2023-01-15,2.4,Cash,2023-01,2023,Sunday
TX00963,3998,Belt,194.0,2023-09-23,3.1,Credit Card,2023-09,2023,Saturday
TX00964,4085,Boots,187.0,2023-07-31,,Cash,2023-07,2023,Monday
TX00965,4113,Flip-Flops,133.0,2023-07-03,4.9,Credit Card,2023-07,2023,Monday
TX00966,4086,Camisole,152.0,2023-09-07,1.7,Credit Card,2023-09,2023,Thursday
TX00967,4102,Trench Coat,86.0,2023-01-30,3.1,Cash,2023-01,2023,Monday
TX00968,3974,Hat,190.0,2022-11-15,,Credit Card,2022-11,2022,Tuesday
TX00969,3982,Boots,190.0,2023-09-12,1.1,Cash,2023-09,2023,Tuesday
TX00970,4105,Sneakers,132.0,2023-01-31,3.3,Credit Card,2023-01,2023,Tuesday
TX00971,3960,Jumpsuit,194.0,2023-03-18,4.8,Cash,2023-03,2023,Saturday
TX00972,4092,Shorts,41.0,2023-03-05,3.5,Credit Card,2023-03,2023,Sunday
TX00973,4012,Sandals,149.0,2023-09-18,1.9,Credit Card,2023-09,2023,Monday
TX00974,4006,Tank Top,111.0,2023-08-25,4.5,Credit Card,2023-08,2023,Friday
TX00975,4029,Boots,47.0,2023-08-05,3.4,Credit Card,2023-08,2023,Saturday
TX00976,4000,Wallet,83.0,2023-09-21,4.6,Cash,2023-09,2023,Thursday
TX00977,4094,Belt,30.0,2022-10-11,4.5,Cash,2022-10,2022,Tuesday
TX00978,3958,Socks,123.0,2022-11-28,1.6,Cash,2022-11,2022,Monday
TX00979,3982,Onesie,132.0,2023-02-23,1.1,Cash,2023-02,2023,Thursday
TX00980,4011,Romper,147.0,2023-04-03,,Credit Card,2023-04,2023,Monday
TX00981,4086,Skirt,153.0,2023-07-18,4.8,Credit Card,2023-07,2023,Tuesday
TX00982,4078,Tank Top,45.0,2023-08-10,4.2,Credit Card,2023-08,2023,Thursday
TX00983,4107,Trench Coat,71.0,2023-05-20,1.7,Cash,2023-05,2023,Saturday
TX00984,4004,Flip-Flops,181.0,2022-10-15,4.6,Credit Card,2022-10,2022,Saturday
TX00985,4069,Hat,67.0,2023-04-14,3.4,Cash,2023-04,2023,Friday
TX00986,3984,Socks,23.0,2023-08-04,4.7,Credit Card,2023-08,2023,Friday
TX00987,4047,Handbag,130.0,2022-11-03,2.6,Credit Card,2022-11,2022,Thursday
TX00988,4065,Pants,11.0,2023-03-25,2.4,Credit Card,2023-03,2023,Saturday
TX00989,4011,Gloves,50.0,2023-07-04,2.0,Credit Card,2023-07,2023,Tuesday
TX00990,4088,Shorts,131.0,2023-05-14,1.8,Cash,2023-05,2023,Sunday
TX00991,4015,Blouse,61.0,2023-01-07,2.4,Credit Card,2023-01,2023,Saturday
TX00992,4061,Vest,83.0,2022-10-03,4.7,Cash,2022-10,2022,Monday
TX00993,3985,Dress,175.0,2023-04-08,4.6,Credit Card,2023-04,2023,Saturday
TX00994,3988,Socks,176.0,2023-08-08,,Cash,2023-08,2023,Tuesday
TX00995,4076,Pants,146.0,2023-06-30,3.7,Credit Card,2023-06,2023,Friday
TX00996,3985,Belt,19.0,2022-12-24,3.1,Cash,2022-12,2022,Saturday
TX00997,4090,Jeans,54.0,2023-02-18,3.1,Cash,2023-02,2023,Saturday
TX00998,3991,Flip-Flops,55.0,2023-01-28,3.2,Cash,2023-01,2023,Saturday
TX00999,4083,Socks,19.0,2023-07-16,2.3,Credit Card,2023-07,2023,Sunday
TX01000,4049,Hoodie,111.0,2023-06-21,1.8,Cash,2023-06,2023,Wednesday
TX01001,4030,Sweater,57.0,2023-02-21,2.7,Cash,2023-02,2023,Tuesday
TX01002,4099,Pajamas,84.0,2023-09-04,1.3,Cash,2023-09,2023,Monday
TX01003,3967,Tie,12.0,2023-02-04,,Credit Card,2023-02,2023,Saturday
TX01004,3978,Flannel Shirt,164.0,2022-10-29,3.2,Cash,2022-10,2022,Saturday
TX01005,4083,Tank Top,82.0,2022-12-16,4.1,Cash,2022-12,2022,Friday
TX01006,3986,Handbag,174.0,2023-09-22,3.8,Credit Card,2023-09,2023,Friday
TX01007,4055,Gloves,136.0,2023-09-14,1.2,Credit Card,2023-09,2023,Thursday
TX01008,4029,Gloves,44.0,2022-11-09,2.2,Credit Card,2022-11,2022,Wednesday
TX01009,4073,Trousers,129.0,2023-05-28,4.6,Cash,2023-05,2023,Sunday
TX01010,4110,Belt,38.0,2023-07-04,3.6,Credit Card,2023-07,2023,Tuesday
TX01011,4036,Onesie,197.0,2022-11-28,3.1,Cash,2022-11,2022,Monday
TX01012,4070,Sweater,75.0,2023-05-02,,Cash,2023-05,2023,Tuesday
TX01013,4014,Trench Coat,13.0,2023-05-31,1.8,Credit Card,2023-05,2023,Wednesday
TX01014,4098,Belt,85.0,2023-06-16,1.2,Credit Card,2023-06,2023,Friday
TX01015,4061,Backpack,59.0,2022-10-04,4.5,Cash,2022-10,2022,Tuesday
TX01016,4066,Blazer,113.0,2023-08-22,2.5,Cash,2023-08,2023,Tuesday
TX01017,4005,Shorts,141.0,2023-04-12,4.6,Cash,2023-04,2023,Wednesday
TX01018,3974,Sneakers,112.0,2023-08-26,,Credit Card,2023-08,2023,Saturday
TX01019,4078,Swimsuit,57.0,2023-02-17,4.6,Credit Card,2023-02,2023,Friday
TX01020,4051,Sneakers,132.0,2023-09-06,1.3,Cash,2023-09,2023,Wednesday
TX01021,4002,Raincoat,73.0,2023-01-23,1.8,Credit Card,2023-01,2023,Monday
TX01022,4082,Tie,124.0,2022-11-29,1.8,Cash,2022-11,2022,Tuesday
TX01023,3983,Boots,94.0,2023-03-26,4.7,Cash,2023-03,2023,Sunday
TX01024,4058,Leggings,195.0,2023-08-28,,Cash,2023-08,2023,Monday
TX01025,4069,Sweater,76.0,2023-06-29,4.3,Credit Card,2023-06,2023,Thursday
TX01026,4090,Hat,187.0,2023-07-25,4.9,Credit Card,2023-07,2023,Tuesday
TX01027,3978,Dress,180.0,2022-10-28,4.3,Cash,2022-10,2022,Friday
TX01028,3993,Sweater,113.0,2023-04-14,,Credit Card,2023-04,2023,Friday
TX01029,4058,Wallet,190.0,2023-08-31,2.0,Credit Card,2023-08,2023,Thursday
TX01030,4059,Poncho,186.0,2023-02-08,4.5,Cash,2023-02,2023,Wednesday
TX01031,3983,Scarf,85.0,2023-09-03,3.5,Cash,2023-09,2023,Sunday
TX01032,4000,Cardigan,66.0,2022-12-13,4.5,Credit Card,2022-12,2022,Tuesday
TX01033,3973,Onesie,44.0,2023-09-01,2.1,Credit Card,2023-09,2023,Friday
TX01034,4050,Sneakers,126.0,2023-06-20,2.7,Credit Card,2023-06,2023,Tuesday
TX01035,4007,Loafers,165.0,2022-11-18,2.1,Cash,2022-11,2022,Friday
TX01036,4043,Skirt,189.0,2023-03-19,4.3,Credit Card,2023-03,2023,Sunday
TX01037,4008,Belt,130.0,2022-10-02,3.4,Credit Card,2022-10,2022,Sunday
TX01038,4109,Hat,180.0,2023-01-12,2.6,Credit Card,2023-01,2023,Thursday
TX01039,4060,Sandals,73.0,2023-05-19,2.8,Credit Card,2023-05,2023,Friday
TX01040,3988,Kimono,162.0,2022-10-25,1.9,Cash,2022-10,2022,Tuesday
TX01041,4016,Swimsuit,30.0,2022-11-29,1.5,Credit Card,2022-11,2022,Tuesday
TX01042,4065,Trousers,145.0,2023-06-02,3.0,Credit Card,2023-06,2023,Friday
TX01043,4084,Blazer,29.0,2022-10-29,2.3,Credit Card,2022-10,2022,Saturday
TX01044,4028,Shorts,38.0,2023-08-04,2.0,Cash,2023-08,2023,Friday
TX01045,4108,Wallet,139.0,2023-05-01,3.1,Cash,2023-05,2023,Monday
TX01046,4026,T-shirt,147.0,2023-08-20,3.3,Cash,2023-08,2023,Sunday
TX01047,4059,Sun Hat,143.0,2022-10-23,4.5,Credit Card,2022-10,2022,Sunday
TX01048,4048,Jumpsuit,184.0,2023-05-18,3.2,Cash,2023-05,2023,Thursday
TX01049,4078,Blouse,159.0,2022-10-26,1.5,Credit Card,2022-10,2022,Wednesday
TX01050,4111,Trousers,140.0,2023-01-14,2.9,Credit Card,2023-01,2023,Saturday
TX01051,4060,Swimsuit,24.0,2022-10-17,1.9,Credit Card,2022-10,2022,Monday
TX01052,4081,Poncho,141.0,2023-06-21,1.7,Cash,2023-06,2023,Wednesday
TX01053,4087,Swimsuit,154.0,2023-08-20,4.2,Cash,2023-08,2023,Sunday
TX01054,3994,Jumpsuit,88.0,2022-10-18,1.6,Credit Card,2022-10,2022,Tuesday
TX01055,4073,Slippers,111.0,2023-06-24,1.2,Credit Card,2023-06,2023,Saturday
TX01056,3984,Flannel Shirt,10.0,2023-08-25,4.1,Credit Card,2023-08,2023,Friday
TX01057,3988,Loafers,158.0,2022-11-04,1.8,Credit Card,2022-11,2022,Friday
TX01058,4082,Boots,189.0,2022-12-22,2.4,Cash,2022-12,2022,Thursday
TX01059,4016,Sneakers,27.0,2022-12-17,1.8,Cash,2022-12,2022,Saturday
TX01060,4117,Scarf,130.0,2023-06-29,2.6,Cash,2023-06,2023,Thursday
TX01061,3964,Pajamas,44.0,2023-08-05,,Cash,2023-08,2023,Saturday
TX01062,3982,Hoodie,196.0,2023-05-02,1.8,Cash,2023-05,2023,Tuesday
TX01063,3970,Skirt,117.0,2023-07-10,2.8,Credit Card,2023-07,2023,Monday
TX01064,3974,Blouse,107.0,2022-12-30,1.3,Credit Card,2022-12,2022,Friday
TX01065,4084,Handbag,106.0,2023-08-31,3.1,Cash,2023-08,2023,Thursday
TX01066,3963,Poncho,184.0,2023-03-02,1.6,Credit Card,2023-03,2023,Thursday
TX01067,4002,Loafers,148.0,2023-03-04,1.2,Credit Card,2023-03,2023,Saturday
TX01068,4111,Dress,40.0,2023-03-18,3.5,Cash,2023-03,2023,Saturday
TX01069,3996,Backpack,145.0,2023-09-05,1.6,Cash,2023-09,2023,Tuesday
TX01070,4116,Socks,10.0,2023-05-24,3.3,Credit Card,2023-05,2023,Wednesday
TX01071,4116,Romper,86.0,2022-12-16,4.1,Cash,2022-12,2022,Friday
TX01072,3981,Bowtie,194.0,2023-06-23,1.9,Credit Card,2023-06,2023,Friday
TX01073,3976,Skirt,146.0,2023-06-18,3.3,Credit Card,2023-06,2023,Sunday
TX01074,4090,Jacket,68.0,2023-09-04,,Credit Card,2023-09,2023,Monday
TX01075,4083,Polo Shirt,98.0,2023-07-25,4.6,Credit Card,2023-07,2023,Tuesday
TX01076,4032,Blazer,38.0,2023-01-04,4.0,Credit Card,2023-01,2023,Wednesday
TX01077,4082,Onesie,167.0,2023-08-29,5.0,Cash,2023-08,2023,Tuesday
TX01078,4086,Tunic,14.0,2023-05-29,4.7,Credit Card,2023-05,2023,Monday
TX01079,4023,Socks,27.0,2023-08-21,3.1,Cash,2023-08,2023,Monday
TX01080,4095,Pants,190.0,2022-11-09,5.0,Cash,2022-11,2022,Wednesday
TX01081,4096,Dress,72.0,2023-05-04,2.5,Cash,2023-05,2023,Thursday
TX01082,3961,Blouse,112.0,2023-07-05,,Cash,2023-07,2023,Wednesday
TX01083,3965,Socks,148.0,2022-10-03,1.6,Cash,2022-10,2022,Monday
TX01084,4067,Tie,24.0,2023-05-06,3.8,Cash,2023-05,2023,Saturday
TX01085,4055,Romper,69.0,2023-09-17,4.4,Credit Card,2023-09,2023,Sunday
TX01086,4072,Sandals,197.0,2022-11-28,4.8,Credit Card,2022-11,2022,Monday
TX01087,4037,Tunic,157.0,2023-08-05,2.7,Credit Card,2023-08,2023,Saturday
TX01088,4053,Sun Hat,182.0,2023-04-17,2.8,Cash,2023-04,2023,Monday
TX01089,4070,Raincoat,70.0,2022-11-27,2.5,Cash,2022-11,2022,Sunday
TX01090,4074,Swimsuit,46.0,2022-12-28,2.6,Cash,2022-12,2022,Wednesday
TX01091,3966,Bowtie,143.0,2023-05-31,1.8,Cash,2023-05,2023,Wednesday
TX01092,3965,Handbag,86.0,2023-04-27,1.8,Cash,2023-04,2023,Thursday
TX01093,4002,Romper,152.0,2023-04-20,4.5,Cash,2023-04,2023,Thursday
TX01094,4099,Shorts,198.0,2022-12-08,3.5,Cash,2022-12,2022,Thursday
TX01095,4034,Belt,170.0,2022-10-09,3.2,Cash,2022-10,2022,Sunday
TX01096,3999,Jacket,152.0,2023-07-14,2.6,Cash,2023-07,2023,Friday
TX01097,4082,Onesie,98.0,2022-10-18,1.9,Cash,2022-10,2022,Tuesday
TX01098,4067,Tie,181.0,2023-06-30,1.4,Cash,2023-06,2023,Friday
TX01099,3991,Flannel Shirt,144.0,2022-12-09,2.2,Cash,2022-12,2022,Friday
TX01100,4036,Trench Coat,116.0,2022-10-10,4.1,Credit Card,2022-10,2022,Monday
TX01101,4056,Jeans,86.0,2023-02-01,1.2,Cash,2023-02,2023,Wednesday
TX01102,4081,Coat,147.0,2023-08-17,3.2,Credit Card,2023-08,2023,Thursday
TX01103,3985,Loafers,67.0,2022-12-02,2.5,Cash,2022-12,2022,Friday
TX01104,4102,Sneakers,191.0,2023-05-23,1.7,Cash,2023-05,2023,Tuesday
TX01105,4098,Blouse,24.0,2023-08-23,3.7,Credit Card,2023-08,2023,Wednesday
TX01106,4095,Cardigan,116.0,2022-12-30,4.0,Cash,2022-12,2022,Friday
TX01107,4103,Dress,44.0,2023-05-05,1.6,Cash,2023-05,2023,Friday
TX01108,4077,Sunglasses,75.0,2023-01-09,4.1,Credit Card,2023-01,2023,Monday
TX01109,4078,Sweater,175.0,2023-09-11,2.6,Credit Card,2023-09,2023,Monday
TX01110,3997,Socks,104.0,2023-02-22,4.7,Credit Card,2023-02,2023,Wednesday
TX01111,3971,Vest,58.0,2023-01-21,3.9,Cash,2023-01,2023,Saturday
TX01112,4024,Umbrella,164.0,2023-08-02,1.3,Cash,2023-08,2023,Wednesday
TX01113,4083,Polo Shirt,28.0,2023-04-15,,Credit Card,2023-04,2023,Saturday
TX01114,4053,Jacket,195.0,2023-08-31,2.3,Cash,2023-08,2023,Thursday
TX01115,4114,Coat,65.0,2023-01-04,1.8,Cash,2023-01,2023,Wednesday
TX01116,4047,Bowtie,95.0,2023-08-26,1.9,Cash,2023-08,2023,Saturday
TX01117,4029,Tunic,13.0,2023-02-08,2.5,Credit Card,2023-02,2023,Wednesday
TX01118,4039,Trench Coat,58.0,2023-03-22,3.3,Cash,2023-03,2023,Wednesday
TX01119,3972,Pajamas,40.0,2023-06-26,2.9,Cash,2023-06,2023,Monday
TX01120,3964,Sun Hat,132.0,2023-09-15,2.2,Credit Card,2023-09,2023,Friday
TX01121,4108,Jumpsuit,188.0,2023-06-07,3.2,Credit Card,2023-06,2023,Wednesday
TX01122,3968,Pajamas,62.0,2022-10-05,1.6,Cash,2022-10,2022,Wednesday
TX01123,3989,Vest,71.0,2022-11-12,3.1,Credit Card,2022-11,2022,Saturday
TX01124,4050,Loafers,82.0,2023-01-01,1.6,Cash,2023-01,2023,Sunday
TX01125,4046,Sneakers,146.0,2022-10-07,2.9,Credit Card,2022-10,2022,Friday
TX01126,4106,Scarf,88.0,2023-03-02,3.8,Cash,2023-03,2023,Thursday
TX01127,3963,Hat,141.0,2023-09-05,4.9,Credit Card,2023-09,2023,Tuesday
TX01128,4117,T-shirt,129.0,2023-09-03,1.6,Credit Card,2023-09,2023,Sunday
TX01129,4054,Sunglasses,130.0,2023-03-03,2.5,Cash,2023-03,2023,Friday
TX01130,3981,Scarf,91.0,2022-12-24,1.7,Credit Card,2022-12,2022,Saturday
TX01131,4066,Slippers,104.0,2023-09-03,,Credit Card,2023-09,2023,Sunday
TX01132,4045,Tank Top,21.0,2023-04-11,4.3,Cash,2023-04,2023,Tuesday
TX01133,4048,T-shirt,66.0,2023-01-20,3.3,Cash,2023-01,2023,Friday
TX01134,4062,Trench Coat,14.0,2023-04-28,4.6,Credit Card,2023-04,2023,Friday
TX01135,4046,Overalls,159.0,2023-08-03,4.8,Credit Card,2023-08,2023,Thursday
TX01136,3971,Trench Coat,116.0,2022-10-11,4.5,Credit Card,2022-10,2022,Tuesday
TX01137,4019,Romper,60.0,2023-07-28,4.5,Cash,2023-07,2023,Friday
TX01138,4020,Camisole,107.0,2022-11-17,,Cash,2022-11,2022,Thursday
TX01139,4017,Flannel Shirt,72.0,2022-12-20,2.2,Credit Card,2022-12,2022,Tuesday
TX01140,4122,Sandals,177.0,2023-01-24,1.6,Cash,2023-01,2023,Tuesday
TX01141,4036,Blazer,96.0,2023-05-24,4.2,Cash,2023-05,2023,Wednesday
TX01142,4108,Gloves,135.0,2023-04-06,4.8,Credit Card,2023-04,2023,Thursday
TX01143,3978,Cardigan,174.0,2023-02-06,3.8,Credit Card,2023-02,2023,Monday
TX01144,3973,Romper,127.0,2022-10-06,1.3,Cash,2022-10,2022,Thursday
TX01145,3986,Sun Hat,53.0,2023-07-11,,Cash,2023-07,2023,Tuesday
TX01146,4000,Coat,57.0,2023-07-20,4.4,Cash,2023-07,2023,Thursday
TX01147,3962,Gloves,148.0,2023-05-21,2.1,Cash,2023-05,2023,Sunday
TX01148,4094,Dress,25.0,2023-04-27,4.7,Cash,2023-04,2023,Thursday
TX01149,4040,Polo Shirt,29.0,2023-09-27,4.6,Cash,2023-09,2023,Wednesday
TX01150,3966,Boots,181.0,2022-11-01,,Credit Card,2022-11,2022,Tuesday
TX01151,4088,Pants,27.0,2023-08-30,4.0,Cash,2023-08,2023,Wednesday
TX01152,4064,Sneakers,12.0,2023-05-19,1.3,Credit Card,2023-05,2023,Friday
TX01153,4025,Blouse,126.0,2022-10-02,1.5,Cash,2022-10,2022,Sunday
TX01154,3962,Sneakers,168.0,2022-12-08,3.5,Cash,2022-12,2022,Thursday
TX01155,4077,Sweater,167.0,2023-03-01,1.1,Credit Card,2023-03,2023,Wednesday
TX01156,4107,Backpack,178.0,2023-02-03,4.6,Cash,2023-02,2023,Friday
TX01157,3962,Boots,11.0,2023-04-12,1.1,Credit Card,2023-04,2023,Wednesday
TX01158,4038,Scarf,115.0,2023-03-13,3.8,Cash,2023-03,2023,Monday
TX01159,4103,Shorts,80.0,2023-09-20,4.1,Credit Card,2023-09,2023,Wednesday
TX01160,4056,T-shirt,83.0,2023-03-08,2.4,Cash,2023-03,2023,Wednesday
TX01161,4103,Raincoat,182.0,2023-03-31,3.0,Cash,2023-03,2023,Friday
TX01162,3982,Handbag,55.0,2023-04-01,4.7,Cash,2023-04,2023,Saturday
TX01163,4084,Romper,100.0,2023-06-15,1.3,Credit Card,2023-06,2023,Thursday
TX01164,4085,Sun Hat,111.0,2022-11-11,1.6,Credit Card,2022-11,2022,Friday
TX01165,3999,Camisole,127.0,2023-07-01,1.0,Credit Card,2023-07,2023,Saturday
TX01166,4114,Blouse,188.0,2023-05-15,,Credit Card,2023-05,2023,Monday
TX01167,4033,Tie,185.0,2023-04-08,4.5,Cash,2023-04,2023,Saturday
TX01168,4050,Flip-Flops,30.0,2023-02-21,1.6,Cash,2023-02,2023,Tuesday
TX01169,4068,Cardigan,176.0,2023-09-14,4.5,Credit Card,2023-09,2023,Thursday
TX01170,4008,Leggings,33.0,2022-10-10,4.5,Cash,2022-10,2022,Monday
TX01171,4084,Sweater,106.0,2023-02-03,1.4,Credit Card,2023-02,2023,Friday
TX01172,4119,Handbag,24.0,2023-04-24,3.8,Cash,2023-04,2023,Monday
TX01173,3976,T-shirt,189.0,2023-09-26,4.0,Credit Card,2023-09,2023,Tuesday
TX01174,4011,Gloves,121.0,2023-06-20,,Credit Card,2023-06,2023,Tuesday
TX01175,4030,Camisole,94.0,2023-07-08,1.0,Credit Card,2023-07,2023,Saturday
TX01176,4024,Sneakers,34.0,2022-12-16,1.9,Credit Card,2022-12,2022,Friday
TX01177,3969,Hat,20.0,2022-12-01,,Cash,2022-12,2022,Thursday
TX01178,4033,Sandals,187.0,2023-03-31,,Credit Card,2023-03,2023,Friday
TX01179,4103,Jeans,131.0,2023-07-20,3.1,Credit Card,2023-07,2023,Thursday
TX01180,4059,Polo Shirt,29.0,2023-05-21,1.8,Credit Card,2023-05,2023,Sunday
TX01181,4014,Wallet,81.0,2023-06-14,3.4,Credit Card,2023-06,2023,Wednesday
TX01182,4116,Jumpsuit,154.0,2023-02-06,2.2,Cash,2023-02,2023,Monday
TX01183,3980,Jumpsuit,55.0,2023-06-24,4.5,Credit Card,2023-06,2023,Saturday
TX01184,4105,Slippers,90.0,2023-04-09,,Cash,2023-04,2023,Sunday
TX01185,4108,Camisole,46.0,2023-10-01,1.8,Cash,2023-10,2023,Sunday
TX01186,4043,Poncho,192.0,2023-04-24,3.2,Cash,2023-04,2023,Monday
TX01187,4026,Tank Top,29.0,2023-04-30,3.8,Credit Card,2023-04,2023,Sunday
TX01188,3974,Pajamas,154.0,2022-12-18,1.3,Cash,2022-12,2022,Sunday
TX01189,4102,Backpack,109.0,2023-01-11,2.3,Cash,2023-01,2023,Wednesday
TX01190,4092,Sandals,148.0,2022-12-06,1.6,Cash,2022-12,2022,Tuesday
TX01191,4078,Handbag,199.0,2023-01-28,3.4,Cash,2023-01,2023,Saturday
TX01192,4010,Loafers,195.0,2022-10-21,2.7,Credit Card,2022-10,2022,Friday
TX01193,3976,Scarf,98.0,2023-04-26,3.6,Credit Card,2023-04,2023,Wednesday
TX01194,4086,Gloves,29.0,2023-08-07,1.3,Credit Card,2023-08,2023,Monday
TX01195,4033,Leggings,167.0,2023-08-17,,Credit Card,2023-08,2023,Thursday
TX01196,4067,Sneakers,111.0,2023-06-29,3.9,Cash,2023-06,2023,Thursday
TX01197,4095,Scarf,93.0,2023-04-28,4.3,Cash,2023-04,2023,Friday
TX01198,4008,Handbag,125.0,2023-07-28,3.9,Cash,2023-07,2023,Friday
TX01199,4063,Tunic,101.0,2022-11-08,,Cash,2022-11,2022,Tuesday
TX01200,4059,Vest,106.0,2022-12-07,1.4,Credit Card,2022-12,2022,Wednesday
TX01201,4021,Pants,184.0,2023-04-10,4.7,Credit Card,2023-04,2023,Monday
TX01202,4116,Bowtie,107.0,2023-07-26,3.7,Credit Card,2023-07,2023,Wednesday
TX01203,4073,Camisole,73.0,2023-07-19,4.4,Credit Card,2023-07,2023,Wednesday
TX01204,4097,Camisole,31.0,2023-06-07,4.0,Credit Card,2023-06,2023,Wednesday
TX01205,4003,Belt,107.0,2023-09-08,3.0,Cash,2023-09,2023,Friday
TX01206,3961,Swimsuit,172.0,2022-12-30,2.3,Credit Card,2022-12,2022,Friday
TX01207,4089,Onesie,102.0,2022-10-27,1.2,Credit Card,2022-10,2022,Thursday
TX01208,4084,Hat,102.0,2023-08-07,4.9,Cash,2023-08,2023,Monday
TX01209,4011,Overalls,36.0,2023-06-27,4.6,Cash,2023-06,2023,Tuesday
TX01210,4120,Socks,152.0,2022-12-25,,Credit Card,2022-12,2022,Sunday
TX01211,4093,Sunglasses,36.0,2023-04-30,2.3,Cash,2023-04,2023,Sunday
TX01212,4068,Camisole,33.0,2023-08-15,1.1,Cash,2023-08,2023,Tuesday
TX01213,4101,Hat,93.0,2022-12-06,3.6,Credit Card,2022-12,2022,Tuesday
TX01214,4117,Backpack,13.0,2022-10-07,3.4,Cash,2022-10,2022,Friday
TX01215,3972,Cardigan,109.0,2023-04-16,1.4,Credit Card,2023-04,2023,Sunday
TX01216,4090,Jeans,195.0,2023-05-03,1.6,Credit Card,2023-05,2023,Wednesday
TX01217,4008,Blazer,72.0,2023-04-23,1.1,Credit Card,2023-04,2023,Sunday
TX01218,4050,Coat,53.0,2022-11-08,2.2,Cash,2022-11,2022,Tuesday
TX01219,4075,Hat,53.0,2023-05-22,3.2,Cash,2023-05,2023,Monday
TX01220,4018,Umbrella,136.0,2023-07-27,2.7,Credit Card,2023-07,2023,Thursday
TX01221,4068,Jacket,86.0,2023-01-06,1.3,Cash,2023-01,2023,Friday
TX01222,4062,Pants,29.0,2023-03-27,2.9,Cash,2023-03,2023,Monday
TX01223,4038,Jacket,73.0,2023-04-13,1.9,Credit Card,2023-04,2023,Thursday
TX01224,3973,Belt,136.0,2023-08-10,4.2,Credit Card,2023-08,2023,Thursday
TX01225,4119,Boots,60.0,2023-07-31,1.1,Credit Card,2023-07,2023,Monday
TX01226,4009,Overalls,44.0,2023-08-05,1.6,Credit Card,2023-08,2023,Saturday
TX01227,4062,Backpack,111.0,2023-09-03,3.7,Cash,2023-09,2023,Sunday
TX01228,4025,Vest,168.0,2022-12-20,1.5,Credit Card,2022-12,2022,Tuesday
TX01229,4030,Skirt,94.0,2023-07-30,2.1,Credit Card,2023-07,2023,Sunday
TX01230,4122,Camisole,120.0,2023-08-06,4.2,Cash,2023-08,2023,Sunday
TX01231,3998,Flannel Shirt,176.0,2023-07-09,2.5,Credit Card,2023-07,2023,Sunday
TX01232,4022,Blouse,44.0,2023-02-05,1.3,Credit Card,2023-02,2023,Sunday
TX01233,4110,Camisole,164.0,2023-01-20,2.7,Cash,2023-01,2023,Friday
TX01234,4017,Tunic,61.0,2023-03-15,2.3,Credit Card,2023-03,2023,Wednesday
TX01235,4060,T-shirt,55.0,2023-07-12,4.5,Credit Card,2023-07,2023,Wednesday
TX01236,4018,Loafers,91.0,2023-06-03,4.7,Credit Card,2023-06,2023,Saturday
TX01237,3986,Skirt,187.0,2023-04-24,4.1,Credit Card,2023-04,2023,Monday
TX01238,3995,Pajamas,157.0,2023-07-13,3.3,Credit Card,2023-07,2023,Thursday
TX01239,4006,Pajamas,93.0,2023-06-22,1.8,Cash,2023-06,2023,Thursday
TX01240,3964,Jeans,110.0,2023-05-27,2.3,Cash,2023-05,2023,Saturday
TX01241,4019,Shorts,154.0,2023-09-30,4.9,Cash,2023-09,2023,Saturday
TX01242,4075,Tunic,56.0,2023-05-20,4.3,Cash,2023-05,2023,Saturday
TX01243,4081,Backpack,150.0,2023-08-10,2.9,Cash,2023-08,2023,Thursday
TX01244,4068,Blouse,191.0,2023-04-10,1.4,Credit Card,2023-04,2023,Monday
TX01245,4065,Boots,84.0,2023-05-12,3.5,Credit Card,2023-05,2023,Friday
TX01246,4122,Jumpsuit,27.0,2022-10-08,,Cash,2022-10,2022,Saturday
TX01247,3966,Hoodie,114.0,2023-03-05,3.4,Credit Card,2023-03,2023,Sunday
TX01248,4008,Sneakers,45.0,2022-12-03,4.8,Cash,2022-12,2022,Saturday
TX01249,3997,Pants,71.0,2023-02-05,2.8,Cash,2023-02,2023,Sunday
TX01250,4026,Handbag,49.0,2023-02-09,4.2,Cash,2023-02,2023,Thursday
TX01251,3991,Loafers,106.0,2023-06-27,1.6,Credit Card,2023-06,2023,Tuesday
TX01252,4023,T-shirt,132.0,2022-10-27,3.5,Cash,2022-10,2022,Thursday
TX01253,4028,Skirt,146.0,2023-06-26,4.3,Credit Card,2023-06,2023,Monday
TX01254,4097,Polo Shirt,187.0,2023-02-07,1.6,Cash,2023-02,2023,Tuesday
TX01255,4002,Poncho,19.0,2023-08-09,2.3,Cash,2023-08,2023,Wednesday
TX01256,4121,Trousers,102.0,2023-02-05,3.4,Credit Card,2023-02,2023,Sunday
TX01257,3967,Romper,147.0,2022-11-19,4.3,Credit Card,2022-11,2022,Saturday
TX01258,4081,Hoodie,31.0,2023-03-18,4.8,Credit Card,2023-03,2023,Saturday
TX01259,3971,Blouse,180.0,2023-08-06,3.9,Cash,2023-08,2023,Sunday
TX01260,3978,Onesie,175.0,2023-06-29,4.2,Cash,2023-06,2023,Thursday
TX01261,4037,Tunic,154.0,2023-01-07,4.2,Credit Card,2023-01,2023,Saturday
TX01262,4111,Sunglasses,183.0,2023-08-04,4.3,Cash,2023-08,2023,Friday
TX01263,4033,Bowtie,94.0,2022-11-14,,Cash,2022-11,2022,Monday
TX01264,3973,Coat,120.0,2022-12-20,1.6,Credit Card,2022-12,2022,Tuesday
TX01265,3980,Onesie,142.0,2022-10-07,,Credit Card,2022-10,2022,Friday
TX01266,4058,Pants,186.0,2022-10-17,4.6,Cash,2022-10,2022,Monday
TX01267,3992,Boots,124.0,2022-10-04,3.5,Credit Card,2022-10,2022,Tuesday
TX01268,4017,Sweater,128.0,2022-11-05,3.4,Credit Card,2022-11,2022,Saturday
TX01269,3985,Polo Shirt,160.0,2023-02-27,1.4,Credit Card,2023-02,2023,Monday
TX01270,4103,Tank Top,48.0,2023-03-03,2.1,Cash,2023-03,2023,Friday
TX01271,4085,Sneakers,16.0,2022-10-27,2.8,Credit Card,2022-10,2022,Thursday
TX01272,3987,Handbag,85.0,2023-09-01,1.5,Credit Card,2023-09,2023,Friday
TX01273,4090,Polo Shirt,31.0,2023-09-04,1.5,Credit Card,2023-09,2023,Monday
TX01274,4091,Jeans,46.0,2023-05-28,2.3,Cash,2023-05,2023,Sunday
TX01275,4021,Dress,97.0,2023-04-24,3.2,Cash,2023-04,2023,Monday
TX01276,4084,Skirt,62.0,2022-12-16,3.6,Cash,2022-12,2022,Friday
TX01277,3980,Polo Shirt,99.0,2023-08-13,2.3,Credit Card,2023-08,2023,Sunday
TX01278,4017,Cardigan,122.0,2022-11-05,1.1,Cash,2022-11,2022,Saturday
TX01279,4110,Skirt,125.0,2023-03-07,3.3,Cash,2023-03,2023,Tuesday
TX01280,3988,Trench Coat,86.0,2023-08-31,4.5,Credit Card,2023-08,2023,Thursday
TX01281,4041,Pants,15.0,2023-01-26,1.5,Credit Card,2023-01,2023,Thursday
TX01282,4106,T-shirt,175.0,2022-10-19,,Credit Card,2022-10,2022,Wednesday
TX01283,4017,Jeans,199.0,2023-07-17,3.1,Credit Card,2023-07,2023,Monday
TX01284,4065,Gloves,54.0,2022-11-07,1.9,Credit Card,2022-11,2022,Monday
TX01285,4012,Belt,94.0,2023-01-21,4.9,Credit Card,2023-01,2023,Saturday
TX01286,3993,Pajamas,128.0,2023-03-04,2.7,Credit Card,2023-03,2023,Saturday
TX01287,3984,Pants,113.0,2022-12-01,3.0,Credit Card,2022-12,2022,Thursday
TX01288,4001,Raincoat,57.0,2022-10-10,3.1,Cash,2022-10,2022,Monday
TX01289,4011,Backpack,120.0,2023-01-14,2.6,Cash,2023-01,2023,Saturday
TX01290,4027,Cardigan,198.0,2023-06-23,4.3,Credit Card,2023-06,2023,Friday
TX01291,4069,Gloves,60.0,2023-07-23,2.8,Credit Card,2023-07,2023,Sunday
TX01292,4061,Umbrella,119.0,2023-06-12,4.6,Credit Card,2023-06,2023,Monday
TX01293,4022,Pajamas,190.0,2023-03-15,2.0,Credit Card,2023-03,2023,Wednesday
TX01294,4107,Umbrella,81.0,2022-12-18,3.2,Credit Card,2022-12,2022,Sunday
TX01295,3971,Romper,26.0,2023-08-23,,Credit Card,2023-08,2023,Wednesday
TX01296,4082,Shorts,147.0,2023-07-07,1.9,Credit Card,2023-07,2023,Friday
TX01297,4052,Coat,127.0,2022-12-08,1.9,Cash,2022-12,2022,Thursday
TX01298,4038,Gloves,135.0,2023-07-31,2.3,Cash,2023-07,2023,Monday
TX01299,4096,Skirt,173.0,2023-08-11,3.7,Cash,2023-08,2023,Friday
TX01300,4065,Cardigan,109.0,2023-07-05,,Credit Card,2023-07,2023,Wednesday
TX01301,4078,Raincoat,160.0,2023-05-12,3.0,Credit Card,2023-05,2023,Friday
TX01302,4028,Flip-Flops,127.0,2023-03-18,1.2,Cash,2023-03,2023,Saturday
TX01303,3994,Trousers,182.0,2023-09-10,1.8,Cash,2023-09,2023,Sunday
TX01304,4049,Shorts,86.0,2023-04-16,1.0,Credit Card,2023-04,2023,Sunday
TX01305,4078,Swimsuit,161.0,2023-03-03,3.3,Cash,2023-03,2023,Friday
TX01306,4122,Pants,56.0,2022-12-10,2.1,Cash,2022-12,2022,Saturday
TX01307,4112,Hat,46.0,2023-03-02,3.0,Cash,2023-03,2023,Thursday
TX01308,3965,Belt,117.0,2022-10-07,1.8,Credit Card,2022-10,2022,Friday
TX01309,3970,Flannel Shirt,157.0,2023-03-19,2.3,Credit Card,2023-03,2023,Sunday
TX01310,4018,Trousers,57.0,2023-08-15,2.0,Credit Card,2023-08,2023,Tuesday
TX01311,4021,Loafers,147.0,2023-09-30,2.1,Cash,2023-09,2023,Saturday
TX01312,4098,Hat,175.0,2023-08-30,,Cash,2023-08,2023,Wednesday
TX01313,4055,Umbrella,54.0,2022-12-18,3.6,Credit Card,2022-12,2022,Sunday
TX01314,4036,Belt,135.0,2022-10-30,2.6,Credit Card,2022-10,2022,Sunday
TX01315,4120,Pants,57.0,2023-06-24,1.2,Credit Card,2023-06,2023,Saturday
TX01316,4049,Wallet,125.0,2023-01-03,4.0,Credit Card,2023-01,2023,Tuesday
TX01317,3988,Umbrella,101.0,2023-01-29,1.8,Credit Card,2023-01,2023,Sunday
TX01318,4093,Blazer,134.0,2023-03-23,4.0,Cash,2023-03,2023,Thursday
TX01319,4070,Cardigan,153.0,2022-10-17,4.3,Credit Card,2022-10,2022,Monday
TX01320,4056,Raincoat,136.0,2023-07-20,1.2,Credit Card,2023-07,2023,Thursday
TX01321,3959,Skirt,135.0,2023-06-07,3.3,Credit Card,2023-06,2023,Wednesday
TX01322,4057,Sneakers,123.0,2023-05-08,2.0,Credit Card,2023-05,2023,Monday
TX01323,4022,Kimono,31.0,2023-05-09,2.2,Cash,2023-05,2023,Tuesday
TX01324,4034,Wallet,66.0,2023-08-09,1.7,Credit Card,2023-08,2023,Wednesday
TX01325,3980,Swimsuit,80.0,2022-11-23,3.0,Credit Card,2022-11,2022,Wednesday
TX01326,4017,Sandals,83.0,2023-08-16,3.9,Credit Card,2023-08,2023,Wednesday
TX01327,4010,Jacket,200.0,2023-07-15,4.7,Cash,2023-07,2023,Saturday
TX01328,3998,T-shirt,136.0,2023-08-15,3.4,Credit Card,2023-08,2023,Tuesday
TX01329,4069,Pants,38.0,2023-04-25,3.7,Credit Card,2023-04,2023,Tuesday
TX01330,4118,Jumpsuit,78.0,2022-12-05,1.3,Credit Card,2022-12,2022,Monday
TX01331,4038,Backpack,103.0,2023-07-20,1.0,Cash,2023-07,2023,Thursday
TX01332,4121,Pants,20.0,2023-07-08,,Credit Card,2023-07,2023,Saturday
TX01333,4061,Leggings,122.0,2022-10-19,,Credit Card,2022-10,2022,Wednesday
TX01334,3965,Pants,118.0,2023-08-30,,Credit Card,2023-08,2023,Wednesday
TX01335,3977,Bowtie,73.0,2023-04-25,3.9,Credit Card,2023-04,2023,Tuesday
TX01336,4082,Camisole,18.0,2023-07-02,1.4,Cash,2023-07,2023,Sunday
TX01337,4077,Onesie,99.0,2022-12-08,3.6,Credit Card,2022-12,2022,Thursday
TX01338,4062,Jacket,32.0,2022-10-04,4.0,Cash,2022-10,2022,Tuesday
TX01339,4042,Shorts,40.0,2022-11-14,2.1,Cash,2022-11,2022,Monday
TX01340,4065,Sunglasses,70.0,2023-06-01,2.2,Cash,2023-06,2023,Thursday
TX01341,3982,Belt,198.0,2023-09-04,,Cash,2023-09,2023,Monday
TX01342,3998,Camisole,99.0,2023-04-06,1.6,Credit Card,2023-04,2023,Thursday
TX01343,4023,Sneakers,166.0,2023-02-04,4.7,Cash,2023-02,2023,Saturday
TX01344,4086,Pants,52.0,2023-08-19,4.7,Cash,2023-08,2023,Saturday
TX01345,3973,Hoodie,62.0,2022-10-03,3.5,Cash,2022-10,2022,Monday
TX01346,4047,Leggings,25.0,2023-05-19,4.2,Cash,2023-05,2023,Friday
TX01347,4064,Blouse,146.0,2023-08-13,4.7,Cash,2023-08,2023,Sunday
TX01348,4111,Hat,147.0,2023-04-29,1.5,Credit Card,2023-04,2023,Saturday
TX01349,4040,Pajamas,84.0,2022-11-22,3.8,Cash,2022-11,2022,Tuesday
TX01350,4073,Raincoat,78.0,2023-06-28,1.1,Credit Card,2023-06,2023,Wednesday
TX01351,3964,Leggings,141.0,2023-05-10,1.3,Cash,2023-05,2023,Wednesday
TX01352,3970,Kimono,183.0,2023-07-21,1.9,Cash,2023-07,2023,Friday
TX01353,4121,Belt,44.0,2023-03-21,2.5,Credit Card,2023-03,2023,Tuesday
TX01354,4121,Onesie,115.0,2023-06-04,,Cash,2023-06,2023,Sunday
TX01355,4004,Tank Top,80.0,2022-12-19,2.9,Credit Card,2022-12,2022,Monday
TX01356,4118,Tie,42.0,2023-08-31,1.1,Cash,2023-08,2023,Thursday
TX01357,4070,Loafers,43.0,2023-08-26,3.6,Credit Card,2023-08,2023,Saturday
TX01358,4121,Handbag,192.0,2023-02-27,4.5,Cash,2023-02,2023,Monday
TX01359,3991,Trousers,73.0,2022-10-05,3.9,Credit Card,2022-10,2022,Wednesday
TX01360,3957,Blouse,183.0,2023-03-09,2.1,Credit Card,2023-03,2023,Thursday
TX01361,4059,Backpack,46.0,2023-02-05,4.9,Credit Card,2023-02,2023,Sunday
TX01362,4008,Boots,78.0,2023-03-08,3.8,Cash,2023-03,2023,Wednesday
TX01363,4117,Pajamas,106.0,2023-06-10,5.0,Credit Card,2023-06,2023,Saturday
TX01364,4035,Tie,172.0,2023-02-10,,Cash,2023-02,2023,Friday
TX01365,4037,Sun Hat,33.0,2022-12-02,4.4,Cash,2022-12,2022,Friday
TX01366,4104,Kimono,81.0,2023-09-30,3.8,Cash,2023-09,2023,Saturday
TX01367,3978,Polo Shirt,104.0,2022-12-24,3.9,Cash,2022-12,2022,Saturday
TX01368,3985,Polo Shirt,134.0,2023-03-13,2.1,Cash,2023-03,2023,Monday
TX01369,3997,Kimono,10.0,2023-01-25,,Credit Card,2023-01,2023,Wednesday
TX01370,4020,Polo Shirt,197.0,2022-11-08,4.3,Credit Card,2022-11,2022,Tuesday
TX01371,3990,Gloves,172.0,2023-01-09,3.9,Credit Card,2023-01,2023,Monday
TX01372,4109,Pajamas,101.0,2023-06-05,2.3,Credit Card,2023-06,2023,Monday
TX01373,4062,Hoodie,146.0,2023-09-05,2.6,Cash,2023-09,2023,Tuesday
TX01374,4038,Slippers,119.0,2023-08-14,2.5,Credit Card,2023-08,2023,Monday
TX01375,4072,Romper,136.0,2023-03-12,4.1,Credit Card,2023-03,2023,Sunday
TX01376,4079,Tie,82.0,2023-04-27,3.7,Credit Card,2023-04,2023,Thursday
TX01377,3991,Flannel Shirt,157.0,2022-11-20,3.7,Credit Card,2022-11,2022,Sunday
TX01378,4001,Jumpsuit,97.0,2022-10-28,,Credit Card,2022-10,2022,Friday
TX01379,4108,Tank Top,22.0,2023-06-13,1.6,Credit Card,2023-06,2023,Tuesday
TX01380,4029,Gloves,127.0,2023-06-12,3.2,Cash,2023-06,2023,Monday
TX01381,3978,Hoodie,50.0,2023-08-26,4.7,Credit Card,2023-08,2023,Saturday
TX01382,4063,Boots,10.0,2022-12-27,1.6,Cash,2022-12,2022,Tuesday
TX01383,4051,Swimsuit,119.0,2022-11-08,3.5,Cash,2022-11,2022,Tuesday
TX01384,4003,T-shirt,186.0,2023-06-13,4.4,Credit Card,2023-06,2023,Tuesday
TX01385,4057,Scarf,176.0,2023-03-30,4.9,Credit Card,2023-03,2023,Thursday
TX01386,4053,Jeans,80.0,2022-11-02,4.3,Cash,2022-11,2022,Wednesday
TX01387,4014,Sun Hat,31.0,2023-05-04,5.0,Cash,2023-05,2023,Thursday
TX01388,3962,Onesie,176.0,2022-11-15,3.1,Cash,2022-11,2022,Tuesday
TX01389,4099,Shorts,88.0,2023-09-06,4.8,Credit Card,2023-09,2023,Wednesday
TX01390,4122,Sweater,69.0,2023-01-01,3.7,Credit Card,2023-01,2023,Sunday
TX01391,4113,Raincoat,33.0,2022-10-25,3.0,Cash,2022-10,2022,Tuesday
TX01392,4117,Swimsuit,10.0,2022-12-16,4.3,Credit Card,2022-12,2022,Friday
TX01393,4015,Jumpsuit,29.0,2023-09-22,4.7,Cash,2023-09,2023,Friday
TX01394,4075,Cardigan,184.0,2023-08-16,2.4,Credit Card,2023-08,2023,Wednesday
TX01395,4007,Overalls,12.0,2023-07-27,4.0,Cash,2023-07,2023,Thursday
TX01396,4024,Pants,40.0,2023-08-03,3.6,Credit Card,2023-08,2023,Thursday
TX01397,4000,Sun Hat,118.0,2022-11-07,4.3,Cash,2022-11,2022,Monday
TX01398,3969,Tie,132.0,2023-07-31,1.8,Credit Card,2023-07,2023,Monday
TX01399,4115,Scarf,197.0,2023-06-23,3.0,Credit Card,2023-06,2023,Friday
TX01400,4066,Gloves,36.0,2023-06-06,1.6,Credit Card,2023-06,2023,Tuesday
TX01401,4110,Sweater,86.0,2023-01-09,,Cash,2023-01,2023,Monday
TX01402,3995,Blouse,44.0,2023-05-25,4.3,Cash,2023-05,2023,Thursday
TX01403,3979,Shorts,183.0,2022-10-22,1.4,Credit Card,2022-10,2022,Saturday
TX01404,4000,Romper,12.0,2023-03-03,,Cash,2023-03,2023,Friday
TX01405,4102,Pants,52.0,2023-01-04,1.7,Credit Card,2023-01,2023,Wednesday
TX01406,3987,Pajamas,194.0,2023-03-01,1.3,Credit Card,2023-03,2023,Wednesday
TX01407,3960,Camisole,48.0,2023-03-09,4.8,Credit Card,2023-03,2023,Thursday
TX01408,4091,Jeans,167.0,2023-02-19,2.4,Cash,2023-02,2023,Sunday
TX01409,4068,Tank Top,65.0,2023-05-19,3.8,Cash,2023-05,2023,Friday
TX01410,3987,Sweater,160.0,2023-08-09,2.9,Credit Card,2023-08,2023,Wednesday
TX01411,4014,Tank Top,99.0,2022-10-02,1.2,Cash,2022-10,2022,Sunday
TX01412,4009,Skirt,90.0,2023-02-17,1.1,Credit Card,2023-02,2023,Friday
TX01413,4005,Wallet,73.0,2023-06-11,1.1,Cash,2023-06,2023,Sunday
TX01414,4025,Slippers,31.0,2023-05-10,4.4,Cash,2023-05,2023,Wednesday
TX01415,4030,Jacket,163.0,2022-10-15,3.2,Cash,2022-10,2022,Saturday
TX01416,4083,Onesie,165.0,2023-05-17,,Cash,2023-05,2023,Wednesday
TX01417,4054,Loafers,186.0,2023-07-02,3.5,Credit Card,2023-07,2023,Sunday
TX01418,4067,Jeans,87.0,2022-12-06,1.1,Credit Card,2022-12,2022,Tuesday
TX01419,4009,Pants,165.0,2023-01-25,,Credit Card,2023-01,2023,Wednesday
TX01420,4110,Swimsuit,110.0,2023-03-12,4.6,Credit Card,2023-03,2023,Sunday
TX01421,4012,Pants,23.0,2022-11-04,3.2,Cash,2022-11,2022,Friday
TX01422,4029,Hoodie,71.0,2022-10-04,,Cash,2022-10,2022,Tuesday
TX01423,4005,Boots,38.0,2023-09-21,3.9,Cash,2023-09,2023,Thursday
TX01424,4064,Jacket,173.0,2023-05-30,2.8,Cash,2023-05,2023,Tuesday
TX01425,4003,T-shirt,145.0,2023-05-01,2.0,Credit Card,2023-05,2023,Monday
TX01426,4061,Sunglasses,13.0,2023-03-15,1.1,Cash,2023-03,2023,Wednesday
TX01427,3994,Tie,91.0,2022-11-10,4.1,Cash,2022-11,2022,Thursday
TX01428,4031,Tunic,155.0,2022-11-07,1.0,Credit Card,2022-11,2022,Monday
TX01429,4024,Hat,149.0,2023-05-31,4.5,Cash,2023-05,2023,Wednesday
TX01430,4017,Onesie,130.0,2023-08-20,4.7,Cash,2023-08,2023,Sunday
TX01431,4115,Poncho,28.0,2022-10-19,3.0,Credit Card,2022-10,2022,Wednesday
TX01432,4051,Flannel Shirt,20.0,2023-04-02,1.2,Cash,2023-04,2023,Sunday
TX01433,4106,Tank Top,111.0,2022-11-16,3.8,Cash,2022-11,2022,Wednesday
TX01434,4122,Blazer,170.0,2023-06-06,4.6,Cash,2023-06,2023,Tuesday
TX01435,4074,Onesie,116.0,2023-09-22,1.7,Credit Card,2023-09,2023,Friday
TX01436,3978,Tie,112.0,2023-02-01,2.3,Cash,2023-02,2023,Wednesday
TX01437,4077,Trousers,167.0,2022-12-26,1.8,Cash,2022-12,2022,Monday
TX01438,4011,T-shirt,49.0,2022-11-11,,Cash,2022-11,2022,Friday
TX01439,4055,Cardigan,110.0,2023-02-16,2.4,Cash,2023-02,2023,Thursday
TX01440,4065,Shorts,176.0,2023-03-31,4.4,Credit Card,2023-03,2023,Friday
TX01441,4109,Pants,26.0,2023-04-16,2.8,Credit Card,2023-04,2023,Sunday
TX01442,4022,Sweater,121.0,2023-01-08,4.6,Cash,2023-01,2023,Sunday
TX01443,3975,Backpack,71.0,2023-02-09,1.6,Cash,2023-02,2023,Thursday
TX01444,3972,Tunic,126.0,2022-11-08,3.8,Credit Card,2022-11,2022,Tuesday
TX01445,3970,Hat,24.0,2023-07-14,,Cash,2023-07,2023,Friday
TX01446,4042,Trench Coat,199.0,2023-04-01,3.8,Cash,2023-04,2023,Saturday
TX01447,4017,Coat,54.0,2023-06-19,1.4,Cash,2023-06,2023,Monday
TX01448,4047,Vest,189.0,2023-03-27,2.7,Credit Card,2023-03,2023,Monday
TX01449,4110,Umbrella,98.0,2023-07-07,4.8,Cash,2023-07,2023,Friday
TX01450,3968,Overalls,194.0,2022-11-11,2.6,Credit Card,2022-11,2022,Friday
TX01451,3958,Sun Hat,105.0,2022-11-19,4.6,Credit Card,2022-11,2022,Saturday
TX01452,4086,Sandals,78.0,2023-05-21,3.3,Credit Card,2023-05,2023,Sunday
TX01453,4115,Sunglasses,40.0,2023-02-12,2.8,Cash,2023-02,2023,Sunday
TX01454,4054,Trench Coat,17.0,2023-02-17,2.5,Cash,2023-02,2023,Friday
TX01455,4034,Blazer,119.0,2023-08-15,1.3,Credit Card,2023-08,2023,Tuesday
TX01456,4058,Romper,26.0,2023-04-20,1.7,Credit Card,2023-04,2023,Thursday
TX01457,4051,Gloves,157.0,2023-09-09,3.2,Credit Card,2023-09,2023,Saturday
TX01458,3990,Belt,137.0,2023-04-07,1.6,Credit Card,2023-04,2023,Friday
TX01459,4100,Coat,102.0,2023-02-06,3.8,Cash,2023-02,2023,Monday
TX01460,4105,Hoodie,52.0,2023-09-08,,Credit Card,2023-09,2023,Friday
TX01461,4002,Flannel Shirt,75.0,2022-11-30,1.5,Cash,2022-11,2022,Wednesday
TX01462,4023,Pajamas,156.0,2023-04-23,3.3,Credit Card,2023-04,2023,Sunday
TX01463,4000,Blouse,39.0,2022-10-26,,Credit Card,2022-10,2022,Wednesday
TX01464,4085,Poncho,140.0,2023-08-29,1.5,Cash,2023-08,2023,Tuesday
TX01465,4043,Vest,13.0,2023-06-01,1.8,Credit Card,2023-06,2023,Thursday
TX01466,4076,Flip-Flops,130.0,2022-10-03,2.9,Credit Card,2022-10,2022,Monday
TX01467,3990,Sweater,48.0,2022-10-27,,Credit Card,2022-10,2022,Thursday
TX01468,4038,Vest,19.0,2022-10-07,4.2,Cash,2022-10,2022,Friday
TX01469,4092,Hat,192.0,2023-07-29,1.5,Cash,2023-07,2023,Saturday
TX01470,4067,Poncho,117.0,2023-02-04,4.4,Credit Card,2023-02,2023,Saturday
TX01471,3993,Sun Hat,73.0,2022-10-08,,Cash,2022-10,2022,Saturday
TX01472,4023,Loafers,194.0,2023-03-10,4.9,Credit Card,2023-03,2023,Friday
TX01473,3986,Jacket,29.0,2023-03-14,2.0,Cash,2023-03,2023,Tuesday
TX01474,4037,Tank Top,40.0,2023-03-10,4.4,Credit Card,2023-03,2023,Friday
TX01475,3968,Overalls,23.0,2022-12-01,1.9,Cash,2022-12,2022,Thursday
TX01476,4084,Leggings,21.0,2023-02-20,4.5,Cash,2023-02,2023,Monday
TX01477,4028,Backpack,27.0,2022-10-11,1.1,Credit Card,2022-10,2022,Tuesday
TX01478,4049,Backpack,82.0,2023-02-06,4.7,Credit Card,2023-02,2023,Monday
TX01479,4067,Vest,89.0,2023-08-07,3.4,Cash,2023-08,2023,Monday
TX01480,4029,Pajamas,151.0,2023-10-01,4.0,Cash,2023-10,2023,Sunday
TX01481,4024,Coat,104.0,2023-07-08,3.5,Credit Card,2023-07,2023,Saturday
TX01482,4113,Sweater,154.0,2022-12-17,4.6,Cash,2022-12,2022,Saturday
TX01483,4024,Swimsuit,199.0,2023-01-01,4.0,Cash,2023-01,2023,Sunday
TX01484,4089,Backpack,128.0,2022-11-12,3.4,Credit Card,2022-11,2022,Saturday
TX01485,4037,Belt,136.0,2023-07-05,4.1,Cash,2023-07,2023,Wednesday
TX01486,4068,Socks,60.0,2022-10-14,1.1,Credit Card,2022-10,2022,Friday
TX01487,3999,Sneakers,149.0,2023-09-15,,Credit Card,2023-09,2023,Friday
TX01488,4037,Skirt,72.0,2023-01-17,,Credit Card,2023-01,2023,Tuesday
TX01489,3995,Jacket,16.0,2023-04-15,2.5,Credit Card,2023-04,2023,Saturday
TX01490,4099,Swimsuit,98.0,2023-04-21,2.9,Credit Card,2023-04,2023,Friday
TX01491,4119,Loafers,187.0,2022-12-23,4.7,Credit Card,2022-12,2022,Friday
TX01492,4069,Jumpsuit,95.0,2022-10-22,3.1,Cash,2022-10,2022,Saturday
TX01493,4005,Jeans,198.0,2023-06-22,3.0,Credit Card,2023-06,2023,Thursday
TX01494,3995,Boots,36.0,2023-04-10,4.5,Credit Card,2023-04,2023,Monday
TX01495,3970,Cardigan,70.0,2023-07-07,3.8,Credit Card,2023-07,2023,Friday
TX01496,4015,Coat,25.0,2023-07-12,3.4,Credit Card,2023-07,2023,Wednesday
TX01497,4003,Polo Shirt,46.0,2023-04-24,3.3,Credit Card,2023-04,2023,Monday
TX01498,3966,Skirt,33.0,2023-09-17,1.4,Credit Card,2023-09,2023,Sunday
TX01499,4023,Scarf,143.0,2023-08-19,3.5,Credit Card,2023-08,2023,Saturday
TX01500,3998,Loafers,105.0,2023-09-22,2.1,Cash,2023-09,2023,Friday
TX01501,4076,T-shirt,31.0,2022-10-12,2.2,Cash,2022-10,2022,Wednesday
TX01502,4068,Tunic,139.0,2023-09-04,2.3,Credit Card,2023-09,2023,Monday
TX01503,4083,Socks,29.0,2023-07-02,2.4,Credit Card,2023-07,2023,Sunday
TX01504,3967,Sun Hat,25.0,2023-07-05,4.3,Cash,2023-07,2023,Wednesday
TX01505,4070,Socks,43.0,2022-10-08,2.6,Cash,2022-10,2022,Saturday
TX01506,4048,Handbag,76.0,2022-12-18,2.7,Cash,2022-12,2022,Sunday
TX01507,4100,Dress,110.0,2023-04-20,4.1,Cash,2023-04,2023,Thursday
TX01508,4081,Boots,198.0,2023-03-15,1.6,Cash,2023-03,2023,Wednesday
TX01509,4074,Sneakers,125.0,2022-12-21,2.2,Credit Card,2022-12,2022,Wednesday
TX01510,4083,Hoodie,29.0,2023-08-09,2.4,Credit Card,2023-08,2023,Wednesday
TX01511,3985,Sunglasses,44.0,2023-09-24,2.3,Credit Card,2023-09,2023,Sunday
TX01512,3994,Sunglasses,159.0,2023-03-24,3.3,Cash,2023-03,2023,Friday
TX01513,3980,Onesie,90.0,2023-02-23,4.2,Cash,2023-02,2023,Thursday
TX01514,4009,Dress,147.0,2023-09-21,1.7,Cash,2023-09,2023,Thursday
TX01515,4029,Sweater,63.0,2023-05-13,3.0,Cash,2023-05,2023,Saturday
TX01516,4003,Leggings,128.0,2023-09-30,2.9,Credit Card,2023-09,2023,Saturday
TX01517,4000,Hoodie,40.0,2023-08-05,3.3,Credit Card,2023-08,2023,Saturday
TX01518,4026,T-shirt,87.0,2023-01-14,2.0,Cash,2023-01,2023,Saturday
TX01519,4101,Raincoat,188.0,2023-01-31,4.3,Credit Card,2023-01,2023,Tuesday
TX01520,4106,Tunic,65.0,2023-03-26,1.0,Cash,2023-03,2023,Sunday
TX01521,4011,Cardigan,93.0,2023-05-03,4.7,Cash,2023-05,2023,Wednesday
TX01522,3958,Trench Coat,101.0,2023-01-12,3.3,Credit Card,2023-01,2023,Thursday
TX01523,4091,Socks,22.0,2022-10-30,3.3,Cash,2022-10,2022,Sunday
TX01524,4103,Leggings,76.0,2023-01-07,1.2,Cash,2023-01,2023,Saturday
TX01525,4003,Tunic,54.0,2023-08-07,4.9,Cash,2023-08,2023,Monday
TX01526,3976,Camisole,125.0,2023-03-04,1.5,Cash,2023-03,2023,Saturday
TX01527,4020,Raincoat,150.0,2023-02-13,2.4,Cash,2023-02,2023,Monday
TX01528,4084,Blouse,128.0,2022-10-12,1.2,Cash,2022-10,2022,Wednesday
TX01529,4041,Umbrella,41.0,2023-06-18,2.1,Cash,2023-06,2023,Sunday
TX01530,4029,Trousers,66.0,2023-05-11,1.8,Credit Card,2023-05,2023,Thursday
TX01531,4057,Poncho,105.0,2022-10-23,,Credit Card,2022-10,2022,Sunday
TX01532,4052,Trench Coat,175.0,2023-06-17,3.5,Credit Card,2023-06,2023,Saturday
TX01533,3984,Trench Coat,29.0,2023-07-14,3.5,Cash,2023-07,2023,Friday
TX01534,3964,Jeans,123.0,2023-08-03,3.2,Credit Card,2023-08,2023,Thursday
TX01535,3977,Slippers,33.0,2022-12-27,1.9,Credit Card,2022-12,2022,Tuesday
TX01536,4074,Pajamas,94.0,2022-10-23,4.3,Credit Card,2022-10,2022,Sunday
TX01537,4073,Slippers,22.0,2022-12-01,1.4,Cash,2022-12,2022,Thursday
TX01538,4025,Cardigan,195.0,2023-09-25,2.9,Credit Card,2023-09,2023,Monday
TX01539,4109,Coat,17.0,2023-08-12,,Cash,2023-08,2023,Saturday
TX01540,3958,Pants,119.0,2022-11-18,1.9,Credit Card,2022-11,2022,Friday
TX01541,3968,Overalls,57.0,2023-09-21,1.9,Credit Card,2023-09,2023,Thursday
TX01542,4116,Hoodie,124.0,2023-08-20,2.0,Credit Card,2023-08,2023,Sunday
TX01543,4072,Handbag,18.0,2023-02-23,3.3,Cash,2023-02,2023,Thursday
TX01544,4040,Hoodie,167.0,2023-01-23,2.5,Cash,2023-01,2023,Monday
TX01545,4102,Romper,85.0,2022-11-11,1.4,Credit Card,2022-11,2022,Friday
TX01546,3990,Gloves,150.0,2022-11-18,,Credit Card,2022-11,2022,Friday
TX01547,4011,Scarf,32.0,2023-01-12,2.8,Cash,2023-01,2023,Thursday
TX01548,3969,Umbrella,45.0,2023-09-15,2.5,Cash,2023-09,2023,Friday
TX01549,4121,Backpack,174.0,2022-12-15,2.5,Credit Card,2022-12,2022,Thursday
TX01550,4029,Pants,144.0,2023-04-19,2.1,Cash,2023-04,2023,Wednesday
TX01551,4039,Jumpsuit,149.0,2023-04-13,3.0,Cash,2023-04,2023,Thursday
TX01552,3971,Romper,107.0,2022-11-22,3.1,Credit Card,2022-11,2022,Tuesday
TX01553,3975,Coat,101.0,2022-11-20,3.0,Credit Card,2022-11,2022,Sunday
TX01554,4097,Trench Coat,134.0,2023-03-22,4.4,Credit Card,2023-03,2023,Wednesday
TX01555,4111,Flannel Shirt,154.0,2023-07-04,2.5,Credit Card,2023-07,2023,Tuesday
TX01556,4054,Camisole,109.0,2023-02-20,3.4,Credit Card,2023-02,2023,Monday
TX01557,3980,Loafers,16.0,2023-07-12,2.5,Credit Card,2023-07,2023,Wednesday
TX01558,4059,Backpack,66.0,2023-03-24,1.8,Credit Card,2023-03,2023,Friday
TX01559,4002,Jumpsuit,81.0,2022-10-26,2.2,Cash,2022-10,2022,Wednesday
TX01560,4059,Bowtie,145.0,2022-12-24,1.1,Credit Card,2022-12,2022,Saturday
TX01561,3979,Blouse,159.0,2023-04-24,2.0,Credit Card,2023-04,2023,Monday
TX01562,3962,Trousers,50.0,2023-02-02,2.8,Credit Card,2023-02,2023,Thursday
TX01563,3998,Swimsuit,78.0,2023-09-03,2.5,Credit Card,2023-09,2023,Sunday
TX01564,4056,Flip-Flops,198.0,2022-12-02,3.9,Cash,2022-12,2022,Friday
TX01565,4029,Dress,66.0,2023-08-02,1.9,Credit Card,2023-08,2023,Wednesday
TX01566,4122,Romper,109.0,2023-09-02,5.0,Cash,2023-09,2023,Saturday
TX01567,3996,Jumpsuit,54.0,2023-04-26,1.7,Credit Card,2023-04,2023,Wednesday
TX01568,4033,Pajamas,198.0,2023-03-02,4.2,Credit Card,2023-03,2023,Thursday
TX01569,4082,Boots,161.0,2023-05-22,4.9,Credit Card,2023-05,2023,Monday
TX01570,4036,Flip-Flops,155.0,2023-09-11,,Cash,2023-09,2023,Monday
TX01571,4111,Loafers,154.0,2022-12-22,1.4,Credit Card,2022-12,2022,Thursday
TX01572,3990,Jacket,136.0,2022-12-16,1.2,Cash,2022-12,2022,Friday
TX01573,4048,Pants,54.0,2022-10-11,,Credit Card,2022-10,2022,Tuesday
TX01574,3981,Sunglasses,33.0,2023-03-11,2.8,Cash,2023-03,2023,Saturday
TX01575,4088,Kimono,15.0,2023-08-05,4.7,Credit Card,2023-08,2023,Saturday
TX01576,4008,Skirt,10.0,2023-05-30,2.2,Credit Card,2023-05,2023,Tuesday
TX01577,4082,T-shirt,167.0,2023-09-14,1.9,Cash,2023-09,2023,Thursday
TX01578,4071,Pants,43.0,2022-10-05,,Credit Card,2022-10,2022,Wednesday
TX01579,4056,Jumpsuit,55.0,2023-06-02,,Cash,2023-06,2023,Friday
TX01580,4078,Blazer,92.0,2023-06-03,4.1,Credit Card,2023-06,2023,Saturday
TX01581,4110,Kimono,46.0,2023-10-01,4.6,Cash,2023-10,2023,Sunday
TX01582,4065,Skirt,144.0,2023-02-21,4.2,Cash,2023-02,2023,Tuesday
TX01583,3980,Overalls,28.0,2023-03-02,3.9,Cash,2023-03,2023,Thursday
TX01584,4065,Leggings,179.0,2023-06-04,,Credit Card,2023-06,2023,Sunday
TX01585,4051,Coat,35.0,2023-09-24,4.3,Cash,2023-09,2023,Sunday
TX01586,4114,Cardigan,92.0,2022-10-31,1.5,Cash,2022-10,2022,Monday
TX01587,4118,Sneakers,173.0,2023-09-14,2.0,Credit Card,2023-09,2023,Thursday
TX01588,4066,Sunglasses,176.0,2022-12-11,,Credit Card,2022-12,2022,Sunday
TX01589,3980,Swimsuit,191.0,2023-08-25,4.1,Cash,2023-08,2023,Friday
TX01590,3967,Raincoat,187.0,2023-01-10,1.1,Credit Card,2023-01,2023,Tuesday
TX01591,4088,Hoodie,167.0,2022-11-11,1.2,Credit Card,2022-11,2022,Friday
TX01592,4044,Jacket,67.0,2023-05-17,1.2,Cash,2023-05,2023,Wednesday
TX01593,4075,Hat,54.0,2022-11-03,1.5,Cash,2022-11,2022,Thursday
TX01594,4014,Romper,197.0,2023-02-27,4.3,Credit Card,2023-02,2023,Monday
TX01595,4122,Jumpsuit,42.0,2023-04-19,2.1,Cash,2023-04,2023,Wednesday
TX01596,4091,Onesie,156.0,2023-07-22,4.0,Credit Card,2023-07,2023,Saturday
TX01597,4118,Sandals,155.0,2023-03-24,,Cash,2023-03,2023,Friday
TX01598,4091,Bowtie,166.0,2023-07-24,4.2,Credit Card,2023-07,2023,Monday
TX01599,3978,Backpack,154.0,2023-02-18,2.6,Credit Card,2023-02,2023,Saturday
TX01600,4076,Shorts,94.0,2023-06-07,4.8,Cash,2023-06,2023,Wednesday
TX01601,4068,Sunglasses,70.0,2023-04-18,2.4,Credit Card,2023-04,2023,Tuesday
TX01602,3977,Kimono,91.0,2023-04-28,3.9,Credit Card,2023-04,2023,Friday
TX01603,4033,Swimsuit,32.0,2023-04-28,2.6,Credit Card,2023-04,2023,Friday
TX01604,3995,Cardigan,181.0,2023-01-02,3.0,Credit Card,2023-01,2023,Monday
TX01605,3989,Vest,95.0,2023-02-06,1.8,Credit Card,2023-02,2023,Monday
TX01606,4033,Tie,77.0,2023-03-18,2.5,Credit Card,2023-03,2023,Saturday
TX01607,4020,Flip-Flops,187.0,2023-09-26,3.4,Credit Card,2023-09,2023,Tuesday
TX01608,4066,Blouse,37.0,2023-04-12,2.3,Credit Card,2023-04,2023,Wednesday
TX01609,4032,Bowtie,22.0,2022-10-03,1.1,Credit Card,2022-10,2022,Monday
TX01610,4102,Swimsuit,197.0,2023-04-06,3.6,Cash,2023-04,2023,Thursday
TX01611,3969,Trench Coat,52.0,2023-01-28,4.5,Credit Card,2023-01,2023,Saturday
TX01612,4098,Flip-Flops,136.0,2022-10-08,4.0,Cash,2022-10,2022,Saturday
TX01613,3976,Leggings,99.0,2022-12-11,2.2,Credit Card,2022-12,2022,Sunday
TX01614,3968,Swimsuit,35.0,2023-04-16,1.1,Cash,2023-04,2023,Sunday
TX01615,4088,Hoodie,157.0,2022-11-08,2.8,Cash,2022-11,2022,Tuesday
TX01616,3984,Umbrella,185.0,2023-07-02,2.9,Credit Card,2023-07,2023,Sunday
TX01617,4087,Tie,125.0,2023-03-05,4.5,Cash,2023-03,2023,Sunday
TX01618,4062,Bowtie,85.0,2022-12-07,,Cash,2022-12,2022,Wednesday
TX01619,4075,Umbrella,36.0,2023-06-07,2.2,Credit Card,2023-06,2023,Wednesday
TX01620,4047,Backpack,197.0,2022-10-05,2.7,Cash,2022-10,2022,Wednesday
TX01621,4106,Poncho,33.0,2023-04-18,2.9,Credit Card,2023-04,2023,Tuesday
TX01622,3977,Boots,167.0,2023-06-23,4.5,Credit Card,2023-06,2023,Friday
TX01623,4085,Tank Top,190.0,2023-04-25,2.4,Cash,2023-04,2023,Tuesday
TX01624,3986,T-shirt,52.0,2023-03-20,5.0,Credit Card,2023-03,2023,Monday
TX01625,4075,Pants,121.0,2022-10-28,3.8,Credit Card,2022-10,2022,Friday
TX01626,4057,Pajamas,58.0,2022-10-23,,Cash,2022-10,2022,Sunday
TX01627,3968,Coat,151.0,2023-04-22,4.2,Credit Card,2023-04,2023,Saturday
TX01628,3978,Sunglasses,196.0,2023-04-22,3.5,Cash,2023-04,2023,Saturday
TX01629,4063,Vest,179.0,2023-02-01,1.2,Credit Card,2023-02,2023,Wednesday
TX01630,4033,Jacket,70.0,2023-05-12,1.5,Cash,2023-05,2023,Friday
TX01631,4107,Pajamas,150.0,2023-04-09,1.1,Credit Card,2023-04,2023,Sunday
TX01632,4073,Overalls,49.0,2022-10-24,3.9,Cash,2022-10,2022,Monday
TX01633,4044,Overalls,170.0,2022-11-15,3.9,Credit Card,2022-11,2022,Tuesday
TX01634,4004,Overalls,61.0,2023-08-29,1.6,Credit Card,2023-08,2023,Tuesday
TX01635,4004,Polo Shirt,173.0,2023-05-09,2.6,Cash,2023-05,2023,Tuesday
TX01636,3977,Overalls,30.0,2023-02-15,,Cash,2023-02,2023,Wednesday
TX01637,4111,Skirt,39.0,2022-10-06,4.8,Cash,2022-10,2022,Thursday
TX01638,4023,Hoodie,111.0,2023-08-17,3.3,Cash,2023-08,2023,Thursday
TX01639,3984,Hat,179.0,2023-07-08,4.3,Credit Card,2023-07,2023,Saturday
TX01640,4068,Camisole,174.0,2023-07-29,3.2,Cash,2023-07,2023,Saturday
TX01641,4093,Skirt,57.0,2022-12-02,4.7,Credit Card,2022-12,2022,Friday
TX01642,3961,Vest,107.0,2022-10-07,,Credit Card,2022-10,2022,Friday
TX01643,3958,Jumpsuit,124.0,2023-01-20,,Cash,2023-01,2023,Friday
TX01644,3986,Socks,77.0,2022-10-24,1.3,Credit Card,2022-10,2022,Monday
TX01645,3960,Vest,78.0,2023-08-01,4.9,Cash,2023-08,2023,Tuesday
TX01646,4000,Trousers,48.0,2022-12-01,3.0,Credit Card,2022-12,2022,Thursday
TX01647,4079,Jacket,180.0,2022-12-25,,Cash,2022-12,2022,Sunday
TX01648,4060,Trousers,148.0,2023-01-31,4.9,Credit Card,2023-01,2023,Tuesday
TX01649,4111,Loafers,160.0,2023-08-25,4.8,Cash,2023-08,2023,Friday
TX01650,4081,Kimono,25.0,2022-10-16,3.2,Cash,2022-10,2022,Sunday
TX01651,4034,Scarf,143.0,2022-12-14,4.3,Credit Card,2022-12,2022,Wednesday
TX01652,4115,Tank Top,147.0,2023-04-06,3.7,Cash,2023-04,2023,Thursday
TX01653,4114,Poncho,131.0,2022-12-10,3.7,Cash,2022-12,2022,Saturday
TX01654,4049,Onesie,70.0,2022-10-13,3.4,Credit Card,2022-10,2022,Thursday
TX01655,4058,Shorts,30.0,2023-08-09,4.2,Credit Card,2023-08,2023,Wednesday
TX01656,4034,Sneakers,192.0,2023-02-13,2.0,Cash,2023-02,2023,Monday
TX01657,3989,Dress,142.0,2022-12-21,4.8,Cash,2022-12,2022,Wednesday
TX01658,3991,Polo Shirt,183.0,2023-09-19,4.9,Credit Card,2023-09,2023,Tuesday
TX01659,3960,Pants,47.0,2023-01-12,1.2,Cash,2023-01,2023,Thursday
TX01660,3985,Pants,54.0,2023-04-09,4.3,Cash,2023-04,2023,Sunday
TX01661,3961,Handbag,52.0,2023-07-20,4.4,Credit Card,2023-07,2023,Thursday
TX01662,4005,Scarf,59.0,2023-05-29,4.8,Cash,2023-05,2023,Monday
TX01663,4010,Sunglasses,184.0,2023-08-03,,Cash,2023-08,2023,Thursday
TX01664,4080,Dress,170.0,2023-04-07,2.5,Credit Card,2023-04,2023,Friday
TX01665,4018,Jumpsuit,91.0,2022-11-28,1.3,Cash,2022-11,2022,Monday
TX01666,4068,Pajamas,27.0,2023-07-23,2.9,Cash,2023-07,2023,Sunday
TX01667,4094,Swimsuit,151.0,2023-01-05,4.6,Cash,2023-01,2023,Thursday
TX01668,4005,Belt,80.0,2023-04-20,4.3,Cash,2023-04,2023,Thursday
TX01669,3979,Onesie,13.0,2022-10-23,2.9,Cash,2022-10,2022,Sunday
TX01670,4034,Scarf,169.0,2022-10-27,,Cash,2022-10,2022,Thursday
TX01671,4075,Sweater,117.0,2023-08-17,1.5,Cash,2023-08,2023,Thursday
TX01672,4065,Tunic,159.0,2022-10-24,2.6,Cash,2022-10,2022,Monday
TX01673,3962,Umbrella,35.0,2022-12-09,2.1,Credit Card,2022-12,2022,Friday
TX01674,3986,Belt,154.0,2023-05-27,1.7,Cash,2023-05,2023,Saturday
TX01675,3999,Sneakers,83.0,2023-03-29,2.3,Cash,2023-03,2023,Wednesday
TX01676,3996,Sandals,98.0,2023-06-11,1.3,Credit Card,2023-06,2023,Sunday
TX01677,4070,Handbag,77.0,2023-03-02,,Cash,2023-03,2023,Thursday
TX01678,4081,Hat,134.0,2023-09-05,1.0,Cash,2023-09,2023,Tuesday
TX01679,4077,Hoodie,131.0,2023-03-15,3.0,Cash,2023-03,2023,Wednesday
TX01680,4072,Jacket,46.0,2023-02-18,4.2,Cash,2023-02,2023,Saturday
TX01681,4106,Sneakers,184.0,2023-08-20,5.0,Credit Card,2023-08,2023,Sunday
TX01682,4019,Vest,19.0,2023-07-31,,Cash,2023-07,2023,Monday
TX01683,4008,Hoodie,94.0,2022-12-11,1.5,Cash,2022-12,2022,Sunday
TX01684,4032,Blazer,22.0,2022-10-24,2.5,Credit Card,2022-10,2022,Monday
TX01685,4102,Romper,78.0,2023-03-14,4.3,Cash,2023-03,2023,Tuesday
TX01686,4057,Bowtie,15.0,2023-02-25,3.3,Cash,2023-02,2023,Saturday
TX01687,3970,Tie,87.0,2023-07-14,,Cash,2023-07,2023,Friday
TX01688,4042,Flannel Shirt,135.0,2023-08-07,2.3,Credit Card,2023-08,2023,Monday
TX01689,3959,Scarf,185.0,2023-02-23,,Credit Card,2023-02,2023,Thursday
TX01690,4118,Sandals,44.0,2023-02-25,4.3,Credit Card,2023-02,2023,Saturday
TX01691,4067,Hat,200.0,2023-03-19,1.7,Cash,2023-03,2023,Sunday
TX01692,4063,Sweater,92.0,2023-01-25,5.0,Credit Card,2023-01,2023,Wednesday
TX01693,4083,Hoodie,116.0,2023-06-22,3.4,Credit Card,2023-06,2023,Thursday
TX01694,4105,Belt,32.0,2022-11-17,3.1,Credit Card,2022-11,2022,Thursday
TX01695,4098,Tunic,114.0,2023-07-14,,Cash,2023-07,2023,Friday
TX01696,4031,Blazer,142.0,2022-10-10,2.0,Credit Card,2022-10,2022,Monday
TX01697,3966,Coat,24.0,2023-08-20,3.8,Cash,2023-08,2023,Sunday
TX01698,4081,Socks,50.0,2023-07-16,,Credit Card,2023-07,2023,Sunday
TX01699,4081,Tie,113.0,2023-07-09,,Cash,2023-07,2023,Sunday
TX01700,4108,Onesie,155.0,2023-04-19,4.2,Credit Card,2023-04,2023,Wednesday
TX01701,4016,Coat,24.0,2023-03-30,4.2,Cash,2023-03,2023,Thursday
TX01702,3972,Tank Top,126.0,2023-06-30,4.9,Cash,2023-06,2023,Friday
TX01703,3961,Raincoat,60.0,2023-02-24,1.6,Credit Card,2023-02,2023,Friday
TX01704,4065,Tank Top,128.0,2023-02-23,1.3,Credit Card,2023-02,2023,Thursday
TX01705,4104,Sunglasses,172.0,2023-03-20,1.5,Credit Card,2023-03,2023,Monday
TX01706,4037,Pajamas,184.0,2023-04-23,2.8,Credit Card,2023-04,2023,Sunday
TX01707,3973,Sun Hat,162.0,2022-12-21,3.8,Cash,2022-12,2022,Wednesday
TX01708,4025,Loafers,131.0,2022-12-26,3.9,Cash,2022-12,2022,Monday
TX01709,4122,Socks,99.0,2023-08-03,1.5,Cash,2023-08,2023,Thursday
TX01710,4063,Jacket,76.0,2023-09-18,4.8,Credit Card,2023-09,2023,Monday
TX01711,4078,Camisole,186.0,2023-04-09,3.4,Cash,2023-04,2023,Sunday
TX01712,4122,Pants,64.0,2023-08-13,,Cash,2023-08,2023,Sunday
TX01713,4045,Leggings,175.0,2023-06-12,,Credit Card,2023-06,2023,Monday
TX01714,4071,Wallet,62.0,2022-10-28,2.0,Credit Card,2022-10,2022,Friday
TX01715,4068,Camisole,114.0,2023-03-12,3.0,Credit Card,2023-03,2023,Sunday
TX01716,3962,Poncho,184.0,2023-09-25,2.6,Cash,2023-09,2023,Monday
TX01717,4030,Camisole,175.0,2023-04-14,2.3,Credit Card,2023-04,2023,Friday
TX01718,4077,T-shirt,67.0,2023-01-30,4.7,Credit Card,2023-01,2023,Monday
TX01719,4045,Pants,88.0,2023-04-29,3.8,Credit Card,2023-04,2023,Saturday
TX01720,4069,Overalls,191.0,2022-11-23,,Credit Card,2022-11,2022,Wednesday
TX01721,4016,Pants,118.0,2023-05-05,4.8,Cash,2023-05,2023,Friday
TX01722,4086,Kimono,99.0,2022-12-12,2.9,Cash,2022-12,2022,Monday
TX01723,4013,Leggings,65.0,2023-03-09,1.6,Cash,2023-03,2023,Thursday
TX01724,4107,Shorts,183.0,2023-07-06,2.0,Credit Card,2023-07,2023,Thursday
TX01725,4043,Umbrella,169.0,2023-05-06,4.8,Cash,2023-05,2023,Saturday
TX01726,4111,Tie,36.0,2022-10-17,3.9,Credit Card,2022-10,2022,Monday
TX01727,3990,Flannel Shirt,105.0,2022-10-07,3.8,Cash,2022-10,2022,Friday
TX01728,4032,Camisole,162.0,2023-03-02,2.5,Cash,2023-03,2023,Thursday
TX01729,4056,T-shirt,86.0,2023-05-19,,Cash,2023-05,2023,Friday
TX01730,4063,Bowtie,133.0,2023-08-25,4.3,Credit Card,2023-08,2023,Friday
TX01731,4077,Handbag,173.0,2023-05-05,3.6,Credit Card,2023-05,2023,Friday
TX01732,3998,Bowtie,80.0,2023-04-27,3.0,Cash,2023-04,2023,Thursday
TX01733,4116,Handbag,192.0,2022-10-10,4.6,Cash,2022-10,2022,Monday
TX01734,4010,Slippers,176.0,2022-12-08,3.4,Cash,2022-12,2022,Thursday
TX01735,4029,Skirt,48.0,2023-01-10,2.7,Cash,2023-01,2023,Tuesday
TX01736,3979,Dress,71.0,2023-03-31,4.2,Credit Card,2023-03,2023,Friday
TX01737,4080,Scarf,163.0,2022-11-03,3.9,Cash,2022-11,2022,Thursday
TX01738,3990,Poncho,91.0,2023-04-07,3.2,Credit Card,2023-04,2023,Friday
TX01739,4001,Socks,194.0,2023-06-17,1.2,Credit Card,2023-06,2023,Saturday
TX01740,3997,Tank Top,85.0,2022-10-15,4.2,Credit Card,2022-10,2022,Saturday
TX01741,4112,Polo Shirt,117.0,2022-11-07,4.5,Cash,2022-11,2022,Monday
TX01742,4082,Jumpsuit,198.0,2023-04-11,4.7,Credit Card,2023-04,2023,Tuesday
TX01743,4063,Loafers,156.0,2023-09-15,3.4,Credit Card,2023-09,2023,Friday
TX01744,4083,Pajamas,97.0,2022-10-04,2.2,Credit Card,2022-10,2022,Tuesday
TX01745,4034,Scarf,66.0,2022-11-05,1.2,Cash,2022-11,2022,Saturday
TX01746,4017,Raincoat,173.0,2023-05-15,4.6,Cash,2023-05,2023,Monday
TX01747,4010,Scarf,181.0,2023-01-27,2.1,Credit Card,2023-01,2023,Friday
TX01748,4099,Socks,86.0,2023-09-14,1.2,Credit Card,2023-09,2023,Thursday
TX01749,3969,Umbrella,178.0,2023-08-23,2.8,Credit Card,2023-08,2023,Wednesday
TX01750,3961,Sunglasses,56.0,2022-11-17,2.7,Cash,2022-11,2022,Thursday
TX01751,4048,T-shirt,130.0,2023-05-06,4.2,Cash,2023-05,2023,Saturday
TX01752,4048,Swimsuit,153.0,2022-11-19,2.7,Cash,2022-11,2022,Saturday
TX01753,3997,Jeans,56.0,2023-03-12,4.8,Credit Card,2023-03,2023,Sunday
TX01754,4001,Blazer,95.0,2023-05-06,3.6,Credit Card,2023-05,2023,Saturday
TX01755,4085,Blazer,66.0,2022-10-29,3.4,Cash,2022-10,2022,Saturday
TX01756,3965,Trench Coat,200.0,2023-03-28,,Cash,2023-03,2023,Tuesday
TX01757,3973,Shorts,117.0,2023-06-28,1.9,Cash,2023-06,2023,Wednesday
TX01758,4043,Tank Top,94.0,2023-05-15,2.2,Cash,2023-05,2023,Monday
TX01759,4067,Kimono,159.0,2023-07-21,1.9,Cash,2023-07,2023,Friday
TX01760,3986,Backpack,40.0,2022-11-02,3.2,Cash,2022-11,2022,Wednesday
TX01761,4115,Overalls,172.0,2023-04-11,3.2,Cash,2023-04,2023,Tuesday
TX01762,4015,Tie,168.0,2022-12-07,3.7,Credit Card,2022-12,2022,Wednesday
TX01763,4100,Raincoat,138.0,2023-02-09,4.8,Credit Card,2023-02,2023,Thursday
TX01764,4081,Polo Shirt,145.0,2022-11-09,4.0,Credit Card,2022-11,2022,Wednesday
TX01765,4023,Belt,23.0,2023-01-17,3.6,Credit Card,2023-01,2023,Tuesday
TX01766,4044,Flannel Shirt,48.0,2023-02-04,2.7,Credit Card,2023-02,2023,Saturday
TX01767,3968,Trousers,114.0,2023-03-18,1.4,Cash,2023-03,2023,Saturday
TX01768,4099,Shorts,127.0,2023-03-08,2.2,Cash,2023-03,2023,Wednesday
TX01769,3995,Overalls,56.0,2023-07-19,,Credit Card,2023-07,2023,Wednesday
TX01770,4088,Belt,134.0,2023-02-14,4.5,Cash,2023-02,2023,Tuesday
TX01771,4111,Swimsuit,55.0,2022-10-30,1.0,Cash,2022-10,2022,Sunday
TX01772,3983,Hat,24.0,2023-09-30,4.1,Credit Card,2023-09,2023,Saturday
TX01773,4069,Loafers,53.0,2023-02-14,1.5,Credit Card,2023-02,2023,Tuesday
TX01774,4074,Coat,50.0,2023-04-07,1.5,Credit Card,2023-04,2023,Friday
TX01775,3985,Polo Shirt,32.0,2023-01-19,4.1,Credit Card,2023-01,2023,Thursday
TX01776,4113,Pajamas,119.0,2023-09-15,2.1,Credit Card,2023-09,2023,Friday
TX01777,4113,Cardigan,132.0,2023-03-14,,Credit Card,2023-03,2023,Tuesday
TX01778,3983,Wallet,19.0,2023-09-22,2.4,Cash,2023-09,2023,Friday
TX01779,4100,Tank Top,197.0,2023-05-29,1.8,Cash,2023-05,2023,Monday
TX01780,3967,Umbrella,13.0,2023-07-27,3.9,Credit Card,2023-07,2023,Thursday
TX01781,4086,Belt,145.0,2022-10-29,3.5,Cash,2022-10,2022,Saturday
TX01782,3999,Cardigan,170.0,2023-05-25,1.6,Cash,2023-05,2023,Thursday
TX01783,4118,Tank Top,67.0,2022-12-04,3.1,Cash,2022-12,2022,Sunday
TX01784,3987,Flip-Flops,98.0,2023-07-22,1.8,Cash,2023-07,2023,Saturday
TX01785,4009,Skirt,36.0,2022-11-11,4.0,Cash,2022-11,2022,Friday
TX01786,4049,Hoodie,160.0,2023-08-27,2.4,Cash,2023-08,2023,Sunday
TX01787,3997,Skirt,26.0,2023-06-27,4.0,Cash,2023-06,2023,Tuesday
TX01788,4031,Hoodie,86.0,2023-08-24,3.0,Cash,2023-08,2023,Thursday
TX01789,4070,Backpack,126.0,2023-07-23,1.8,Credit Card,2023-07,2023,Sunday
TX01790,4086,Jeans,162.0,2023-07-01,3.5,Cash,2023-07,2023,Saturday
TX01791,4084,Flip-Flops,121.0,2023-04-23,4.0,Cash,2023-04,2023,Sunday
TX01792,3982,Tie,44.0,2023-05-12,,Credit Card,2023-05,2023,Friday
TX01793,3996,Skirt,135.0,2023-03-04,1.9,Credit Card,2023-03,2023,Saturday
TX01794,4122,Kimono,58.0,2023-04-27,4.7,Credit Card,2023-04,2023,Thursday
TX01795,4042,Tunic,113.0,2023-01-19,3.6,Cash,2023-01,2023,Thursday
TX01796,3988,Polo Shirt,43.0,2023-03-20,1.0,Cash,2023-03,2023,Monday
TX01797,4008,Skirt,15.0,2023-04-18,5.0,Credit Card,2023-04,2023,Tuesday
TX01798,4069,Handbag,53.0,2022-12-04,3.6,Credit Card,2022-12,2022,Sunday
TX01799,3958,Trench Coat,19.0,2023-01-30,4.4,Cash,2023-01,2023,Monday
TX01800,4019,Slippers,173.0,2023-01-09,,Cash,2023-01,2023,Monday
TX01801,4078,Dress,146.0,2023-03-16,3.4,Credit Card,2023-03,2023,Thursday
TX01802,4044,Wallet,162.0,2023-08-08,1.5,Credit Card,2023-08,2023,Tuesday
TX01803,4030,Cardigan,179.0,2023-06-12,3.0,Credit Card,2023-06,2023,Monday
TX01804,4000,Scarf,22.0,2023-08-19,3.5,Credit Card,2023-08,2023,Saturday
TX01805,3978,Gloves,116.0,2023-09-10,,Credit Card,2023-09,2023,Sunday
TX01806,4025,Jumpsuit,41.0,2023-07-15,2.3,Cash,2023-07,2023,Saturday
TX01807,4052,Overalls,131.0,2023-05-25,4.3,Credit Card,2023-05,2023,Thursday
TX01808,4063,Sun Hat,62.0,2023-04-22,4.4,Credit Card,2023-04,2023,Saturday
TX01809,4049,Pajamas,171.0,2023-07-09,,Credit Card,2023-07,2023,Sunday
TX01810,4019,Socks,35.0,2023-04-11,2.0,Cash,2023-04,2023,Tuesday
TX01811,3995,Onesie,79.0,2023-09-18,1.6,Credit Card,2023-09,2023,Monday
TX01812,4092,Shorts,189.0,2023-05-29,2.6,Credit Card,2023-05,2023,Monday
TX01813,4015,Overalls,36.0,2023-01-05,1.3,Cash,2023-01,2023,Thursday
TX01814,3992,Tie,168.0,2023-02-03,2.2,Credit Card,2023-02,2023,Friday
TX01815,4049,Swimsuit,143.0,2023-02-14,,Cash,2023-02,2023,Tuesday
TX01816,3964,Gloves,101.0,2023-02-04,2.3,Cash,2023-02,2023,Saturday
TX01817,4070,Trench Coat,85.0,2022-10-05,1.7,Credit Card,2022-10,2022,Wednesday
TX01818,3959,Sneakers,63.0,2022-11-22,2.1,Cash,2022-11,2022,Tuesday
TX01819,4089,Wallet,133.0,2023-07-17,3.2,Credit Card,2023-07,2023,Monday
TX01820,3974,Sandals,10.0,2023-01-05,4.4,Cash,2023-01,2023,Thursday
TX01821,4059,Boots,136.0,2023-04-04,4.6,Cash,2023-04,2023,Tuesday
TX01822,3972,Dress,195.0,2023-02-02,2.1,Cash,2023-02,2023,Thursday
TX01823,4057,T-shirt,75.0,2023-01-21,,Cash,2023-01,2023,Saturday
TX01824,3966,Jeans,126.0,2023-01-07,,Credit Card,2023-01,2023,Saturday
TX01825,4121,Pants,85.0,2022-12-14,3.4,Cash,2022-12,2022,Wednesday
TX01826,3995,Swimsuit,22.0,2023-09-20,2.9,Credit Card,2023-09,2023,Wednesday
TX01827,4090,Leggings,183.0,2023-06-04,1.3,Credit Card,2023-06,2023,Sunday
TX01828,4032,Trousers,199.0,2023-01-18,3.6,Cash,2023-01,2023,Wednesday
TX01829,4059,Sunglasses,21.0,2022-12-09,1.1,Credit Card,2022-12,2022,Friday
TX01830,4037,Sun Hat,94.0,2023-04-27,3.0,Cash,2023-04,2023,Thursday
TX01831,4045,Vest,122.0,2023-02-27,1.0,Cash,2023-02,2023,Monday
TX01832,3959,Socks,78.0,2023-02-11,2.1,Cash,2023-02,2023,Saturday
TX01833,4028,Flip-Flops,33.0,2022-10-22,4.1,Cash,2022-10,2022,Saturday
TX01834,4092,Backpack,97.0,2023-01-05,3.2,Credit Card,2023-01,2023,Thursday
TX01835,3994,Sweater,126.0,2022-12-09,3.7,Credit Card,2022-12,2022,Friday
TX01836,4060,Sunglasses,108.0,2023-03-15,3.1,Cash,2023-03,2023,Wednesday
TX01837,4071,Belt,132.0,2023-02-01,2.6,Credit Card,2023-02,2023,Wednesday
TX01838,4121,Blouse,176.0,2022-12-24,4.6,Cash,2022-12,2022,Saturday
TX01839,4009,Handbag,52.0,2023-04-22,2.0,Cash,2023-04,2023,Saturday
TX01840,4116,Camisole,25.0,2023-04-12,3.6,Credit Card,2023-04,2023,Wednesday
TX01841,4115,Hat,50.0,2023-08-14,4.9,Cash,2023-08,2023,Monday
TX01842,4045,Leggings,133.0,2023-09-01,1.5,Cash,2023-09,2023,Friday
TX01843,4060,Flannel Shirt,183.0,2023-01-05,3.6,Cash,2023-01,2023,Thursday
TX01844,4007,Coat,166.0,2023-02-11,3.7,Cash,2023-02,2023,Saturday
TX01845,4034,Belt,101.0,2022-12-25,1.2,Credit Card,2022-12,2022,Sunday
TX01846,3978,Gloves,185.0,2023-05-14,4.0,Cash,2023-05,2023,Sunday
TX01847,3966,Skirt,196.0,2023-06-01,3.7,Cash,2023-06,2023,Thursday
TX01848,4094,Romper,43.0,2023-01-31,1.9,Credit Card,2023-01,2023,Tuesday
TX01849,4042,Blouse,134.0,2023-08-16,3.3,Credit Card,2023-08,2023,Wednesday
TX01850,3989,Shorts,21.0,2022-12-22,1.1,Credit Card,2022-12,2022,Thursday
TX01851,4095,Sunglasses,13.0,2023-07-02,3.9,Credit Card,2023-07,2023,Sunday
TX01852,4029,Vest,183.0,2023-03-24,4.5,Credit Card,2023-03,2023,Friday
TX01853,4011,Tunic,200.0,2023-08-31,2.6,Credit Card,2023-08,2023,Thursday
TX01854,3980,Handbag,154.0,2022-12-13,3.7,Credit Card,2022-12,2022,Tuesday
TX01855,4087,Sandals,181.0,2022-10-25,1.8,Credit Card,2022-10,2022,Tuesday
TX01856,4098,Sun Hat,142.0,2022-12-10,1.8,Cash,2022-12,2022,Saturday
TX01857,4036,Coat,189.0,2023-02-01,4.5,Credit Card,2023-02,2023,Wednesday
TX01858,4090,Leggings,120.0,2023-09-18,3.6,Credit Card,2023-09,2023,Monday
TX01859,4044,Scarf,73.0,2023-01-03,4.8,Credit Card,2023-01,2023,Tuesday
TX01860,4119,Hoodie,179.0,2022-10-13,2.0,Credit Card,2022-10,2022,Thursday
TX01861,3997,Hoodie,108.0,2023-07-23,1.6,Credit Card,2023-07,2023,Sunday
TX01862,3964,Belt,166.0,2023-02-07,3.1,Credit Card,2023-02,2023,Tuesday
TX01863,4108,Handbag,50.0,2022-10-02,2.1,Credit Card,2022-10,2022,Sunday
TX01864,4023,Jumpsuit,130.0,2022-11-04,4.1,Credit Card,2022-11,2022,Friday
TX01865,4018,Slippers,52.0,2023-05-06,4.1,Cash,2023-05,2023,Saturday
TX01866,4065,Jeans,71.0,2023-01-06,2.2,Cash,2023-01,2023,Friday
TX01867,4086,Flip-Flops,81.0,2023-01-26,1.8,Cash,2023-01,2023,Thursday
TX01868,3972,Polo Shirt,174.0,2023-06-23,2.1,Credit Card,2023-06,2023,Friday
TX01869,4052,Hoodie,70.0,2023-02-21,2.8,Cash,2023-02,2023,Tuesday
TX01870,4117,Pajamas,156.0,2022-12-11,2.5,Credit Card,2022-12,2022,Sunday
TX01871,4086,Jeans,137.0,2023-01-18,3.2,Cash,2023-01,2023,Wednesday
TX01872,4047,Poncho,40.0,2023-03-03,1.6,Credit Card,2023-03,2023,Friday
TX01873,3988,Camisole,200.0,2023-06-12,2.5,Cash,2023-06,2023,Monday
TX01874,3969,Blouse,36.0,2023-09-04,1.4,Credit Card,2023-09,2023,Monday
TX01875,3988,Overalls,19.0,2022-11-07,3.1,Credit Card,2022-11,2022,Monday
TX01876,4071,Handbag,10.0,2023-08-07,2.6,Cash,2023-08,2023,Monday
TX01877,4033,Handbag,164.0,2023-07-31,,Cash,2023-07,2023,Monday
TX01878,4103,Jumpsuit,173.0,2023-06-27,1.4,Cash,2023-06,2023,Tuesday
TX01879,3958,Raincoat,140.0,2022-12-17,2.0,Cash,2022-12,2022,Saturday
TX01880,4073,Hat,177.0,2023-08-09,4.8,Credit Card,2023-08,2023,Wednesday
TX01881,4043,Boots,97.0,2022-10-06,4.4,Cash,2022-10,2022,Thursday
TX01882,4017,Backpack,23.0,2023-09-11,4.7,Credit Card,2023-09,2023,Monday
TX01883,4105,Gloves,126.0,2023-06-06,3.5,Cash,2023-06,2023,Tuesday
TX01884,4101,Blazer,168.0,2023-03-20,1.0,Credit Card,2023-03,2023,Monday
TX01885,4117,Socks,193.0,2023-03-15,2.3,Credit Card,2023-03,2023,Wednesday
TX01886,4093,Polo Shirt,193.0,2022-11-14,3.2,Credit Card,2022-11,2022,Monday
TX01887,4109,Boots,34.0,2023-03-19,1.0,Cash,2023-03,2023,Sunday
TX01888,4016,Camisole,66.0,2023-02-16,1.4,Cash,2023-02,2023,Thursday
TX01889,4033,Pajamas,172.0,2023-03-26,4.2,Credit Card,2023-03,2023,Sunday
TX01890,4029,Jumpsuit,84.0,2022-12-05,3.5,Cash,2022-12,2022,Monday
TX01891,4103,Sandals,105.0,2023-04-19,4.8,Cash,2023-04,2023,Wednesday
TX01892,3992,Wallet,21.0,2022-10-31,2.4,Cash,2022-10,2022,Monday
TX01893,4053,Sweater,136.0,2023-05-16,3.5,Cash,2023-05,2023,Tuesday
TX01894,4020,Hoodie,194.0,2023-05-13,2.4,Cash,2023-05,2023,Saturday
TX01895,3983,Pants,75.0,2023-07-20,3.1,Cash,2023-07,2023,Thursday
TX01896,4040,Handbag,58.0,2023-09-20,2.7,Cash,2023-09,2023,Wednesday
TX01897,4106,Handbag,65.0,2023-08-16,4.6,Cash,2023-08,2023,Wednesday
TX01898,4006,Slippers,58.0,2022-11-06,4.5,Credit Card,2022-11,2022,Sunday
TX01899,4049,Skirt,37.0,2023-01-13,2.6,Cash,2023-01,2023,Friday
TX01900,4073,Shorts,21.0,2023-07-11,1.3,Credit Card,2023-07,2023,Tuesday
TX01901,3982,Overalls,182.0,2023-01-23,4.9,Credit Card,2023-01,2023,Monday
TX01902,3994,Loafers,125.0,2022-12-04,1.5,Cash,2022-12,2022,Sunday
TX01903,4065,Shorts,160.0,2022-10-17,1.9,Credit Card,2022-10,2022,Monday
TX01904,4062,Skirt,44.0,2022-10-03,,Cash,2022-10,2022,Monday
TX01905,3977,Pants,11.0,2023-04-21,4.7,Cash,2023-04,2023,Friday
TX01906,3980,Cardigan,22.0,2023-02-24,5.0,Cash,2023-02,2023,Friday
TX01907,3972,Sandals,120.0,2023-02-04,4.6,Cash,2023-02,2023,Saturday
TX01908,4065,Hat,133.0,2023-01-19,1.4,Cash,2023-01,2023,Thursday
TX01909,3990,Hoodie,55.0,2023-09-11,3.4,Credit Card,2023-09,2023,Monday
TX01910,4078,Jacket,54.0,2022-12-20,,Credit Card,2022-12,2022,Tuesday
TX01911,4011,Kimono,42.0,2023-01-04,3.4,Credit Card,2023-01,2023,Wednesday
TX01912,3976,Scarf,165.0,2023-08-18,2.9,Credit Card,2023-08,2023,Friday
TX01913,4051,Vest,139.0,2022-12-18,1.7,Cash,2022-12,2022,Sunday
TX01914,4091,Skirt,117.0,2022-12-06,3.9,Cash,2022-12,2022,Tuesday
TX01915,4060,Kimono,187.0,2023-06-11,3.0,Credit Card,2023-06,2023,Sunday
TX01916,4107,Jeans,80.0,2023-05-20,4.2,Credit Card,2023-05,2023,Saturday
TX01917,4100,Tie,97.0,2023-05-29,1.4,Credit Card,2023-05,2023,Monday
TX01918,4089,Jacket,125.0,2023-05-29,1.9,Cash,2023-05,2023,Monday
TX01919,4058,Kimono,45.0,2023-01-21,1.0,Credit Card,2023-01,2023,Saturday
TX01920,4024,Handbag,189.0,2023-01-14,4.7,Credit Card,2023-01,2023,Saturday
TX01921,4106,Jacket,141.0,2022-11-09,3.2,Credit Card,2022-11,2022,Wednesday
TX01922,4084,Scarf,189.0,2023-05-02,4.0,Cash,2023-05,2023,Tuesday
TX01923,4119,Umbrella,90.0,2023-06-18,3.3,Cash,2023-06,2023,Sunday
TX01924,4065,Tie,151.0,2023-09-25,1.8,Cash,2023-09,2023,Monday
TX01925,4069,Pajamas,61.0,2022-10-19,1.9,Credit Card,2022-10,2022,Wednesday
TX01926,4082,Leggings,192.0,2023-04-23,,Cash,2023-04,2023,Sunday
TX01927,4063,Handbag,98.0,2023-04-25,4.3,Cash,2023-04,2023,Tuesday
TX01928,3998,Bowtie,43.0,2023-03-03,2.2,Cash,2023-03,2023,Friday
TX01929,3993,Coat,176.0,2023-06-03,,Cash,2023-06,2023,Saturday
TX01930,4086,Hat,55.0,2022-10-16,3.5,Cash,2022-10,2022,Sunday
TX01931,3989,Blazer,187.0,2023-05-16,,Cash,2023-05,2023,Tuesday
TX01932,4081,T-shirt,191.0,2022-10-03,3.9,Cash,2022-10,2022,Monday
TX01933,3990,Wallet,132.0,2023-07-14,4.3,Cash,2023-07,2023,Friday
TX01934,4088,Sunglasses,180.0,2023-04-05,3.8,Cash,2023-04,2023,Wednesday
TX01935,4092,Handbag,182.0,2022-10-28,1.6,Cash,2022-10,2022,Friday
TX01936,3987,Loafers,146.0,2023-01-31,1.7,Cash,2023-01,2023,Tuesday
TX01937,4011,Dress,118.0,2023-04-13,,Credit Card,2023-04,2023,Thursday
TX01938,4073,Shorts,143.0,2022-10-19,4.4,Credit Card,2022-10,2022,Wednesday
TX01939,3965,Raincoat,23.0,2023-08-12,1.3,Credit Card,2023-08,2023,Saturday
TX01940,3997,Onesie,61.0,2023-03-11,2.7,Credit Card,2023-03,2023,Saturday
TX01941,4100,Flip-Flops,51.0,2022-12-27,1.7,Credit Card,2022-12,2022,Tuesday
TX01942,4051,Loafers,184.0,2023-08-17,3.9,Cash,2023-08,2023,Thursday
TX01943,3987,Polo Shirt,25.0,2023-06-16,3.1,Cash,2023-06,2023,Friday
TX01944,4111,T-shirt,85.0,2023-03-06,3.4,Credit Card,2023-03,2023,Monday
TX01945,4061,Coat,148.0,2022-12-10,3.3,Credit Card,2022-12,2022,Saturday
TX01946,3987,Poncho,36.0,2023-02-26,3.4,Credit Card,2023-02,2023,Sunday
TX01947,4051,Sandals,182.0,2022-11-14,1.9,Cash,2022-11,2022,Monday
TX01948,4103,Shorts,67.0,2022-10-21,1.7,Credit Card,2022-10,2022,Friday
TX01949,4031,Socks,153.0,2023-08-25,2.8,Cash,2023-08,2023,Friday
TX01950,3967,Loafers,140.0,2023-06-01,3.4,Credit Card,2023-06,2023,Thursday
TX01951,4090,Jeans,188.0,2023-09-29,4.2,Cash,2023-09,2023,Friday
TX01952,3996,Polo Shirt,180.0,2023-03-03,1.8,Cash,2023-03,2023,Friday
TX01953,4052,Flannel Shirt,116.0,2022-12-08,1.4,Cash,2022-12,2022,Thursday
TX01954,4035,Trench Coat,185.0,2023-06-12,4.2,Credit Card,2023-06,2023,Monday
TX01955,4052,Tunic,151.0,2023-02-17,1.2,Cash,2023-02,2023,Friday
TX01956,4032,Scarf,61.0,2023-09-12,3.2,Cash,2023-09,2023,Tuesday
TX01957,4081,Swimsuit,123.0,2023-08-29,3.6,Cash,2023-08,2023,Tuesday
TX01958,3964,Shorts,172.0,2023-05-12,4.3,Credit Card,2023-05,2023,Friday
TX01959,3993,Scarf,175.0,2023-06-01,,Cash,2023-06,2023,Thursday
TX01960,3993,Jeans,160.0,2023-04-07,4.5,Credit Card,2023-04,2023,Friday
TX01961,4107,Leggings,164.0,2023-06-18,2.0,Credit Card,2023-06,2023,Sunday
TX01962,3969,Gloves,59.0,2023-05-09,3.2,Credit Card,2023-05,2023,Tuesday
TX01963,4035,Hoodie,55.0,2023-05-22,,Credit Card,2023-05,2023,Monday
TX01964,4029,Camisole,29.0,2023-05-05,1.3,Credit Card,2023-05,2023,Friday
TX01965,4082,Sneakers,106.0,2023-07-20,1.2,Credit Card,2023-07,2023,Thursday
TX01966,3988,Onesie,77.0,2023-05-10,4.2,Credit Card,2023-05,2023,Wednesday
TX01967,4046,Hoodie,75.0,2022-10-09,2.8,Credit Card,2022-10,2022,Sunday
TX01968,3968,Romper,49.0,2023-02-04,,Cash,2023-02,2023,Saturday
TX01969,4080,Backpack,162.0,2023-04-27,5.0,Credit Card,2023-04,2023,Thursday
TX01970,4036,Overalls,167.0,2023-06-19,,Credit Card,2023-06,2023,Monday
TX01971,4101,Poncho,87.0,2023-09-06,,Cash,2023-09,2023,Wednesday
TX01972,4072,Kimono,156.0,2023-04-02,1.1,Cash,2023-04,2023,Sunday
TX01973,4043,Belt,28.0,2023-08-22,1.1,Credit Card,2023-08,2023,Tuesday
TX01974,4053,Trench Coat,91.0,2023-04-26,4.0,Cash,2023-04,2023,Wednesday
TX01975,4078,Vest,57.0,2023-02-13,3.3,Cash,2023-02,2023,Monday
TX01976,4112,Socks,139.0,2023-04-30,,Credit Card,2023-04,2023,Sunday
TX01977,3992,Hat,113.0,2023-02-23,,Cash,2023-02,2023,Thursday
TX01978,4119,Umbrella,64.0,2023-05-19,4.1,Credit Card,2023-05,2023,Friday
TX01979,4074,Romper,94.0,2023-02-15,3.4,Cash,2023-02,2023,Wednesday
TX01980,4072,Sneakers,65.0,2023-03-12,5.0,Credit Card,2023-03,2023,Sunday
TX01981,4071,Vest,168.0,2023-08-02,3.7,Cash,2023-08,2023,Wednesday
TX01982,3995,Skirt,153.0,2023-06-07,3.0,Credit Card,2023-06,2023,Wednesday
TX01983,4040,Slippers,176.0,2023-08-28,2.2,Cash,2023-08,2023,Monday
TX01984,4116,Slippers,124.0,2023-01-16,3.7,Cash,2023-01,2023,Monday
TX01985,4116,Blazer,174.0,2022-11-24,2.1,Credit Card,2022-11,2022,Thursday
TX01986,4061,Coat,169.0,2023-06-26,4.1,Credit Card,2023-06,2023,Monday
TX01987,4056,Scarf,20.0,2023-01-21,4.3,Cash,2023-01,2023,Saturday
TX01988,4016,Camisole,92.0,2023-07-29,3.5,Credit Card,2023-07,2023,Saturday
TX01989,4058,Kimono,39.0,2023-09-24,,Credit Card,2023-09,2023,Sunday
TX01990,4043,Belt,148.0,2023-07-21,1.2,Credit Card,2023-07,2023,Friday
TX01991,4095,Bowtie,16.0,2023-09-14,1.1,Credit Card,2023-09,2023,Thursday
TX01992,3968,Belt,105.0,2023-06-07,1.0,Credit Card,2023-06,2023,Wednesday
TX01993,4070,Loafers,140.0,2023-07-23,2.0,Credit Card,2023-07,2023,Sunday
TX01994,4028,Poncho,21.0,2023-07-06,2.4,Credit Card,2023-07,2023,Thursday
TX01995,4122,Sneakers,176.0,2023-09-29,3.1,Credit Card,2023-09,2023,Friday
TX01996,3999,Flip-Flops,34.0,2023-08-04,1.9,Cash,2023-08,2023,Friday
TX01997,4103,Loafers,147.0,2023-02-10,2.3,Cash,2023-02,2023,Friday
TX01998,4118,Pajamas,170.0,2023-08-04,2.5,Cash,2023-08,2023,Friday
TX01999,4100,Socks,64.0,2023-06-18,1.2,Credit Card,2023-06,2023,Sunday
TX02000,4122,Sunglasses,118.0,2023-05-08,3.5,Cash,2023-05,2023,Monday
TX02001,3988,Raincoat,62.0,2022-10-19,,Credit Card,2022-10,2022,Wednesday
TX02002,4121,Swimsuit,189.0,2023-07-30,2.6,Credit Card,2023-07,2023,Sunday
TX02003,4100,Handbag,199.0,2023-08-15,3.2,Cash,2023-08,2023,Tuesday
TX02004,3978,Jacket,175.0,2023-03-12,4.1,Credit Card,2023-03,2023,Sunday
TX02005,4006,Bowtie,28.0,2023-03-11,,Credit Card,2023-03,2023,Saturday
TX02006,4115,Coat,49.0,2022-10-09,3.5,Credit Card,2022-10,2022,Sunday
TX02007,4104,Trench Coat,19.0,2023-08-03,1.3,Cash,2023-08,2023,Thursday
TX02008,4090,Tie,152.0,2023-01-16,1.5,Cash,2023-01,2023,Monday
TX02009,4078,Loafers,76.0,2023-05-03,,Cash,2023-05,2023,Wednesday
TX02010,4085,Backpack,125.0,2023-05-13,2.0,Credit Card,2023-05,2023,Saturday
TX02011,3961,Flannel Shirt,120.0,2023-03-02,1.7,Cash,2023-03,2023,Thursday
TX02012,3987,Raincoat,109.0,2023-01-20,3.0,Credit Card,2023-01,2023,Friday
TX02013,4093,Vest,146.0,2022-12-06,3.1,Cash,2022-12,2022,Tuesday
TX02014,3961,Shorts,26.0,2023-01-23,1.3,Credit Card,2023-01,2023,Monday
TX02015,4027,Hat,159.0,2023-07-31,1.6,Cash,2023-07,2023,Monday
TX02016,4019,Belt,101.0,2023-04-15,3.5,Credit Card,2023-04,2023,Saturday
TX02017,4105,Hat,37.0,2022-11-22,1.7,Cash,2022-11,2022,Tuesday
TX02018,4070,Raincoat,185.0,2022-12-07,3.7,Credit Card,2022-12,2022,Wednesday
TX02019,3978,Boots,32.0,2022-11-22,2.6,Credit Card,2022-11,2022,Tuesday
TX02020,4093,Jacket,122.0,2022-12-21,2.0,Cash,2022-12,2022,Wednesday
TX02021,4112,Scarf,179.0,2023-07-09,3.9,Cash,2023-07,2023,Sunday
TX02022,4107,Swimsuit,110.0,2023-07-02,4.1,Cash,2023-07,2023,Sunday
TX02023,3968,Pants,149.0,2023-08-31,,Credit Card,2023-08,2023,Thursday
TX02024,4082,Jumpsuit,172.0,2022-11-09,4.3,Credit Card,2022-11,2022,Wednesday
TX02025,4044,Shorts,196.0,2022-11-24,2.4,Cash,2022-11,2022,Thursday
TX02026,4068,T-shirt,12.0,2023-03-19,4.0,Cash,2023-03,2023,Sunday
TX02027,4003,Leggings,152.0,2023-08-13,1.2,Cash,2023-08,2023,Sunday
TX02028,4092,Romper,110.0,2023-03-24,2.2,Cash,2023-03,2023,Friday
TX02029,4038,Trousers,31.0,2023-01-26,4.6,Cash,2023-01,2023,Thursday
TX02030,4054,Scarf,199.0,2023-02-07,,Credit Card,2023-02,2023,Tuesday
TX02031,4022,Overalls,98.0,2022-10-10,,Credit Card,2022-10,2022,Monday
TX02032,3980,Sunglasses,175.0,2022-10-04,2.6,Cash,2022-10,2022,Tuesday
TX02033,3986,Leggings,46.0,2023-09-25,2.2,Cash,2023-09,2023,Monday
TX02034,4095,Sun Hat,74.0,2023-01-03,4.7,Credit Card,2023-01,2023,Tuesday
TX02035,3993,Cardigan,23.0,2023-05-13,1.7,Cash,2023-05,2023,Saturday
TX02036,4003,Loafers,150.0,2023-09-24,2.3,Cash,2023-09,2023,Sunday
TX02037,4022,Scarf,150.0,2022-12-24,2.9,Credit Card,2022-12,2022,Saturday
TX02038,3996,Scarf,74.0,2023-01-08,1.2,Cash,2023-01,2023,Sunday
TX02039,4061,Sun Hat,134.0,2023-06-30,2.0,Credit Card,2023-06,2023,Friday
TX02040,4000,Sneakers,101.0,2023-09-27,1.8,Cash,2023-09,2023,Wednesday
TX02041,4114,Loafers,35.0,2023-06-13,2.0,Credit Card,2023-06,2023,Tuesday
TX02042,4040,Wallet,27.0,2023-03-04,3.8,Credit Card,2023-03,2023,Saturday
TX02043,4003,Jacket,91.0,2022-12-29,1.9,Cash,2022-12,2022,Thursday
TX02044,3963,Sunglasses,94.0,2023-08-24,1.4,Cash,2023-08,2023,Thursday
TX02045,3971,Backpack,88.0,2022-12-23,,Credit Card,2022-12,2022,Friday
TX02046,4033,Tie,49.0,2023-03-25,3.1,Cash,2023-03,2023,Saturday
TX02047,4056,Umbrella,103.0,2023-04-23,4.1,Credit Card,2023-04,2023,Sunday
TX02048,3982,Tunic,119.0,2023-05-26,3.4,Credit Card,2023-05,2023,Friday
TX02049,3993,Leggings,66.0,2023-09-23,1.8,Cash,2023-09,2023,Saturday
TX02050,4062,Leggings,174.0,2023-06-10,2.6,Cash,2023-06,2023,Saturday
TX02051,4039,Socks,102.0,2022-11-03,1.9,Credit Card,2022-11,2022,Thursday
TX02052,4053,Sweater,132.0,2023-06-15,4.8,Credit Card,2023-06,2023,Thursday
TX02053,3987,Kimono,101.0,2023-06-28,3.4,Cash,2023-06,2023,Wednesday
TX02054,3970,Kimono,134.0,2022-12-13,4.0,Credit Card,2022-12,2022,Tuesday
TX02055,4008,Dress,54.0,2022-12-06,2.6,Credit Card,2022-12,2022,Tuesday
TX02056,4018,Sneakers,30.0,2023-01-14,3.0,Cash,2023-01,2023,Saturday
TX02057,4109,Tie,45.0,2023-05-20,3.2,Cash,2023-05,2023,Saturday
TX02058,4107,Shorts,60.0,2023-06-28,4.6,Cash,2023-06,2023,Wednesday
TX02059,4017,Shorts,170.0,2023-08-27,,Credit Card,2023-08,2023,Sunday
TX02060,4055,Leggings,17.0,2022-10-31,1.5,Credit Card,2022-10,2022,Monday
TX02061,3986,Slippers,158.0,2023-03-19,4.7,Cash,2023-03,2023,Sunday
TX02062,4025,Pajamas,161.0,2023-09-03,2.5,Cash,2023-09,2023,Sunday
TX02063,3972,Boots,19.0,2023-07-08,3.8,Credit Card,2023-07,2023,Saturday
TX02064,4038,Sunglasses,149.0,2023-02-27,2.1,Cash,2023-02,2023,Monday
TX02065,4075,Jeans,148.0,2022-11-05,1.5,Cash,2022-11,2022,Saturday
TX02066,4098,Cardigan,48.0,2023-04-18,2.7,Cash,2023-04,2023,Tuesday
TX02067,4061,Jeans,67.0,2023-06-26,,Cash,2023-06,2023,Monday
TX02068,3973,Backpack,160.0,2022-10-27,1.9,Credit Card,2022-10,2022,Thursday
TX02069,4080,Sunglasses,84.0,2023-04-16,4.2,Cash,2023-04,2023,Sunday
TX02070,4061,Overalls,33.0,2022-11-10,1.3,Credit Card,2022-11,2022,Thursday
TX02071,4119,Cardigan,138.0,2023-01-12,3.1,Credit Card,2023-01,2023,Thursday
TX02072,3961,Vest,167.0,2023-02-09,1.9,Credit Card,2023-02,2023,Thursday
TX02073,4025,Dress,141.0,2023-07-23,2.9,Cash,2023-07,2023,Sunday
TX02074,3982,Dress,154.0,2023-04-25,3.9,Cash,2023-04,2023,Tuesday
TX02075,4020,Trousers,47.0,2023-03-07,3.4,Credit Card,2023-03,2023,Tuesday
TX02076,4099,Backpack,133.0,2023-05-29,1.3,Cash,2023-05,2023,Monday
TX02077,3989,Jeans,20.0,2023-07-23,2.3,Cash,2023-07,2023,Sunday
TX02078,4034,Jacket,134.0,2023-08-04,1.4,Credit Card,2023-08,2023,Friday
TX02079,4102,Onesie,77.0,2023-07-03,3.8,Cash,2023-07,2023,Monday
TX02080,4061,Skirt,20.0,2023-02-17,2.2,Credit Card,2023-02,2023,Friday
TX02081,4071,Tie,142.0,2023-04-20,2.6,Credit Card,2023-04,2023,Thursday
TX02082,3978,Camisole,102.0,2022-10-14,4.3,Cash,2022-10,2022,Friday
TX02083,4119,Blazer,126.0,2023-09-14,4.1,Cash,2023-09,2023,Thursday
TX02084,4085,Sneakers,20.0,2023-03-17,3.0,Cash,2023-03,2023,Friday
TX02085,4009,Leggings,92.0,2023-06-22,2.7,Cash,2023-06,2023,Thursday
TX02086,4052,Raincoat,172.0,2023-09-18,1.5,Credit Card,2023-09,2023,Monday
TX02087,4095,Vest,199.0,2023-05-17,4.1,Cash,2023-05,2023,Wednesday
TX02088,4000,Hoodie,149.0,2023-08-17,,Credit Card,2023-08,2023,Thursday
TX02089,4019,Sun Hat,106.0,2023-02-16,,Credit Card,2023-02,2023,Thursday
TX02090,4094,Jumpsuit,103.0,2023-07-19,5.0,Cash,2023-07,2023,Wednesday
TX02091,4065,Leggings,29.0,2023-04-18,1.8,Credit Card,2023-04,2023,Tuesday
TX02092,4099,Kimono,106.0,2023-01-08,4.5,Cash,2023-01,2023,Sunday
TX02093,4072,Flip-Flops,67.0,2023-09-14,,Cash,2023-09,2023,Thursday
TX02094,3967,Sweater,100.0,2023-07-06,1.1,Cash,2023-07,2023,Thursday
TX02095,3957,Vest,98.0,2023-02-02,2.8,Cash,2023-02,2023,Thursday
TX02096,4075,Blazer,133.0,2022-10-03,4.0,Credit Card,2022-10,2022,Monday
TX02097,4115,Tank Top,11.0,2023-08-15,,Credit Card,2023-08,2023,Tuesday
TX02098,4031,Overalls,45.0,2023-05-17,1.9,Credit Card,2023-05,2023,Wednesday
TX02099,3999,Kimono,68.0,2022-12-19,2.4,Cash,2022-12,2022,Monday
TX02100,3972,Shorts,64.0,2023-04-22,3.3,Cash,2023-04,2023,Saturday
TX02101,4110,Skirt,40.0,2023-07-07,3.5,Credit Card,2023-07,2023,Friday
TX02102,4021,Jeans,116.0,2022-11-01,4.3,Credit Card,2022-11,2022,Tuesday
TX02103,4054,Gloves,194.0,2023-07-22,4.9,Cash,2023-07,2023,Saturday
TX02104,4118,T-shirt,132.0,2023-05-03,4.2,Credit Card,2023-05,2023,Wednesday
TX02105,4011,Blouse,51.0,2022-11-13,4.1,Cash,2022-11,2022,Sunday
TX02106,4106,Skirt,115.0,2023-04-16,1.9,Credit Card,2023-04,2023,Sunday
TX02107,3968,Camisole,51.0,2022-10-05,1.8,Credit Card,2022-10,2022,Wednesday
TX02108,4093,Gloves,156.0,2023-05-04,1.4,Cash,2023-05,2023,Thursday
TX02109,4033,Socks,142.0,2023-03-14,3.0,Cash,2023-03,2023,Tuesday
TX02110,3979,Camisole,163.0,2023-05-20,3.3,Cash,2023-05,2023,Saturday
TX02111,4058,Swimsuit,173.0,2023-09-17,,Credit Card,2023-09,2023,Sunday
TX02112,3992,T-shirt,179.0,2023-04-28,3.9,Cash,2023-04,2023,Friday
TX02113,4099,Tank Top,31.0,2023-02-21,2.0,Credit Card,2023-02,2023,Tuesday
TX02114,4028,Sweater,165.0,2023-03-20,2.6,Credit Card,2023-03,2023,Monday
TX02115,4067,Sandals,133.0,2023-06-14,3.3,Cash,2023-06,2023,Wednesday
TX02116,4113,Shorts,163.0,2023-06-26,4.2,Cash,2023-06,2023,Monday
TX02117,4038,Blazer,56.0,2023-03-16,3.6,Cash,2023-03,2023,Thursday
TX02118,4044,Jacket,140.0,2023-03-18,4.0,Credit Card,2023-03,2023,Saturday
TX02119,4119,Sandals,195.0,2023-04-03,4.0,Credit Card,2023-04,2023,Monday
TX02120,4023,Trousers,126.0,2023-06-11,1.4,Credit Card,2023-06,2023,Sunday
TX02121,4072,Tank Top,27.0,2023-03-31,1.6,Cash,2023-03,2023,Friday
TX02122,4026,Flip-Flops,108.0,2022-11-22,3.3,Cash,2022-11,2022,Tuesday
TX02123,4044,Tank Top,139.0,2023-05-30,4.1,Credit Card,2023-05,2023,Tuesday
TX02124,4010,Coat,48.0,2023-05-10,3.3,Cash,2023-05,2023,Wednesday
TX02125,4074,Blouse,55.0,2023-02-19,4.4,Credit Card,2023-02,2023,Sunday
TX02126,4110,Slippers,167.0,2022-10-04,4.6,Credit Card,2022-10,2022,Tuesday
TX02127,4041,Overalls,146.0,2022-10-05,4.4,Credit Card,2022-10,2022,Wednesday
TX02128,3961,Shorts,40.0,2022-10-28,1.9,Credit Card,2022-10,2022,Friday
TX02129,4122,Leggings,164.0,2023-06-27,3.3,Cash,2023-06,2023,Tuesday
TX02130,3957,Pants,10.0,2023-05-18,1.2,Credit Card,2023-05,2023,Thursday
TX02131,4112,Tunic,183.0,2023-03-23,1.1,Cash,2023-03,2023,Thursday
TX02132,4078,Slippers,143.0,2023-06-25,1.6,Credit Card,2023-06,2023,Sunday
TX02133,3958,Tie,21.0,2023-05-02,2.8,Credit Card,2023-05,2023,Tuesday
TX02134,3959,Handbag,119.0,2023-06-30,4.6,Credit Card,2023-06,2023,Friday
TX02135,4001,Bowtie,133.0,2022-12-08,1.7,Cash,2022-12,2022,Thursday
TX02136,4062,Wallet,107.0,2023-02-28,3.2,Credit Card,2023-02,2023,Tuesday
TX02137,4099,Shorts,199.0,2023-09-16,1.9,Cash,2023-09,2023,Saturday
TX02138,4082,Flannel Shirt,188.0,2022-10-31,2.3,Cash,2022-10,2022,Monday
TX02139,4057,Flannel Shirt,118.0,2023-04-02,4.6,Credit Card,2023-04,2023,Sunday
TX02140,3977,Sunglasses,69.0,2023-05-02,3.6,Cash,2023-05,2023,Tuesday
TX02141,3976,Onesie,31.0,2023-04-15,1.1,Credit Card,2023-04,2023,Saturday
TX02142,4094,Wallet,149.0,2023-03-31,2.1,Credit Card,2023-03,2023,Friday
TX02143,3964,Kimono,58.0,2023-02-09,,Credit Card,2023-02,2023,Thursday
TX02144,3988,Leggings,11.0,2022-11-25,4.9,Credit Card,2022-11,2022,Friday
TX02145,4047,Jumpsuit,40.0,2022-12-19,3.3,Cash,2022-12,2022,Monday
TX02146,4053,Camisole,106.0,2022-12-30,1.1,Cash,2022-12,2022,Friday
TX02147,4110,Onesie,186.0,2023-02-10,4.1,Cash,2023-02,2023,Friday
TX02148,4048,Gloves,114.0,2023-03-05,4.1,Credit Card,2023-03,2023,Sunday
TX02149,4056,Hoodie,49.0,2023-02-12,1.6,Credit Card,2023-02,2023,Sunday
TX02150,4002,Sandals,159.0,2022-11-06,1.4,Cash,2022-11,2022,Sunday
TX02151,3959,Jumpsuit,147.0,2023-06-21,3.3,Cash,2023-06,2023,Wednesday
TX02152,3988,Cardigan,103.0,2023-07-30,3.5,Credit Card,2023-07,2023,Sunday
TX02153,4075,Romper,184.0,2023-08-11,1.9,Credit Card,2023-08,2023,Friday
TX02154,4051,Hoodie,62.0,2023-05-31,4.2,Credit Card,2023-05,2023,Wednesday
TX02155,4006,Raincoat,152.0,2023-03-02,,Cash,2023-03,2023,Thursday
TX02156,4070,Sun Hat,104.0,2022-10-04,4.5,Cash,2022-10,2022,Tuesday
TX02157,3959,Boots,133.0,2022-12-14,4.2,Credit Card,2022-12,2022,Wednesday
TX02158,4013,Wallet,88.0,2023-01-13,2.3,Credit Card,2023-01,2023,Friday
TX02159,3962,Backpack,190.0,2023-01-13,1.5,Credit Card,2023-01,2023,Friday
TX02160,4028,Poncho,45.0,2023-06-29,4.1,Cash,2023-06,2023,Thursday
TX02161,4048,Scarf,178.0,2023-04-28,1.6,Cash,2023-04,2023,Friday
TX02162,3980,Jacket,189.0,2023-05-08,2.1,Credit Card,2023-05,2023,Monday
TX02163,4114,Jacket,35.0,2022-10-10,4.4,Credit Card,2022-10,2022,Monday
TX02164,4117,Kimono,112.0,2023-06-21,1.7,Cash,2023-06,2023,Wednesday
TX02165,4034,Sweater,150.0,2023-01-29,1.0,Cash,2023-01,2023,Sunday
TX02166,4013,Scarf,185.0,2023-03-13,3.1,Credit Card,2023-03,2023,Monday
TX02167,4016,T-shirt,51.0,2023-05-30,4.6,Credit Card,2023-05,2023,Tuesday
TX02168,4083,Wallet,172.0,2022-10-23,5.0,Credit Card,2022-10,2022,Sunday
TX02169,4083,Socks,121.0,2023-02-04,3.4,Cash,2023-02,2023,Saturday
TX02170,4010,Skirt,104.0,2023-01-09,,Cash,2023-01,2023,Monday
TX02171,4120,Slippers,112.0,2023-03-03,1.3,Credit Card,2023-03,2023,Friday
TX02172,4058,Tunic,143.0,2023-02-16,1.3,Credit Card,2023-02,2023,Thursday
TX02173,3985,Flannel Shirt,162.0,2022-12-19,1.2,Credit Card,2022-12,2022,Monday
TX02174,4102,Leggings,54.0,2023-06-21,1.8,Credit Card,2023-06,2023,Wednesday
TX02175,4085,Tunic,122.0,2023-08-27,2.8,Cash,2023-08,2023,Sunday
TX02176,4000,Romper,142.0,2022-11-02,1.9,Credit Card,2022-11,2022,Wednesday
TX02177,4098,Overalls,18.0,2022-12-29,1.1,Credit Card,2022-12,2022,Thursday
TX02178,4006,Backpack,140.0,2022-10-25,2.8,Cash,2022-10,2022,Tuesday
TX02179,4101,Pants,69.0,2023-09-22,1.6,Credit Card,2023-09,2023,Friday
TX02180,4111,Trench Coat,182.0,2023-03-21,2.8,Cash,2023-03,2023,Tuesday
TX02181,4001,Blouse,10.0,2023-07-05,3.7,Credit Card,2023-07,2023,Wednesday
TX02182,3973,Gloves,32.0,2023-08-11,2.4,Cash,2023-08,2023,Friday
TX02183,4107,Swimsuit,112.0,2023-07-02,1.4,Credit Card,2023-07,2023,Sunday
TX02184,3989,Pajamas,111.0,2023-01-24,3.9,Credit Card,2023-01,2023,Tuesday
TX02185,3973,Bowtie,61.0,2022-10-17,4.7,Credit Card,2022-10,2022,Monday
TX02186,3989,Flip-Flops,198.0,2023-08-09,4.9,Credit Card,2023-08,2023,Wednesday
TX02187,4023,Trench Coat,33.0,2023-02-21,4.7,Credit Card,2023-02,2023,Tuesday
TX02188,4102,Socks,195.0,2022-11-06,,Cash,2022-11,2022,Sunday
TX02189,4015,Jumpsuit,159.0,2023-01-18,1.1,Cash,2023-01,2023,Wednesday
TX02190,4090,Vest,80.0,2023-02-16,3.7,Cash,2023-02,2023,Thursday
TX02191,4027,Socks,59.0,2023-09-09,4.9,Credit Card,2023-09,2023,Saturday
TX02192,4006,Jacket,113.0,2023-07-25,2.8,Cash,2023-07,2023,Tuesday
TX02193,3962,Sneakers,76.0,2022-10-08,,Credit Card,2022-10,2022,Saturday
TX02194,4114,Coat,153.0,2023-05-11,4.7,Cash,2023-05,2023,Thursday
TX02195,4100,Blazer,39.0,2022-11-04,2.9,Credit Card,2022-11,2022,Friday
TX02196,4073,Sunglasses,75.0,2023-08-08,2.9,Cash,2023-08,2023,Tuesday
TX02197,3957,Backpack,157.0,2023-06-02,5.0,Cash,2023-06,2023,Friday
TX02198,4066,Skirt,123.0,2023-08-03,3.7,Credit Card,2023-08,2023,Thursday
TX02199,4121,Pants,154.0,2023-06-07,,Credit Card,2023-06,2023,Wednesday
TX02200,3970,Overalls,72.0,2023-07-23,2.5,Credit Card,2023-07,2023,Sunday
TX02201,4039,Skirt,127.0,2023-06-08,2.7,Credit Card,2023-06,2023,Thursday
TX02202,4067,Poncho,160.0,2022-12-10,4.9,Credit Card,2022-12,2022,Saturday
TX02203,4061,Shorts,133.0,2023-02-18,2.9,Cash,2023-02,2023,Saturday
TX02204,4089,Overalls,66.0,2023-07-13,4.6,Cash,2023-07,2023,Thursday
TX02205,4076,Hat,68.0,2023-02-16,2.2,Credit Card,2023-02,2023,Thursday
TX02206,4083,Sneakers,115.0,2022-11-27,3.9,Credit Card,2022-11,2022,Sunday
TX02207,4049,Jeans,142.0,2023-01-17,3.3,Cash,2023-01,2023,Tuesday
TX02208,4089,Onesie,189.0,2023-04-05,,Credit Card,2023-04,2023,Wednesday
TX02209,3968,Wallet,73.0,2023-04-19,2.2,Cash,2023-04,2023,Wednesday
TX02210,4014,Flannel Shirt,112.0,2023-08-10,,Credit Card,2023-08,2023,Thursday
TX02211,3969,Bowtie,97.0,2023-02-17,2.7,Credit Card,2023-02,2023,Friday
TX02212,4064,Sandals,131.0,2022-10-08,3.7,Cash,2022-10,2022,Saturday
TX02213,4093,Shorts,65.0,2023-03-03,2.6,Cash,2023-03,2023,Friday
TX02214,4071,Sun Hat,78.0,2023-03-13,4.7,Cash,2023-03,2023,Monday
TX02215,3958,Raincoat,58.0,2023-05-27,3.1,Credit Card,2023-05,2023,Saturday
TX02216,4057,Belt,61.0,2023-01-14,1.3,Credit Card,2023-01,2023,Saturday
TX02217,4006,Scarf,71.0,2023-04-01,3.6,Cash,2023-04,2023,Saturday
TX02218,4042,Pants,62.0,2023-04-13,4.6,Credit Card,2023-04,2023,Thursday
TX02219,3977,Vest,73.0,2023-09-20,4.3,Credit Card,2023-09,2023,Wednesday
TX02220,4103,Trench Coat,101.0,2023-06-10,1.8,Cash,2023-06,2023,Saturday
TX02221,4065,Trousers,183.0,2022-10-09,3.0,Cash,2022-10,2022,Sunday
TX02222,3976,Sweater,136.0,2023-07-22,3.4,Credit Card,2023-07,2023,Saturday
TX02223,4020,Bowtie,148.0,2023-03-15,2.7,Cash,2023-03,2023,Wednesday
TX02224,4007,Sneakers,133.0,2023-06-14,4.5,Credit Card,2023-06,2023,Wednesday
TX02225,3999,Swimsuit,90.0,2023-08-25,4.5,Credit Card,2023-08,2023,Friday
TX02226,4041,Skirt,157.0,2023-08-25,1.7,Credit Card,2023-08,2023,Friday
TX02227,4036,Sweater,135.0,2023-01-24,2.3,Cash,2023-01,2023,Tuesday
TX02228,4117,Pajamas,140.0,2023-02-07,4.0,Credit Card,2023-02,2023,Tuesday
TX02229,4117,Camisole,66.0,2023-09-13,1.1,Credit Card,2023-09,2023,Wednesday
TX02230,3981,Belt,42.0,2022-10-11,3.4,Credit Card,2022-10,2022,Tuesday
TX02231,4079,Cardigan,132.0,2023-07-28,5.0,Cash,2023-07,2023,Friday
TX02232,4067,Socks,18.0,2023-08-19,3.8,Credit Card,2023-08,2023,Saturday
TX02233,3963,Vest,110.0,2023-07-09,4.8,Cash,2023-07,2023,Sunday
TX02234,4108,Hat,54.0,2022-10-25,2.6,Credit Card,2022-10,2022,Tuesday
TX02235,4117,Loafers,40.0,2022-12-12,1.6,Cash,2022-12,2022,Monday
TX02236,4042,Sneakers,127.0,2023-09-03,2.5,Cash,2023-09,2023,Sunday
TX02237,4021,Flannel Shirt,12.0,2023-05-11,,Credit Card,2023-05,2023,Thursday
TX02238,3984,Kimono,158.0,2022-12-27,1.7,Credit Card,2022-12,2022,Tuesday
TX02239,4018,Belt,76.0,2023-02-07,5.0,Cash,2023-02,2023,Tuesday
TX02240,3970,Umbrella,78.0,2022-12-16,,Cash,2022-12,2022,Friday
TX02241,4042,Sweater,166.0,2023-08-31,5.0,Cash,2023-08,2023,Thursday
TX02242,4090,Backpack,57.0,2022-10-24,3.7,Credit Card,2022-10,2022,Monday
TX02243,4017,Boots,63.0,2023-01-29,1.6,Cash,2023-01,2023,Sunday
TX02244,3975,Shorts,105.0,2022-11-17,,Credit Card,2022-11,2022,Thursday
TX02245,4110,Gloves,112.0,2023-04-01,4.7,Credit Card,2023-04,2023,Saturday
TX02246,4115,Shorts,56.0,2023-06-30,,Credit Card,2023-06,2023,Friday
TX02247,4069,Sweater,157.0,2023-08-05,2.3,Cash,2023-08,2023,Saturday
TX02248,3981,Dress,35.0,2022-12-12,2.8,Credit Card,2022-12,2022,Monday
TX02249,4117,Sunglasses,70.0,2023-03-21,1.2,Cash,2023-03,2023,Tuesday
TX02250,4071,Sneakers,107.0,2023-06-25,4.1,Cash,2023-06,2023,Sunday
TX02251,3988,Jacket,199.0,2023-08-10,2.2,Credit Card,2023-08,2023,Thursday
TX02252,3972,Skirt,55.0,2023-05-29,4.6,Credit Card,2023-05,2023,Monday
TX02253,3965,Sneakers,44.0,2023-01-07,,Credit Card,2023-01,2023,Saturday
TX02254,4053,Gloves,171.0,2023-03-10,1.1,Credit Card,2023-03,2023,Friday
TX02255,4037,Flip-Flops,194.0,2022-12-19,3.9,Cash,2022-12,2022,Monday
TX02256,3973,Tank Top,134.0,2022-10-22,3.2,Cash,2022-10,2022,Saturday
TX02257,3989,Romper,153.0,2023-01-26,3.4,Credit Card,2023-01,2023,Thursday
TX02258,3972,Vest,22.0,2022-11-20,3.0,Credit Card,2022-11,2022,Sunday
TX02259,4070,Vest,186.0,2023-07-17,1.5,Cash,2023-07,2023,Monday
TX02260,4034,Skirt,75.0,2023-09-07,3.0,Credit Card,2023-09,2023,Thursday
TX02261,4113,Gloves,171.0,2023-05-25,3.6,Cash,2023-05,2023,Thursday
TX02262,4067,Tank Top,76.0,2023-02-25,2.8,Credit Card,2023-02,2023,Saturday
TX02263,3973,Sneakers,153.0,2023-07-01,4.7,Cash,2023-07,2023,Saturday
TX02264,3983,Kimono,75.0,2023-05-13,2.8,Credit Card,2023-05,2023,Saturday
TX02265,3971,Scarf,115.0,2023-05-25,1.7,Credit Card,2023-05,2023,Thursday
TX02266,3970,Scarf,165.0,2023-08-10,1.8,Credit Card,2023-08,2023,Thursday
TX02267,4054,Handbag,176.0,2022-11-29,,Credit Card,2022-11,2022,Tuesday
TX02268,4059,Cardigan,82.0,2023-09-03,2.1,Cash,2023-09,2023,Sunday
TX02269,3981,Romper,182.0,2023-03-09,4.9,Cash,2023-03,2023,Thursday
TX02270,4115,Loafers,198.0,2022-11-05,,Cash,2022-11,2022,Saturday
TX02271,4062,Cardigan,30.0,2023-06-21,4.9,Cash,2023-06,2023,Wednesday
TX02272,4016,Camisole,83.0,2023-05-07,3.1,Credit Card,2023-05,2023,Sunday
TX02273,4110,T-shirt,47.0,2023-02-15,1.6,Cash,2023-02,2023,Wednesday
TX02274,4116,Skirt,173.0,2023-09-18,4.7,Credit Card,2023-09,2023,Monday
TX02275,3959,Hat,96.0,2023-06-26,3.9,Credit Card,2023-06,2023,Monday
TX02276,4073,Trench Coat,166.0,2022-12-22,4.3,Credit Card,2022-12,2022,Thursday
TX02277,4055,Tank Top,28.0,2023-01-13,3.3,Cash,2023-01,2023,Friday
TX02278,4066,Onesie,90.0,2023-06-15,3.1,Cash,2023-06,2023,Thursday
TX02279,4115,Poncho,84.0,2023-06-26,1.0,Credit Card,2023-06,2023,Monday
TX02280,4115,Blazer,164.0,2022-12-07,3.7,Credit Card,2022-12,2022,Wednesday
TX02281,3982,Tank Top,79.0,2023-08-08,2.5,Credit Card,2023-08,2023,Tuesday
TX02282,4043,Boots,102.0,2023-03-14,4.5,Cash,2023-03,2023,Tuesday
TX02283,3963,Coat,143.0,2023-08-26,4.5,Cash,2023-08,2023,Saturday
TX02284,4073,Leggings,115.0,2023-06-25,2.6,Credit Card,2023-06,2023,Sunday
TX02285,4041,Jacket,42.0,2023-09-23,1.2,Cash,2023-09,2023,Saturday
TX02286,4107,Coat,179.0,2023-06-22,1.7,Credit Card,2023-06,2023,Thursday
TX02287,4006,Hat,200.0,2023-02-20,1.7,Credit Card,2023-02,2023,Monday
TX02288,3984,Trousers,30.0,2022-11-25,4.4,Cash,2022-11,2022,Friday
TX02289,3983,Overalls,111.0,2023-07-21,1.7,Cash,2023-07,2023,Friday
TX02290,3974,Wallet,150.0,2023-02-04,3.4,Credit Card,2023-02,2023,Saturday
TX02291,4006,Belt,144.0,2023-01-22,3.7,Credit Card,2023-01,2023,Sunday
TX02292,4103,Trousers,31.0,2022-12-27,4.4,Credit Card,2022-12,2022,Tuesday
TX02293,4120,Hat,31.0,2022-10-17,4.8,Credit Card,2022-10,2022,Monday
TX02294,4087,Sandals,109.0,2023-08-27,4.6,Credit Card,2023-08,2023,Sunday
TX02295,4022,Jacket,73.0,2023-04-04,1.4,Cash,2023-04,2023,Tuesday
TX02296,4047,Coat,123.0,2023-07-09,2.0,Credit Card,2023-07,2023,Sunday
TX02297,4064,Umbrella,43.0,2023-04-12,4.7,Credit Card,2023-04,2023,Wednesday
TX02298,4080,Tunic,53.0,2023-08-16,4.0,Cash,2023-08,2023,Wednesday
TX02299,4070,Loafers,93.0,2022-12-25,4.8,Cash,2022-12,2022,Sunday
TX02300,4004,Raincoat,129.0,2023-05-25,4.9,Cash,2023-05,2023,Thursday
TX02301,4019,Onesie,148.0,2023-05-05,4.8,Cash,2023-05,2023,Friday
TX02302,3992,Slippers,150.0,2023-06-05,3.8,Cash,2023-06,2023,Monday
TX02303,3968,T-shirt,188.0,2023-02-28,3.4,Cash,2023-02,2023,Tuesday
TX02304,3972,Kimono,161.0,2023-06-23,1.4,Cash,2023-06,2023,Friday
TX02305,3989,Boots,171.0,2023-01-17,4.8,Credit Card,2023-01,2023,Tuesday
TX02306,4036,Onesie,154.0,2022-11-21,3.8,Credit Card,2022-11,2022,Monday
TX02307,4106,Shorts,173.0,2023-05-17,1.1,Cash,2023-05,2023,Wednesday
TX02308,4068,Dress,89.0,2023-01-08,3.1,Cash,2023-01,2023,Sunday
TX02309,4088,Jeans,133.0,2023-09-25,4.8,Credit Card,2023-09,2023,Monday
TX02310,4048,Sunglasses,32.0,2022-10-03,1.1,Credit Card,2022-10,2022,Monday
TX02311,4036,Umbrella,103.0,2023-04-16,3.0,Cash,2023-04,2023,Sunday
TX02312,4106,Cardigan,49.0,2023-04-26,4.3,Cash,2023-04,2023,Wednesday
TX02313,4095,Gloves,10.0,2023-01-03,1.8,Cash,2023-01,2023,Tuesday
TX02314,3994,Flannel Shirt,44.0,2023-07-31,1.5,Cash,2023-07,2023,Monday
TX02315,3994,Trench Coat,130.0,2023-01-19,3.0,Credit Card,2023-01,2023,Thursday
TX02316,4077,Coat,186.0,2023-09-03,4.7,Credit Card,2023-09,2023,Sunday
TX02317,4036,Tunic,132.0,2023-08-26,2.9,Cash,2023-08,2023,Saturday
TX02318,4111,Pants,120.0,2023-09-15,1.2,Credit Card,2023-09,2023,Friday
TX02319,4044,Jumpsuit,162.0,2022-11-15,3.8,Credit Card,2022-11,2022,Tuesday
TX02320,4031,Skirt,11.0,2023-04-10,2.1,Credit Card,2023-04,2023,Monday
TX02321,4051,Skirt,58.0,2022-11-18,,Cash,2022-11,2022,Friday
TX02322,3959,Blazer,153.0,2023-06-30,1.8,Cash,2023-06,2023,Friday
TX02323,4089,Poncho,73.0,2022-11-17,2.3,Credit Card,2022-11,2022,Thursday
TX02324,3994,Bowtie,109.0,2023-07-05,1.4,Cash,2023-07,2023,Wednesday
TX02325,3971,Kimono,66.0,2023-06-15,2.5,Cash,2023-06,2023,Thursday
TX02326,4017,Poncho,118.0,2022-12-17,4.3,Credit Card,2022-12,2022,Saturday
TX02327,4086,Raincoat,142.0,2023-03-01,4.4,Credit Card,2023-03,2023,Wednesday
TX02328,4100,Polo Shirt,166.0,2022-12-16,2.0,Cash,2022-12,2022,Friday
TX02329,3970,Sandals,185.0,2023-04-15,4.4,Credit Card,2023-04,2023,Saturday
TX02330,4065,Wallet,176.0,2023-04-05,,Cash,2023-04,2023,Wednesday
TX02331,4045,Kimono,78.0,2023-03-25,2.1,Credit Card,2023-03,2023,Saturday
TX02332,4007,Sandals,27.0,2023-07-17,3.8,Credit Card,2023-07,2023,Monday
TX02333,4120,Overalls,173.0,2023-05-02,4.2,Credit Card,2023-05,2023,Tuesday
TX02334,4008,T-shirt,125.0,2023-08-16,,Cash,2023-08,2023,Wednesday
TX02335,3974,Raincoat,169.0,2023-07-09,2.8,Cash,2023-07,2023,Sunday
TX02336,4044,Blazer,92.0,2023-08-01,4.8,Cash,2023-08,2023,Tuesday
TX02337,4076,Flannel Shirt,57.0,2022-12-19,1.5,Credit Card,2022-12,2022,Monday
TX02338,4110,Jumpsuit,82.0,2023-01-30,2.1,Credit Card,2023-01,2023,Monday
TX02339,4041,Wallet,193.0,2022-12-09,4.4,Credit Card,2022-12,2022,Friday
TX02340,4105,Loafers,12.0,2023-05-25,4.4,Credit Card,2023-05,2023,Thursday
TX02341,4101,Onesie,48.0,2022-12-14,1.7,Cash,2022-12,2022,Wednesday
TX02342,4114,Sneakers,117.0,2023-09-01,4.2,Cash,2023-09,2023,Friday
TX02343,4033,Umbrella,137.0,2023-06-01,1.2,Cash,2023-06,2023,Thursday
TX02344,4064,Flannel Shirt,128.0,2022-12-01,4.1,Credit Card,2022-12,2022,Thursday
TX02345,4041,Camisole,18.0,2023-05-20,4.2,Credit Card,2023-05,2023,Saturday
TX02346,3998,Handbag,47.0,2023-08-17,2.8,Credit Card,2023-08,2023,Thursday
TX02347,4073,Pants,28.0,2023-07-25,2.4,Credit Card,2023-07,2023,Tuesday
TX02348,3967,Tie,56.0,2022-10-15,4.0,Credit Card,2022-10,2022,Saturday
TX02349,4013,Wallet,107.0,2022-12-28,3.4,Cash,2022-12,2022,Wednesday
TX02350,3957,Pants,41.0,2023-01-26,4.2,Credit Card,2023-01,2023,Thursday
TX02351,4120,Raincoat,192.0,2023-05-31,3.9,Credit Card,2023-05,2023,Wednesday
TX02352,4014,Kimono,123.0,2023-09-14,1.7,Cash,2023-09,2023,Thursday
TX02353,4015,Jeans,18.0,2023-07-22,4.8,Cash,2023-07,2023,Saturday
TX02354,4116,Sunglasses,34.0,2022-10-20,2.7,Credit Card,2022-10,2022,Thursday
TX02355,4011,Poncho,63.0,2023-09-29,1.5,Credit Card,2023-09,2023,Friday
TX02356,4018,Tank Top,184.0,2023-05-09,4.5,Credit Card,2023-05,2023,Tuesday
TX02357,4080,Belt,92.0,2023-03-12,,Credit Card,2023-03,2023,Sunday
TX02358,4053,Scarf,200.0,2023-07-06,3.6,Credit Card,2023-07,2023,Thursday
TX02359,4009,Poncho,143.0,2023-08-19,4.8,Cash,2023-08,2023,Saturday
TX02360,4004,Socks,86.0,2023-05-19,4.3,Cash,2023-05,2023,Friday
TX02361,4049,Handbag,180.0,2023-09-10,,Cash,2023-09,2023,Sunday
TX02362,3959,Skirt,38.0,2023-07-11,,Credit Card,2023-07,2023,Tuesday
TX02363,3975,Sneakers,121.0,2023-02-22,1.1,Credit Card,2023-02,2023,Wednesday
TX02364,4048,Handbag,52.0,2023-05-28,3.5,Credit Card,2023-05,2023,Sunday
TX02365,3964,Umbrella,159.0,2023-05-18,1.7,Credit Card,2023-05,2023,Thursday
TX02366,3986,Bowtie,12.0,2023-03-16,3.1,Credit Card,2023-03,2023,Thursday
TX02367,3993,Flannel Shirt,158.0,2023-09-27,3.3,Cash,2023-09,2023,Wednesday
TX02368,4031,Hat,131.0,2023-02-11,3.0,Credit Card,2023-02,2023,Saturday
TX02369,4069,Sandals,49.0,2022-11-07,4.4,Cash,2022-11,2022,Monday
TX02370,4006,Umbrella,32.0,2023-08-19,1.9,Credit Card,2023-08,2023,Saturday
TX02371,4118,Raincoat,137.0,2023-05-17,3.5,Credit Card,2023-05,2023,Wednesday
TX02372,4049,Vest,170.0,2023-06-13,1.6,Cash,2023-06,2023,Tuesday
TX02373,3964,Tie,49.0,2023-03-11,3.1,Credit Card,2023-03,2023,Saturday
TX02374,4007,Sneakers,37.0,2023-01-13,1.7,Credit Card,2023-01,2023,Friday
TX02375,4029,Socks,152.0,2023-06-27,3.1,Credit Card,2023-06,2023,Tuesday
TX02376,4001,Dress,98.0,2022-11-10,1.7,Cash,2022-11,2022,Thursday
TX02377,4013,Slippers,122.0,2023-07-07,4.3,Cash,2023-07,2023,Friday
TX02378,4024,Flannel Shirt,15.0,2023-07-05,1.8,Credit Card,2023-07,2023,Wednesday
TX02379,4001,Tank Top,101.0,2023-08-17,,Cash,2023-08,2023,Thursday
TX02380,4043,Trousers,74.0,2023-09-17,1.6,Credit Card,2023-09,2023,Sunday
TX02381,4098,Flip-Flops,134.0,2022-10-22,1.0,Cash,2022-10,2022,Saturday
TX02382,4019,Shorts,153.0,2023-05-21,1.4,Cash,2023-05,2023,Sunday
TX02383,4002,Belt,188.0,2023-01-17,1.0,Credit Card,2023-01,2023,Tuesday
TX02384,4007,Overalls,155.0,2023-05-26,,Cash,2023-05,2023,Friday
TX02385,4002,Raincoat,197.0,2022-11-04,3.9,Cash,2022-11,2022,Friday
TX02386,4024,Cardigan,163.0,2023-03-31,1.1,Cash,2023-03,2023,Friday
TX02387,3982,Shorts,151.0,2023-07-27,2.9,Credit Card,2023-07,2023,Thursday
TX02388,3992,Kimono,125.0,2023-03-15,4.1,Credit Card,2023-03,2023,Wednesday
TX02389,4054,Umbrella,77.0,2023-06-11,2.9,Credit Card,2023-06,2023,Sunday
TX02390,3985,Pants,126.0,2023-08-06,4.0,Cash,2023-08,2023,Sunday
TX02391,4010,Umbrella,107.0,2023-07-14,2.5,Credit Card,2023-07,2023,Friday
TX02392,4035,Pants,14.0,2023-07-26,4.8,Cash,2023-07,2023,Wednesday
TX02393,4073,Flannel Shirt,103.0,2023-03-05,3.5,Credit Card,2023-03,2023,Sunday
TX02394,4018,Cardigan,71.0,2023-04-09,4.1,Credit Card,2023-04,2023,Sunday
TX02395,4051,Flip-Flops,26.0,2023-06-20,2.8,Credit Card,2023-06,2023,Tuesday
TX02396,4052,Sun Hat,147.0,2023-08-09,3.2,Cash,2023-08,2023,Wednesday
TX02397,4000,Wallet,58.0,2023-10-01,2.6,Credit Card,2023-10,2023,Sunday
TX02398,4091,Coat,137.0,2023-08-19,1.7,Credit Card,2023-08,2023,Saturday
TX02399,4116,Blazer,49.0,2023-04-19,1.5,Credit Card,2023-04,2023,Wednesday
TX02400,4068,Kimono,92.0,2022-12-26,1.3,Cash,2022-12,2022,Monday
TX02401,3973,Cardigan,92.0,2023-04-27,1.8,Credit Card,2023-04,2023,Thursday
TX02402,3993,Cardigan,27.0,2023-01-17,3.6,Cash,2023-01,2023,Tuesday
TX02403,4005,Overalls,55.0,2023-02-13,2.3,Credit Card,2023-02,2023,Monday
TX02404,4006,Dress,61.0,2023-07-10,3.3,Cash,2023-07,2023,Monday
TX02405,4038,Shorts,109.0,2023-01-15,3.6,Cash,2023-01,2023,Sunday
TX02406,4110,Sweater,144.0,2023-06-27,3.6,Credit Card,2023-06,2023,Tuesday
TX02407,4066,Kimono,161.0,2022-10-13,3.2,Credit Card,2022-10,2022,Thursday
TX02408,4119,Blazer,103.0,2022-12-20,1.7,Cash,2022-12,2022,Tuesday
TX02409,4019,T-shirt,193.0,2022-10-10,3.8,Credit Card,2022-10,2022,Monday
TX02410,4114,Raincoat,63.0,2023-06-04,1.8,Credit Card,2023-06,2023,Sunday
TX02411,4107,Wallet,30.0,2023-04-24,2.2,Cash,2023-04,2023,Monday
TX02412,4005,T-shirt,173.0,2022-11-11,3.0,Cash,2022-11,2022,Friday
TX02413,4032,Sandals,116.0,2023-01-31,1.9,Credit Card,2023-01,2023,Tuesday
TX02414,3995,Blouse,191.0,2023-08-01,2.2,Cash,2023-08,2023,Tuesday
TX02415,4020,Cardigan,145.0,2023-09-15,2.0,Cash,2023-09,2023,Friday
TX02416,4028,Jumpsuit,65.0,2022-11-29,2.8,Cash,2022-11,2022,Tuesday
TX02417,3989,Sun Hat,34.0,2023-08-21,4.4,Cash,2023-08,2023,Monday
TX02418,4106,Hoodie,108.0,2023-08-06,1.3,Cash,2023-08,2023,Sunday
TX02419,4010,Sneakers,73.0,2023-08-21,4.6,Credit Card,2023-08,2023,Monday
TX02420,3977,Pants,55.0,2023-03-21,3.1,Credit Card,2023-03,2023,Tuesday
TX02421,4077,Camisole,152.0,2022-11-16,1.5,Credit Card,2022-11,2022,Wednesday
TX02422,4114,Socks,37.0,2023-07-09,4.6,Credit Card,2023-07,2023,Sunday
TX02423,3973,Belt,157.0,2023-07-08,3.3,Cash,2023-07,2023,Saturday
TX02424,3999,Slippers,127.0,2022-11-22,4.7,Credit Card,2022-11,2022,Tuesday
TX02425,4087,Hoodie,119.0,2022-12-20,1.6,Credit Card,2022-12,2022,Tuesday
TX02426,4056,Cardigan,52.0,2023-07-19,4.0,Credit Card,2023-07,2023,Wednesday
TX02427,4122,Gloves,150.0,2023-08-29,,Credit Card,2023-08,2023,Tuesday
TX02428,4087,Dress,96.0,2023-07-05,2.6,Credit Card,2023-07,2023,Wednesday
TX02429,4052,Onesie,146.0,2023-06-26,4.5,Credit Card,2023-06,2023,Monday
TX02430,4084,Raincoat,123.0,2023-08-27,1.7,Cash,2023-08,2023,Sunday
TX02431,4089,Boots,90.0,2023-04-18,2.1,Cash,2023-04,2023,Tuesday
TX02432,4075,Umbrella,93.0,2023-09-02,3.4,Credit Card,2023-09,2023,Saturday
TX02433,4002,Handbag,115.0,2022-11-21,4.5,Credit Card,2022-11,2022,Monday
TX02434,4039,Pajamas,120.0,2023-06-20,3.0,Cash,2023-06,2023,Tuesday
TX02435,4052,Belt,92.0,2022-12-09,2.4,Credit Card,2022-12,2022,Friday
TX02436,4091,Vest,154.0,2022-10-15,4.0,Credit Card,2022-10,2022,Saturday
TX02437,4080,Skirt,106.0,2023-08-30,2.5,Cash,2023-08,2023,Wednesday
TX02438,4083,Sandals,200.0,2023-06-09,1.7,Credit Card,2023-06,2023,Friday
TX02439,4078,Blazer,125.0,2022-10-05,2.6,Cash,2022-10,2022,Wednesday
TX02440,4025,Loafers,111.0,2023-04-25,,Cash,2023-04,2023,Tuesday
TX02441,4120,Sunglasses,14.0,2022-10-20,2.1,Cash,2022-10,2022,Thursday
TX02442,4106,Belt,87.0,2022-12-01,4.7,Credit Card,2022-12,2022,Thursday
TX02443,4010,Leggings,64.0,2023-05-22,3.3,Credit Card,2023-05,2023,Monday
TX02444,4013,Slippers,15.0,2023-07-29,1.3,Cash,2023-07,2023,Saturday
TX02445,4008,Blouse,186.0,2022-12-08,1.7,Cash,2022-12,2022,Thursday
TX02446,4072,Umbrella,151.0,2023-01-22,3.9,Credit Card,2023-01,2023,Sunday
TX02447,4017,Jumpsuit,156.0,2023-06-05,4.5,Credit Card,2023-06,2023,Monday
TX02448,4058,Socks,49.0,2022-12-16,,Cash,2022-12,2022,Friday
TX02449,4035,Blouse,49.0,2023-07-13,3.9,Credit Card,2023-07,2023,Thursday
TX02450,4053,Sun Hat,159.0,2023-04-18,,Cash,2023-04,2023,Tuesday
TX02451,4103,Socks,75.0,2023-07-12,2.9,Credit Card,2023-07,2023,Wednesday
TX02452,3997,Blazer,33.0,2023-08-08,3.9,Credit Card,2023-08,2023,Tuesday
TX02453,4052,Blazer,155.0,2023-01-28,3.4,Credit Card,2023-01,2023,Saturday
TX02454,4022,Hoodie,197.0,2023-01-24,1.0,Credit Card,2023-01,2023,Tuesday
TX02455,3978,Sunglasses,133.0,2023-09-28,3.4,Credit Card,2023-09,2023,Thursday
TX02456,3978,Overalls,186.0,2023-09-06,1.6,Cash,2023-09,2023,Wednesday
TX02457,4032,Polo Shirt,34.0,2023-05-13,,Credit Card,2023-05,2023,Saturday
TX02458,4070,Hat,86.0,2023-09-05,1.6,Credit Card,2023-09,2023,Tuesday
TX02459,4047,Belt,107.0,2023-08-09,3.8,Cash,2023-08,2023,Wednesday
TX02460,3967,Flannel Shirt,99.0,2023-02-03,4.0,Cash,2023-02,2023,Friday
TX02461,4076,Bowtie,121.0,2023-03-12,,Credit Card,2023-03,2023,Sunday
TX02462,4088,Tank Top,40.0,2022-10-24,2.6,Credit Card,2022-10,2022,Monday
TX02463,4116,Leggings,68.0,2023-05-05,1.7,Credit Card,2023-05,2023,Friday
TX02464,4043,Trench Coat,164.0,2023-06-10,3.9,Cash,2023-06,2023,Saturday
TX02465,4066,Umbrella,172.0,2023-03-18,3.9,Credit Card,2023-03,2023,Saturday
TX02466,4072,Romper,107.0,2023-05-25,4.7,Credit Card,2023-05,2023,Thursday
TX02467,4067,Overalls,91.0,2023-08-12,3.5,Cash,2023-08,2023,Saturday
TX02468,4061,Raincoat,48.0,2023-05-01,1.1,Cash,2023-05,2023,Monday
TX02469,4051,Belt,188.0,2023-06-24,2.7,Cash,2023-06,2023,Saturday
TX02470,4084,Overalls,22.0,2023-01-25,3.1,Credit Card,2023-01,2023,Wednesday
TX02471,4038,Tie,110.0,2023-01-07,2.8,Credit Card,2023-01,2023,Saturday
TX02472,4026,Tie,162.0,2023-03-24,4.2,Credit Card,2023-03,2023,Friday
TX02473,4054,Overalls,33.0,2023-04-01,1.4,Credit Card,2023-04,2023,Saturday
TX02474,3963,Jeans,84.0,2023-09-20,2.1,Credit Card,2023-09,2023,Wednesday
TX02475,4002,Sun Hat,47.0,2023-05-18,2.1,Credit Card,2023-05,2023,Thursday
TX02476,4024,Tie,22.0,2023-05-16,1.0,Credit Card,2023-05,2023,Tuesday
TX02477,4122,Hoodie,77.0,2023-01-30,4.9,Credit Card,2023-01,2023,Monday
TX02478,4048,Blouse,188.0,2022-12-28,4.4,Credit Card,2022-12,2022,Wednesday
TX02479,4085,Boots,134.0,2022-11-22,4.4,Credit Card,2022-11,2022,Tuesday
TX02480,4088,Slippers,156.0,2023-03-16,,Cash,2023-03,2023,Thursday
TX02481,4121,Swimsuit,198.0,2023-03-25,1.9,Credit Card,2023-03,2023,Saturday
TX02482,3977,Blouse,72.0,2023-08-21,3.4,Credit Card,2023-08,2023,Monday
TX02483,4015,Polo Shirt,92.0,2023-09-15,1.1,Cash,2023-09,2023,Friday
TX02484,3982,Sunglasses,157.0,2023-03-13,,Credit Card,2023-03,2023,Monday
TX02485,3975,Sweater,118.0,2023-09-13,2.7,Cash,2023-09,2023,Wednesday
TX02486,4049,Tunic,58.0,2022-10-18,2.3,Cash,2022-10,2022,Tuesday
TX02487,3966,Vest,162.0,2023-04-03,2.2,Cash,2023-04,2023,Monday
TX02488,4096,Blouse,88.0,2022-12-06,1.8,Credit Card,2022-12,2022,Tuesday
TX02489,4042,Wallet,123.0,2022-11-18,4.6,Cash,2022-11,2022,Friday
TX02490,4007,T-shirt,122.0,2023-06-27,1.1,Cash,2023-06,2023,Tuesday
TX02491,4021,Tunic,61.0,2023-08-14,2.4,Cash,2023-08,2023,Monday
TX02492,4034,Flannel Shirt,49.0,2023-08-06,1.9,Credit Card,2023-08,2023,Sunday
TX02493,4027,Overalls,31.0,2023-09-12,1.2,Credit Card,2023-09,2023,Tuesday
TX02494,3992,Sweater,47.0,2023-02-19,4.4,Credit Card,2023-02,2023,Sunday
TX02495,4096,Sneakers,83.0,2023-09-30,,Cash,2023-09,2023,Saturday
TX02496,3959,Skirt,38.0,2023-02-13,3.6,Credit Card,2023-02,2023,Monday
TX02497,4033,Trousers,130.0,2022-10-24,2.4,Credit Card,2022-10,2022,Monday
TX02498,4045,Skirt,147.0,2023-04-08,3.7,Cash,2023-04,2023,Saturday
TX02499,4060,Cardigan,149.0,2023-06-19,1.9,Credit Card,2023-06,2023,Monday
TX02500,4060,Sunglasses,76.0,2023-07-04,2.1,Credit Card,2023-07,2023,Tuesday
TX02501,4105,Onesie,169.0,2023-01-17,1.5,Cash,2023-01,2023,Tuesday
TX02502,3960,Tank Top,46.0,2022-11-24,4.6,Cash,2022-11,2022,Thursday
TX02503,4077,Trousers,181.0,2022-11-10,3.0,Credit Card,2022-11,2022,Thursday
TX02504,3995,Shorts,179.0,2022-11-03,4.6,Cash,2022-11,2022,Thursday
TX02505,4058,Poncho,75.0,2023-03-08,1.3,Credit Card,2023-03,2023,Wednesday
TX02506,4015,Umbrella,188.0,2022-10-28,2.5,Credit Card,2022-10,2022,Friday
TX02507,4010,Trench Coat,23.0,2023-08-31,1.7,Cash,2023-08,2023,Thursday
TX02508,4078,Poncho,12.0,2023-09-26,2.9,Cash,2023-09,2023,Tuesday
TX02509,4089,Sweater,179.0,2022-12-19,2.7,Cash,2022-12,2022,Monday
TX02510,4107,Tank Top,178.0,2023-01-26,3.2,Cash,2023-01,2023,Thursday
TX02511,4098,Scarf,37.0,2023-08-29,4.2,Credit Card,2023-08,2023,Tuesday
TX02512,4075,Pants,176.0,2022-10-27,,Cash,2022-10,2022,Thursday
TX02513,4044,Sun Hat,107.0,2023-01-11,4.2,Credit Card,2023-01,2023,Wednesday
TX02514,3978,Poncho,191.0,2023-04-25,1.4,Credit Card,2023-04,2023,Tuesday
TX02515,4005,Blouse,162.0,2023-05-17,,Credit Card,2023-05,2023,Wednesday
TX02516,4066,Gloves,57.0,2022-11-29,3.1,Cash,2022-11,2022,Tuesday
TX02517,4010,Handbag,153.0,2023-08-19,3.7,Credit Card,2023-08,2023,Saturday
TX02518,4069,Pants,15.0,2023-04-21,1.6,Cash,2023-04,2023,Friday
TX02519,4099,Handbag,88.0,2023-08-06,4.9,Cash,2023-08,2023,Sunday
TX02520,3964,Blazer,110.0,2022-11-09,2.9,Cash,2022-11,2022,Wednesday
TX02521,4052,Camisole,14.0,2022-10-21,1.2,Cash,2022-10,2022,Friday
TX02522,3992,T-shirt,100.0,2023-07-27,2.0,Credit Card,2023-07,2023,Thursday
TX02523,4104,Kimono,87.0,2023-08-25,1.9,Credit Card,2023-08,2023,Friday
TX02524,3989,Flip-Flops,138.0,2023-05-14,,Cash,2023-05,2023,Sunday
TX02525,4035,Tank Top,25.0,2023-05-20,,Credit Card,2023-05,2023,Saturday
TX02526,3959,Socks,109.0,2023-08-14,2.4,Cash,2023-08,2023,Monday
TX02527,4084,Shorts,17.0,2023-05-18,2.1,Cash,2023-05,2023,Thursday
TX02528,4047,Jacket,81.0,2023-07-04,4.2,Cash,2023-07,2023,Tuesday
TX02529,4043,T-shirt,97.0,2022-10-29,3.8,Cash,2022-10,2022,Saturday
TX02530,4014,Pants,178.0,2022-12-13,,Cash,2022-12,2022,Tuesday
TX02531,4065,Shorts,143.0,2023-08-25,3.1,Cash,2023-08,2023,Friday
TX02532,4060,Flannel Shirt,166.0,2023-03-05,2.7,Credit Card,2023-03,2023,Sunday
TX02533,4094,Skirt,185.0,2023-08-19,2.0,Credit Card,2023-08,2023,Saturday
TX02534,4033,Boots,71.0,2023-02-15,,Credit Card,2023-02,2023,Wednesday
TX02535,4040,Scarf,119.0,2023-04-02,1.0,Credit Card,2023-04,2023,Sunday
TX02536,4107,Skirt,164.0,2023-05-08,3.7,Cash,2023-05,2023,Monday
TX02537,3962,Onesie,148.0,2023-06-21,1.8,Credit Card,2023-06,2023,Wednesday
TX02538,3965,Trench Coat,158.0,2023-02-13,2.8,Cash,2023-02,2023,Monday
TX02539,3992,Bowtie,61.0,2023-04-30,2.7,Credit Card,2023-04,2023,Sunday
TX02540,3996,Vest,89.0,2023-06-01,4.3,Cash,2023-06,2023,Thursday
TX02541,4041,Sweater,144.0,2023-07-23,,Cash,2023-07,2023,Sunday
TX02542,4102,Shorts,120.0,2023-03-01,3.1,Cash,2023-03,2023,Wednesday
TX02543,4118,Blazer,47.0,2022-10-14,3.8,Credit Card,2022-10,2022,Friday
TX02544,4111,Vest,154.0,2023-01-28,1.1,Credit Card,2023-01,2023,Saturday
TX02545,4112,Onesie,91.0,2023-05-06,2.6,Credit Card,2023-05,2023,Saturday
TX02546,4057,Boots,194.0,2023-03-03,3.4,Cash,2023-03,2023,Friday
TX02547,4009,Sandals,47.0,2022-11-04,,Cash,2022-11,2022,Friday
TX02548,4057,Flip-Flops,91.0,2023-05-11,3.7,Credit Card,2023-05,2023,Thursday
TX02549,3973,Umbrella,115.0,2023-01-21,2.0,Cash,2023-01,2023,Saturday
TX02550,4093,Bowtie,87.0,2022-12-09,,Cash,2022-12,2022,Friday
TX02551,4055,Wallet,173.0,2023-08-11,3.3,Cash,2023-08,2023,Friday
TX02552,4005,Flip-Flops,80.0,2023-03-14,4.8,Credit Card,2023-03,2023,Tuesday
TX02553,4072,Jeans,167.0,2023-09-05,5.0,Cash,2023-09,2023,Tuesday
TX02554,4120,Hat,155.0,2023-01-16,,Cash,2023-01,2023,Monday
TX02555,4034,Pants,162.0,2022-12-01,1.2,Cash,2022-12,2022,Thursday
TX02556,3980,Poncho,185.0,2023-04-01,3.0,Credit Card,2023-04,2023,Saturday
TX02557,4098,Coat,44.0,2023-04-07,2.6,Credit Card,2023-04,2023,Friday
TX02558,4002,Trench Coat,164.0,2023-05-21,5.0,Credit Card,2023-05,2023,Sunday
TX02559,3965,Poncho,176.0,2023-09-28,3.6,Cash,2023-09,2023,Thursday
TX02560,4111,Tank Top,109.0,2022-12-23,3.4,Cash,2022-12,2022,Friday
TX02561,4082,Polo Shirt,45.0,2023-08-05,4.3,Cash,2023-08,2023,Saturday
TX02562,4004,Onesie,114.0,2023-09-09,2.6,Credit Card,2023-09,2023,Saturday
TX02563,4007,Onesie,13.0,2022-12-16,1.4,Credit Card,2022-12,2022,Friday
TX02564,3974,Cardigan,115.0,2023-09-06,2.1,Cash,2023-09,2023,Wednesday
TX02565,4055,Cardigan,181.0,2023-05-14,,Credit Card,2023-05,2023,Sunday
TX02566,4029,Wallet,62.0,2023-01-29,2.1,Credit Card,2023-01,2023,Sunday
TX02567,4016,Slippers,122.0,2023-06-19,1.7,Cash,2023-06,2023,Monday
TX02568,4031,Kimono,135.0,2023-04-21,4.9,Credit Card,2023-04,2023,Friday
TX02569,4091,Swimsuit,127.0,2023-07-15,3.4,Credit Card,2023-07,2023,Saturday
TX02570,3974,Wallet,119.0,2023-01-16,4.6,Cash,2023-01,2023,Monday
TX02571,4073,Sneakers,20.0,2023-09-30,2.8,Credit Card,2023-09,2023,Saturday
TX02572,3971,Vest,107.0,2022-10-21,,Cash,2022-10,2022,Friday
TX02573,4051,Pajamas,110.0,2022-12-10,4.6,Credit Card,2022-12,2022,Saturday
TX02574,4089,Tank Top,200.0,2023-07-18,2.7,Cash,2023-07,2023,Tuesday
TX02575,3959,Skirt,147.0,2022-11-16,3.6,Cash,2022-11,2022,Wednesday
TX02576,4000,Overalls,190.0,2023-03-20,,Credit Card,2023-03,2023,Monday
TX02577,4040,Tie,143.0,2023-07-15,3.1,Credit Card,2023-07,2023,Saturday
TX02578,4057,Pants,20.0,2023-09-28,1.4,Cash,2023-09,2023,Thursday
TX02579,3997,Jeans,72.0,2023-09-05,,Credit Card,2023-09,2023,Tuesday
TX02580,3985,Cardigan,111.0,2023-03-06,3.7,Cash,2023-03,2023,Monday
TX02581,3990,Overalls,20.0,2023-08-26,,Cash,2023-08,2023,Saturday
TX02582,4094,Shorts,142.0,2022-12-24,3.5,Cash,2022-12,2022,Saturday
TX02583,4064,Sunglasses,22.0,2023-01-26,,Credit Card,2023-01,2023,Thursday
TX02584,3974,T-shirt,87.0,2022-12-30,4.2,Credit Card,2022-12,2022,Friday
TX02585,4056,Slippers,83.0,2023-03-04,3.7,Credit Card,2023-03,2023,Saturday
TX02586,4009,Blazer,118.0,2022-11-17,3.3,Credit Card,2022-11,2022,Thursday
TX02587,3990,Dress,23.0,2023-04-12,4.5,Credit Card,2023-04,2023,Wednesday
TX02588,4009,Backpack,46.0,2023-04-10,2.8,Credit Card,2023-04,2023,Monday
TX02589,4036,Backpack,175.0,2022-11-06,1.4,Credit Card,2022-11,2022,Sunday
TX02590,4067,Wallet,194.0,2023-07-10,4.9,Cash,2023-07,2023,Monday
TX02591,4078,Flip-Flops,56.0,2023-03-28,3.2,Cash,2023-03,2023,Tuesday
TX02592,3997,Bowtie,188.0,2023-08-18,4.9,Credit Card,2023-08,2023,Friday
TX02593,4111,Dress,110.0,2023-02-09,3.0,Cash,2023-02,2023,Thursday
TX02594,4104,Raincoat,125.0,2023-07-04,4.4,Credit Card,2023-07,2023,Tuesday
TX02595,4107,Overalls,192.0,2023-07-27,2.2,Credit Card,2023-07,2023,Thursday
TX02596,4008,Camisole,126.0,2023-05-11,4.0,Credit Card,2023-05,2023,Thursday
TX02597,4074,Sneakers,176.0,2022-10-14,3.1,Cash,2022-10,2022,Friday
TX02598,4027,T-shirt,51.0,2023-05-28,3.3,Credit Card,2023-05,2023,Sunday
TX02599,4008,Coat,41.0,2023-01-16,3.0,Cash,2023-01,2023,Monday
TX02600,3993,Trench Coat,172.0,2023-02-28,4.2,Credit Card,2023-02,2023,Tuesday
TX02601,4071,Trench Coat,144.0,2023-04-16,1.2,Credit Card,2023-04,2023,Sunday
TX02602,3973,Scarf,196.0,2023-05-31,2.9,Cash,2023-05,2023,Wednesday
TX02603,4059,Raincoat,140.0,2023-09-30,,Credit Card,2023-09,2023,Saturday
TX02604,4111,Romper,50.0,2023-02-09,4.4,Credit Card,2023-02,2023,Thursday
TX02605,4020,Flannel Shirt,107.0,2023-04-19,1.3,Cash,2023-04,2023,Wednesday
TX02606,4102,Jacket,178.0,2023-03-27,4.6,Credit Card,2023-03,2023,Monday
TX02607,4082,Hat,51.0,2023-08-21,3.4,Credit Card,2023-08,2023,Monday
TX02608,4074,Backpack,55.0,2023-07-22,3.4,Credit Card,2023-07,2023,Saturday
TX02609,4075,Pants,23.0,2023-04-02,4.6,Credit Card,2023-04,2023,Sunday
TX02610,4104,Raincoat,89.0,2023-07-07,3.9,Credit Card,2023-07,2023,Friday
TX02611,3967,Backpack,124.0,2023-02-24,4.8,Cash,2023-02,2023,Friday
TX02612,3980,Camisole,56.0,2023-08-30,4.4,Credit Card,2023-08,2023,Wednesday
TX02613,4073,Overalls,169.0,2023-06-08,3.9,Cash,2023-06,2023,Thursday
TX02614,4045,Romper,13.0,2023-02-16,4.2,Credit Card,2023-02,2023,Thursday
TX02615,4033,Blouse,137.0,2023-08-10,2.7,Credit Card,2023-08,2023,Thursday
TX02616,4057,Sneakers,11.0,2022-11-29,1.2,Credit Card,2022-11,2022,Tuesday
TX02617,4113,Tunic,136.0,2023-05-07,3.6,Cash,2023-05,2023,Sunday
TX02618,4001,Wallet,160.0,2022-11-03,2.1,Cash,2022-11,2022,Thursday
TX02619,4063,Blazer,126.0,2023-05-16,3.8,Credit Card,2023-05,2023,Tuesday
TX02620,4020,Vest,30.0,2022-10-03,2.3,Credit Card,2022-10,2022,Monday
TX02621,4002,Jacket,11.0,2023-03-23,1.4,Credit Card,2023-03,2023,Thursday
TX02622,4115,Backpack,150.0,2022-10-08,3.3,Cash,2022-10,2022,Saturday
TX02623,4067,Onesie,170.0,2022-12-23,3.6,Credit Card,2022-12,2022,Friday
TX02624,4074,Pajamas,63.0,2022-12-25,1.7,Cash,2022-12,2022,Sunday
TX02625,4102,Wallet,19.0,2023-09-07,3.4,Credit Card,2023-09,2023,Thursday
TX02626,3968,Romper,164.0,2023-07-18,,Cash,2023-07,2023,Tuesday
TX02627,4018,Trench Coat,32.0,2023-07-11,2.2,Credit Card,2023-07,2023,Tuesday
TX02628,4027,Wallet,55.0,2023-08-28,,Credit Card,2023-08,2023,Monday
TX02629,4094,Sandals,179.0,2022-11-21,4.9,Cash,2022-11,2022,Monday
TX02630,4031,Blouse,162.0,2023-01-26,4.0,Cash,2023-01,2023,Thursday
TX02631,3974,Tank Top,153.0,2023-03-04,2.6,Cash,2023-03,2023,Saturday
TX02632,4083,Slippers,158.0,2023-09-08,3.3,Credit Card,2023-09,2023,Friday
TX02633,4062,Slippers,19.0,2023-06-04,1.9,Credit Card,2023-06,2023,Sunday
TX02634,3988,Slippers,104.0,2023-09-24,3.5,Cash,2023-09,2023,Sunday
TX02635,4051,Flip-Flops,27.0,2022-10-31,1.5,Cash,2022-10,2022,Monday
TX02636,3976,Vest,150.0,2023-09-28,2.9,Credit Card,2023-09,2023,Thursday
TX02637,4086,Dress,41.0,2023-02-09,3.3,Credit Card,2023-02,2023,Thursday
TX02638,4040,Jeans,80.0,2023-07-16,3.5,Credit Card,2023-07,2023,Sunday
TX02639,4061,Camisole,115.0,2023-01-14,,Credit Card,2023-01,2023,Saturday
TX02640,4072,Coat,188.0,2023-09-22,1.9,Cash,2023-09,2023,Friday
TX02641,3999,Gloves,24.0,2023-06-08,3.3,Credit Card,2023-06,2023,Thursday
TX02642,4010,Wallet,171.0,2023-02-26,4.0,Credit Card,2023-02,2023,Sunday
TX02643,4086,Skirt,32.0,2022-10-15,4.3,Cash,2022-10,2022,Saturday
TX02644,3968,Kimono,186.0,2022-12-06,4.5,Credit Card,2022-12,2022,Tuesday
TX02645,4075,Umbrella,190.0,2023-07-31,1.4,Cash,2023-07,2023,Monday
TX02646,3963,Onesie,165.0,2022-12-05,3.9,Credit Card,2022-12,2022,Monday
TX02647,3975,Leggings,76.0,2023-07-03,2.4,Credit Card,2023-07,2023,Monday
TX02648,4120,Tunic,169.0,2023-04-27,1.2,Cash,2023-04,2023,Thursday
TX02649,4075,Gloves,43.0,2023-02-26,3.2,Credit Card,2023-02,2023,Sunday
TX02650,4054,Jumpsuit,137.0,2023-09-07,,Cash,2023-09,2023,Thursday
TX02651,4044,Camisole,171.0,2023-08-24,4.3,Credit Card,2023-08,2023,Thursday
TX02652,4059,Boots,56.0,2023-02-02,,Cash,2023-02,2023,Thursday
TX02653,4006,Skirt,69.0,2023-01-13,4.6,Credit Card,2023-01,2023,Friday
TX02654,4058,Hat,59.0,2022-10-16,2.2,Credit Card,2022-10,2022,Sunday
TX02655,4021,Tunic,40.0,2023-08-22,1.1,Credit Card,2023-08,2023,Tuesday
TX02656,3986,Tie,63.0,2023-03-29,2.2,Credit Card,2023-03,2023,Wednesday
TX02657,3991,Jacket,116.0,2022-10-17,,Cash,2022-10,2022,Monday
TX02658,4040,Sweater,95.0,2023-07-23,2.6,Cash,2023-07,2023,Sunday
TX02659,4075,Flip-Flops,173.0,2023-08-28,,Cash,2023-08,2023,Monday
TX02660,4081,Sandals,173.0,2023-07-28,2.9,Cash,2023-07,2023,Friday
TX02661,4075,Shorts,82.0,2023-04-16,4.0,Credit Card,2023-04,2023,Sunday
TX02662,3974,Dress,27.0,2023-09-29,1.5,Credit Card,2023-09,2023,Friday
TX02663,3978,Poncho,139.0,2023-01-05,3.2,Cash,2023-01,2023,Thursday
TX02664,4097,Jacket,11.0,2022-11-30,3.5,Cash,2022-11,2022,Wednesday
TX02665,4069,Tunic,111.0,2023-01-06,4.5,Credit Card,2023-01,2023,Friday
TX02666,3992,Swimsuit,167.0,2023-05-02,3.2,Cash,2023-05,2023,Tuesday
TX02667,4077,Loafers,54.0,2023-04-13,,Cash,2023-04,2023,Thursday
TX02668,3998,Jeans,182.0,2023-05-25,3.1,Credit Card,2023-05,2023,Thursday
TX02669,4000,Hat,131.0,2022-12-04,4.1,Credit Card,2022-12,2022,Sunday
TX02670,3961,Leggings,175.0,2023-08-05,3.5,Cash,2023-08,2023,Saturday
TX02671,4002,Bowtie,147.0,2023-05-01,3.2,Cash,2023-05,2023,Monday
TX02672,4032,Pajamas,128.0,2023-05-12,2.0,Cash,2023-05,2023,Friday
TX02673,3988,Blouse,115.0,2022-11-10,2.6,Credit Card,2022-11,2022,Thursday
TX02674,4093,Handbag,24.0,2022-10-02,2.8,Credit Card,2022-10,2022,Sunday
TX02675,4057,Sunglasses,86.0,2022-12-12,2.5,Credit Card,2022-12,2022,Monday
TX02676,4000,Sun Hat,183.0,2023-03-11,4.6,Cash,2023-03,2023,Saturday
TX02677,3976,Socks,147.0,2023-04-21,,Cash,2023-04,2023,Friday
TX02678,4026,Sandals,94.0,2023-02-21,3.6,Credit Card,2023-02,2023,Tuesday
TX02679,3996,Kimono,100.0,2022-12-30,3.5,Credit Card,2022-12,2022,Friday
TX02680,4002,Cardigan,96.0,2022-12-06,2.9,Credit Card,2022-12,2022,Tuesday
TX02681,4012,Gloves,170.0,2022-12-09,3.8,Credit Card,2022-12,2022,Friday
TX02682,3965,Socks,52.0,2023-09-15,3.8,Cash,2023-09,2023,Friday
TX02683,4093,Poncho,109.0,2023-09-24,1.3,Credit Card,2023-09,2023,Sunday
TX02684,3969,Flannel Shirt,88.0,2023-08-12,3.2,Cash,2023-08,2023,Saturday
TX02685,4119,Socks,90.0,2023-07-30,4.2,Cash,2023-07,2023,Sunday
TX02686,4090,Hoodie,79.0,2023-07-07,2.3,Cash,2023-07,2023,Friday
TX02687,4121,Slippers,137.0,2022-10-22,3.8,Cash,2022-10,2022,Saturday
TX02688,3983,Jeans,105.0,2022-11-08,3.1,Cash,2022-11,2022,Tuesday
TX02689,4056,Handbag,87.0,2023-01-16,2.5,Credit Card,2023-01,2023,Monday
TX02690,4035,Wallet,87.0,2023-05-14,,Cash,2023-05,2023,Sunday
TX02691,3970,Scarf,19.0,2023-07-12,3.6,Cash,2023-07,2023,Wednesday
TX02692,4110,Dress,33.0,2023-01-23,1.5,Credit Card,2023-01,2023,Monday
TX02693,3958,Blouse,16.0,2023-05-05,3.3,Cash,2023-05,2023,Friday
TX02694,3969,T-shirt,138.0,2023-06-08,2.2,Credit Card,2023-06,2023,Thursday
TX02695,4008,Jumpsuit,133.0,2023-08-14,4.1,Cash,2023-08,2023,Monday
TX02696,4020,Tie,144.0,2022-10-10,3.2,Credit Card,2022-10,2022,Monday
TX02697,4052,Sunglasses,93.0,2022-11-19,3.0,Credit Card,2022-11,2022,Saturday
TX02698,4008,Jacket,142.0,2023-05-21,2.0,Credit Card,2023-05,2023,Sunday
TX02699,3980,Trousers,43.0,2023-08-12,,Credit Card,2023-08,2023,Saturday
TX02700,3961,Hat,19.0,2022-11-07,2.2,Cash,2022-11,2022,Monday
TX02701,4064,Umbrella,192.0,2023-03-18,2.5,Cash,2023-03,2023,Saturday
TX02702,3964,Camisole,39.0,2022-12-17,2.4,Credit Card,2022-12,2022,Saturday
TX02703,4043,Backpack,185.0,2023-03-06,2.2,Credit Card,2023-03,2023,Monday
TX02704,4006,Flannel Shirt,32.0,2023-02-20,1.9,Credit Card,2023-02,2023,Monday
TX02705,3973,Kimono,21.0,2023-04-26,4.2,Cash,2023-04,2023,Wednesday
TX02706,3981,Scarf,200.0,2023-02-19,4.4,Credit Card,2023-02,2023,Sunday
TX02707,3999,Sunglasses,157.0,2023-03-01,4.2,Credit Card,2023-03,2023,Wednesday
TX02708,3999,Onesie,173.0,2022-10-15,4.1,Cash,2022-10,2022,Saturday
TX02709,3968,Trench Coat,92.0,2023-08-13,1.7,Credit Card,2023-08,2023,Sunday
TX02710,4063,Raincoat,83.0,2022-12-25,3.8,Cash,2022-12,2022,Sunday
TX02711,4088,Raincoat,91.0,2023-01-18,,Credit Card,2023-01,2023,Wednesday
TX02712,3984,Flip-Flops,181.0,2023-02-04,2.3,Cash,2023-02,2023,Saturday
TX02713,4100,Jacket,13.0,2023-05-24,3.7,Credit Card,2023-05,2023,Wednesday
TX02714,4117,Bowtie,153.0,2023-03-06,1.7,Credit Card,2023-03,2023,Monday
TX02715,4005,Belt,62.0,2023-04-22,2.2,Cash,2023-04,2023,Saturday
TX02716,4116,Handbag,150.0,2023-04-04,4.2,Cash,2023-04,2023,Tuesday
TX02717,4010,Pajamas,46.0,2023-05-12,4.5,Credit Card,2023-05,2023,Friday
TX02718,4095,Jacket,82.0,2023-03-08,2.9,Credit Card,2023-03,2023,Wednesday
TX02719,4058,Sunglasses,53.0,2022-12-12,4.1,Credit Card,2022-12,2022,Monday
TX02720,3987,Blouse,96.0,2022-10-28,1.7,Cash,2022-10,2022,Friday
TX02721,4016,Flannel Shirt,22.0,2022-11-27,1.4,Credit Card,2022-11,2022,Sunday
TX02722,3984,Skirt,182.0,2023-04-16,4.8,Credit Card,2023-04,2023,Sunday
TX02723,4039,Kimono,32.0,2023-06-09,1.2,Cash,2023-06,2023,Friday
TX02724,4001,Gloves,55.0,2022-12-06,4.9,Credit Card,2022-12,2022,Tuesday
TX02725,3960,Sweater,161.0,2023-04-14,,Credit Card,2023-04,2023,Friday
TX02726,4059,Loafers,186.0,2023-01-21,3.1,Credit Card,2023-01,2023,Saturday
TX02727,4037,Polo Shirt,167.0,2022-11-05,3.8,Credit Card,2022-11,2022,Saturday
TX02728,3960,Trousers,95.0,2023-07-19,1.5,Cash,2023-07,2023,Wednesday
TX02729,4056,Jeans,192.0,2023-07-28,1.7,Credit Card,2023-07,2023,Friday
TX02730,4011,Gloves,146.0,2023-04-02,4.8,Cash,2023-04,2023,Sunday
TX02731,4013,Sandals,129.0,2023-04-15,,Cash,2023-04,2023,Saturday
TX02732,3973,Pajamas,33.0,2023-08-11,2.8,Cash,2023-08,2023,Friday
TX02733,4028,Romper,188.0,2023-08-22,2.6,Cash,2023-08,2023,Tuesday
TX02734,4116,Raincoat,126.0,2023-03-22,1.7,Cash,2023-03,2023,Wednesday
TX02735,4051,Jacket,174.0,2023-04-02,1.3,Credit Card,2023-04,2023,Sunday
TX02736,3968,Coat,129.0,2023-07-27,4.7,Credit Card,2023-07,2023,Thursday
TX02737,3974,Cardigan,67.0,2022-12-21,,Cash,2022-12,2022,Wednesday
TX02738,4062,Polo Shirt,76.0,2023-01-03,2.9,Cash,2023-01,2023,Tuesday
TX02739,4034,Sunglasses,110.0,2023-06-07,2.4,Credit Card,2023-06,2023,Wednesday
TX02740,4084,Flannel Shirt,94.0,2023-05-14,1.2,Credit Card,2023-05,2023,Sunday
TX02741,3983,Flip-Flops,93.0,2023-04-12,4.9,Cash,2023-04,2023,Wednesday
TX02742,4094,Trench Coat,17.0,2023-02-13,2.5,Credit Card,2023-02,2023,Monday
TX02743,4021,Flip-Flops,53.0,2023-08-09,4.0,Cash,2023-08,2023,Wednesday
TX02744,3981,Sweater,99.0,2022-10-25,4.5,Cash,2022-10,2022,Tuesday
TX02745,4110,Polo Shirt,42.0,2022-10-15,4.0,Cash,2022-10,2022,Saturday
TX02746,4040,Tank Top,113.0,2023-01-20,1.2,Credit Card,2023-01,2023,Friday
TX02747,4118,Shorts,37.0,2023-07-09,2.7,Cash,2023-07,2023,Sunday
TX02748,4056,Slippers,176.0,2023-03-16,2.5,Cash,2023-03,2023,Thursday
TX02749,4042,Sandals,128.0,2023-01-01,1.8,Cash,2023-01,2023,Sunday
TX02750,4001,Backpack,115.0,2023-03-22,1.4,Cash,2023-03,2023,Wednesday
