[0m21:54:43.551206 [debug] [MainThread]: Sending event: {'category': 'dbt', 'action': 'invocation', 'label': 'start', 'context': [<snowplow_tracker.self_describing_json.SelfDescribingJson object at 0x10cff3920>, <snowplow_tracker.self_describing_json.SelfDescribingJson object at 0x10d22f770>, <snowplow_tracker.self_describing_json.SelfDescribingJson object at 0x10d22f440>]}


============================== 21:54:43.556246 | cb25da23-c2d2-4650-849d-f84abb882b1d ==============================
[0m21:54:43.556246 [info ] [MainThread]: Running with dbt=1.12.0
[0m21:54:43.556783 [debug] [MainThread]: running dbt with arguments {'no_print': 'None', 'version_check': 'True', 'printer_width': '80', 'indirect_selection': 'eager', 'warn_error': 'None', 'maximum_seed_size_mib': '1', 'invocation_command': 'dbt debug', 'use_experimental_parser': 'False', 'debug': 'False', 'empty': 'None', 'fail_fast': 'False', 'static_parser': 'True', 'use_colors': 'True', 'log_path': '/Users/souleyjr/data-portfolio/02-fashion-retail-analytics/dbt/logs', 'warn_error_options': 'WarnErrorOptionsV2(error=[], warn=[], silence=[])', 'partial_parse': 'True', 'introspect': 'True', 'write_json': 'True', 'quiet': 'False', 'profiles_dir': '/Users/souleyjr/.dbt', 'target_path': 'None', 'cache_selected_only': 'False', 'send_anonymous_usage_stats': 'True', 'log_cache_events': 'False', 'log_format': 'default', 'hints_enabled': 'True'}
[0m21:54:43.571341 [info ] [MainThread]: dbt version: 1.12.0
[0m21:54:43.571707 [info ] [MainThread]: python version: 3.12.9
[0m21:54:43.571953 [info ] [MainThread]: python path: /Users/souleyjr/.pyenv/versions/3.12.9/envs/lewagon/bin/python
[0m21:54:43.572186 [info ] [MainThread]: os info: macOS-26.1-arm64-arm-64bit
[0m21:54:43.757180 [info ] [MainThread]: Using profiles dir at /Users/souleyjr/.dbt
[0m21:54:43.757607 [info ] [MainThread]: Using profiles.yml file at /Users/souleyjr/.dbt/profiles.yml
[0m21:54:43.757868 [info ] [MainThread]: Using dbt_project.yml file at /Users/souleyjr/data-portfolio/02-fashion-retail-analytics/dbt/dbt_project.yml
[0m21:54:43.759612 [info ] [MainThread]: adapter type: duckdb
[0m21:54:43.759888 [info ] [MainThread]: adapter version: 1.10.1
[0m21:54:43.864778 [info ] [MainThread]: Configuration:
[0m21:54:43.865210 [info ] [MainThread]:   profiles.yml file [[32mOK found and valid[0m]
[0m21:54:43.865468 [info ] [MainThread]:   dbt_project.yml file [[32mOK found and valid[0m]
[0m21:54:43.865708 [info ] [MainThread]: Required dependencies:
[0m21:54:43.866050 [debug] [MainThread]: Executing "git --help"
[0m21:54:43.886489 [debug] [MainThread]: STDOUT: "b"usage: git [-v | --version] [-h | --help] [-C <path>] [-c <name>=<value>]\n           [--exec-path[=<path>]] [--html-path] [--man-path] [--info-path]\n           [-p | --paginate | -P | --no-pager] [--no-replace-objects] [--no-lazy-fetch]\n           [--no-optional-locks] [--no-advice] [--bare] [--git-dir=<path>]\n           [--work-tree=<path>] [--namespace=<name>] [--config-env=<name>=<envvar>]\n           <command> [<args>]\n\nThese are common Git commands used in various situations:\n\nstart a working area (see also: git help tutorial)\n   clone      Clone a repository into a new directory\n   init       Create an empty Git repository or reinitialize an existing one\n\nwork on the current change (see also: git help everyday)\n   add        Add file contents to the index\n   mv         Move or rename a file, a directory, or a symlink\n   restore    Restore working tree files\n   rm         Remove files from the working tree and from the index\n\nexamine the history and state (see also: git help revisions)\n   bisect     Use binary search to find the commit that introduced a bug\n   diff       Show changes between commits, commit and working tree, etc\n   grep       Print lines matching a pattern\n   log        Show commit logs\n   show       Show various types of objects\n   status     Show the working tree status\n\ngrow, mark and tweak your common history\n   backfill   Download missing objects in a partial clone\n   branch     List, create, or delete branches\n   commit     Record changes to the repository\n   history    EXPERIMENTAL: Rewrite history\n   merge      Join two or more development histories together\n   rebase     Reapply commits on top of another base tip\n   reset      Set `HEAD` or the index to a known state\n   switch     Switch branches\n   tag        Create, list, delete or verify tags\n\ncollaborate (see also: git help workflows)\n   fetch      Download objects and refs from another repository\n   pull       Fetch from and integrate with another repository or a local branch\n   push       Update remote refs along with associated objects\n\n'git help -a' and 'git help -g' list available subcommands and some\nconcept guides. See 'git help <command>' or 'git help <concept>'\nto read about a specific subcommand or concept.\nSee 'git help git' for an overview of the system.\n""
[0m21:54:43.887341 [debug] [MainThread]: STDERR: "b''"
[0m21:54:43.887647 [info ] [MainThread]:  - git [[32mOK found[0m]

[0m21:54:43.887934 [info ] [MainThread]: Connection:
[0m21:54:43.888230 [info ] [MainThread]:   database: fashion_retail
[0m21:54:43.888461 [info ] [MainThread]:   schema: main
[0m21:54:43.888676 [info ] [MainThread]:   path: fashion_retail.duckdb
[0m21:54:43.888898 [info ] [MainThread]:   config_options: None
[0m21:54:43.889112 [info ] [MainThread]:   extensions: None
[0m21:54:43.889323 [info ] [MainThread]:   settings: {}
[0m21:54:43.889534 [info ] [MainThread]:   external_root: .
[0m21:54:43.889739 [info ] [MainThread]:   use_credential_provider: None
[0m21:54:43.889970 [info ] [MainThread]:   attach: None
[0m21:54:43.890176 [info ] [MainThread]:   filesystems: None
[0m21:54:43.890382 [info ] [MainThread]:   remote: None
[0m21:54:43.890592 [info ] [MainThread]:   plugins: None
[0m21:54:43.890792 [info ] [MainThread]:   disable_transactions: False
[0m21:54:43.891314 [info ] [MainThread]: Registered adapter: duckdb=1.10.1
[0m21:54:44.039766 [debug] [MainThread]: Acquiring new duckdb connection 'debug'
[0m21:54:44.161520 [debug] [MainThread]: Using duckdb connection "debug"
[0m21:54:44.161894 [debug] [MainThread]: On debug: select 1 as id
[0m21:54:44.162143 [debug] [MainThread]: Opening a new connection, currently in state init
[0m21:54:44.178445 [debug] [MainThread]: SQL status: OK in 0.016 seconds
[0m21:54:44.179359 [debug] [MainThread]: On debug: Close
[0m21:54:44.179739 [info ] [MainThread]:   Connection test: [[32mOK connection ok[0m]

[0m21:54:44.180014 [info ] [MainThread]: [32mAll checks passed![0m
[0m21:54:44.182558 [debug] [MainThread]: Resource report: {"command_name": "debug", "command_success": true, "command_wall_clock_time": 0.72616774, "process_in_blocks": "0", "process_kernel_time": 0.368138, "process_mem_max_rss": "166920192", "process_out_blocks": "0", "process_user_time": 2.86887}
[0m21:54:44.182942 [debug] [MainThread]: Command `dbt debug` succeeded at 21:54:44.182866 after 0.73 seconds
[0m21:54:44.183205 [debug] [MainThread]: Connection 'debug' was properly closed.
[0m21:54:44.183485 [debug] [MainThread]: Sending event: {'category': 'dbt', 'action': 'invocation', 'label': 'end', 'context': [<snowplow_tracker.self_describing_json.SelfDescribingJson object at 0x10d4e1820>, <snowplow_tracker.self_describing_json.SelfDescribingJson object at 0x10d4e27e0>, <snowplow_tracker.self_describing_json.SelfDescribingJson object at 0x10d4e1340>]}
[0m21:54:44.183819 [debug] [MainThread]: Flushing usage events
[0m21:54:44.606373 [debug] [MainThread]: An error was encountered while trying to flush usage events
[0m21:55:00.418214 [debug] [MainThread]: Sending event: {'category': 'dbt', 'action': 'invocation', 'label': 'start', 'context': [<snowplow_tracker.self_describing_json.SelfDescribingJson object at 0x10b0e5b20>, <snowplow_tracker.self_describing_json.SelfDescribingJson object at 0x10b159250>, <snowplow_tracker.self_describing_json.SelfDescribingJson object at 0x10b158f20>]}


============================== 21:55:00.423271 | a13b716b-8e24-440b-9acd-65182db77d0f ==============================
[0m21:55:00.423271 [info ] [MainThread]: Running with dbt=1.12.0
[0m21:55:00.423844 [debug] [MainThread]: running dbt with arguments {'partial_parse': 'True', 'quiet': 'False', 'use_colors': 'True', 'log_cache_events': 'False', 'introspect': 'True', 'cache_selected_only': 'False', 'maximum_seed_size_mib': '1', 'use_experimental_parser': 'False', 'log_format': 'default', 'no_print': 'None', 'indirect_selection': 'eager', 'version_check': 'True', 'static_parser': 'True', 'fail_fast': 'False', 'warn_error': 'None', 'profiles_dir': '/Users/souleyjr/.dbt', 'write_json': 'True', 'target_path': 'None', 'warn_error_options': 'WarnErrorOptionsV2(error=[], warn=[], silence=[])', 'empty': 'None', 'printer_width': '80', 'hints_enabled': 'True', 'log_path': '/Users/souleyjr/data-portfolio/02-fashion-retail-analytics/dbt/logs', 'invocation_command': 'dbt deps', 'debug': 'False', 'send_anonymous_usage_stats': 'True'}
[0m21:55:00.585017 [debug] [MainThread]: Sending event: {'category': 'dbt', 'action': 'project_id', 'label': 'a13b716b-8e24-440b-9acd-65182db77d0f', 'context': [<snowplow_tracker.self_describing_json.SelfDescribingJson object at 0x10b22faa0>]}
[0m21:55:00.604416 [debug] [MainThread]: Set downloads directory='/var/folders/w3/th34q7l13152rq86f8dsm52m0000gn/T/dbt-downloads-uct9d742'
[0m21:55:00.604914 [debug] [MainThread]: Making package index registry request: GET https://hub.getdbt.com/api/v1/index.json
[0m21:55:00.689188 [debug] [MainThread]: Response from registry index: GET https://hub.getdbt.com/api/v1/index.json 200
[0m21:55:00.690255 [debug] [MainThread]: Making package registry request: GET https://hub.getdbt.com/api/v1/dbt-labs/dbt_utils.json
[0m21:55:00.726177 [debug] [MainThread]: Response from registry: GET https://hub.getdbt.com/api/v1/dbt-labs/dbt_utils.json 200
[0m21:55:00.740061 [info ] [MainThread]: Updating lock file in file path: /Users/souleyjr/data-portfolio/02-fashion-retail-analytics/dbt/package-lock.yml
[0m21:55:00.742183 [debug] [MainThread]: Set downloads directory='/var/folders/w3/th34q7l13152rq86f8dsm52m0000gn/T/dbt-downloads-htb8t880'
[0m21:55:00.745687 [info ] [MainThread]: Installing dbt-labs/dbt_utils
[0m21:55:01.124499 [info ] [MainThread]: Installed from version 1.4.1
[0m21:55:01.124901 [info ] [MainThread]: Up to date!
[0m21:55:01.125220 [debug] [MainThread]: Sending event: {'category': 'dbt', 'action': 'package', 'label': 'a13b716b-8e24-440b-9acd-65182db77d0f', 'property_': 'install', 'context': [<snowplow_tracker.self_describing_json.SelfDescribingJson object at 0x10b377c20>, <snowplow_tracker.self_describing_json.SelfDescribingJson object at 0x10b260c80>]}
[0m21:55:01.128763 [debug] [MainThread]: Resource report: {"command_name": "deps", "command_success": true, "command_wall_clock_time": 0.79869413, "process_in_blocks": "0", "process_kernel_time": 0.333852, "process_mem_max_rss": "146718720", "process_out_blocks": "0", "process_user_time": 2.724238}
[0m21:55:01.129219 [debug] [MainThread]: Command `dbt deps` succeeded at 21:55:01.129131 after 0.80 seconds
[0m21:55:01.129539 [debug] [MainThread]: Sending event: {'category': 'dbt', 'action': 'invocation', 'label': 'end', 'context': [<snowplow_tracker.self_describing_json.SelfDescribingJson object at 0x10b260c80>, <snowplow_tracker.self_describing_json.SelfDescribingJson object at 0x10a785070>, <snowplow_tracker.self_describing_json.SelfDescribingJson object at 0x10a0577d0>]}
[0m21:55:01.129829 [debug] [MainThread]: Flushing usage events
[0m21:55:01.516217 [debug] [MainThread]: An error was encountered while trying to flush usage events
[0m21:55:04.728189 [debug] [MainThread]: Sending event: {'category': 'dbt', 'action': 'invocation', 'label': 'start', 'context': [<snowplow_tracker.self_describing_json.SelfDescribingJson object at 0x10c242510>, <snowplow_tracker.self_describing_json.SelfDescribingJson object at 0x10d3bbda0>, <snowplow_tracker.self_describing_json.SelfDescribingJson object at 0x10d3bba70>]}


============================== 21:55:04.732603 | de8837f2-b34a-41f1-a69e-9347c5ae199b ==============================
[0m21:55:04.732603 [info ] [MainThread]: Running with dbt=1.12.0
[0m21:55:04.733166 [debug] [MainThread]: running dbt with arguments {'warn_error': 'None', 'log_path': '/Users/souleyjr/data-portfolio/02-fashion-retail-analytics/dbt/logs', 'introspect': 'True', 'no_print': 'None', 'hints_enabled': 'True', 'empty': 'False', 'fail_fast': 'False', 'partial_parse': 'True', 'cache_selected_only': 'False', 'send_anonymous_usage_stats': 'True', 'quiet': 'False', 'use_experimental_parser': 'False', 'maximum_seed_size_mib': '1', 'warn_error_options': 'WarnErrorOptionsV2(error=[], warn=[], silence=[])', 'target_path': 'None', 'version_check': 'True', 'static_parser': 'True', 'profiles_dir': '/Users/souleyjr/.dbt', 'indirect_selection': 'eager', 'debug': 'False', 'log_format': 'default', 'invocation_command': 'dbt seed', 'printer_width': '80', 'use_colors': 'True', 'log_cache_events': 'False', 'write_json': 'True'}
[0m21:55:05.041798 [debug] [MainThread]: Sending event: {'category': 'dbt', 'action': 'project_id', 'label': 'de8837f2-b34a-41f1-a69e-9347c5ae199b', 'context': [<snowplow_tracker.self_describing_json.SelfDescribingJson object at 0x10a3fa7b0>]}
[0m21:55:05.169514 [debug] [MainThread]: Sending event: {'category': 'dbt', 'action': 'adapter_info', 'label': 'de8837f2-b34a-41f1-a69e-9347c5ae199b', 'context': [<snowplow_tracker.self_describing_json.SelfDescribingJson object at 0x10c95fc20>]}
[0m21:55:05.171806 [info ] [MainThread]: Registered adapter: duckdb=1.10.1
[0m21:55:05.302803 [debug] [MainThread]: checksum: e541cf667f492ba542c42cfa839a11505b8f71402b583ae2b9639f7f0486df04, vars: {}, profile: fashion_retail, target: dev, version: 1.12.0
[0m21:55:05.303578 [info ] [MainThread]: Unable to do partial parsing because saved manifest not found. Starting full parse.
[0m21:55:05.303934 [debug] [MainThread]: Sending event: {'category': 'dbt', 'action': 'partial_parser', 'label': 'de8837f2-b34a-41f1-a69e-9347c5ae199b', 'context': [<snowplow_tracker.self_describing_json.SelfDescribingJson object at 0x10a30ab10>]}
[0m21:55:06.922827 [warn ] [MainThread]: [[33mWARNING[0m][MissingArgumentsPropertyInGenericTestDeprecation]: Deprecated
functionality
Found top-level arguments to test `relationships` defined on 'stg_transactions'
in package 'fashion_retail_analytics' (models/schema.yml). Arguments to generic
tests should be nested under the `arguments` property.
[0m21:55:06.923327 [debug] [MainThread]: Sending event: {'category': 'dbt', 'action': 'deprecation', 'label': 'de8837f2-b34a-41f1-a69e-9347c5ae199b', 'property_': 'warn', 'context': [<snowplow_tracker.self_describing_json.SelfDescribingJson object at 0x10df6db80>]}
[0m21:55:07.110794 [debug] [MainThread]: Sending event: {'category': 'dbt', 'action': 'load_project', 'label': 'de8837f2-b34a-41f1-a69e-9347c5ae199b', 'context': [<snowplow_tracker.self_describing_json.SelfDescribingJson object at 0x10dfb4a10>]}
[0m21:55:07.231894 [debug] [MainThread]: Wrote artifact WritableManifest to /Users/souleyjr/data-portfolio/02-fashion-retail-analytics/dbt/target/manifest.json
[0m21:55:07.235402 [debug] [MainThread]: Wrote artifact SemanticManifest to /Users/souleyjr/data-portfolio/02-fashion-retail-analytics/dbt/target/semantic_manifest.json
[0m21:55:07.255043 [debug] [MainThread]: Wrote artifact OsiDocument to /Users/souleyjr/data-portfolio/02-fashion-retail-analytics/dbt/target/osi_document.json
[0m21:55:07.266087 [debug] [MainThread]: Sending event: {'category': 'dbt', 'action': 'resource_counts', 'label': 'de8837f2-b34a-41f1-a69e-9347c5ae199b', 'context': [<snowplow_tracker.self_describing_json.SelfDescribingJson object at 0x10e18ecf0>]}
[0m21:55:07.266518 [info ] [MainThread]: Found 5 models, 18 data tests, 1 seed, 602 macros
[0m21:55:07.266815 [debug] [MainThread]: Sending event: {'category': 'dbt', 'action': 'runnable_timing', 'label': 'de8837f2-b34a-41f1-a69e-9347c5ae199b', 'context': [<snowplow_tracker.self_describing_json.SelfDescribingJson object at 0x10e066570>]}
[0m21:55:07.268603 [info ] [MainThread]: 
[0m21:55:07.268926 [info ] [MainThread]: Concurrency: 4 threads (target='dev')
[0m21:55:07.269194 [info ] [MainThread]: 
[0m21:55:07.269638 [debug] [MainThread]: Acquiring new duckdb connection 'master'
[0m21:55:07.270364 [debug] [ThreadPool]: Acquiring new duckdb connection 'list_fashion_retail'
[0m21:55:07.326114 [debug] [ThreadPool]: Using duckdb connection "list_fashion_retail"
[0m21:55:07.326506 [debug] [ThreadPool]: On list_fashion_retail: /* {"app": "dbt", "dbt_version": "1.12.0", "profile_name": "fashion_retail", "target_name": "dev", "connection_name": "list_fashion_retail"} */

    
    select schema_name
    from system.information_schema.schemata
    
    where lower(catalog_name) = '"fashion_retail"'
    
  
  
[0m21:55:07.326771 [debug] [ThreadPool]: Opening a new connection, currently in state init
[0m21:55:07.343361 [debug] [ThreadPool]: SQL status: OK in 0.017 seconds
[0m21:55:07.344717 [debug] [ThreadPool]: On list_fashion_retail: Close
[0m21:55:07.345337 [debug] [ThreadPool]: Re-using an available connection from the pool (formerly list_fashion_retail, now create_fashion_retail_main)
[0m21:55:07.345730 [debug] [ThreadPool]: Creating schema "database: "fashion_retail"
schema: "main"
"
[0m21:55:07.351214 [debug] [ThreadPool]: Using duckdb connection "create_fashion_retail_main"
[0m21:55:07.351514 [debug] [ThreadPool]: On create_fashion_retail_main: /* {"app": "dbt", "dbt_version": "1.12.0", "profile_name": "fashion_retail", "target_name": "dev", "connection_name": "create_fashion_retail_main"} */

    
        select type from duckdb_databases()
        where lower(database_name)='fashion_retail'
        and type='sqlite'
    
  
[0m21:55:07.351991 [debug] [ThreadPool]: Opening a new connection, currently in state closed
[0m21:55:07.352905 [debug] [ThreadPool]: SQL status: OK in 0.001 seconds
[0m21:55:07.354090 [debug] [ThreadPool]: Using duckdb connection "create_fashion_retail_main"
[0m21:55:07.354367 [debug] [ThreadPool]: On create_fashion_retail_main: BEGIN
[0m21:55:07.354722 [debug] [ThreadPool]: SQL status: OK in 0.000 seconds
[0m21:55:07.354953 [debug] [ThreadPool]: Using duckdb connection "create_fashion_retail_main"
[0m21:55:07.355185 [debug] [ThreadPool]: On create_fashion_retail_main: /* {"app": "dbt", "dbt_version": "1.12.0", "profile_name": "fashion_retail", "target_name": "dev", "connection_name": "create_fashion_retail_main"} */

    
    
        create schema if not exists "fashion_retail"."main"
    
[0m21:55:07.355587 [debug] [ThreadPool]: SQL status: OK in 0.000 seconds
[0m21:55:07.356293 [debug] [ThreadPool]: On create_fashion_retail_main: COMMIT
[0m21:55:07.356539 [debug] [ThreadPool]: Using duckdb connection "create_fashion_retail_main"
[0m21:55:07.356766 [debug] [ThreadPool]: On create_fashion_retail_main: COMMIT
[0m21:55:07.357080 [debug] [ThreadPool]: SQL status: OK in 0.000 seconds
[0m21:55:07.357308 [debug] [ThreadPool]: On create_fashion_retail_main: Close
[0m21:55:07.362042 [debug] [ThreadPool]: Re-using an available connection from the pool (formerly create_fashion_retail_main, now list_fashion_retail_main)
[0m21:55:07.366180 [debug] [ThreadPool]: Using duckdb connection "list_fashion_retail_main"
[0m21:55:07.366471 [debug] [ThreadPool]: On list_fashion_retail_main: BEGIN
[0m21:55:07.366699 [debug] [ThreadPool]: Opening a new connection, currently in state closed
[0m21:55:07.367104 [debug] [ThreadPool]: SQL status: OK in 0.000 seconds
[0m21:55:07.367406 [debug] [ThreadPool]: Using duckdb connection "list_fashion_retail_main"
[0m21:55:07.367675 [debug] [ThreadPool]: On list_fashion_retail_main: /* {"app": "dbt", "dbt_version": "1.12.0", "profile_name": "fashion_retail", "target_name": "dev", "connection_name": "list_fashion_retail_main"} */
select
      'fashion_retail' as database,
      table_name as name,
      table_schema as schema,
      CASE table_type
        WHEN 'BASE TABLE' THEN 'table'
        WHEN 'VIEW' THEN 'view'
        WHEN 'LOCAL TEMPORARY' THEN 'table'
        END as type
    from system.information_schema.tables
    where lower(table_schema) = 'main'
    and lower(table_catalog) = 'fashion_retail'
  
[0m21:55:07.371305 [debug] [ThreadPool]: SQL status: OK in 0.003 seconds
[0m21:55:07.372575 [debug] [ThreadPool]: On list_fashion_retail_main: ROLLBACK
[0m21:55:07.373965 [debug] [ThreadPool]: Failed to rollback 'list_fashion_retail_main'
[0m21:55:07.374222 [debug] [ThreadPool]: On list_fashion_retail_main: Close
[0m21:55:07.374680 [debug] [MainThread]: Sending event: {'category': 'dbt', 'action': 'runnable_timing', 'label': 'de8837f2-b34a-41f1-a69e-9347c5ae199b', 'context': [<snowplow_tracker.self_describing_json.SelfDescribingJson object at 0x10e067e90>]}
[0m21:55:07.375069 [debug] [MainThread]: Using duckdb connection "master"
[0m21:55:07.375322 [debug] [MainThread]: On master: BEGIN
[0m21:55:07.375558 [debug] [MainThread]: Opening a new connection, currently in state init
[0m21:55:07.375921 [debug] [MainThread]: SQL status: OK in 0.000 seconds
[0m21:55:07.376148 [debug] [MainThread]: On master: COMMIT
[0m21:55:07.376390 [debug] [MainThread]: Using duckdb connection "master"
[0m21:55:07.376625 [debug] [MainThread]: On master: COMMIT
[0m21:55:07.376928 [debug] [MainThread]: SQL status: OK in 0.000 seconds
[0m21:55:07.377149 [debug] [MainThread]: On master: Close
[0m21:55:07.379535 [debug] [Thread-1 (]: Began running node seed.fashion_retail_analytics.fashion_retail_sales
[0m21:55:07.379952 [info ] [Thread-1 (]: 1 of 1 START seed file main.fashion_retail_sales ............................... [RUN]
[0m21:55:07.380349 [debug] [Thread-1 (]: Re-using an available connection from the pool (formerly list_fashion_retail_main, now seed.fashion_retail_analytics.fashion_retail_sales)
[0m21:55:07.380648 [debug] [Thread-1 (]: Began compiling node seed.fashion_retail_analytics.fashion_retail_sales
[0m21:55:07.380943 [debug] [Thread-1 (]: Began executing node seed.fashion_retail_analytics.fashion_retail_sales
[0m21:55:07.447434 [debug] [Thread-1 (]: Using duckdb connection "seed.fashion_retail_analytics.fashion_retail_sales"
[0m21:55:07.447826 [debug] [Thread-1 (]: On seed.fashion_retail_analytics.fashion_retail_sales: BEGIN
[0m21:55:07.448110 [debug] [Thread-1 (]: Opening a new connection, currently in state closed
[0m21:55:07.448623 [debug] [Thread-1 (]: SQL status: OK in 0.001 seconds
[0m21:55:07.448900 [debug] [Thread-1 (]: Using duckdb connection "seed.fashion_retail_analytics.fashion_retail_sales"
[0m21:55:07.449176 [debug] [Thread-1 (]: On seed.fashion_retail_analytics.fashion_retail_sales: /* {"app": "dbt", "dbt_version": "1.12.0", "profile_name": "fashion_retail", "target_name": "dev", "node_id": "seed.fashion_retail_analytics.fashion_retail_sales"} */

    create table "fashion_retail"."main"."fashion_retail_sales" ("Customer Reference ID" VARCHAR,"Item Purchased" text,"Purchase Amount (USD)" integer,"Date Purchase" text,"Review Rating" float8,"Payment Method" text)
  
[0m21:55:07.450264 [debug] [Thread-1 (]: SQL status: OK in 0.001 seconds
[0m21:55:07.460880 [debug] [Thread-1 (]: Using duckdb connection "seed.fashion_retail_analytics.fashion_retail_sales"
[0m21:55:07.461236 [debug] [Thread-1 (]: On seed.fashion_retail_analytics.fashion_retail_sales: 
          COPY "fashion_retail"."main"."fashion_retail_sales" FROM '/Users/souleyjr/data-portfolio/02-fashion-retail-analytics/dbt/seeds/fashion_retail_sales.csv' (FORMAT CSV, HEADER TRUE, DELIMITER ',')
        ...
[0m21:55:07.484854 [debug] [Thread-1 (]: SQL status: OK in 0.023 seconds
[0m21:55:07.490124 [debug] [Thread-1 (]: Writing runtime SQL for node "seed.fashion_retail_analytics.fashion_retail_sales"
[0m21:55:07.504870 [debug] [Thread-1 (]: On seed.fashion_retail_analytics.fashion_retail_sales: COMMIT
[0m21:55:07.505282 [debug] [Thread-1 (]: Using duckdb connection "seed.fashion_retail_analytics.fashion_retail_sales"
[0m21:55:07.505581 [debug] [Thread-1 (]: On seed.fashion_retail_analytics.fashion_retail_sales: COMMIT
[0m21:55:07.507177 [debug] [Thread-1 (]: SQL status: OK in 0.001 seconds
[0m21:55:07.509003 [debug] [Thread-1 (]: On seed.fashion_retail_analytics.fashion_retail_sales: Close
[0m21:55:07.510704 [debug] [Thread-1 (]: Sending event: {'category': 'dbt', 'action': 'run_model', 'label': 'de8837f2-b34a-41f1-a69e-9347c5ae199b', 'context': [<snowplow_tracker.self_describing_json.SelfDescribingJson object at 0x10dd7c620>]}
[0m21:55:07.511201 [info ] [Thread-1 (]: 1 of 1 OK loaded seed file main.fashion_retail_sales ........................... [[32mINSERT 3400[0m in 0.13s]
[0m21:55:07.511695 [debug] [Thread-1 (]: Finished running node seed.fashion_retail_analytics.fashion_retail_sales
[0m21:55:07.512740 [debug] [MainThread]: Using duckdb connection "master"
[0m21:55:07.512997 [debug] [MainThread]: On master: BEGIN
[0m21:55:07.513225 [debug] [MainThread]: Opening a new connection, currently in state closed
[0m21:55:07.513648 [debug] [MainThread]: SQL status: OK in 0.000 seconds
[0m21:55:07.513875 [debug] [MainThread]: On master: COMMIT
[0m21:55:07.514092 [debug] [MainThread]: Using duckdb connection "master"
[0m21:55:07.514307 [debug] [MainThread]: On master: COMMIT
[0m21:55:07.514644 [debug] [MainThread]: SQL status: OK in 0.000 seconds
[0m21:55:07.514945 [debug] [MainThread]: On master: Close
[0m21:55:07.515303 [debug] [MainThread]: Connection 'master' was properly closed.
[0m21:55:07.515536 [debug] [MainThread]: Connection 'seed.fashion_retail_analytics.fashion_retail_sales' was properly closed.
[0m21:55:07.515777 [info ] [MainThread]: 
[0m21:55:07.516039 [info ] [MainThread]: Finished running 1 seed in 0 hours 0 minutes and 0.25 seconds (0.25s).
[0m21:55:07.516611 [debug] [MainThread]: Command end result
[0m21:55:07.632688 [debug] [MainThread]: Wrote artifact WritableManifest to /Users/souleyjr/data-portfolio/02-fashion-retail-analytics/dbt/target/manifest.json
[0m21:55:07.635154 [debug] [MainThread]: Wrote artifact SemanticManifest to /Users/souleyjr/data-portfolio/02-fashion-retail-analytics/dbt/target/semantic_manifest.json
[0m21:55:07.637372 [debug] [MainThread]: Wrote artifact OsiDocument to /Users/souleyjr/data-portfolio/02-fashion-retail-analytics/dbt/target/osi_document.json
[0m21:55:07.643541 [debug] [MainThread]: Wrote artifact RunExecutionResult to /Users/souleyjr/data-portfolio/02-fashion-retail-analytics/dbt/target/run_results.json
[0m21:55:07.643833 [info ] [MainThread]: 
[0m21:55:07.644163 [info ] [MainThread]: [32mCompleted successfully[0m
[0m21:55:07.644407 [info ] [MainThread]: 
[0m21:55:07.644680 [info ] [MainThread]: Done. PASS=1 WARN=0 ERROR=0 SKIP=0 NO-OP=0 REUSED=0 TOTAL=1
[0m21:55:07.645111 [warn ] [MainThread]: [[33mWARNING[0m][DeprecationsSummary]: Deprecated functionality
Summary of encountered deprecations:
- MissingArgumentsPropertyInGenericTestDeprecation: 5 occurrences
To see all deprecation instances instead of just the first occurrence of each,
run command again with the `--show-all-deprecations` flag. You may also need to
run with `--no-partial-parse` as some deprecations are only encountered during
parsing.
[0m21:55:07.647453 [debug] [MainThread]: Resource report: {"command_name": "seed", "command_success": true, "command_wall_clock_time": 3.002033, "process_in_blocks": "0", "process_kernel_time": 0.386069, "process_mem_max_rss": "200163328", "process_out_blocks": "0", "process_user_time": 5.147409}
[0m21:55:07.647845 [debug] [MainThread]: Command `dbt seed` succeeded at 21:55:07.647760 after 3.00 seconds
[0m21:55:07.648151 [debug] [MainThread]: Sending event: {'category': 'dbt', 'action': 'invocation', 'label': 'end', 'context': [<snowplow_tracker.self_describing_json.SelfDescribingJson object at 0x10d198560>, <snowplow_tracker.self_describing_json.SelfDescribingJson object at 0x10c268f80>, <snowplow_tracker.self_describing_json.SelfDescribingJson object at 0x10c26a030>]}
[0m21:55:07.648438 [debug] [MainThread]: Flushing usage events
[0m21:55:08.005469 [debug] [MainThread]: An error was encountered while trying to flush usage events
[0m21:55:11.324555 [debug] [MainThread]: Sending event: {'category': 'dbt', 'action': 'invocation', 'label': 'start', 'context': [<snowplow_tracker.self_describing_json.SelfDescribingJson object at 0x10a41ee10>, <snowplow_tracker.self_describing_json.SelfDescribingJson object at 0x10aea1df0>, <snowplow_tracker.self_describing_json.SelfDescribingJson object at 0x10aea1ac0>]}


============================== 21:55:11.328848 | 95214222-775b-4fbc-b644-95a6aef3ac01 ==============================
[0m21:55:11.328848 [info ] [MainThread]: Running with dbt=1.12.0
[0m21:55:11.329367 [debug] [MainThread]: running dbt with arguments {'static_parser': 'True', 'fail_fast': 'False', 'log_cache_events': 'False', 'warn_error_options': 'WarnErrorOptionsV2(error=[], warn=[], silence=[])', 'send_anonymous_usage_stats': 'True', 'partial_parse': 'True', 'log_format': 'default', 'printer_width': '80', 'indirect_selection': 'eager', 'write_json': 'True', 'use_experimental_parser': 'False', 'version_check': 'True', 'cache_selected_only': 'False', 'use_colors': 'True', 'empty': 'False', 'no_print': 'None', 'profiles_dir': '/Users/souleyjr/.dbt', 'invocation_command': 'dbt build', 'target_path': 'None', 'quiet': 'False', 'introspect': 'True', 'hints_enabled': 'True', 'warn_error': 'None', 'log_path': '/Users/souleyjr/data-portfolio/02-fashion-retail-analytics/dbt/logs', 'maximum_seed_size_mib': '1', 'debug': 'False'}
[0m21:55:11.556099 [debug] [MainThread]: Sending event: {'category': 'dbt', 'action': 'project_id', 'label': '95214222-775b-4fbc-b644-95a6aef3ac01', 'context': [<snowplow_tracker.self_describing_json.SelfDescribingJson object at 0x10a490320>]}
[0m21:55:11.678375 [debug] [MainThread]: Sending event: {'category': 'dbt', 'action': 'adapter_info', 'label': '95214222-775b-4fbc-b644-95a6aef3ac01', 'context': [<snowplow_tracker.self_describing_json.SelfDescribingJson object at 0x10ae76690>]}
[0m21:55:11.680799 [info ] [MainThread]: Registered adapter: duckdb=1.10.1
[0m21:55:11.805004 [debug] [MainThread]: checksum: e541cf667f492ba542c42cfa839a11505b8f71402b583ae2b9639f7f0486df04, vars: {}, profile: fashion_retail, target: dev, version: 1.12.0
[0m21:55:11.961062 [debug] [MainThread]: Partial parsing enabled: 0 files deleted, 0 files added, 0 files changed.
[0m21:55:11.961459 [debug] [MainThread]: Nothing changed, skipping partial parsing.
[0m21:55:11.961709 [debug] [MainThread]: Partial parsing enabled, no changes found, skipping parsing
[0m21:55:11.971554 [debug] [MainThread]: Sending event: {'category': 'dbt', 'action': 'load_project', 'label': '95214222-775b-4fbc-b644-95a6aef3ac01', 'context': [<snowplow_tracker.self_describing_json.SelfDescribingJson object at 0x10afcc1a0>]}
[0m21:55:12.128547 [debug] [MainThread]: Wrote artifact WritableManifest to /Users/souleyjr/data-portfolio/02-fashion-retail-analytics/dbt/target/manifest.json
[0m21:55:12.131288 [debug] [MainThread]: Wrote artifact SemanticManifest to /Users/souleyjr/data-portfolio/02-fashion-retail-analytics/dbt/target/semantic_manifest.json
[0m21:55:12.144530 [debug] [MainThread]: Wrote artifact OsiDocument to /Users/souleyjr/data-portfolio/02-fashion-retail-analytics/dbt/target/osi_document.json
[0m21:55:12.167672 [debug] [MainThread]: Sending event: {'category': 'dbt', 'action': 'resource_counts', 'label': '95214222-775b-4fbc-b644-95a6aef3ac01', 'context': [<snowplow_tracker.self_describing_json.SelfDescribingJson object at 0x10b6da840>]}
[0m21:55:12.168228 [info ] [MainThread]: Found 5 models, 18 data tests, 1 seed, 602 macros
[0m21:55:12.171677 [info ] [MainThread]: 
[0m21:55:12.172087 [info ] [MainThread]: Concurrency: 4 threads (target='dev')
[0m21:55:12.172350 [info ] [MainThread]: 
[0m21:55:12.172807 [debug] [MainThread]: Acquiring new duckdb connection 'master'
[0m21:55:12.177377 [debug] [ThreadPool]: Acquiring new duckdb connection 'list_fashion_retail'
[0m21:55:12.224296 [debug] [ThreadPool]: Using duckdb connection "list_fashion_retail"
[0m21:55:12.224698 [debug] [ThreadPool]: On list_fashion_retail: /* {"app": "dbt", "dbt_version": "1.12.0", "profile_name": "fashion_retail", "target_name": "dev", "connection_name": "list_fashion_retail"} */

    
    select schema_name
    from system.information_schema.schemata
    
    where lower(catalog_name) = '"fashion_retail"'
    
  
  
[0m21:55:12.224990 [debug] [ThreadPool]: Opening a new connection, currently in state init
[0m21:55:12.235978 [debug] [ThreadPool]: SQL status: OK in 0.011 seconds
[0m21:55:12.237417 [debug] [ThreadPool]: On list_fashion_retail: Close
[0m21:55:12.238062 [debug] [ThreadPool]: Re-using an available connection from the pool (formerly list_fashion_retail, now create_fashion_retail_main)
[0m21:55:12.238466 [debug] [ThreadPool]: Creating schema "database: "fashion_retail"
schema: "main"
"
[0m21:55:12.244204 [debug] [ThreadPool]: Using duckdb connection "create_fashion_retail_main"
[0m21:55:12.244508 [debug] [ThreadPool]: On create_fashion_retail_main: /* {"app": "dbt", "dbt_version": "1.12.0", "profile_name": "fashion_retail", "target_name": "dev", "connection_name": "create_fashion_retail_main"} */

    
        select type from duckdb_databases()
        where lower(database_name)='fashion_retail'
        and type='sqlite'
    
  
[0m21:55:12.244760 [debug] [ThreadPool]: Opening a new connection, currently in state closed
[0m21:55:12.245393 [debug] [ThreadPool]: SQL status: OK in 0.001 seconds
[0m21:55:12.246473 [debug] [ThreadPool]: Using duckdb connection "create_fashion_retail_main"
[0m21:55:12.246710 [debug] [ThreadPool]: On create_fashion_retail_main: BEGIN
[0m21:55:12.247030 [debug] [ThreadPool]: SQL status: OK in 0.000 seconds
[0m21:55:12.247248 [debug] [ThreadPool]: Using duckdb connection "create_fashion_retail_main"
[0m21:55:12.247465 [debug] [ThreadPool]: On create_fashion_retail_main: /* {"app": "dbt", "dbt_version": "1.12.0", "profile_name": "fashion_retail", "target_name": "dev", "connection_name": "create_fashion_retail_main"} */

    
    
        create schema if not exists "fashion_retail"."main"
    
[0m21:55:12.247798 [debug] [ThreadPool]: SQL status: OK in 0.000 seconds
[0m21:55:12.248503 [debug] [ThreadPool]: On create_fashion_retail_main: COMMIT
[0m21:55:12.248819 [debug] [ThreadPool]: Using duckdb connection "create_fashion_retail_main"
[0m21:55:12.249094 [debug] [ThreadPool]: On create_fashion_retail_main: COMMIT
[0m21:55:12.249447 [debug] [ThreadPool]: SQL status: OK in 0.000 seconds
[0m21:55:12.249700 [debug] [ThreadPool]: On create_fashion_retail_main: Close
[0m21:55:12.251119 [debug] [ThreadPool]: Re-using an available connection from the pool (formerly create_fashion_retail_main, now list_fashion_retail_main)
[0m21:55:12.255825 [debug] [ThreadPool]: Using duckdb connection "list_fashion_retail_main"
[0m21:55:12.256131 [debug] [ThreadPool]: On list_fashion_retail_main: BEGIN
[0m21:55:12.256374 [debug] [ThreadPool]: Opening a new connection, currently in state closed
[0m21:55:12.256812 [debug] [ThreadPool]: SQL status: OK in 0.000 seconds
[0m21:55:12.257038 [debug] [ThreadPool]: Using duckdb connection "list_fashion_retail_main"
[0m21:55:12.257278 [debug] [ThreadPool]: On list_fashion_retail_main: /* {"app": "dbt", "dbt_version": "1.12.0", "profile_name": "fashion_retail", "target_name": "dev", "connection_name": "list_fashion_retail_main"} */
select
      'fashion_retail' as database,
      table_name as name,
      table_schema as schema,
      CASE table_type
        WHEN 'BASE TABLE' THEN 'table'
        WHEN 'VIEW' THEN 'view'
        WHEN 'LOCAL TEMPORARY' THEN 'table'
        END as type
    from system.information_schema.tables
    where lower(table_schema) = 'main'
    and lower(table_catalog) = 'fashion_retail'
  
[0m21:55:12.259927 [debug] [ThreadPool]: SQL status: OK in 0.002 seconds
[0m21:55:12.261123 [debug] [ThreadPool]: On list_fashion_retail_main: ROLLBACK
[0m21:55:12.262254 [debug] [ThreadPool]: Failed to rollback 'list_fashion_retail_main'
[0m21:55:12.262498 [debug] [ThreadPool]: On list_fashion_retail_main: Close
[0m21:55:12.263117 [debug] [MainThread]: Sending event: {'category': 'dbt', 'action': 'runnable_timing', 'label': '95214222-775b-4fbc-b644-95a6aef3ac01', 'context': [<snowplow_tracker.self_describing_json.SelfDescribingJson object at 0x107dc3560>]}
[0m21:55:12.263524 [debug] [MainThread]: Using duckdb connection "master"
[0m21:55:12.263799 [debug] [MainThread]: On master: BEGIN
[0m21:55:12.264037 [debug] [MainThread]: Opening a new connection, currently in state init
[0m21:55:12.264424 [debug] [MainThread]: SQL status: OK in 0.000 seconds
[0m21:55:12.264661 [debug] [MainThread]: On master: COMMIT
[0m21:55:12.264886 [debug] [MainThread]: Using duckdb connection "master"
[0m21:55:12.265106 [debug] [MainThread]: On master: COMMIT
[0m21:55:12.265447 [debug] [MainThread]: SQL status: OK in 0.000 seconds
[0m21:55:12.265762 [debug] [MainThread]: On master: Close
[0m21:55:12.267718 [debug] [Thread-1 (]: Began running node seed.fashion_retail_analytics.fashion_retail_sales
[0m21:55:12.268217 [info ] [Thread-1 (]: 1 of 24 START seed file main.fashion_retail_sales .............................. [RUN]
[0m21:55:12.268671 [debug] [Thread-1 (]: Re-using an available connection from the pool (formerly list_fashion_retail_main, now seed.fashion_retail_analytics.fashion_retail_sales)
[0m21:55:12.268990 [debug] [Thread-1 (]: Began compiling node seed.fashion_retail_analytics.fashion_retail_sales
[0m21:55:12.269298 [debug] [Thread-1 (]: Began executing node seed.fashion_retail_analytics.fashion_retail_sales
[0m21:55:12.330715 [debug] [Thread-1 (]: Using duckdb connection "seed.fashion_retail_analytics.fashion_retail_sales"
[0m21:55:12.331129 [debug] [Thread-1 (]: On seed.fashion_retail_analytics.fashion_retail_sales: BEGIN
[0m21:55:12.331415 [debug] [Thread-1 (]: Opening a new connection, currently in state closed
[0m21:55:12.331946 [debug] [Thread-1 (]: SQL status: OK in 0.001 seconds
[0m21:55:12.332220 [debug] [Thread-1 (]: Using duckdb connection "seed.fashion_retail_analytics.fashion_retail_sales"
[0m21:55:12.332489 [debug] [Thread-1 (]: On seed.fashion_retail_analytics.fashion_retail_sales: /* {"app": "dbt", "dbt_version": "1.12.0", "profile_name": "fashion_retail", "target_name": "dev", "node_id": "seed.fashion_retail_analytics.fashion_retail_sales"} */
truncate table "fashion_retail"."main"."fashion_retail_sales"
[0m21:55:12.334972 [debug] [Thread-1 (]: SQL status: OK in 0.002 seconds
[0m21:55:12.346595 [debug] [Thread-1 (]: Using duckdb connection "seed.fashion_retail_analytics.fashion_retail_sales"
[0m21:55:12.346955 [debug] [Thread-1 (]: On seed.fashion_retail_analytics.fashion_retail_sales: 
          COPY "fashion_retail"."main"."fashion_retail_sales" FROM '/Users/souleyjr/data-portfolio/02-fashion-retail-analytics/dbt/seeds/fashion_retail_sales.csv' (FORMAT CSV, HEADER TRUE, DELIMITER ',')
        ...
[0m21:55:12.364136 [debug] [Thread-1 (]: SQL status: OK in 0.017 seconds
[0m21:55:12.369623 [debug] [Thread-1 (]: Writing runtime SQL for node "seed.fashion_retail_analytics.fashion_retail_sales"
[0m21:55:12.381387 [debug] [Thread-1 (]: On seed.fashion_retail_analytics.fashion_retail_sales: COMMIT
[0m21:55:12.381762 [debug] [Thread-1 (]: Using duckdb connection "seed.fashion_retail_analytics.fashion_retail_sales"
[0m21:55:12.382070 [debug] [Thread-1 (]: On seed.fashion_retail_analytics.fashion_retail_sales: COMMIT
[0m21:55:12.384632 [debug] [Thread-1 (]: SQL status: OK in 0.002 seconds
[0m21:55:12.386278 [debug] [Thread-1 (]: On seed.fashion_retail_analytics.fashion_retail_sales: Close
[0m21:55:12.387730 [debug] [Thread-1 (]: Sending event: {'category': 'dbt', 'action': 'run_model', 'label': '95214222-775b-4fbc-b644-95a6aef3ac01', 'context': [<snowplow_tracker.self_describing_json.SelfDescribingJson object at 0x107eb7530>]}
[0m21:55:12.388187 [info ] [Thread-1 (]: 1 of 24 OK loaded seed file main.fashion_retail_sales .......................... [[32mINSERT 3400[0m in 0.12s]
[0m21:55:12.388669 [debug] [Thread-1 (]: Finished running node seed.fashion_retail_analytics.fashion_retail_sales
[0m21:55:12.389283 [debug] [Thread-3 (]: Began running node model.fashion_retail_analytics.stg_transactions
[0m21:55:12.389739 [info ] [Thread-3 (]: 2 of 24 START sql view model main.stg_transactions ............................. [RUN]
[0m21:55:12.390174 [debug] [Thread-3 (]: Acquiring new duckdb connection 'model.fashion_retail_analytics.stg_transactions'
[0m21:55:12.390466 [debug] [Thread-3 (]: Began compiling node model.fashion_retail_analytics.stg_transactions
[0m21:55:12.396593 [debug] [Thread-3 (]: Writing injected SQL for node "model.fashion_retail_analytics.stg_transactions"
[0m21:55:12.397475 [debug] [Thread-3 (]: Began executing node model.fashion_retail_analytics.stg_transactions
[0m21:55:12.422227 [debug] [Thread-3 (]: Writing runtime sql for node "model.fashion_retail_analytics.stg_transactions"
[0m21:55:12.422979 [debug] [Thread-3 (]: Using duckdb connection "model.fashion_retail_analytics.stg_transactions"
[0m21:55:12.423294 [debug] [Thread-3 (]: On model.fashion_retail_analytics.stg_transactions: BEGIN
[0m21:55:12.423570 [debug] [Thread-3 (]: Opening a new connection, currently in state init
[0m21:55:12.424068 [debug] [Thread-3 (]: SQL status: OK in 0.000 seconds
[0m21:55:12.424332 [debug] [Thread-3 (]: Using duckdb connection "model.fashion_retail_analytics.stg_transactions"
[0m21:55:12.424688 [debug] [Thread-3 (]: On model.fashion_retail_analytics.stg_transactions: /* {"app": "dbt", "dbt_version": "1.12.0", "profile_name": "fashion_retail", "target_name": "dev", "node_id": "model.fashion_retail_analytics.stg_transactions"} */

  
  create view "fashion_retail"."main"."stg_transactions__dbt_tmp" as (
    -- GRAIN : 1 ligne = 1 transaction.  2 750 lignes attendues.
-- Aucune colonne agrégée au niveau client ne doit exister dans ce modèle.
-- Périmètre : les 650 lignes sans montant (19,1 % de la source) sont exclues du
-- chiffre d'affaires. Voir docs/rapport_qualite_donnees.md, section 1.

with source as (

    select * from "fashion_retail"."main"."fashion_retail_sales"

),

cleaned as (

    select
        cast("Customer Reference ID" as varchar)              as client_id,
        trim("Item Purchased")                                as article,
        cast("Purchase Amount (USD)" as double)               as montant,
        strptime("Date Purchase", '%d-%m-%Y')::date           as date_transaction,
        cast("Review Rating" as double)                       as note,
        case trim("Payment Method")
            when 'Credit Card' then 'Credit Card'
            when 'Cash'        then 'Cash'
            else 'Unknown'
        end                                                   as paiement,
        "Purchase Amount (USD)" is null                       as is_montant_manquant,
        "Review Rating" is null                               as is_note_manquante
    from source

),

final as (

    select
        'TX' || lpad(cast(row_number() over (
            order by date_transaction, client_id, article, montant
        ) as varchar), 5, '0')                                as transaction_id,
        client_id,
        article,
        montant,
        date_transaction,
        strftime(date_transaction, '%Y-%m')                    as mois,
        year(date_transaction)                                 as annee,
        strftime(date_transaction, '%A')                       as jour_semaine,
        note,
        is_note_manquante,
        paiement
    from cleaned
    where not is_montant_manquant
      and montant > 0
      and client_id is not null

)

select * from final
  );

[0m21:55:12.426839 [debug] [Thread-3 (]: SQL status: OK in 0.002 seconds
[0m21:55:12.431799 [debug] [Thread-3 (]: Using duckdb connection "model.fashion_retail_analytics.stg_transactions"
[0m21:55:12.432131 [debug] [Thread-3 (]: On model.fashion_retail_analytics.stg_transactions: /* {"app": "dbt", "dbt_version": "1.12.0", "profile_name": "fashion_retail", "target_name": "dev", "node_id": "model.fashion_retail_analytics.stg_transactions"} */
alter view "fashion_retail"."main"."stg_transactions__dbt_tmp" rename to "stg_transactions"
[0m21:55:12.433224 [debug] [Thread-3 (]: SQL status: OK in 0.001 seconds
[0m21:55:12.434547 [debug] [Thread-3 (]: On model.fashion_retail_analytics.stg_transactions: COMMIT
[0m21:55:12.434835 [debug] [Thread-3 (]: Using duckdb connection "model.fashion_retail_analytics.stg_transactions"
[0m21:55:12.435101 [debug] [Thread-3 (]: On model.fashion_retail_analytics.stg_transactions: COMMIT
[0m21:55:12.435850 [debug] [Thread-3 (]: SQL status: OK in 0.000 seconds
[0m21:55:12.440260 [debug] [Thread-3 (]: Using duckdb connection "model.fashion_retail_analytics.stg_transactions"
[0m21:55:12.440596 [debug] [Thread-3 (]: On model.fashion_retail_analytics.stg_transactions: /* {"app": "dbt", "dbt_version": "1.12.0", "profile_name": "fashion_retail", "target_name": "dev", "node_id": "model.fashion_retail_analytics.stg_transactions"} */

      drop view if exists "fashion_retail"."main"."stg_transactions__dbt_backup" cascade
    
[0m21:55:12.441034 [debug] [Thread-3 (]: SQL status: OK in 0.000 seconds
[0m21:55:12.442196 [debug] [Thread-3 (]: On model.fashion_retail_analytics.stg_transactions: Close
[0m21:55:12.442676 [debug] [Thread-3 (]: Sending event: {'category': 'dbt', 'action': 'run_model', 'label': '95214222-775b-4fbc-b644-95a6aef3ac01', 'context': [<snowplow_tracker.self_describing_json.SelfDescribingJson object at 0x10bac9310>]}
[0m21:55:12.443194 [info ] [Thread-3 (]: 2 of 24 OK created sql view model main.stg_transactions ........................ [[32mOK[0m in 0.05s]
[0m21:55:12.443636 [debug] [Thread-3 (]: Finished running node model.fashion_retail_analytics.stg_transactions
[0m21:55:12.444275 [debug] [Thread-2 (]: Began running node test.fashion_retail_analytics.accepted_values_stg_transactions_paiement__Credit_Card__Cash__Unknown.7992aec2a4
[0m21:55:12.444620 [info ] [Thread-2 (]: 3 of 24 START test accepted_values_stg_transactions_paiement__Credit_Card__Cash__Unknown  [RUN]
[0m21:55:12.444991 [debug] [Thread-1 (]: Began running node test.fashion_retail_analytics.assert_perimetre_transactions
[0m21:55:12.445318 [debug] [Thread-4 (]: Began running node test.fashion_retail_analytics.dbt_utils_accepted_range_stg_transactions_montant__False__0.dea3ac3c9d
[0m21:55:12.445738 [debug] [Thread-2 (]: Acquiring new duckdb connection 'test.fashion_retail_analytics.accepted_values_stg_transactions_paiement__Credit_Card__Cash__Unknown.7992aec2a4'
[0m21:55:12.446029 [debug] [Thread-3 (]: Began running node test.fashion_retail_analytics.not_null_stg_transactions_client_id.d88183f457
[0m21:55:12.446354 [info ] [Thread-1 (]: 4 of 24 START test assert_perimetre_transactions ............................... [RUN]
[0m21:55:12.446671 [info ] [Thread-4 (]: 5 of 24 START test dbt_utils_accepted_range_stg_transactions_montant__False__0 . [RUN]
[0m21:55:12.446989 [debug] [Thread-2 (]: Began compiling node test.fashion_retail_analytics.accepted_values_stg_transactions_paiement__Credit_Card__Cash__Unknown.7992aec2a4
[0m21:55:12.447275 [info ] [Thread-3 (]: 6 of 24 START test not_null_stg_transactions_client_id ......................... [RUN]
[0m21:55:12.447653 [debug] [Thread-1 (]: Re-using an available connection from the pool (formerly seed.fashion_retail_analytics.fashion_retail_sales, now test.fashion_retail_analytics.assert_perimetre_transactions)
[0m21:55:12.448050 [debug] [Thread-4 (]: Acquiring new duckdb connection 'test.fashion_retail_analytics.dbt_utils_accepted_range_stg_transactions_montant__False__0.dea3ac3c9d'
[0m21:55:12.467602 [debug] [Thread-3 (]: Re-using an available connection from the pool (formerly model.fashion_retail_analytics.stg_transactions, now test.fashion_retail_analytics.not_null_stg_transactions_client_id.d88183f457)
[0m21:55:12.467961 [debug] [Thread-1 (]: Began compiling node test.fashion_retail_analytics.assert_perimetre_transactions
[0m21:55:12.472401 [debug] [Thread-2 (]: Writing injected SQL for node "test.fashion_retail_analytics.accepted_values_stg_transactions_paiement__Credit_Card__Cash__Unknown.7992aec2a4"
[0m21:55:12.472798 [debug] [Thread-4 (]: Began compiling node test.fashion_retail_analytics.dbt_utils_accepted_range_stg_transactions_montant__False__0.dea3ac3c9d
[0m21:55:12.473096 [debug] [Thread-3 (]: Began compiling node test.fashion_retail_analytics.not_null_stg_transactions_client_id.d88183f457
[0m21:55:12.474611 [debug] [Thread-1 (]: Writing injected SQL for node "test.fashion_retail_analytics.assert_perimetre_transactions"
[0m21:55:12.484905 [debug] [Thread-4 (]: Writing injected SQL for node "test.fashion_retail_analytics.dbt_utils_accepted_range_stg_transactions_montant__False__0.dea3ac3c9d"
[0m21:55:12.496117 [debug] [Thread-3 (]: Writing injected SQL for node "test.fashion_retail_analytics.not_null_stg_transactions_client_id.d88183f457"
[0m21:55:12.496716 [debug] [Thread-2 (]: Began executing node test.fashion_retail_analytics.accepted_values_stg_transactions_paiement__Credit_Card__Cash__Unknown.7992aec2a4
[0m21:55:12.513722 [debug] [Thread-2 (]: Writing runtime sql for node "test.fashion_retail_analytics.accepted_values_stg_transactions_paiement__Credit_Card__Cash__Unknown.7992aec2a4"
[0m21:55:12.514339 [debug] [Thread-3 (]: Began executing node test.fashion_retail_analytics.not_null_stg_transactions_client_id.d88183f457
[0m21:55:12.515869 [debug] [Thread-3 (]: Writing runtime sql for node "test.fashion_retail_analytics.not_null_stg_transactions_client_id.d88183f457"
[0m21:55:12.516403 [debug] [Thread-1 (]: Began executing node test.fashion_retail_analytics.assert_perimetre_transactions
[0m21:55:12.516712 [debug] [Thread-4 (]: Began executing node test.fashion_retail_analytics.dbt_utils_accepted_range_stg_transactions_montant__False__0.dea3ac3c9d
[0m21:55:12.518366 [debug] [Thread-1 (]: Writing runtime sql for node "test.fashion_retail_analytics.assert_perimetre_transactions"
[0m21:55:12.518775 [debug] [Thread-3 (]: Using duckdb connection "test.fashion_retail_analytics.not_null_stg_transactions_client_id.d88183f457"
[0m21:55:12.520314 [debug] [Thread-4 (]: Writing runtime sql for node "test.fashion_retail_analytics.dbt_utils_accepted_range_stg_transactions_montant__False__0.dea3ac3c9d"
[0m21:55:12.520664 [debug] [Thread-2 (]: Using duckdb connection "test.fashion_retail_analytics.accepted_values_stg_transactions_paiement__Credit_Card__Cash__Unknown.7992aec2a4"
[0m21:55:12.521027 [debug] [Thread-3 (]: On test.fashion_retail_analytics.not_null_stg_transactions_client_id.d88183f457: BEGIN
[0m21:55:12.521450 [debug] [Thread-2 (]: On test.fashion_retail_analytics.accepted_values_stg_transactions_paiement__Credit_Card__Cash__Unknown.7992aec2a4: BEGIN
[0m21:55:12.521765 [debug] [Thread-3 (]: Opening a new connection, currently in state closed
[0m21:55:12.522121 [debug] [Thread-2 (]: Opening a new connection, currently in state init
[0m21:55:12.522586 [debug] [Thread-4 (]: Using duckdb connection "test.fashion_retail_analytics.dbt_utils_accepted_range_stg_transactions_montant__False__0.dea3ac3c9d"
[0m21:55:12.523028 [debug] [Thread-3 (]: SQL status: OK in 0.001 seconds
[0m21:55:12.523341 [debug] [Thread-4 (]: On test.fashion_retail_analytics.dbt_utils_accepted_range_stg_transactions_montant__False__0.dea3ac3c9d: BEGIN
[0m21:55:12.523650 [debug] [Thread-1 (]: Using duckdb connection "test.fashion_retail_analytics.assert_perimetre_transactions"
[0m21:55:12.523931 [debug] [Thread-3 (]: Using duckdb connection "test.fashion_retail_analytics.not_null_stg_transactions_client_id.d88183f457"
[0m21:55:12.524213 [debug] [Thread-2 (]: SQL status: OK in 0.002 seconds
[0m21:55:12.524497 [debug] [Thread-4 (]: Opening a new connection, currently in state init
[0m21:55:12.524765 [debug] [Thread-1 (]: On test.fashion_retail_analytics.assert_perimetre_transactions: BEGIN
[0m21:55:12.525166 [debug] [Thread-3 (]: On test.fashion_retail_analytics.not_null_stg_transactions_client_id.d88183f457: /* {"app": "dbt", "dbt_version": "1.12.0", "profile_name": "fashion_retail", "target_name": "dev", "node_id": "test.fashion_retail_analytics.not_null_stg_transactions_client_id.d88183f457"} */

    
    select
      count(*) as failures,
      count(*) != 0 as should_warn,
      count(*) != 0 as should_error
    from (
      
    
  
    
    



select client_id
from "fashion_retail"."main"."stg_transactions"
where client_id is null



  
  
      
    ) dbt_internal_test
[0m21:55:12.525485 [debug] [Thread-2 (]: Using duckdb connection "test.fashion_retail_analytics.accepted_values_stg_transactions_paiement__Credit_Card__Cash__Unknown.7992aec2a4"
[0m21:55:12.525832 [debug] [Thread-1 (]: Opening a new connection, currently in state closed
[0m21:55:12.526194 [debug] [Thread-4 (]: SQL status: OK in 0.002 seconds
[0m21:55:12.526516 [debug] [Thread-2 (]: On test.fashion_retail_analytics.accepted_values_stg_transactions_paiement__Credit_Card__Cash__Unknown.7992aec2a4: /* {"app": "dbt", "dbt_version": "1.12.0", "profile_name": "fashion_retail", "target_name": "dev", "node_id": "test.fashion_retail_analytics.accepted_values_stg_transactions_paiement__Credit_Card__Cash__Unknown.7992aec2a4"} */

    
    select
      count(*) as failures,
      count(*) != 0 as should_warn,
      count(*) != 0 as should_error
    from (
      
    
  
    
    

with all_values as (

    select
        paiement as value_field,
        count(*) as n_records

    from "fashion_retail"."main"."stg_transactions"
    group by paiement

)

select *
from all_values
where value_field not in (
    'Credit Card','Cash','Unknown'
)



  
  
      
    ) dbt_internal_test
[0m21:55:12.526874 [debug] [Thread-4 (]: Using duckdb connection "test.fashion_retail_analytics.dbt_utils_accepted_range_stg_transactions_montant__False__0.dea3ac3c9d"
[0m21:55:12.527218 [debug] [Thread-1 (]: SQL status: OK in 0.001 seconds
[0m21:55:12.527540 [debug] [Thread-4 (]: On test.fashion_retail_analytics.dbt_utils_accepted_range_stg_transactions_montant__False__0.dea3ac3c9d: /* {"app": "dbt", "dbt_version": "1.12.0", "profile_name": "fashion_retail", "target_name": "dev", "node_id": "test.fashion_retail_analytics.dbt_utils_accepted_range_stg_transactions_montant__False__0.dea3ac3c9d"} */

    
    select
      count(*) as failures,
      count(*) != 0 as should_warn,
      count(*) != 0 as should_error
    from (
      
    
  

with meet_condition as(
  select *
  from "fashion_retail"."main"."stg_transactions"
),

validation_errors as (
  select *
  from meet_condition
  where
    -- never true, defaults to an empty result set. Exists to ensure any combo of the `or` clauses below succeeds
    1 = 2
    -- records with a value >= min_value are permitted. The `not` flips this to find records that don't meet the rule.
    or not montant > 0
)

select *
from validation_errors


  
  
      
    ) dbt_internal_test
[0m21:55:12.527891 [debug] [Thread-1 (]: Using duckdb connection "test.fashion_retail_analytics.assert_perimetre_transactions"
[0m21:55:12.528363 [debug] [Thread-1 (]: On test.fashion_retail_analytics.assert_perimetre_transactions: /* {"app": "dbt", "dbt_version": "1.12.0", "profile_name": "fashion_retail", "target_name": "dev", "node_id": "test.fashion_retail_analytics.assert_perimetre_transactions"} */

    
    select
      count(*) as failures,
      count(*) != 0 as should_warn,
      count(*) != 0 as should_error
    from (
      
    
  -- Le périmètre doit rester à 2 750 transactions. Si ce nombre change,
-- c'est que la règle d'exclusion des montants nuls a bougé : il faut alors
-- mettre à jour tous les documents qui publient ce chiffre.
-- Doit renvoyer 0 ligne.

select count(*) as n
from "fashion_retail"."main"."stg_transactions"
having count(*) <> 2750
  
  
      
    ) dbt_internal_test
[0m21:55:12.529366 [debug] [Thread-3 (]: SQL status: OK in 0.003 seconds
[0m21:55:12.531842 [debug] [Thread-4 (]: SQL status: OK in 0.004 seconds
[0m21:55:12.533524 [debug] [Thread-3 (]: On test.fashion_retail_analytics.not_null_stg_transactions_client_id.d88183f457: ROLLBACK
[0m21:55:12.535447 [debug] [Thread-4 (]: On test.fashion_retail_analytics.dbt_utils_accepted_range_stg_transactions_montant__False__0.dea3ac3c9d: ROLLBACK
[0m21:55:12.536780 [debug] [Thread-3 (]: Failed to rollback 'test.fashion_retail_analytics.not_null_stg_transactions_client_id.d88183f457'
[0m21:55:12.537265 [debug] [Thread-2 (]: SQL status: OK in 0.010 seconds
[0m21:55:12.537668 [debug] [Thread-1 (]: SQL status: OK in 0.009 seconds
[0m21:55:12.538490 [debug] [Thread-4 (]: Failed to rollback 'test.fashion_retail_analytics.dbt_utils_accepted_range_stg_transactions_montant__False__0.dea3ac3c9d'
[0m21:55:12.538778 [debug] [Thread-3 (]: On test.fashion_retail_analytics.not_null_stg_transactions_client_id.d88183f457: Close
[0m21:55:12.539191 [debug] [Thread-4 (]: On test.fashion_retail_analytics.dbt_utils_accepted_range_stg_transactions_montant__False__0.dea3ac3c9d: Close
[0m21:55:12.540431 [debug] [Thread-2 (]: On test.fashion_retail_analytics.accepted_values_stg_transactions_paiement__Credit_Card__Cash__Unknown.7992aec2a4: ROLLBACK
[0m21:55:12.541530 [debug] [Thread-1 (]: On test.fashion_retail_analytics.assert_perimetre_transactions: ROLLBACK
[0m21:55:12.542086 [info ] [Thread-3 (]: 6 of 24 PASS not_null_stg_transactions_client_id ............................... [[32mPASS[0m in 0.07s]
[0m21:55:12.542586 [info ] [Thread-4 (]: 5 of 24 PASS dbt_utils_accepted_range_stg_transactions_montant__False__0 ....... [[32mPASS[0m in 0.09s]
[0m21:55:12.543483 [debug] [Thread-2 (]: Failed to rollback 'test.fashion_retail_analytics.accepted_values_stg_transactions_paiement__Credit_Card__Cash__Unknown.7992aec2a4'
[0m21:55:12.544347 [debug] [Thread-1 (]: Failed to rollback 'test.fashion_retail_analytics.assert_perimetre_transactions'
[0m21:55:12.544770 [debug] [Thread-3 (]: Finished running node test.fashion_retail_analytics.not_null_stg_transactions_client_id.d88183f457
[0m21:55:12.545174 [debug] [Thread-4 (]: Finished running node test.fashion_retail_analytics.dbt_utils_accepted_range_stg_transactions_montant__False__0.dea3ac3c9d
[0m21:55:12.545456 [debug] [Thread-2 (]: On test.fashion_retail_analytics.accepted_values_stg_transactions_paiement__Credit_Card__Cash__Unknown.7992aec2a4: Close
[0m21:55:12.545736 [debug] [Thread-1 (]: On test.fashion_retail_analytics.assert_perimetre_transactions: Close
[0m21:55:12.546059 [debug] [Thread-3 (]: Began running node test.fashion_retail_analytics.not_null_stg_transactions_date_transaction.0fcd45f627
[0m21:55:12.546402 [debug] [Thread-4 (]: Began running node test.fashion_retail_analytics.not_null_stg_transactions_montant.2503ca851d
[0m21:55:12.546893 [info ] [Thread-2 (]: 3 of 24 PASS accepted_values_stg_transactions_paiement__Credit_Card__Cash__Unknown  [[32mPASS[0m in 0.10s]
[0m21:55:12.547396 [info ] [Thread-1 (]: 4 of 24 PASS assert_perimetre_transactions ..................................... [[32mPASS[0m in 0.10s]
[0m21:55:12.547668 [info ] [Thread-3 (]: 7 of 24 START test not_null_stg_transactions_date_transaction .................. [RUN]
[0m21:55:12.548422 [debug] [Thread-2 (]: Finished running node test.fashion_retail_analytics.accepted_values_stg_transactions_paiement__Credit_Card__Cash__Unknown.7992aec2a4
[0m21:55:12.547999 [info ] [Thread-4 (]: 8 of 24 START test not_null_stg_transactions_montant ........................... [RUN]
[0m21:55:12.548891 [debug] [Thread-1 (]: Finished running node test.fashion_retail_analytics.assert_perimetre_transactions
[0m21:55:12.549226 [debug] [Thread-3 (]: Re-using an available connection from the pool (formerly test.fashion_retail_analytics.not_null_stg_transactions_client_id.d88183f457, now test.fashion_retail_analytics.not_null_stg_transactions_date_transaction.0fcd45f627)
[0m21:55:12.549542 [debug] [Thread-2 (]: Began running node test.fashion_retail_analytics.not_null_stg_transactions_transaction_id.1d00a8e2e4
[0m21:55:12.549890 [debug] [Thread-4 (]: Re-using an available connection from the pool (formerly test.fashion_retail_analytics.dbt_utils_accepted_range_stg_transactions_montant__False__0.dea3ac3c9d, now test.fashion_retail_analytics.not_null_stg_transactions_montant.2503ca851d)
[0m21:55:12.550202 [debug] [Thread-1 (]: Began running node test.fashion_retail_analytics.unique_stg_transactions_transaction_id.ee9a78a396
[0m21:55:12.550506 [debug] [Thread-3 (]: Began compiling node test.fashion_retail_analytics.not_null_stg_transactions_date_transaction.0fcd45f627
[0m21:55:12.551017 [debug] [Thread-4 (]: Began compiling node test.fashion_retail_analytics.not_null_stg_transactions_montant.2503ca851d
[0m21:55:12.550790 [info ] [Thread-2 (]: 9 of 24 START test not_null_stg_transactions_transaction_id .................... [RUN]
[0m21:55:12.551366 [info ] [Thread-1 (]: 10 of 24 START test unique_stg_transactions_transaction_id ..................... [RUN]
[0m21:55:12.557791 [debug] [Thread-3 (]: Writing injected SQL for node "test.fashion_retail_analytics.not_null_stg_transactions_date_transaction.0fcd45f627"
[0m21:55:12.563749 [debug] [Thread-4 (]: Writing injected SQL for node "test.fashion_retail_analytics.not_null_stg_transactions_montant.2503ca851d"
[0m21:55:12.564149 [debug] [Thread-2 (]: Re-using an available connection from the pool (formerly test.fashion_retail_analytics.accepted_values_stg_transactions_paiement__Credit_Card__Cash__Unknown.7992aec2a4, now test.fashion_retail_analytics.not_null_stg_transactions_transaction_id.1d00a8e2e4)
[0m21:55:12.564508 [debug] [Thread-1 (]: Re-using an available connection from the pool (formerly test.fashion_retail_analytics.assert_perimetre_transactions, now test.fashion_retail_analytics.unique_stg_transactions_transaction_id.ee9a78a396)
[0m21:55:12.564974 [debug] [Thread-2 (]: Began compiling node test.fashion_retail_analytics.not_null_stg_transactions_transaction_id.1d00a8e2e4
[0m21:55:12.565301 [debug] [Thread-1 (]: Began compiling node test.fashion_retail_analytics.unique_stg_transactions_transaction_id.ee9a78a396
[0m21:55:12.578865 [debug] [Thread-1 (]: Writing injected SQL for node "test.fashion_retail_analytics.unique_stg_transactions_transaction_id.ee9a78a396"
[0m21:55:12.579330 [debug] [Thread-4 (]: Began executing node test.fashion_retail_analytics.not_null_stg_transactions_montant.2503ca851d
[0m21:55:12.580881 [debug] [Thread-4 (]: Writing runtime sql for node "test.fashion_retail_analytics.not_null_stg_transactions_montant.2503ca851d"
[0m21:55:12.581407 [debug] [Thread-2 (]: Writing injected SQL for node "test.fashion_retail_analytics.not_null_stg_transactions_transaction_id.1d00a8e2e4"
[0m21:55:12.581727 [debug] [Thread-3 (]: Began executing node test.fashion_retail_analytics.not_null_stg_transactions_date_transaction.0fcd45f627
[0m21:55:12.583425 [debug] [Thread-3 (]: Writing runtime sql for node "test.fashion_retail_analytics.not_null_stg_transactions_date_transaction.0fcd45f627"
[0m21:55:12.583912 [debug] [Thread-1 (]: Began executing node test.fashion_retail_analytics.unique_stg_transactions_transaction_id.ee9a78a396
[0m21:55:12.584248 [debug] [Thread-2 (]: Began executing node test.fashion_retail_analytics.not_null_stg_transactions_transaction_id.1d00a8e2e4
[0m21:55:12.584584 [debug] [Thread-4 (]: Using duckdb connection "test.fashion_retail_analytics.not_null_stg_transactions_montant.2503ca851d"
[0m21:55:12.585943 [debug] [Thread-1 (]: Writing runtime sql for node "test.fashion_retail_analytics.unique_stg_transactions_transaction_id.ee9a78a396"
[0m21:55:12.586281 [debug] [Thread-3 (]: Using duckdb connection "test.fashion_retail_analytics.not_null_stg_transactions_date_transaction.0fcd45f627"
[0m21:55:12.587760 [debug] [Thread-2 (]: Writing runtime sql for node "test.fashion_retail_analytics.not_null_stg_transactions_transaction_id.1d00a8e2e4"
[0m21:55:12.588073 [debug] [Thread-4 (]: On test.fashion_retail_analytics.not_null_stg_transactions_montant.2503ca851d: BEGIN
[0m21:55:12.588416 [debug] [Thread-3 (]: On test.fashion_retail_analytics.not_null_stg_transactions_date_transaction.0fcd45f627: BEGIN
[0m21:55:12.588745 [debug] [Thread-4 (]: Opening a new connection, currently in state closed
[0m21:55:12.589109 [debug] [Thread-1 (]: Using duckdb connection "test.fashion_retail_analytics.unique_stg_transactions_transaction_id.ee9a78a396"
[0m21:55:12.589376 [debug] [Thread-3 (]: Opening a new connection, currently in state closed
[0m21:55:12.589677 [debug] [Thread-2 (]: Using duckdb connection "test.fashion_retail_analytics.not_null_stg_transactions_transaction_id.1d00a8e2e4"
[0m21:55:12.590088 [debug] [Thread-1 (]: On test.fashion_retail_analytics.unique_stg_transactions_transaction_id.ee9a78a396: BEGIN
[0m21:55:12.590478 [debug] [Thread-4 (]: SQL status: OK in 0.002 seconds
[0m21:55:12.590765 [debug] [Thread-2 (]: On test.fashion_retail_analytics.not_null_stg_transactions_transaction_id.1d00a8e2e4: BEGIN
[0m21:55:12.591058 [debug] [Thread-3 (]: SQL status: OK in 0.002 seconds
[0m21:55:12.591336 [debug] [Thread-1 (]: Opening a new connection, currently in state closed
[0m21:55:12.591615 [debug] [Thread-4 (]: Using duckdb connection "test.fashion_retail_analytics.not_null_stg_transactions_montant.2503ca851d"
[0m21:55:12.591904 [debug] [Thread-2 (]: Opening a new connection, currently in state closed
[0m21:55:12.592172 [debug] [Thread-3 (]: Using duckdb connection "test.fashion_retail_analytics.not_null_stg_transactions_date_transaction.0fcd45f627"
[0m21:55:12.592554 [debug] [Thread-4 (]: On test.fashion_retail_analytics.not_null_stg_transactions_montant.2503ca851d: /* {"app": "dbt", "dbt_version": "1.12.0", "profile_name": "fashion_retail", "target_name": "dev", "node_id": "test.fashion_retail_analytics.not_null_stg_transactions_montant.2503ca851d"} */

    
    select
      count(*) as failures,
      count(*) != 0 as should_warn,
      count(*) != 0 as should_error
    from (
      
    
  
    
    



select montant
from "fashion_retail"."main"."stg_transactions"
where montant is null



  
  
      
    ) dbt_internal_test
[0m21:55:12.592924 [debug] [Thread-1 (]: SQL status: OK in 0.002 seconds
[0m21:55:12.593208 [debug] [Thread-3 (]: On test.fashion_retail_analytics.not_null_stg_transactions_date_transaction.0fcd45f627: /* {"app": "dbt", "dbt_version": "1.12.0", "profile_name": "fashion_retail", "target_name": "dev", "node_id": "test.fashion_retail_analytics.not_null_stg_transactions_date_transaction.0fcd45f627"} */

    
    select
      count(*) as failures,
      count(*) != 0 as should_warn,
      count(*) != 0 as should_error
    from (
      
    
  
    
    



select date_transaction
from "fashion_retail"."main"."stg_transactions"
where date_transaction is null



  
  
      
    ) dbt_internal_test
[0m21:55:12.593515 [debug] [Thread-2 (]: SQL status: OK in 0.002 seconds
[0m21:55:12.593879 [debug] [Thread-1 (]: Using duckdb connection "test.fashion_retail_analytics.unique_stg_transactions_transaction_id.ee9a78a396"
[0m21:55:12.594248 [debug] [Thread-2 (]: Using duckdb connection "test.fashion_retail_analytics.not_null_stg_transactions_transaction_id.1d00a8e2e4"
[0m21:55:12.594548 [debug] [Thread-1 (]: On test.fashion_retail_analytics.unique_stg_transactions_transaction_id.ee9a78a396: /* {"app": "dbt", "dbt_version": "1.12.0", "profile_name": "fashion_retail", "target_name": "dev", "node_id": "test.fashion_retail_analytics.unique_stg_transactions_transaction_id.ee9a78a396"} */

    
    select
      count(*) as failures,
      count(*) != 0 as should_warn,
      count(*) != 0 as should_error
    from (
      
    
  
    
    

select
    transaction_id as unique_field,
    count(*) as n_records

from "fashion_retail"."main"."stg_transactions"
where transaction_id is not null
group by transaction_id
having count(*) > 1



  
  
      
    ) dbt_internal_test
[0m21:55:12.594866 [debug] [Thread-2 (]: On test.fashion_retail_analytics.not_null_stg_transactions_transaction_id.1d00a8e2e4: /* {"app": "dbt", "dbt_version": "1.12.0", "profile_name": "fashion_retail", "target_name": "dev", "node_id": "test.fashion_retail_analytics.not_null_stg_transactions_transaction_id.1d00a8e2e4"} */

    
    select
      count(*) as failures,
      count(*) != 0 as should_warn,
      count(*) != 0 as should_error
    from (
      
    
  
    
    



select transaction_id
from "fashion_retail"."main"."stg_transactions"
where transaction_id is null



  
  
      
    ) dbt_internal_test
[0m21:55:12.597037 [debug] [Thread-3 (]: SQL status: OK in 0.003 seconds
[0m21:55:12.598961 [debug] [Thread-3 (]: On test.fashion_retail_analytics.not_null_stg_transactions_date_transaction.0fcd45f627: ROLLBACK
[0m21:55:12.600115 [debug] [Thread-3 (]: Failed to rollback 'test.fashion_retail_analytics.not_null_stg_transactions_date_transaction.0fcd45f627'
[0m21:55:12.600454 [debug] [Thread-3 (]: On test.fashion_retail_analytics.not_null_stg_transactions_date_transaction.0fcd45f627: Close
[0m21:55:12.600780 [debug] [Thread-1 (]: SQL status: OK in 0.005 seconds
[0m21:55:12.601114 [debug] [Thread-4 (]: SQL status: OK in 0.007 seconds
[0m21:55:12.601446 [debug] [Thread-2 (]: SQL status: OK in 0.006 seconds
[0m21:55:12.601949 [info ] [Thread-3 (]: 7 of 24 PASS not_null_stg_transactions_date_transaction ........................ [[32mPASS[0m in 0.05s]
[0m21:55:12.603320 [debug] [Thread-4 (]: On test.fashion_retail_analytics.not_null_stg_transactions_montant.2503ca851d: ROLLBACK
[0m21:55:12.604482 [debug] [Thread-1 (]: On test.fashion_retail_analytics.unique_stg_transactions_transaction_id.ee9a78a396: ROLLBACK
[0m21:55:12.604904 [debug] [Thread-3 (]: Finished running node test.fashion_retail_analytics.not_null_stg_transactions_date_transaction.0fcd45f627
[0m21:55:12.605981 [debug] [Thread-2 (]: On test.fashion_retail_analytics.not_null_stg_transactions_transaction_id.1d00a8e2e4: ROLLBACK
[0m21:55:12.606928 [debug] [Thread-4 (]: Failed to rollback 'test.fashion_retail_analytics.not_null_stg_transactions_montant.2503ca851d'
[0m21:55:12.607756 [debug] [Thread-1 (]: Failed to rollback 'test.fashion_retail_analytics.unique_stg_transactions_transaction_id.ee9a78a396'
[0m21:55:12.608660 [debug] [Thread-2 (]: Failed to rollback 'test.fashion_retail_analytics.not_null_stg_transactions_transaction_id.1d00a8e2e4'
[0m21:55:12.608939 [debug] [Thread-4 (]: On test.fashion_retail_analytics.not_null_stg_transactions_montant.2503ca851d: Close
[0m21:55:12.609231 [debug] [Thread-1 (]: On test.fashion_retail_analytics.unique_stg_transactions_transaction_id.ee9a78a396: Close
[0m21:55:12.609523 [debug] [Thread-2 (]: On test.fashion_retail_analytics.not_null_stg_transactions_transaction_id.1d00a8e2e4: Close
[0m21:55:12.609996 [info ] [Thread-4 (]: 8 of 24 PASS not_null_stg_transactions_montant ................................. [[32mPASS[0m in 0.06s]
[0m21:55:12.610502 [info ] [Thread-1 (]: 10 of 24 PASS unique_stg_transactions_transaction_id ........................... [[32mPASS[0m in 0.05s]
[0m21:55:12.611013 [info ] [Thread-2 (]: 9 of 24 PASS not_null_stg_transactions_transaction_id .......................... [[32mPASS[0m in 0.05s]
[0m21:55:12.611448 [debug] [Thread-4 (]: Finished running node test.fashion_retail_analytics.not_null_stg_transactions_montant.2503ca851d
[0m21:55:12.611861 [debug] [Thread-1 (]: Finished running node test.fashion_retail_analytics.unique_stg_transactions_transaction_id.ee9a78a396
[0m21:55:12.612254 [debug] [Thread-2 (]: Finished running node test.fashion_retail_analytics.not_null_stg_transactions_transaction_id.1d00a8e2e4
[0m21:55:12.612882 [debug] [Thread-3 (]: Began running node model.fashion_retail_analytics.dim_clients
[0m21:55:12.613175 [debug] [Thread-4 (]: Began running node model.fashion_retail_analytics.mart_kpi_global
[0m21:55:12.613842 [debug] [Thread-1 (]: Began running node model.fashion_retail_analytics.mart_produits
[0m21:55:12.613598 [info ] [Thread-3 (]: 11 of 24 START sql view model main.dim_clients ................................. [RUN]
[0m21:55:12.614333 [info ] [Thread-4 (]: 12 of 24 START sql table model main.mart_kpi_global ............................ [RUN]
[0m21:55:12.614720 [info ] [Thread-1 (]: 13 of 24 START sql table model main.mart_produits .............................. [RUN]
[0m21:55:12.615078 [debug] [Thread-3 (]: Re-using an available connection from the pool (formerly test.fashion_retail_analytics.not_null_stg_transactions_date_transaction.0fcd45f627, now model.fashion_retail_analytics.dim_clients)
[0m21:55:12.615405 [debug] [Thread-4 (]: Re-using an available connection from the pool (formerly test.fashion_retail_analytics.not_null_stg_transactions_montant.2503ca851d, now model.fashion_retail_analytics.mart_kpi_global)
[0m21:55:12.615717 [debug] [Thread-1 (]: Re-using an available connection from the pool (formerly test.fashion_retail_analytics.unique_stg_transactions_transaction_id.ee9a78a396, now model.fashion_retail_analytics.mart_produits)
[0m21:55:12.616009 [debug] [Thread-3 (]: Began compiling node model.fashion_retail_analytics.dim_clients
[0m21:55:12.616282 [debug] [Thread-4 (]: Began compiling node model.fashion_retail_analytics.mart_kpi_global
[0m21:55:12.616547 [debug] [Thread-1 (]: Began compiling node model.fashion_retail_analytics.mart_produits
[0m21:55:12.618561 [debug] [Thread-3 (]: Writing injected SQL for node "model.fashion_retail_analytics.dim_clients"
[0m21:55:12.619961 [debug] [Thread-4 (]: Writing injected SQL for node "model.fashion_retail_analytics.mart_kpi_global"
[0m21:55:12.621660 [debug] [Thread-1 (]: Writing injected SQL for node "model.fashion_retail_analytics.mart_produits"
[0m21:55:12.622415 [debug] [Thread-3 (]: Began executing node model.fashion_retail_analytics.dim_clients
[0m21:55:12.625015 [debug] [Thread-3 (]: Writing runtime sql for node "model.fashion_retail_analytics.dim_clients"
[0m21:55:12.625341 [debug] [Thread-4 (]: Began executing node model.fashion_retail_analytics.mart_kpi_global
[0m21:55:12.625687 [debug] [Thread-1 (]: Began executing node model.fashion_retail_analytics.mart_produits
[0m21:55:12.645057 [debug] [Thread-4 (]: Writing runtime sql for node "model.fashion_retail_analytics.mart_kpi_global"
[0m21:55:12.647446 [debug] [Thread-1 (]: Writing runtime sql for node "model.fashion_retail_analytics.mart_produits"
[0m21:55:12.647945 [debug] [Thread-3 (]: Using duckdb connection "model.fashion_retail_analytics.dim_clients"
[0m21:55:12.648252 [debug] [Thread-3 (]: On model.fashion_retail_analytics.dim_clients: BEGIN
[0m21:55:12.648533 [debug] [Thread-3 (]: Opening a new connection, currently in state closed
[0m21:55:12.649070 [debug] [Thread-3 (]: SQL status: OK in 0.001 seconds
[0m21:55:12.649401 [debug] [Thread-1 (]: Using duckdb connection "model.fashion_retail_analytics.mart_produits"
[0m21:55:12.649670 [debug] [Thread-3 (]: Using duckdb connection "model.fashion_retail_analytics.dim_clients"
[0m21:55:12.649946 [debug] [Thread-1 (]: On model.fashion_retail_analytics.mart_produits: BEGIN
[0m21:55:12.650361 [debug] [Thread-4 (]: Using duckdb connection "model.fashion_retail_analytics.mart_kpi_global"
[0m21:55:12.650781 [debug] [Thread-3 (]: On model.fashion_retail_analytics.dim_clients: /* {"app": "dbt", "dbt_version": "1.12.0", "profile_name": "fashion_retail", "target_name": "dev", "node_id": "model.fashion_retail_analytics.dim_clients"} */

  
  create view "fashion_retail"."main"."dim_clients__dbt_tmp" as (
    -- GRAIN : 1 ligne = 1 client.  166 lignes attendues.
-- Seul endroit du projet où vivent les agrégats client.
-- Recopier ca_client ou nb_achats dans la table de faits produit un fan-out :
-- c'est ce qui affichait 7 585 581 au lieu de 430 952 en v1.

with base as (

    select
        client_id,
        count(*)                        as nb_achats,
        sum(montant)                    as ca_client,
        avg(montant)                    as panier_moyen,
        min(date_transaction)           as premier_achat,
        max(date_transaction)           as dernier_achat,
        avg(note)                       as note_moyenne,
        count(distinct article)         as nb_articles_distincts
    from "fashion_retail"."main"."stg_transactions"
    group by client_id

),

borne as (select max(date_transaction) as date_ref from "fashion_retail"."main"."stg_transactions"),

scored as (

    select
        b.*,
        date_diff('day', b.dernier_achat, r.date_ref)                       as recence_jours,
        ntile(4) over (order by date_diff('day', b.dernier_achat, r.date_ref) desc) as r_score,
        ntile(4) over (order by b.nb_achats)                                as f_score,
        ntile(4) over (order by b.ca_client)                                as m_score
    from base b cross join borne r

)

select
    *,
    cast(r_score as varchar) || cast(f_score as varchar) || cast(m_score as varchar) as rfm,
    -- Quartile de valeur : chaque segment pèse ~25 % des CLIENTS par construction.
    -- Ne jamais présenter ces parts comme des parts de chiffre d'affaires.
    case m_score
        when 4 then '4. VIP'
        when 3 then '3. Fidèle'
        when 2 then '2. Régulier'
        else        '1. Occasionnel'
    end as segment_valeur
from scored
  );

[0m21:55:12.651154 [debug] [Thread-1 (]: Opening a new connection, currently in state closed
[0m21:55:12.651432 [debug] [Thread-4 (]: On model.fashion_retail_analytics.mart_kpi_global: BEGIN
[0m21:55:12.651991 [debug] [Thread-4 (]: Opening a new connection, currently in state closed
[0m21:55:12.652340 [debug] [Thread-1 (]: SQL status: OK in 0.001 seconds
[0m21:55:12.652606 [debug] [Thread-1 (]: Using duckdb connection "model.fashion_retail_analytics.mart_produits"
[0m21:55:12.652877 [debug] [Thread-4 (]: SQL status: OK in 0.001 seconds
[0m21:55:12.653233 [debug] [Thread-1 (]: On model.fashion_retail_analytics.mart_produits: /* {"app": "dbt", "dbt_version": "1.12.0", "profile_name": "fashion_retail", "target_name": "dev", "node_id": "model.fashion_retail_analytics.mart_produits"} */

  
    
    

    create  table
      "fashion_retail"."main"."mart_produits__dbt_tmp"
  
    as (
      -- Performance et satisfaction par article.
-- C'est le croisement des deux qui porte le risque commercial, pas chacun isolément.

with p as (

    select
        article,
        count(*)                                as nb_ventes,
        sum(montant)                            as ca_usd,
        avg(montant)                            as panier_moyen,
        avg(note)                               as note_moyenne,
        count(*) filter (where note is null)    as notes_manquantes,
        count(distinct client_id)               as nb_clients
    from "fashion_retail"."main"."stg_transactions"
    group by article

)

select
    *,
    ca_usd * 100.0 / sum(ca_usd) over ()        as pct_ca,
    rank() over (order by ca_usd desc)          as rang_ca,
    case
        when note_moyenne < 2.70 then 'CRITIQUE'
        when note_moyenne < 3.00 then 'VIGILANCE'
        else 'OK'
    end                                          as alerte_satisfaction,
    case
        when note_moyenne < 2.70 and rank() over (order by ca_usd desc) <= 10
            then 'RISQUE PRIORITAIRE : fort contributeur au CA et mal noté. Auditer la qualité avant toute action d''acquisition.'
        when note_moyenne < 2.70
            then 'Surveiller : satisfaction basse, enjeu de chiffre d''affaires limité.'
        else 'Aucune action spécifique.'
    end                                          as recommandation
from p
order by ca_usd desc
    );
  
  
[0m21:55:12.653589 [debug] [Thread-4 (]: Using duckdb connection "model.fashion_retail_analytics.mart_kpi_global"
[0m21:55:12.654116 [debug] [Thread-4 (]: On model.fashion_retail_analytics.mart_kpi_global: /* {"app": "dbt", "dbt_version": "1.12.0", "profile_name": "fashion_retail", "target_name": "dev", "node_id": "model.fashion_retail_analytics.mart_kpi_global"} */

  
    
    

    create  table
      "fashion_retail"."main"."mart_kpi_global__dbt_tmp"
  
    as (
      -- Les 4 indicateurs de la page d'accueil.
-- Contrainte testée : nb_transactions * panier_moyen = ca_total.

select
    count(*)                                as nb_transactions,   -- 2 750
    count(distinct client_id)               as nb_clients,        -- 166
    sum(montant)                            as ca_total_usd,      -- 430 952,00
    avg(montant)                            as panier_moyen_usd,  -- 156,71 — par TRANSACTION
    median(montant)                         as panier_median_usd, -- 110,00
    avg(note)                               as note_moyenne,
    min(date_transaction)                   as debut_periode,
    max(date_transaction)                   as fin_periode
from "fashion_retail"."main"."stg_transactions"
    );
  
  
[0m21:55:12.654526 [debug] [Thread-3 (]: SQL status: OK in 0.003 seconds
[0m21:55:12.656464 [debug] [Thread-3 (]: Using duckdb connection "model.fashion_retail_analytics.dim_clients"
[0m21:55:12.656859 [debug] [Thread-3 (]: On model.fashion_retail_analytics.dim_clients: /* {"app": "dbt", "dbt_version": "1.12.0", "profile_name": "fashion_retail", "target_name": "dev", "node_id": "model.fashion_retail_analytics.dim_clients"} */
alter view "fashion_retail"."main"."dim_clients__dbt_tmp" rename to "dim_clients"
[0m21:55:12.657412 [debug] [Thread-3 (]: SQL status: OK in 0.000 seconds
[0m21:55:12.659368 [debug] [Thread-3 (]: On model.fashion_retail_analytics.dim_clients: COMMIT
[0m21:55:12.659723 [debug] [Thread-3 (]: Using duckdb connection "model.fashion_retail_analytics.dim_clients"
[0m21:55:12.660020 [debug] [Thread-4 (]: SQL status: OK in 0.006 seconds
[0m21:55:12.660314 [debug] [Thread-3 (]: On model.fashion_retail_analytics.dim_clients: COMMIT
[0m21:55:12.662184 [debug] [Thread-4 (]: Using duckdb connection "model.fashion_retail_analytics.mart_kpi_global"
[0m21:55:12.662599 [debug] [Thread-1 (]: SQL status: OK in 0.009 seconds
[0m21:55:12.662911 [debug] [Thread-4 (]: On model.fashion_retail_analytics.mart_kpi_global: /* {"app": "dbt", "dbt_version": "1.12.0", "profile_name": "fashion_retail", "target_name": "dev", "node_id": "model.fashion_retail_analytics.mart_kpi_global"} */
alter table "fashion_retail"."main"."mart_kpi_global__dbt_tmp" rename to "mart_kpi_global"
[0m21:55:12.663213 [debug] [Thread-3 (]: SQL status: OK in 0.001 seconds
[0m21:55:12.665049 [debug] [Thread-1 (]: Using duckdb connection "model.fashion_retail_analytics.mart_produits"
[0m21:55:12.666408 [debug] [Thread-3 (]: Using duckdb connection "model.fashion_retail_analytics.dim_clients"
[0m21:55:12.666715 [debug] [Thread-1 (]: On model.fashion_retail_analytics.mart_produits: /* {"app": "dbt", "dbt_version": "1.12.0", "profile_name": "fashion_retail", "target_name": "dev", "node_id": "model.fashion_retail_analytics.mart_produits"} */
alter table "fashion_retail"."main"."mart_produits__dbt_tmp" rename to "mart_produits"
[0m21:55:12.667005 [debug] [Thread-4 (]: SQL status: OK in 0.002 seconds
[0m21:55:12.667300 [debug] [Thread-3 (]: On model.fashion_retail_analytics.dim_clients: /* {"app": "dbt", "dbt_version": "1.12.0", "profile_name": "fashion_retail", "target_name": "dev", "node_id": "model.fashion_retail_analytics.dim_clients"} */

      drop view if exists "fashion_retail"."main"."dim_clients__dbt_backup" cascade
    
[0m21:55:12.672045 [debug] [Thread-4 (]: On model.fashion_retail_analytics.mart_kpi_global: COMMIT
[0m21:55:12.672456 [debug] [Thread-1 (]: SQL status: OK in 0.005 seconds
[0m21:55:12.672737 [debug] [Thread-4 (]: Using duckdb connection "model.fashion_retail_analytics.mart_kpi_global"
[0m21:55:12.674331 [debug] [Thread-1 (]: On model.fashion_retail_analytics.mart_produits: COMMIT
[0m21:55:12.674613 [debug] [Thread-3 (]: SQL status: OK in 0.002 seconds
[0m21:55:12.674909 [debug] [Thread-4 (]: On model.fashion_retail_analytics.mart_kpi_global: COMMIT
[0m21:55:12.675209 [debug] [Thread-1 (]: Using duckdb connection "model.fashion_retail_analytics.mart_produits"
[0m21:55:12.676277 [debug] [Thread-3 (]: On model.fashion_retail_analytics.dim_clients: Close
[0m21:55:12.676629 [debug] [Thread-1 (]: On model.fashion_retail_analytics.mart_produits: COMMIT
[0m21:55:12.676912 [debug] [Thread-4 (]: SQL status: OK in 0.000 seconds
[0m21:55:12.677380 [debug] [Thread-3 (]: Sending event: {'category': 'dbt', 'action': 'run_model', 'label': '95214222-775b-4fbc-b644-95a6aef3ac01', 'context': [<snowplow_tracker.self_describing_json.SelfDescribingJson object at 0x10bb0aae0>]}
[0m21:55:12.678653 [debug] [Thread-4 (]: Using duckdb connection "model.fashion_retail_analytics.mart_kpi_global"
[0m21:55:12.679416 [debug] [Thread-1 (]: SQL status: OK in 0.002 seconds
[0m21:55:12.679695 [debug] [Thread-4 (]: On model.fashion_retail_analytics.mart_kpi_global: /* {"app": "dbt", "dbt_version": "1.12.0", "profile_name": "fashion_retail", "target_name": "dev", "node_id": "model.fashion_retail_analytics.mart_kpi_global"} */

      drop table if exists "fashion_retail"."main"."mart_kpi_global__dbt_backup" cascade
    
[0m21:55:12.679172 [info ] [Thread-3 (]: 11 of 24 OK created sql view model main.dim_clients ............................ [[32mOK[0m in 0.06s]
[0m21:55:12.680949 [debug] [Thread-1 (]: Using duckdb connection "model.fashion_retail_analytics.mart_produits"
[0m21:55:12.681428 [debug] [Thread-3 (]: Finished running node model.fashion_retail_analytics.dim_clients
[0m21:55:12.681723 [debug] [Thread-1 (]: On model.fashion_retail_analytics.mart_produits: /* {"app": "dbt", "dbt_version": "1.12.0", "profile_name": "fashion_retail", "target_name": "dev", "node_id": "model.fashion_retail_analytics.mart_produits"} */

      drop table if exists "fashion_retail"."main"."mart_produits__dbt_backup" cascade
    
[0m21:55:12.682009 [debug] [Thread-4 (]: SQL status: OK in 0.001 seconds
[0m21:55:12.683423 [debug] [Thread-4 (]: On model.fashion_retail_analytics.mart_kpi_global: Close
[0m21:55:12.683742 [debug] [Thread-1 (]: SQL status: OK in 0.001 seconds
[0m21:55:12.684150 [debug] [Thread-4 (]: Sending event: {'category': 'dbt', 'action': 'run_model', 'label': '95214222-775b-4fbc-b644-95a6aef3ac01', 'context': [<snowplow_tracker.self_describing_json.SelfDescribingJson object at 0x10bb4b6e0>]}
[0m21:55:12.685160 [debug] [Thread-1 (]: On model.fashion_retail_analytics.mart_produits: Close
[0m21:55:12.685470 [debug] [Thread-2 (]: Began running node test.fashion_retail_analytics.accepted_values_dim_clients_segment_valeur__1_Occasionnel__2_R_gulier__3_Fid_le__4_VIP.e4b1f917bd
[0m21:55:12.685776 [debug] [Thread-3 (]: Began running node test.fashion_retail_analytics.assert_coherence_ca
[0m21:55:12.686229 [info ] [Thread-4 (]: 12 of 24 OK created sql table model main.mart_kpi_global ....................... [[32mOK[0m in 0.07s]
[0m21:55:12.686663 [debug] [Thread-1 (]: Sending event: {'category': 'dbt', 'action': 'run_model', 'label': '95214222-775b-4fbc-b644-95a6aef3ac01', 'context': [<snowplow_tracker.self_describing_json.SelfDescribingJson object at 0x10bab2180>]}
[0m21:55:12.686967 [info ] [Thread-2 (]: 14 of 24 START test accepted_values_dim_clients_segment_valeur__1_Occasionnel__2_R_gulier__3_Fid_le__4_VIP  [RUN]
[0m21:55:12.687311 [info ] [Thread-3 (]: 15 of 24 START test assert_coherence_ca ........................................ [RUN]
[0m21:55:12.687762 [debug] [Thread-4 (]: Finished running node model.fashion_retail_analytics.mart_kpi_global
[0m21:55:12.688493 [debug] [Thread-2 (]: Re-using an available connection from the pool (formerly test.fashion_retail_analytics.not_null_stg_transactions_transaction_id.1d00a8e2e4, now test.fashion_retail_analytics.accepted_values_dim_clients_segment_valeur__1_Occasionnel__2_R_gulier__3_Fid_le__4_VIP.e4b1f917bd)
[0m21:55:12.688203 [info ] [Thread-1 (]: 13 of 24 OK created sql table model main.mart_produits ......................... [[32mOK[0m in 0.07s]
[0m21:55:12.688918 [debug] [Thread-3 (]: Re-using an available connection from the pool (formerly model.fashion_retail_analytics.dim_clients, now test.fashion_retail_analytics.assert_coherence_ca)
[0m21:55:12.689239 [debug] [Thread-4 (]: Began running node test.fashion_retail_analytics.dbt_utils_expression_is_true_dim_clients_count_166.9324bc80e7
[0m21:55:12.689563 [debug] [Thread-2 (]: Began compiling node test.fashion_retail_analytics.accepted_values_dim_clients_segment_valeur__1_Occasionnel__2_R_gulier__3_Fid_le__4_VIP.e4b1f917bd
[0m21:55:12.689986 [debug] [Thread-1 (]: Finished running node model.fashion_retail_analytics.mart_produits
[0m21:55:12.690254 [debug] [Thread-3 (]: Began compiling node test.fashion_retail_analytics.assert_coherence_ca
[0m21:55:12.690544 [info ] [Thread-4 (]: 16 of 24 START test dbt_utils_expression_is_true_dim_clients_count_166 ......... [RUN]
[0m21:55:12.708731 [debug] [Thread-1 (]: Began running node test.fashion_retail_analytics.not_null_dim_clients_ca_client.b13a24d149
[0m21:55:12.712353 [debug] [Thread-2 (]: Writing injected SQL for node "test.fashion_retail_analytics.accepted_values_dim_clients_segment_valeur__1_Occasionnel__2_R_gulier__3_Fid_le__4_VIP.e4b1f917bd"
[0m21:55:12.714076 [debug] [Thread-3 (]: Writing injected SQL for node "test.fashion_retail_analytics.assert_coherence_ca"
[0m21:55:12.714475 [debug] [Thread-4 (]: Re-using an available connection from the pool (formerly model.fashion_retail_analytics.mart_kpi_global, now test.fashion_retail_analytics.dbt_utils_expression_is_true_dim_clients_count_166.9324bc80e7)
[0m21:55:12.714800 [info ] [Thread-1 (]: 17 of 24 START test not_null_dim_clients_ca_client ............................. [RUN]
[0m21:55:12.715397 [debug] [Thread-4 (]: Began compiling node test.fashion_retail_analytics.dbt_utils_expression_is_true_dim_clients_count_166.9324bc80e7
[0m21:55:12.715804 [debug] [Thread-1 (]: Re-using an available connection from the pool (formerly model.fashion_retail_analytics.mart_produits, now test.fashion_retail_analytics.not_null_dim_clients_ca_client.b13a24d149)
[0m21:55:12.722491 [debug] [Thread-1 (]: Began compiling node test.fashion_retail_analytics.not_null_dim_clients_ca_client.b13a24d149
[0m21:55:12.734282 [debug] [Thread-1 (]: Writing injected SQL for node "test.fashion_retail_analytics.not_null_dim_clients_ca_client.b13a24d149"
[0m21:55:12.734640 [debug] [Thread-2 (]: Began executing node test.fashion_retail_analytics.accepted_values_dim_clients_segment_valeur__1_Occasionnel__2_R_gulier__3_Fid_le__4_VIP.e4b1f917bd
[0m21:55:12.734977 [debug] [Thread-3 (]: Began executing node test.fashion_retail_analytics.assert_coherence_ca
[0m21:55:12.737094 [debug] [Thread-4 (]: Writing injected SQL for node "test.fashion_retail_analytics.dbt_utils_expression_is_true_dim_clients_count_166.9324bc80e7"
[0m21:55:12.738681 [debug] [Thread-2 (]: Writing runtime sql for node "test.fashion_retail_analytics.accepted_values_dim_clients_segment_valeur__1_Occasionnel__2_R_gulier__3_Fid_le__4_VIP.e4b1f917bd"
[0m21:55:12.740085 [debug] [Thread-3 (]: Writing runtime sql for node "test.fashion_retail_analytics.assert_coherence_ca"
[0m21:55:12.740629 [debug] [Thread-1 (]: Began executing node test.fashion_retail_analytics.not_null_dim_clients_ca_client.b13a24d149
[0m21:55:12.742304 [debug] [Thread-1 (]: Writing runtime sql for node "test.fashion_retail_analytics.not_null_dim_clients_ca_client.b13a24d149"
[0m21:55:12.742950 [debug] [Thread-3 (]: Using duckdb connection "test.fashion_retail_analytics.assert_coherence_ca"
[0m21:55:12.743305 [debug] [Thread-2 (]: Using duckdb connection "test.fashion_retail_analytics.accepted_values_dim_clients_segment_valeur__1_Occasionnel__2_R_gulier__3_Fid_le__4_VIP.e4b1f917bd"
[0m21:55:12.743627 [debug] [Thread-4 (]: Began executing node test.fashion_retail_analytics.dbt_utils_expression_is_true_dim_clients_count_166.9324bc80e7
[0m21:55:12.743910 [debug] [Thread-3 (]: On test.fashion_retail_analytics.assert_coherence_ca: BEGIN
[0m21:55:12.744224 [debug] [Thread-2 (]: On test.fashion_retail_analytics.accepted_values_dim_clients_segment_valeur__1_Occasionnel__2_R_gulier__3_Fid_le__4_VIP.e4b1f917bd: BEGIN
[0m21:55:12.744554 [debug] [Thread-1 (]: Using duckdb connection "test.fashion_retail_analytics.not_null_dim_clients_ca_client.b13a24d149"
[0m21:55:12.746064 [debug] [Thread-4 (]: Writing runtime sql for node "test.fashion_retail_analytics.dbt_utils_expression_is_true_dim_clients_count_166.9324bc80e7"
[0m21:55:12.746401 [debug] [Thread-3 (]: Opening a new connection, currently in state closed
[0m21:55:12.746740 [debug] [Thread-2 (]: Opening a new connection, currently in state closed
[0m21:55:12.747065 [debug] [Thread-1 (]: On test.fashion_retail_analytics.not_null_dim_clients_ca_client.b13a24d149: BEGIN
[0m21:55:12.747816 [debug] [Thread-2 (]: SQL status: OK in 0.001 seconds
[0m21:55:12.748094 [debug] [Thread-1 (]: Opening a new connection, currently in state closed
[0m21:55:12.748415 [debug] [Thread-4 (]: Using duckdb connection "test.fashion_retail_analytics.dbt_utils_expression_is_true_dim_clients_count_166.9324bc80e7"
[0m21:55:12.748700 [debug] [Thread-3 (]: SQL status: OK in 0.002 seconds
[0m21:55:12.749018 [debug] [Thread-2 (]: Using duckdb connection "test.fashion_retail_analytics.accepted_values_dim_clients_segment_valeur__1_Occasionnel__2_R_gulier__3_Fid_le__4_VIP.e4b1f917bd"
[0m21:55:12.749401 [debug] [Thread-4 (]: On test.fashion_retail_analytics.dbt_utils_expression_is_true_dim_clients_count_166.9324bc80e7: BEGIN
[0m21:55:12.749692 [debug] [Thread-3 (]: Using duckdb connection "test.fashion_retail_analytics.assert_coherence_ca"
[0m21:55:12.750113 [debug] [Thread-1 (]: SQL status: OK in 0.002 seconds
[0m21:55:12.750463 [debug] [Thread-2 (]: On test.fashion_retail_analytics.accepted_values_dim_clients_segment_valeur__1_Occasionnel__2_R_gulier__3_Fid_le__4_VIP.e4b1f917bd: /* {"app": "dbt", "dbt_version": "1.12.0", "profile_name": "fashion_retail", "target_name": "dev", "node_id": "test.fashion_retail_analytics.accepted_values_dim_clients_segment_valeur__1_Occasionnel__2_R_gulier__3_Fid_le__4_VIP.e4b1f917bd"} */

    
    select
      count(*) as failures,
      count(*) != 0 as should_warn,
      count(*) != 0 as should_error
    from (
      
    
  
    
    

with all_values as (

    select
        segment_valeur as value_field,
        count(*) as n_records

    from "fashion_retail"."main"."dim_clients"
    group by segment_valeur

)

select *
from all_values
where value_field not in (
    '1. Occasionnel','2. Régulier','3. Fidèle','4. VIP'
)



  
  
      
    ) dbt_internal_test
[0m21:55:12.750803 [debug] [Thread-4 (]: Opening a new connection, currently in state closed
[0m21:55:12.751154 [debug] [Thread-3 (]: On test.fashion_retail_analytics.assert_coherence_ca: /* {"app": "dbt", "dbt_version": "1.12.0", "profile_name": "fashion_retail", "target_name": "dev", "node_id": "test.fashion_retail_analytics.assert_coherence_ca"} */

    
    select
      count(*) as failures,
      count(*) != 0 as should_warn,
      count(*) != 0 as should_error
    from (
      
    
  -- LE test du projet.
-- Il compare le chiffre d'affaires calculé au grain transaction et au grain client.
-- C'est ce test qui aurait détecté l'erreur de la v1 : SUM(total_depense) = 7 585 581
-- contre SUM(montant) = 430 952, soit chaque client compté 16,6 fois.
-- Doit renvoyer 0 ligne.

select
    f.ca_faits,
    d.ca_dim,
    abs(f.ca_faits - d.ca_dim) as ecart
from (select sum(montant)    as ca_faits from "fashion_retail"."main"."stg_transactions") f
cross join
     (select sum(ca_client)  as ca_dim   from "fashion_retail"."main"."dim_clients") d
where abs(f.ca_faits - d.ca_dim) > 0.01
  
  
      
    ) dbt_internal_test
[0m21:55:12.751499 [debug] [Thread-1 (]: Using duckdb connection "test.fashion_retail_analytics.not_null_dim_clients_ca_client.b13a24d149"
[0m21:55:12.752145 [debug] [Thread-4 (]: SQL status: OK in 0.001 seconds
[0m21:55:12.752792 [debug] [Thread-1 (]: On test.fashion_retail_analytics.not_null_dim_clients_ca_client.b13a24d149: /* {"app": "dbt", "dbt_version": "1.12.0", "profile_name": "fashion_retail", "target_name": "dev", "node_id": "test.fashion_retail_analytics.not_null_dim_clients_ca_client.b13a24d149"} */

    
    select
      count(*) as failures,
      count(*) != 0 as should_warn,
      count(*) != 0 as should_error
    from (
      
    
  
    
    



select ca_client
from "fashion_retail"."main"."dim_clients"
where ca_client is null



  
  
      
    ) dbt_internal_test
[0m21:55:12.753358 [debug] [Thread-4 (]: Using duckdb connection "test.fashion_retail_analytics.dbt_utils_expression_is_true_dim_clients_count_166.9324bc80e7"
[0m21:55:12.753936 [debug] [Thread-4 (]: On test.fashion_retail_analytics.dbt_utils_expression_is_true_dim_clients_count_166.9324bc80e7: /* {"app": "dbt", "dbt_version": "1.12.0", "profile_name": "fashion_retail", "target_name": "dev", "node_id": "test.fashion_retail_analytics.dbt_utils_expression_is_true_dim_clients_count_166.9324bc80e7"} */

    
    select
      count(*) as failures,
      count(*) != 0 as should_warn,
      count(*) != 0 as should_error
    from (
      
    
  



select
    1
from "fashion_retail"."main"."dim_clients"

where not(count(*) = 166)


  
  
      
    ) dbt_internal_test
[0m21:55:12.760491 [debug] [Thread-4 (]: DuckDB adapter: duckdb error: Binder Error: WHERE clause cannot contain aggregates!

LINE 19: where not(count(*) = 166)
                   ^
[0m21:55:12.761145 [debug] [Thread-4 (]: DuckDB adapter: Error running SQL: /* {"app": "dbt", "dbt_version": "1.12.0", "profile_name": "fashion_retail", "target_name": "dev", "node_id": "test.fashion_retail_analytics.dbt_utils_expression_is_true_dim_clients_count_166.9324bc80e7"} */

    
    select
      count(*) as failures,
      count(*) != 0 as should_warn,
      count(*) != 0 as should_error
    from (
      
    
  



select
    1
from "fashion_retail"."main"."dim_clients"

where not(count(*) = 166)


  
  
      
    ) dbt_internal_test
[0m21:55:12.761506 [debug] [Thread-4 (]: DuckDB adapter: Rolling back transaction.
[0m21:55:12.761841 [debug] [Thread-2 (]: SQL status: OK in 0.010 seconds
[0m21:55:12.762165 [debug] [Thread-1 (]: SQL status: OK in 0.008 seconds
[0m21:55:12.762462 [debug] [Thread-4 (]: On test.fashion_retail_analytics.dbt_utils_expression_is_true_dim_clients_count_166.9324bc80e7: ROLLBACK
[0m21:55:12.762724 [debug] [Thread-3 (]: SQL status: OK in 0.010 seconds
[0m21:55:12.764244 [debug] [Thread-1 (]: On test.fashion_retail_analytics.not_null_dim_clients_ca_client.b13a24d149: ROLLBACK
[0m21:55:12.765461 [debug] [Thread-2 (]: On test.fashion_retail_analytics.accepted_values_dim_clients_segment_valeur__1_Occasionnel__2_R_gulier__3_Fid_le__4_VIP.e4b1f917bd: ROLLBACK
[0m21:55:12.767035 [debug] [Thread-1 (]: Failed to rollback 'test.fashion_retail_analytics.not_null_dim_clients_ca_client.b13a24d149'
[0m21:55:12.768298 [debug] [Thread-3 (]: On test.fashion_retail_analytics.assert_coherence_ca: ROLLBACK
[0m21:55:12.769218 [debug] [Thread-2 (]: Failed to rollback 'test.fashion_retail_analytics.accepted_values_dim_clients_segment_valeur__1_Occasionnel__2_R_gulier__3_Fid_le__4_VIP.e4b1f917bd'
[0m21:55:12.769540 [debug] [Thread-1 (]: On test.fashion_retail_analytics.not_null_dim_clients_ca_client.b13a24d149: Close
[0m21:55:12.770495 [debug] [Thread-3 (]: Failed to rollback 'test.fashion_retail_analytics.assert_coherence_ca'
[0m21:55:12.770833 [debug] [Thread-2 (]: On test.fashion_retail_analytics.accepted_values_dim_clients_segment_valeur__1_Occasionnel__2_R_gulier__3_Fid_le__4_VIP.e4b1f917bd: Close
[0m21:55:12.771714 [debug] [Thread-3 (]: On test.fashion_retail_analytics.assert_coherence_ca: Close
[0m21:55:12.771449 [info ] [Thread-1 (]: 17 of 24 PASS not_null_dim_clients_ca_client ................................... [[32mPASS[0m in 0.06s]
[0m21:55:12.772379 [info ] [Thread-2 (]: 14 of 24 PASS accepted_values_dim_clients_segment_valeur__1_Occasionnel__2_R_gulier__3_Fid_le__4_VIP  [[32mPASS[0m in 0.08s]
[0m21:55:12.772976 [debug] [Thread-1 (]: Finished running node test.fashion_retail_analytics.not_null_dim_clients_ca_client.b13a24d149
[0m21:55:12.773461 [info ] [Thread-3 (]: 15 of 24 PASS assert_coherence_ca .............................................. [[32mPASS[0m in 0.08s]
[0m21:55:12.773977 [debug] [Thread-2 (]: Finished running node test.fashion_retail_analytics.accepted_values_dim_clients_segment_valeur__1_Occasionnel__2_R_gulier__3_Fid_le__4_VIP.e4b1f917bd
[0m21:55:12.774544 [debug] [Thread-4 (]: Failed to rollback 'test.fashion_retail_analytics.dbt_utils_expression_is_true_dim_clients_count_166.9324bc80e7'
[0m21:55:12.774885 [debug] [Thread-1 (]: Began running node test.fashion_retail_analytics.not_null_dim_clients_client_id.89eccbde74
[0m21:55:12.775374 [debug] [Thread-3 (]: Finished running node test.fashion_retail_analytics.assert_coherence_ca
[0m21:55:12.775714 [debug] [Thread-2 (]: Began running node test.fashion_retail_analytics.not_null_dim_clients_nb_achats.84c5d576b9
[0m21:55:12.776162 [debug] [Thread-4 (]: On test.fashion_retail_analytics.dbt_utils_expression_is_true_dim_clients_count_166.9324bc80e7: Close
[0m21:55:12.776502 [info ] [Thread-1 (]: 18 of 24 START test not_null_dim_clients_client_id ............................. [RUN]
[0m21:55:12.776876 [debug] [Thread-3 (]: Began running node test.fashion_retail_analytics.relationships_stg_transactions_client_id__client_id__ref_dim_clients_.94a68b830c
[0m21:55:12.777214 [info ] [Thread-2 (]: 19 of 24 START test not_null_dim_clients_nb_achats ............................. [RUN]
[0m21:55:12.778616 [debug] [Thread-1 (]: Re-using an available connection from the pool (formerly test.fashion_retail_analytics.not_null_dim_clients_ca_client.b13a24d149, now test.fashion_retail_analytics.not_null_dim_clients_client_id.89eccbde74)
[0m21:55:12.778959 [info ] [Thread-3 (]: 20 of 24 START test relationships_stg_transactions_client_id__client_id__ref_dim_clients_  [RUN]
[0m21:55:12.779415 [debug] [Thread-2 (]: Re-using an available connection from the pool (formerly test.fashion_retail_analytics.accepted_values_dim_clients_segment_valeur__1_Occasionnel__2_R_gulier__3_Fid_le__4_VIP.e4b1f917bd, now test.fashion_retail_analytics.not_null_dim_clients_nb_achats.84c5d576b9)
[0m21:55:12.779762 [debug] [Thread-1 (]: Began compiling node test.fashion_retail_analytics.not_null_dim_clients_client_id.89eccbde74
[0m21:55:12.780167 [debug] [Thread-3 (]: Re-using an available connection from the pool (formerly test.fashion_retail_analytics.assert_coherence_ca, now test.fashion_retail_analytics.relationships_stg_transactions_client_id__client_id__ref_dim_clients_.94a68b830c)
[0m21:55:12.780535 [debug] [Thread-2 (]: Began compiling node test.fashion_retail_analytics.not_null_dim_clients_nb_achats.84c5d576b9
[0m21:55:12.787022 [debug] [Thread-1 (]: Writing injected SQL for node "test.fashion_retail_analytics.not_null_dim_clients_client_id.89eccbde74"
[0m21:55:12.787430 [debug] [Thread-3 (]: Began compiling node test.fashion_retail_analytics.relationships_stg_transactions_client_id__client_id__ref_dim_clients_.94a68b830c
[0m21:55:12.793457 [debug] [Thread-2 (]: Writing injected SQL for node "test.fashion_retail_analytics.not_null_dim_clients_nb_achats.84c5d576b9"
[0m21:55:12.810139 [debug] [Thread-3 (]: Writing injected SQL for node "test.fashion_retail_analytics.relationships_stg_transactions_client_id__client_id__ref_dim_clients_.94a68b830c"
[0m21:55:12.810745 [debug] [Thread-1 (]: Began executing node test.fashion_retail_analytics.not_null_dim_clients_client_id.89eccbde74
[0m21:55:12.812381 [debug] [Thread-1 (]: Writing runtime sql for node "test.fashion_retail_analytics.not_null_dim_clients_client_id.89eccbde74"
[0m21:55:12.812760 [debug] [Thread-2 (]: Began executing node test.fashion_retail_analytics.not_null_dim_clients_nb_achats.84c5d576b9
[0m21:55:12.814371 [debug] [Thread-2 (]: Writing runtime sql for node "test.fashion_retail_analytics.not_null_dim_clients_nb_achats.84c5d576b9"
[0m21:55:12.814815 [debug] [Thread-3 (]: Began executing node test.fashion_retail_analytics.relationships_stg_transactions_client_id__client_id__ref_dim_clients_.94a68b830c
[0m21:55:12.816300 [debug] [Thread-3 (]: Writing runtime sql for node "test.fashion_retail_analytics.relationships_stg_transactions_client_id__client_id__ref_dim_clients_.94a68b830c"
[0m21:55:12.816724 [debug] [Thread-1 (]: Using duckdb connection "test.fashion_retail_analytics.not_null_dim_clients_client_id.89eccbde74"
[0m21:55:12.817107 [debug] [Thread-1 (]: On test.fashion_retail_analytics.not_null_dim_clients_client_id.89eccbde74: BEGIN
[0m21:55:12.817434 [debug] [Thread-1 (]: Opening a new connection, currently in state closed
[0m21:55:12.817754 [debug] [Thread-3 (]: Using duckdb connection "test.fashion_retail_analytics.relationships_stg_transactions_client_id__client_id__ref_dim_clients_.94a68b830c"
[0m21:55:12.818298 [debug] [Thread-3 (]: On test.fashion_retail_analytics.relationships_stg_transactions_client_id__client_id__ref_dim_clients_.94a68b830c: BEGIN
[0m21:55:12.818653 [debug] [Thread-2 (]: Using duckdb connection "test.fashion_retail_analytics.not_null_dim_clients_nb_achats.84c5d576b9"
[0m21:55:12.818952 [debug] [Thread-1 (]: SQL status: OK in 0.002 seconds
[0m21:55:12.819241 [debug] [Thread-3 (]: Opening a new connection, currently in state closed
[0m21:55:12.819604 [debug] [Thread-2 (]: On test.fashion_retail_analytics.not_null_dim_clients_nb_achats.84c5d576b9: BEGIN
[0m21:55:12.819924 [debug] [Thread-1 (]: Using duckdb connection "test.fashion_retail_analytics.not_null_dim_clients_client_id.89eccbde74"
[0m21:55:12.820387 [debug] [Thread-2 (]: Opening a new connection, currently in state closed
[0m21:55:12.820691 [debug] [Thread-3 (]: SQL status: OK in 0.001 seconds
[0m21:55:12.820988 [debug] [Thread-1 (]: On test.fashion_retail_analytics.not_null_dim_clients_client_id.89eccbde74: /* {"app": "dbt", "dbt_version": "1.12.0", "profile_name": "fashion_retail", "target_name": "dev", "node_id": "test.fashion_retail_analytics.not_null_dim_clients_client_id.89eccbde74"} */

    
    select
      count(*) as failures,
      count(*) != 0 as should_warn,
      count(*) != 0 as should_error
    from (
      
    
  
    
    



select client_id
from "fashion_retail"."main"."dim_clients"
where client_id is null



  
  
      
    ) dbt_internal_test
[0m21:55:12.821396 [debug] [Thread-3 (]: Using duckdb connection "test.fashion_retail_analytics.relationships_stg_transactions_client_id__client_id__ref_dim_clients_.94a68b830c"
[0m21:55:12.821843 [debug] [Thread-2 (]: SQL status: OK in 0.001 seconds
[0m21:55:12.822167 [debug] [Thread-3 (]: On test.fashion_retail_analytics.relationships_stg_transactions_client_id__client_id__ref_dim_clients_.94a68b830c: /* {"app": "dbt", "dbt_version": "1.12.0", "profile_name": "fashion_retail", "target_name": "dev", "node_id": "test.fashion_retail_analytics.relationships_stg_transactions_client_id__client_id__ref_dim_clients_.94a68b830c"} */

    
    select
      count(*) as failures,
      count(*) != 0 as should_warn,
      count(*) != 0 as should_error
    from (
      
    
  
    
    

with child as (
    select client_id as from_field
    from "fashion_retail"."main"."stg_transactions"
    where client_id is not null
),

parent as (
    select client_id as to_field
    from "fashion_retail"."main"."dim_clients"
)

select
    from_field

from child
left join parent
    on child.from_field = parent.to_field

where parent.to_field is null



  
  
      
    ) dbt_internal_test
[0m21:55:12.822535 [debug] [Thread-2 (]: Using duckdb connection "test.fashion_retail_analytics.not_null_dim_clients_nb_achats.84c5d576b9"
[0m21:55:12.822974 [debug] [Thread-2 (]: On test.fashion_retail_analytics.not_null_dim_clients_nb_achats.84c5d576b9: /* {"app": "dbt", "dbt_version": "1.12.0", "profile_name": "fashion_retail", "target_name": "dev", "node_id": "test.fashion_retail_analytics.not_null_dim_clients_nb_achats.84c5d576b9"} */

    
    select
      count(*) as failures,
      count(*) != 0 as should_warn,
      count(*) != 0 as should_error
    from (
      
    
  
    
    



select nb_achats
from "fashion_retail"."main"."dim_clients"
where nb_achats is null



  
  
      
    ) dbt_internal_test
[0m21:55:12.825073 [debug] [Thread-4 (]: Runtime Error in test dbt_utils_expression_is_true_dim_clients_count_166 (models/schema.yml)
  Binder Error: WHERE clause cannot contain aggregates!
  
  LINE 19: where not(count(*) = 166)
                     ^
[0m21:55:12.825509 [error] [Thread-4 (]: 16 of 24 ERROR dbt_utils_expression_is_true_dim_clients_count_166 .............. [[31mERROR[0m in 0.11s]
[0m21:55:12.826239 [debug] [Thread-4 (]: Finished running node test.fashion_retail_analytics.dbt_utils_expression_is_true_dim_clients_count_166.9324bc80e7
[0m21:55:12.826620 [debug] [Thread-4 (]: Began running node test.fashion_retail_analytics.unique_dim_clients_client_id.23ed4d21ad
[0m21:55:12.827313 [debug] [Thread-7 (]: Marking all children of 'test.fashion_retail_analytics.dbt_utils_expression_is_true_dim_clients_count_166.9324bc80e7' to be skipped because of status 'error'.  Reason: Runtime Error in test dbt_utils_expression_is_true_dim_clients_count_166 (models/schema.yml)
  Binder Error: WHERE clause cannot contain aggregates!
  
  LINE 19: where not(count(*) = 166)
                     ^.
[0m21:55:12.826940 [info ] [Thread-4 (]: 21 of 24 START test unique_dim_clients_client_id ............................... [RUN]
[0m21:55:12.828184 [debug] [Thread-4 (]: Re-using an available connection from the pool (formerly test.fashion_retail_analytics.dbt_utils_expression_is_true_dim_clients_count_166.9324bc80e7, now test.fashion_retail_analytics.unique_dim_clients_client_id.23ed4d21ad)
[0m21:55:12.828508 [debug] [Thread-4 (]: Began compiling node test.fashion_retail_analytics.unique_dim_clients_client_id.23ed4d21ad
[0m21:55:12.828815 [debug] [Thread-1 (]: SQL status: OK in 0.007 seconds
[0m21:55:12.835377 [debug] [Thread-4 (]: Writing injected SQL for node "test.fashion_retail_analytics.unique_dim_clients_client_id.23ed4d21ad"
[0m21:55:12.835706 [debug] [Thread-2 (]: SQL status: OK in 0.012 seconds
[0m21:55:12.836050 [debug] [Thread-3 (]: SQL status: OK in 0.013 seconds
[0m21:55:12.837558 [debug] [Thread-1 (]: On test.fashion_retail_analytics.not_null_dim_clients_client_id.89eccbde74: ROLLBACK
[0m21:55:12.838795 [debug] [Thread-2 (]: On test.fashion_retail_analytics.not_null_dim_clients_nb_achats.84c5d576b9: ROLLBACK
[0m21:55:12.840028 [debug] [Thread-3 (]: On test.fashion_retail_analytics.relationships_stg_transactions_client_id__client_id__ref_dim_clients_.94a68b830c: ROLLBACK
[0m21:55:12.841035 [debug] [Thread-1 (]: Failed to rollback 'test.fashion_retail_analytics.not_null_dim_clients_client_id.89eccbde74'
[0m21:55:12.841959 [debug] [Thread-2 (]: Failed to rollback 'test.fashion_retail_analytics.not_null_dim_clients_nb_achats.84c5d576b9'
[0m21:55:12.842302 [debug] [Thread-4 (]: Began executing node test.fashion_retail_analytics.unique_dim_clients_client_id.23ed4d21ad
[0m21:55:12.843107 [debug] [Thread-3 (]: Failed to rollback 'test.fashion_retail_analytics.relationships_stg_transactions_client_id__client_id__ref_dim_clients_.94a68b830c'
[0m21:55:12.843406 [debug] [Thread-1 (]: On test.fashion_retail_analytics.not_null_dim_clients_client_id.89eccbde74: Close
[0m21:55:12.843704 [debug] [Thread-2 (]: On test.fashion_retail_analytics.not_null_dim_clients_nb_achats.84c5d576b9: Close
[0m21:55:12.845209 [debug] [Thread-4 (]: Writing runtime sql for node "test.fashion_retail_analytics.unique_dim_clients_client_id.23ed4d21ad"
[0m21:55:12.845520 [debug] [Thread-3 (]: On test.fashion_retail_analytics.relationships_stg_transactions_client_id__client_id__ref_dim_clients_.94a68b830c: Close
[0m21:55:12.846026 [info ] [Thread-1 (]: 18 of 24 PASS not_null_dim_clients_client_id ................................... [[32mPASS[0m in 0.07s]
[0m21:55:12.846408 [info ] [Thread-2 (]: 19 of 24 PASS not_null_dim_clients_nb_achats ................................... [[32mPASS[0m in 0.07s]
[0m21:55:12.847042 [info ] [Thread-3 (]: 20 of 24 PASS relationships_stg_transactions_client_id__client_id__ref_dim_clients_  [[32mPASS[0m in 0.07s]
[0m21:55:12.847523 [debug] [Thread-1 (]: Finished running node test.fashion_retail_analytics.not_null_dim_clients_client_id.89eccbde74
[0m21:55:12.847931 [debug] [Thread-2 (]: Finished running node test.fashion_retail_analytics.not_null_dim_clients_nb_achats.84c5d576b9
[0m21:55:12.848257 [debug] [Thread-4 (]: Using duckdb connection "test.fashion_retail_analytics.unique_dim_clients_client_id.23ed4d21ad"
[0m21:55:12.848701 [debug] [Thread-3 (]: Finished running node test.fashion_retail_analytics.relationships_stg_transactions_client_id__client_id__ref_dim_clients_.94a68b830c
[0m21:55:12.849052 [debug] [Thread-1 (]: Began running node test.fashion_retail_analytics.assert_kpi_arithmetique
[0m21:55:12.849454 [debug] [Thread-4 (]: On test.fashion_retail_analytics.unique_dim_clients_client_id.23ed4d21ad: BEGIN
[0m21:55:12.849811 [info ] [Thread-1 (]: 22 of 24 START test assert_kpi_arithmetique .................................... [RUN]
[0m21:55:12.850136 [debug] [Thread-4 (]: Opening a new connection, currently in state closed
[0m21:55:12.850479 [debug] [Thread-1 (]: Re-using an available connection from the pool (formerly test.fashion_retail_analytics.not_null_dim_clients_client_id.89eccbde74, now test.fashion_retail_analytics.assert_kpi_arithmetique)
[0m21:55:12.850908 [debug] [Thread-1 (]: Began compiling node test.fashion_retail_analytics.assert_kpi_arithmetique
[0m21:55:12.852348 [debug] [Thread-1 (]: Writing injected SQL for node "test.fashion_retail_analytics.assert_kpi_arithmetique"
[0m21:55:12.852685 [debug] [Thread-4 (]: SQL status: OK in 0.003 seconds
[0m21:55:12.853013 [debug] [Thread-4 (]: Using duckdb connection "test.fashion_retail_analytics.unique_dim_clients_client_id.23ed4d21ad"
[0m21:55:12.853342 [debug] [Thread-4 (]: On test.fashion_retail_analytics.unique_dim_clients_client_id.23ed4d21ad: /* {"app": "dbt", "dbt_version": "1.12.0", "profile_name": "fashion_retail", "target_name": "dev", "node_id": "test.fashion_retail_analytics.unique_dim_clients_client_id.23ed4d21ad"} */

    
    select
      count(*) as failures,
      count(*) != 0 as should_warn,
      count(*) != 0 as should_error
    from (
      
    
  
    
    

select
    client_id as unique_field,
    count(*) as n_records

from "fashion_retail"."main"."dim_clients"
where client_id is not null
group by client_id
having count(*) > 1



  
  
      
    ) dbt_internal_test
[0m21:55:12.853752 [debug] [Thread-1 (]: Began executing node test.fashion_retail_analytics.assert_kpi_arithmetique
[0m21:55:12.856398 [debug] [Thread-1 (]: Writing runtime sql for node "test.fashion_retail_analytics.assert_kpi_arithmetique"
[0m21:55:12.857109 [debug] [Thread-1 (]: Using duckdb connection "test.fashion_retail_analytics.assert_kpi_arithmetique"
[0m21:55:12.857458 [debug] [Thread-1 (]: On test.fashion_retail_analytics.assert_kpi_arithmetique: BEGIN
[0m21:55:12.857788 [debug] [Thread-1 (]: Opening a new connection, currently in state closed
[0m21:55:12.858333 [debug] [Thread-1 (]: SQL status: OK in 0.001 seconds
[0m21:55:12.858620 [debug] [Thread-1 (]: Using duckdb connection "test.fashion_retail_analytics.assert_kpi_arithmetique"
[0m21:55:12.858896 [debug] [Thread-4 (]: SQL status: OK in 0.005 seconds
[0m21:55:12.859212 [debug] [Thread-1 (]: On test.fashion_retail_analytics.assert_kpi_arithmetique: /* {"app": "dbt", "dbt_version": "1.12.0", "profile_name": "fashion_retail", "target_name": "dev", "node_id": "test.fashion_retail_analytics.assert_kpi_arithmetique"} */

    
    select
      count(*) as failures,
      count(*) != 0 as should_warn,
      count(*) != 0 as should_error
    from (
      
    
  -- Les trois indicateurs affichés côte à côte doivent vérifier
-- nb_transactions x panier_moyen = ca_total. C'est l'égalité que la v1 violait
-- d'un facteur 17,6.  Doit renvoyer 0 ligne.

select *
from "fashion_retail"."main"."mart_kpi_global"
where abs(nb_transactions * panier_moyen_usd - ca_total_usd) > 1
  
  
      
    ) dbt_internal_test
[0m21:55:12.860633 [debug] [Thread-4 (]: On test.fashion_retail_analytics.unique_dim_clients_client_id.23ed4d21ad: ROLLBACK
[0m21:55:12.860986 [debug] [Thread-1 (]: SQL status: OK in 0.001 seconds
[0m21:55:12.861819 [debug] [Thread-4 (]: Failed to rollback 'test.fashion_retail_analytics.unique_dim_clients_client_id.23ed4d21ad'
[0m21:55:12.862153 [debug] [Thread-4 (]: On test.fashion_retail_analytics.unique_dim_clients_client_id.23ed4d21ad: Close
[0m21:55:12.863368 [debug] [Thread-1 (]: On test.fashion_retail_analytics.assert_kpi_arithmetique: ROLLBACK
[0m21:55:12.863934 [info ] [Thread-4 (]: 21 of 24 PASS unique_dim_clients_client_id ..................................... [[32mPASS[0m in 0.04s]
[0m21:55:12.864800 [debug] [Thread-1 (]: Failed to rollback 'test.fashion_retail_analytics.assert_kpi_arithmetique'
[0m21:55:12.865215 [debug] [Thread-4 (]: Finished running node test.fashion_retail_analytics.unique_dim_clients_client_id.23ed4d21ad
[0m21:55:12.865497 [debug] [Thread-1 (]: On test.fashion_retail_analytics.assert_kpi_arithmetique: Close
[0m21:55:12.865955 [debug] [Thread-2 (]: Began running node model.fashion_retail_analytics.mart_segments
[0m21:55:12.866401 [info ] [Thread-1 (]: 22 of 24 PASS assert_kpi_arithmetique .......................................... [[32mPASS[0m in 0.02s]
[0m21:55:12.866754 [info ] [Thread-2 (]: 23 of 24 SKIP relation main.mart_segments ...................................... [[33mSKIP[0m]
[0m21:55:12.867185 [debug] [Thread-1 (]: Finished running node test.fashion_retail_analytics.assert_kpi_arithmetique
[0m21:55:12.867497 [debug] [Thread-2 (]: Finished running node model.fashion_retail_analytics.mart_segments
[0m21:55:12.867824 [debug] [Thread-7 (]: Marking all children of 'model.fashion_retail_analytics.mart_segments' to be skipped because of status 'skipped'. 
[0m21:55:12.868297 [debug] [Thread-4 (]: Began running node test.fashion_retail_analytics.assert_parts_segments
[0m21:55:12.868628 [info ] [Thread-4 (]: 24 of 24 SKIP test assert_parts_segments ....................................... [[33mSKIP[0m]
[0m21:55:12.868946 [debug] [Thread-4 (]: Finished running node test.fashion_retail_analytics.assert_parts_segments
[0m21:55:12.869217 [debug] [Thread-7 (]: Marking all children of 'test.fashion_retail_analytics.assert_parts_segments' to be skipped because of status 'skipped'. 
[0m21:55:12.870070 [debug] [MainThread]: Using duckdb connection "master"
[0m21:55:12.870316 [debug] [MainThread]: On master: BEGIN
[0m21:55:12.870536 [debug] [MainThread]: Opening a new connection, currently in state closed
[0m21:55:12.870971 [debug] [MainThread]: SQL status: OK in 0.000 seconds
[0m21:55:12.871196 [debug] [MainThread]: On master: COMMIT
[0m21:55:12.871414 [debug] [MainThread]: Using duckdb connection "master"
[0m21:55:12.871628 [debug] [MainThread]: On master: COMMIT
[0m21:55:12.871950 [debug] [MainThread]: SQL status: OK in 0.000 seconds
[0m21:55:12.872198 [debug] [MainThread]: On master: Close
[0m21:55:12.872520 [debug] [MainThread]: Connection 'master' was properly closed.
[0m21:55:12.872752 [debug] [MainThread]: Connection 'test.fashion_retail_analytics.assert_kpi_arithmetique' was properly closed.
[0m21:55:12.872962 [debug] [MainThread]: Connection 'test.fashion_retail_analytics.relationships_stg_transactions_client_id__client_id__ref_dim_clients_.94a68b830c' was properly closed.
[0m21:55:12.873173 [debug] [MainThread]: Connection 'test.fashion_retail_analytics.not_null_dim_clients_nb_achats.84c5d576b9' was properly closed.
[0m21:55:12.873371 [debug] [MainThread]: Connection 'test.fashion_retail_analytics.unique_dim_clients_client_id.23ed4d21ad' was properly closed.
[0m21:55:12.873655 [info ] [MainThread]: 
[0m21:55:12.873921 [info ] [MainThread]: Finished running 1 seed, 3 table models, 18 data tests, 2 view models in 0 hours 0 minutes and 0.70 seconds (0.70s).
[0m21:55:12.876561 [debug] [MainThread]: Command end result
[0m21:55:12.917410 [debug] [MainThread]: Wrote artifact WritableManifest to /Users/souleyjr/data-portfolio/02-fashion-retail-analytics/dbt/target/manifest.json
[0m21:55:12.919868 [debug] [MainThread]: Wrote artifact SemanticManifest to /Users/souleyjr/data-portfolio/02-fashion-retail-analytics/dbt/target/semantic_manifest.json
[0m21:55:12.922120 [debug] [MainThread]: Wrote artifact OsiDocument to /Users/souleyjr/data-portfolio/02-fashion-retail-analytics/dbt/target/osi_document.json
[0m21:55:12.929196 [debug] [MainThread]: Wrote artifact RunExecutionResult to /Users/souleyjr/data-portfolio/02-fashion-retail-analytics/dbt/target/run_results.json
[0m21:55:12.929484 [info ] [MainThread]: 
[0m21:55:12.929782 [info ] [MainThread]: [31mCompleted with 1 error, 0 partial successes, and 0 warnings:[0m
[0m21:55:12.930029 [info ] [MainThread]: 
[0m21:55:12.930341 [error] [MainThread]: [[31mERROR[0m]: in test dbt_utils_expression_is_true_dim_clients_count_166 (models/schema.yml)
[0m21:55:12.930637 [error] [MainThread]:   Runtime Error in test dbt_utils_expression_is_true_dim_clients_count_166 (models/schema.yml)
  Binder Error: WHERE clause cannot contain aggregates!
  
  LINE 19: where not(count(*) = 166)
                     ^
[0m21:55:12.930867 [info ] [MainThread]: 
[0m21:55:12.931138 [info ] [MainThread]:   compiled code at target/compiled/fashion_retail_analytics/models/schema.yml/dbt_utils_expression_is_true_dim_clients_count_166.sql
[0m21:55:12.931371 [info ] [MainThread]: 
[0m21:55:12.931619 [info ] [MainThread]: Done. PASS=21 WARN=0 ERROR=1 SKIP=2 NO-OP=0 REUSED=0 TOTAL=24
[0m21:55:12.934126 [debug] [MainThread]: Resource report: {"command_name": "build", "command_success": false, "command_wall_clock_time": 1.695245, "process_in_blocks": "0", "process_kernel_time": 0.359596, "process_mem_max_rss": "212992000", "process_out_blocks": "0", "process_user_time": 4.060777}
[0m21:55:12.934529 [debug] [MainThread]: Command `dbt build` failed at 21:55:12.934460 after 1.70 seconds
[0m21:55:12.934851 [debug] [MainThread]: Sending event: {'category': 'dbt', 'action': 'invocation', 'label': 'end', 'context': [<snowplow_tracker.self_describing_json.SelfDescribingJson object at 0x10aea1be0>, <snowplow_tracker.self_describing_json.SelfDescribingJson object at 0x109c76510>, <snowplow_tracker.self_describing_json.SelfDescribingJson object at 0x107dc3560>]}
[0m21:55:12.935153 [debug] [MainThread]: Flushing usage events
[0m21:55:13.324546 [debug] [MainThread]: An error was encountered while trying to flush usage events
[0m22:02:23.727651 [debug] [MainThread]: Sending event: {'category': 'dbt', 'action': 'invocation', 'label': 'start', 'context': [<snowplow_tracker.self_describing_json.SelfDescribingJson object at 0x10e94fbf0>, <snowplow_tracker.self_describing_json.SelfDescribingJson object at 0x10f303020>, <snowplow_tracker.self_describing_json.SelfDescribingJson object at 0x10f39d0a0>]}


============================== 22:02:23.732847 | e562b9c6-15b1-4c46-ae47-1c26f108a46c ==============================
[0m22:02:23.732847 [info ] [MainThread]: Running with dbt=1.12.0
[0m22:02:23.733390 [debug] [MainThread]: running dbt with arguments {'hints_enabled': 'True', 'version_check': 'True', 'cache_selected_only': 'False', 'invocation_command': 'dbt build', 'no_print': 'None', 'log_cache_events': 'False', 'indirect_selection': 'eager', 'empty': 'False', 'send_anonymous_usage_stats': 'True', 'fail_fast': 'False', 'target_path': 'None', 'debug': 'False', 'printer_width': '80', 'static_parser': 'True', 'use_colors': 'True', 'introspect': 'True', 'warn_error': 'None', 'quiet': 'False', 'warn_error_options': 'WarnErrorOptionsV2(error=[], warn=[], silence=[])', 'maximum_seed_size_mib': '1', 'use_experimental_parser': 'False', 'partial_parse': 'True', 'write_json': 'True', 'profiles_dir': '/Users/souleyjr/.dbt', 'log_format': 'default', 'log_path': '/Users/souleyjr/data-portfolio/02-fashion-retail-analytics/dbt/logs'}
[0m22:02:24.069549 [debug] [MainThread]: Sending event: {'category': 'dbt', 'action': 'project_id', 'label': 'e562b9c6-15b1-4c46-ae47-1c26f108a46c', 'context': [<snowplow_tracker.self_describing_json.SelfDescribingJson object at 0x10f1c9070>]}
[0m22:02:24.191007 [debug] [MainThread]: Sending event: {'category': 'dbt', 'action': 'adapter_info', 'label': 'e562b9c6-15b1-4c46-ae47-1c26f108a46c', 'context': [<snowplow_tracker.self_describing_json.SelfDescribingJson object at 0x10e1c7530>]}
[0m22:02:24.195938 [info ] [MainThread]: Registered adapter: duckdb=1.10.1
[0m22:02:24.321320 [debug] [MainThread]: checksum: e541cf667f492ba542c42cfa839a11505b8f71402b583ae2b9639f7f0486df04, vars: {}, profile: fashion_retail, target: dev, version: 1.12.0
[0m22:02:24.492218 [debug] [MainThread]: Partial parsing enabled: 0 files deleted, 0 files added, 1 files changed.
[0m22:02:24.493155 [debug] [MainThread]: Partial parsing: updated file: fashion_retail_analytics://models/staging/stg_transactions.sql
[0m22:02:24.493507 [debug] [MainThread]: Partial parsing: updated file: fashion_retail_analytics://models/schema.yml
[0m22:02:24.965781 [warn ] [MainThread]: [[33mWARNING[0m][MissingArgumentsPropertyInGenericTestDeprecation]: Deprecated
functionality
Found top-level arguments to test `relationships` defined on 'stg_transactions'
in package 'fashion_retail_analytics' (models/schema.yml). Arguments to generic
tests should be nested under the `arguments` property.
[0m22:02:24.966299 [debug] [MainThread]: Sending event: {'category': 'dbt', 'action': 'deprecation', 'label': 'e562b9c6-15b1-4c46-ae47-1c26f108a46c', 'property_': 'warn', 'context': [<snowplow_tracker.self_describing_json.SelfDescribingJson object at 0x10fafc800>]}
[0m22:02:25.088600 [debug] [MainThread]: Sending event: {'category': 'dbt', 'action': 'load_project', 'label': 'e562b9c6-15b1-4c46-ae47-1c26f108a46c', 'context': [<snowplow_tracker.self_describing_json.SelfDescribingJson object at 0x10cdbd9a0>]}
[0m22:02:25.205277 [debug] [MainThread]: Wrote artifact WritableManifest to /Users/souleyjr/data-portfolio/02-fashion-retail-analytics/dbt/target/manifest.json
[0m22:02:25.208456 [debug] [MainThread]: Wrote artifact SemanticManifest to /Users/souleyjr/data-portfolio/02-fashion-retail-analytics/dbt/target/semantic_manifest.json
[0m22:02:25.225995 [debug] [MainThread]: Wrote artifact OsiDocument to /Users/souleyjr/data-portfolio/02-fashion-retail-analytics/dbt/target/osi_document.json
[0m22:02:25.249194 [debug] [MainThread]: Sending event: {'category': 'dbt', 'action': 'resource_counts', 'label': 'e562b9c6-15b1-4c46-ae47-1c26f108a46c', 'context': [<snowplow_tracker.self_describing_json.SelfDescribingJson object at 0x10fea1fd0>]}
[0m22:02:25.249624 [info ] [MainThread]: Found 5 models, 17 data tests, 1 seed, 602 macros
[0m22:02:25.252439 [info ] [MainThread]: 
[0m22:02:25.252768 [info ] [MainThread]: Concurrency: 4 threads (target='dev')
[0m22:02:25.253023 [info ] [MainThread]: 
[0m22:02:25.253471 [debug] [MainThread]: Acquiring new duckdb connection 'master'
[0m22:02:25.257833 [debug] [ThreadPool]: Acquiring new duckdb connection 'list_fashion_retail'
[0m22:02:25.310773 [debug] [ThreadPool]: Using duckdb connection "list_fashion_retail"
[0m22:02:25.311179 [debug] [ThreadPool]: On list_fashion_retail: /* {"app": "dbt", "dbt_version": "1.12.0", "profile_name": "fashion_retail", "target_name": "dev", "connection_name": "list_fashion_retail"} */

    
    select schema_name
    from system.information_schema.schemata
    
    where lower(catalog_name) = '"fashion_retail"'
    
  
  
[0m22:02:25.311468 [debug] [ThreadPool]: Opening a new connection, currently in state init
[0m22:02:25.333764 [debug] [ThreadPool]: SQL status: OK in 0.022 seconds
[0m22:02:25.335364 [debug] [ThreadPool]: On list_fashion_retail: Close
[0m22:02:25.335995 [debug] [ThreadPool]: Re-using an available connection from the pool (formerly list_fashion_retail, now create_fashion_retail_main)
[0m22:02:25.336392 [debug] [ThreadPool]: Creating schema "database: "fashion_retail"
schema: "main"
"
[0m22:02:25.341937 [debug] [ThreadPool]: Using duckdb connection "create_fashion_retail_main"
[0m22:02:25.342250 [debug] [ThreadPool]: On create_fashion_retail_main: /* {"app": "dbt", "dbt_version": "1.12.0", "profile_name": "fashion_retail", "target_name": "dev", "connection_name": "create_fashion_retail_main"} */

    
        select type from duckdb_databases()
        where lower(database_name)='fashion_retail'
        and type='sqlite'
    
  
[0m22:02:25.342511 [debug] [ThreadPool]: Opening a new connection, currently in state closed
[0m22:02:25.343458 [debug] [ThreadPool]: SQL status: OK in 0.001 seconds
[0m22:02:25.344558 [debug] [ThreadPool]: Using duckdb connection "create_fashion_retail_main"
[0m22:02:25.344813 [debug] [ThreadPool]: On create_fashion_retail_main: BEGIN
[0m22:02:25.345149 [debug] [ThreadPool]: SQL status: OK in 0.000 seconds
[0m22:02:25.345369 [debug] [ThreadPool]: Using duckdb connection "create_fashion_retail_main"
[0m22:02:25.345597 [debug] [ThreadPool]: On create_fashion_retail_main: /* {"app": "dbt", "dbt_version": "1.12.0", "profile_name": "fashion_retail", "target_name": "dev", "connection_name": "create_fashion_retail_main"} */

    
    
        create schema if not exists "fashion_retail"."main"
    
[0m22:02:25.346005 [debug] [ThreadPool]: SQL status: OK in 0.000 seconds
[0m22:02:25.346711 [debug] [ThreadPool]: On create_fashion_retail_main: COMMIT
[0m22:02:25.346962 [debug] [ThreadPool]: Using duckdb connection "create_fashion_retail_main"
[0m22:02:25.347188 [debug] [ThreadPool]: On create_fashion_retail_main: COMMIT
[0m22:02:25.347497 [debug] [ThreadPool]: SQL status: OK in 0.000 seconds
[0m22:02:25.347724 [debug] [ThreadPool]: On create_fashion_retail_main: Close
[0m22:02:25.348885 [debug] [ThreadPool]: Re-using an available connection from the pool (formerly create_fashion_retail_main, now list_fashion_retail_main)
[0m22:02:25.352975 [debug] [ThreadPool]: Using duckdb connection "list_fashion_retail_main"
[0m22:02:25.353266 [debug] [ThreadPool]: On list_fashion_retail_main: BEGIN
[0m22:02:25.353488 [debug] [ThreadPool]: Opening a new connection, currently in state closed
[0m22:02:25.353833 [debug] [ThreadPool]: SQL status: OK in 0.000 seconds
[0m22:02:25.354067 [debug] [ThreadPool]: Using duckdb connection "list_fashion_retail_main"
[0m22:02:25.354299 [debug] [ThreadPool]: On list_fashion_retail_main: /* {"app": "dbt", "dbt_version": "1.12.0", "profile_name": "fashion_retail", "target_name": "dev", "connection_name": "list_fashion_retail_main"} */
select
      'fashion_retail' as database,
      table_name as name,
      table_schema as schema,
      CASE table_type
        WHEN 'BASE TABLE' THEN 'table'
        WHEN 'VIEW' THEN 'view'
        WHEN 'LOCAL TEMPORARY' THEN 'table'
        END as type
    from system.information_schema.tables
    where lower(table_schema) = 'main'
    and lower(table_catalog) = 'fashion_retail'
  
[0m22:02:25.357487 [debug] [ThreadPool]: SQL status: OK in 0.003 seconds
[0m22:02:25.358634 [debug] [ThreadPool]: On list_fashion_retail_main: ROLLBACK
[0m22:02:25.359992 [debug] [ThreadPool]: Failed to rollback 'list_fashion_retail_main'
[0m22:02:25.360239 [debug] [ThreadPool]: On list_fashion_retail_main: Close
[0m22:02:25.361475 [debug] [MainThread]: Sending event: {'category': 'dbt', 'action': 'runnable_timing', 'label': 'e562b9c6-15b1-4c46-ae47-1c26f108a46c', 'context': [<snowplow_tracker.self_describing_json.SelfDescribingJson object at 0x10c497bf0>]}
[0m22:02:25.361845 [debug] [MainThread]: Using duckdb connection "master"
[0m22:02:25.362085 [debug] [MainThread]: On master: BEGIN
[0m22:02:25.362305 [debug] [MainThread]: Opening a new connection, currently in state init
[0m22:02:25.362663 [debug] [MainThread]: SQL status: OK in 0.000 seconds
[0m22:02:25.362885 [debug] [MainThread]: On master: COMMIT
[0m22:02:25.363103 [debug] [MainThread]: Using duckdb connection "master"
[0m22:02:25.363317 [debug] [MainThread]: On master: COMMIT
[0m22:02:25.363604 [debug] [MainThread]: SQL status: OK in 0.000 seconds
[0m22:02:25.363824 [debug] [MainThread]: On master: Close
[0m22:02:25.365960 [debug] [Thread-1 (]: Began running node seed.fashion_retail_analytics.fashion_retail_sales
[0m22:02:25.366409 [info ] [Thread-1 (]: 1 of 23 START seed file main.fashion_retail_sales .............................. [RUN]
[0m22:02:25.366809 [debug] [Thread-1 (]: Re-using an available connection from the pool (formerly list_fashion_retail_main, now seed.fashion_retail_analytics.fashion_retail_sales)
[0m22:02:25.367125 [debug] [Thread-1 (]: Began compiling node seed.fashion_retail_analytics.fashion_retail_sales
[0m22:02:25.367419 [debug] [Thread-1 (]: Began executing node seed.fashion_retail_analytics.fashion_retail_sales
[0m22:02:25.426565 [debug] [Thread-1 (]: Using duckdb connection "seed.fashion_retail_analytics.fashion_retail_sales"
[0m22:02:25.427003 [debug] [Thread-1 (]: On seed.fashion_retail_analytics.fashion_retail_sales: BEGIN
[0m22:02:25.427301 [debug] [Thread-1 (]: Opening a new connection, currently in state closed
[0m22:02:25.427830 [debug] [Thread-1 (]: SQL status: OK in 0.001 seconds
[0m22:02:25.428103 [debug] [Thread-1 (]: Using duckdb connection "seed.fashion_retail_analytics.fashion_retail_sales"
[0m22:02:25.428374 [debug] [Thread-1 (]: On seed.fashion_retail_analytics.fashion_retail_sales: /* {"app": "dbt", "dbt_version": "1.12.0", "profile_name": "fashion_retail", "target_name": "dev", "node_id": "seed.fashion_retail_analytics.fashion_retail_sales"} */
truncate table "fashion_retail"."main"."fashion_retail_sales"
[0m22:02:25.431306 [debug] [Thread-1 (]: SQL status: OK in 0.003 seconds
[0m22:02:25.441975 [debug] [Thread-1 (]: Using duckdb connection "seed.fashion_retail_analytics.fashion_retail_sales"
[0m22:02:25.442317 [debug] [Thread-1 (]: On seed.fashion_retail_analytics.fashion_retail_sales: 
          COPY "fashion_retail"."main"."fashion_retail_sales" FROM '/Users/souleyjr/data-portfolio/02-fashion-retail-analytics/dbt/seeds/fashion_retail_sales.csv' (FORMAT CSV, HEADER TRUE, DELIMITER ',')
        ...
[0m22:02:25.466231 [debug] [Thread-1 (]: SQL status: OK in 0.024 seconds
[0m22:02:25.471642 [debug] [Thread-1 (]: Writing runtime SQL for node "seed.fashion_retail_analytics.fashion_retail_sales"
[0m22:02:25.483413 [debug] [Thread-1 (]: On seed.fashion_retail_analytics.fashion_retail_sales: COMMIT
[0m22:02:25.483797 [debug] [Thread-1 (]: Using duckdb connection "seed.fashion_retail_analytics.fashion_retail_sales"
[0m22:02:25.484095 [debug] [Thread-1 (]: On seed.fashion_retail_analytics.fashion_retail_sales: COMMIT
[0m22:02:25.486959 [debug] [Thread-1 (]: SQL status: OK in 0.003 seconds
[0m22:02:25.488704 [debug] [Thread-1 (]: On seed.fashion_retail_analytics.fashion_retail_sales: Close
[0m22:02:25.490397 [debug] [Thread-1 (]: Sending event: {'category': 'dbt', 'action': 'run_model', 'label': 'e562b9c6-15b1-4c46-ae47-1c26f108a46c', 'context': [<snowplow_tracker.self_describing_json.SelfDescribingJson object at 0x10fbcf410>]}
[0m22:02:25.490882 [info ] [Thread-1 (]: 1 of 23 OK loaded seed file main.fashion_retail_sales .......................... [[32mINSERT 3400[0m in 0.12s]
[0m22:02:25.491386 [debug] [Thread-1 (]: Finished running node seed.fashion_retail_analytics.fashion_retail_sales
[0m22:02:25.491998 [debug] [Thread-3 (]: Began running node model.fashion_retail_analytics.stg_transactions
[0m22:02:25.492496 [info ] [Thread-3 (]: 2 of 23 START sql view model main.stg_transactions ............................. [RUN]
[0m22:02:25.493023 [debug] [Thread-3 (]: Acquiring new duckdb connection 'model.fashion_retail_analytics.stg_transactions'
[0m22:02:25.493337 [debug] [Thread-3 (]: Began compiling node model.fashion_retail_analytics.stg_transactions
[0m22:02:25.499351 [debug] [Thread-3 (]: Writing injected SQL for node "model.fashion_retail_analytics.stg_transactions"
[0m22:02:25.500257 [debug] [Thread-3 (]: Began executing node model.fashion_retail_analytics.stg_transactions
[0m22:02:25.525514 [debug] [Thread-3 (]: Writing runtime sql for node "model.fashion_retail_analytics.stg_transactions"
[0m22:02:25.526277 [debug] [Thread-3 (]: Using duckdb connection "model.fashion_retail_analytics.stg_transactions"
[0m22:02:25.526592 [debug] [Thread-3 (]: On model.fashion_retail_analytics.stg_transactions: BEGIN
[0m22:02:25.526871 [debug] [Thread-3 (]: Opening a new connection, currently in state init
[0m22:02:25.527402 [debug] [Thread-3 (]: SQL status: OK in 0.001 seconds
[0m22:02:25.527677 [debug] [Thread-3 (]: Using duckdb connection "model.fashion_retail_analytics.stg_transactions"
[0m22:02:25.528037 [debug] [Thread-3 (]: On model.fashion_retail_analytics.stg_transactions: /* {"app": "dbt", "dbt_version": "1.12.0", "profile_name": "fashion_retail", "target_name": "dev", "node_id": "model.fashion_retail_analytics.stg_transactions"} */

  
  create view "fashion_retail"."main"."stg_transactions__dbt_tmp" as (
    -- GRAIN : 1 ligne = 1 transaction.  2 750 lignes attendues.
-- Aucune colonne agrégée au niveau client ne doit exister dans ce modèle.
-- Périmètre : les 650 lignes sans montant (19,1 % de la source) sont exclues du
-- chiffre d'affaires. Voir docs/rapport_qualite_donnees.md, section 1.

with source as (

    select * from "fashion_retail"."main"."fashion_retail_sales"

),

cleaned as (

    select
        cast("Customer Reference ID" as varchar)              as client_id,
        trim("Item Purchased")                                as article,
        cast("Purchase Amount (USD)" as double)               as montant,
        strptime("Date Purchase", '%d-%m-%Y')::date           as date_transaction,
        cast("Review Rating" as double)                       as note,
        case trim("Payment Method")
            when 'Credit Card' then 'Credit Card'
            when 'Cash'        then 'Cash'
            else 'Unknown'
        end                                                   as paiement,
        "Purchase Amount (USD)" is null                       as is_montant_manquant,
        "Review Rating" is null                               as is_note_manquante
    from source

),

final as (

    select
        'TX' || lpad(cast(row_number() over (
            order by date_transaction, client_id, article, montant
        ) as varchar), 5, '0')                                as transaction_id,
        client_id,
        article,
        montant,
        date_transaction,
        strftime(date_transaction, '%Y-%m')                    as mois,
        year(date_transaction)                                 as annee,
        strftime(date_transaction, '%A')                       as jour_semaine,
        note,
        is_note_manquante,
        paiement
    from cleaned
    where not is_montant_manquant
      and montant > 0
      and client_id is not null

)

select * from final
  );

[0m22:02:25.530092 [debug] [Thread-3 (]: SQL status: OK in 0.002 seconds
[0m22:02:25.535152 [debug] [Thread-3 (]: Using duckdb connection "model.fashion_retail_analytics.stg_transactions"
[0m22:02:25.535495 [debug] [Thread-3 (]: On model.fashion_retail_analytics.stg_transactions: /* {"app": "dbt", "dbt_version": "1.12.0", "profile_name": "fashion_retail", "target_name": "dev", "node_id": "model.fashion_retail_analytics.stg_transactions"} */
alter view "fashion_retail"."main"."stg_transactions" rename to "stg_transactions__dbt_backup"
[0m22:02:25.536017 [debug] [Thread-3 (]: SQL status: OK in 0.000 seconds
[0m22:02:25.537910 [debug] [Thread-3 (]: Using duckdb connection "model.fashion_retail_analytics.stg_transactions"
[0m22:02:25.538219 [debug] [Thread-3 (]: On model.fashion_retail_analytics.stg_transactions: /* {"app": "dbt", "dbt_version": "1.12.0", "profile_name": "fashion_retail", "target_name": "dev", "node_id": "model.fashion_retail_analytics.stg_transactions"} */
alter view "fashion_retail"."main"."stg_transactions__dbt_tmp" rename to "stg_transactions"
[0m22:02:25.538651 [debug] [Thread-3 (]: SQL status: OK in 0.000 seconds
[0m22:02:25.542039 [debug] [Thread-3 (]: On model.fashion_retail_analytics.stg_transactions: COMMIT
[0m22:02:25.542370 [debug] [Thread-3 (]: Using duckdb connection "model.fashion_retail_analytics.stg_transactions"
[0m22:02:25.542655 [debug] [Thread-3 (]: On model.fashion_retail_analytics.stg_transactions: COMMIT
[0m22:02:25.543380 [debug] [Thread-3 (]: SQL status: OK in 0.000 seconds
[0m22:02:25.547487 [debug] [Thread-3 (]: Using duckdb connection "model.fashion_retail_analytics.stg_transactions"
[0m22:02:25.547830 [debug] [Thread-3 (]: On model.fashion_retail_analytics.stg_transactions: /* {"app": "dbt", "dbt_version": "1.12.0", "profile_name": "fashion_retail", "target_name": "dev", "node_id": "model.fashion_retail_analytics.stg_transactions"} */

      drop view if exists "fashion_retail"."main"."stg_transactions__dbt_backup" cascade
    
[0m22:02:25.548429 [debug] [Thread-3 (]: SQL status: OK in 0.000 seconds
[0m22:02:25.549634 [debug] [Thread-3 (]: On model.fashion_retail_analytics.stg_transactions: Close
[0m22:02:25.550123 [debug] [Thread-3 (]: Sending event: {'category': 'dbt', 'action': 'run_model', 'label': 'e562b9c6-15b1-4c46-ae47-1c26f108a46c', 'context': [<snowplow_tracker.self_describing_json.SelfDescribingJson object at 0x110046090>]}
[0m22:02:25.550637 [info ] [Thread-3 (]: 2 of 23 OK created sql view model main.stg_transactions ........................ [[32mOK[0m in 0.06s]
[0m22:02:25.551100 [debug] [Thread-3 (]: Finished running node model.fashion_retail_analytics.stg_transactions
[0m22:02:25.551714 [debug] [Thread-2 (]: Began running node test.fashion_retail_analytics.accepted_values_stg_transactions_paiement__Credit_Card__Cash__Unknown.7992aec2a4
[0m22:02:25.552037 [debug] [Thread-1 (]: Began running node test.fashion_retail_analytics.assert_perimetre_transactions
[0m22:02:25.552379 [debug] [Thread-4 (]: Began running node test.fashion_retail_analytics.dbt_utils_accepted_range_stg_transactions_montant__False__0.dea3ac3c9d
[0m22:02:25.552681 [info ] [Thread-2 (]: 3 of 23 START test accepted_values_stg_transactions_paiement__Credit_Card__Cash__Unknown  [RUN]
[0m22:02:25.553198 [debug] [Thread-3 (]: Began running node test.fashion_retail_analytics.not_null_stg_transactions_client_id.d88183f457
[0m22:02:25.553485 [info ] [Thread-1 (]: 4 of 23 START test assert_perimetre_transactions ............................... [RUN]
[0m22:02:25.553840 [info ] [Thread-4 (]: 5 of 23 START test dbt_utils_accepted_range_stg_transactions_montant__False__0 . [RUN]
[0m22:02:25.554297 [debug] [Thread-2 (]: Acquiring new duckdb connection 'test.fashion_retail_analytics.accepted_values_stg_transactions_paiement__Credit_Card__Cash__Unknown.7992aec2a4'
[0m22:02:25.554610 [info ] [Thread-3 (]: 6 of 23 START test not_null_stg_transactions_client_id ......................... [RUN]
[0m22:02:25.554986 [debug] [Thread-1 (]: Re-using an available connection from the pool (formerly seed.fashion_retail_analytics.fashion_retail_sales, now test.fashion_retail_analytics.assert_perimetre_transactions)
[0m22:02:25.555386 [debug] [Thread-4 (]: Acquiring new duckdb connection 'test.fashion_retail_analytics.dbt_utils_accepted_range_stg_transactions_montant__False__0.dea3ac3c9d'
[0m22:02:25.555695 [debug] [Thread-2 (]: Began compiling node test.fashion_retail_analytics.accepted_values_stg_transactions_paiement__Credit_Card__Cash__Unknown.7992aec2a4
[0m22:02:25.556002 [debug] [Thread-3 (]: Re-using an available connection from the pool (formerly model.fashion_retail_analytics.stg_transactions, now test.fashion_retail_analytics.not_null_stg_transactions_client_id.d88183f457)
[0m22:02:25.556294 [debug] [Thread-1 (]: Began compiling node test.fashion_retail_analytics.assert_perimetre_transactions
[0m22:02:25.556574 [debug] [Thread-4 (]: Began compiling node test.fashion_retail_analytics.dbt_utils_accepted_range_stg_transactions_montant__False__0.dea3ac3c9d
[0m22:02:25.563142 [debug] [Thread-3 (]: Began compiling node test.fashion_retail_analytics.not_null_stg_transactions_client_id.d88183f457
[0m22:02:25.562928 [debug] [Thread-2 (]: Writing injected SQL for node "test.fashion_retail_analytics.accepted_values_stg_transactions_paiement__Credit_Card__Cash__Unknown.7992aec2a4"
[0m22:02:25.564658 [debug] [Thread-1 (]: Writing injected SQL for node "test.fashion_retail_analytics.assert_perimetre_transactions"
[0m22:02:25.570625 [debug] [Thread-4 (]: Writing injected SQL for node "test.fashion_retail_analytics.dbt_utils_accepted_range_stg_transactions_montant__False__0.dea3ac3c9d"
[0m22:02:25.580478 [debug] [Thread-3 (]: Writing injected SQL for node "test.fashion_retail_analytics.not_null_stg_transactions_client_id.d88183f457"
[0m22:02:25.581455 [debug] [Thread-2 (]: Began executing node test.fashion_retail_analytics.accepted_values_stg_transactions_paiement__Credit_Card__Cash__Unknown.7992aec2a4
[0m22:02:25.587303 [debug] [Thread-1 (]: Began executing node test.fashion_retail_analytics.assert_perimetre_transactions
[0m22:02:25.587661 [debug] [Thread-4 (]: Began executing node test.fashion_retail_analytics.dbt_utils_accepted_range_stg_transactions_montant__False__0.dea3ac3c9d
[0m22:02:25.598703 [debug] [Thread-2 (]: Writing runtime sql for node "test.fashion_retail_analytics.accepted_values_stg_transactions_paiement__Credit_Card__Cash__Unknown.7992aec2a4"
[0m22:02:25.599030 [debug] [Thread-3 (]: Began executing node test.fashion_retail_analytics.not_null_stg_transactions_client_id.d88183f457
[0m22:02:25.600546 [debug] [Thread-1 (]: Writing runtime sql for node "test.fashion_retail_analytics.assert_perimetre_transactions"
[0m22:02:25.602082 [debug] [Thread-4 (]: Writing runtime sql for node "test.fashion_retail_analytics.dbt_utils_accepted_range_stg_transactions_montant__False__0.dea3ac3c9d"
[0m22:02:25.603564 [debug] [Thread-3 (]: Writing runtime sql for node "test.fashion_retail_analytics.not_null_stg_transactions_client_id.d88183f457"
[0m22:02:25.604268 [debug] [Thread-4 (]: Using duckdb connection "test.fashion_retail_analytics.dbt_utils_accepted_range_stg_transactions_montant__False__0.dea3ac3c9d"
[0m22:02:25.604617 [debug] [Thread-4 (]: On test.fashion_retail_analytics.dbt_utils_accepted_range_stg_transactions_montant__False__0.dea3ac3c9d: BEGIN
[0m22:02:25.604976 [debug] [Thread-2 (]: Using duckdb connection "test.fashion_retail_analytics.accepted_values_stg_transactions_paiement__Credit_Card__Cash__Unknown.7992aec2a4"
[0m22:02:25.605262 [debug] [Thread-4 (]: Opening a new connection, currently in state init
[0m22:02:25.605639 [debug] [Thread-1 (]: Using duckdb connection "test.fashion_retail_analytics.assert_perimetre_transactions"
[0m22:02:25.605954 [debug] [Thread-2 (]: On test.fashion_retail_analytics.accepted_values_stg_transactions_paiement__Credit_Card__Cash__Unknown.7992aec2a4: BEGIN
[0m22:02:25.606292 [debug] [Thread-3 (]: Using duckdb connection "test.fashion_retail_analytics.not_null_stg_transactions_client_id.d88183f457"
[0m22:02:25.606723 [debug] [Thread-1 (]: On test.fashion_retail_analytics.assert_perimetre_transactions: BEGIN
[0m22:02:25.607022 [debug] [Thread-2 (]: Opening a new connection, currently in state init
[0m22:02:25.607326 [debug] [Thread-4 (]: SQL status: OK in 0.002 seconds
[0m22:02:25.607591 [debug] [Thread-3 (]: On test.fashion_retail_analytics.not_null_stg_transactions_client_id.d88183f457: BEGIN
[0m22:02:25.607865 [debug] [Thread-1 (]: Opening a new connection, currently in state closed
[0m22:02:25.608236 [debug] [Thread-4 (]: Using duckdb connection "test.fashion_retail_analytics.dbt_utils_accepted_range_stg_transactions_montant__False__0.dea3ac3c9d"
[0m22:02:25.608512 [debug] [Thread-3 (]: Opening a new connection, currently in state closed
[0m22:02:25.608790 [debug] [Thread-2 (]: SQL status: OK in 0.002 seconds
[0m22:02:25.609173 [debug] [Thread-4 (]: On test.fashion_retail_analytics.dbt_utils_accepted_range_stg_transactions_montant__False__0.dea3ac3c9d: /* {"app": "dbt", "dbt_version": "1.12.0", "profile_name": "fashion_retail", "target_name": "dev", "node_id": "test.fashion_retail_analytics.dbt_utils_accepted_range_stg_transactions_montant__False__0.dea3ac3c9d"} */

    
    select
      count(*) as failures,
      count(*) != 0 as should_warn,
      count(*) != 0 as should_error
    from (
      
    
  

with meet_condition as(
  select *
  from "fashion_retail"."main"."stg_transactions"
),

validation_errors as (
  select *
  from meet_condition
  where
    -- never true, defaults to an empty result set. Exists to ensure any combo of the `or` clauses below succeeds
    1 = 2
    -- records with a value >= min_value are permitted. The `not` flips this to find records that don't meet the rule.
    or not montant > 0
)

select *
from validation_errors


  
  
      
    ) dbt_internal_test
[0m22:02:25.609572 [debug] [Thread-1 (]: SQL status: OK in 0.002 seconds
[0m22:02:25.609845 [debug] [Thread-2 (]: Using duckdb connection "test.fashion_retail_analytics.accepted_values_stg_transactions_paiement__Credit_Card__Cash__Unknown.7992aec2a4"
[0m22:02:25.610124 [debug] [Thread-3 (]: SQL status: OK in 0.002 seconds
[0m22:02:25.610495 [debug] [Thread-1 (]: Using duckdb connection "test.fashion_retail_analytics.assert_perimetre_transactions"
[0m22:02:25.610801 [debug] [Thread-2 (]: On test.fashion_retail_analytics.accepted_values_stg_transactions_paiement__Credit_Card__Cash__Unknown.7992aec2a4: /* {"app": "dbt", "dbt_version": "1.12.0", "profile_name": "fashion_retail", "target_name": "dev", "node_id": "test.fashion_retail_analytics.accepted_values_stg_transactions_paiement__Credit_Card__Cash__Unknown.7992aec2a4"} */

    
    select
      count(*) as failures,
      count(*) != 0 as should_warn,
      count(*) != 0 as should_error
    from (
      
    
  
    
    

with all_values as (

    select
        paiement as value_field,
        count(*) as n_records

    from "fashion_retail"."main"."stg_transactions"
    group by paiement

)

select *
from all_values
where value_field not in (
    'Credit Card','Cash','Unknown'
)



  
  
      
    ) dbt_internal_test
[0m22:02:25.611098 [debug] [Thread-3 (]: Using duckdb connection "test.fashion_retail_analytics.not_null_stg_transactions_client_id.d88183f457"
[0m22:02:25.611410 [debug] [Thread-1 (]: On test.fashion_retail_analytics.assert_perimetre_transactions: /* {"app": "dbt", "dbt_version": "1.12.0", "profile_name": "fashion_retail", "target_name": "dev", "node_id": "test.fashion_retail_analytics.assert_perimetre_transactions"} */

    
    select
      count(*) as failures,
      count(*) != 0 as should_warn,
      count(*) != 0 as should_error
    from (
      
    
  -- Le périmètre doit rester à 2 750 transactions. Si ce nombre change,
-- c'est que la règle d'exclusion des montants nuls a bougé : il faut alors
-- mettre à jour tous les documents qui publient ce chiffre.
-- Doit renvoyer 0 ligne.

select count(*) as n
from "fashion_retail"."main"."stg_transactions"
having count(*) <> 2750
  
  
      
    ) dbt_internal_test
[0m22:02:25.611830 [debug] [Thread-3 (]: On test.fashion_retail_analytics.not_null_stg_transactions_client_id.d88183f457: /* {"app": "dbt", "dbt_version": "1.12.0", "profile_name": "fashion_retail", "target_name": "dev", "node_id": "test.fashion_retail_analytics.not_null_stg_transactions_client_id.d88183f457"} */

    
    select
      count(*) as failures,
      count(*) != 0 as should_warn,
      count(*) != 0 as should_error
    from (
      
    
  
    
    



select client_id
from "fashion_retail"."main"."stg_transactions"
where client_id is null



  
  
      
    ) dbt_internal_test
[0m22:02:25.613333 [debug] [Thread-3 (]: SQL status: OK in 0.001 seconds
[0m22:02:25.613668 [debug] [Thread-4 (]: SQL status: OK in 0.003 seconds
[0m22:02:25.617019 [debug] [Thread-3 (]: On test.fashion_retail_analytics.not_null_stg_transactions_client_id.d88183f457: ROLLBACK
[0m22:02:25.618093 [debug] [Thread-3 (]: Failed to rollback 'test.fashion_retail_analytics.not_null_stg_transactions_client_id.d88183f457'
[0m22:02:25.618431 [debug] [Thread-3 (]: On test.fashion_retail_analytics.not_null_stg_transactions_client_id.d88183f457: Close
[0m22:02:25.619968 [debug] [Thread-4 (]: On test.fashion_retail_analytics.dbt_utils_accepted_range_stg_transactions_montant__False__0.dea3ac3c9d: ROLLBACK
[0m22:02:25.620288 [debug] [Thread-2 (]: SQL status: OK in 0.009 seconds
[0m22:02:25.620779 [info ] [Thread-3 (]: 6 of 23 PASS not_null_stg_transactions_client_id ............................... [[32mPASS[0m in 0.06s]
[0m22:02:25.621173 [debug] [Thread-1 (]: SQL status: OK in 0.009 seconds
[0m22:02:25.622008 [debug] [Thread-4 (]: Failed to rollback 'test.fashion_retail_analytics.dbt_utils_accepted_range_stg_transactions_montant__False__0.dea3ac3c9d'
[0m22:02:25.622494 [debug] [Thread-3 (]: Finished running node test.fashion_retail_analytics.not_null_stg_transactions_client_id.d88183f457
[0m22:02:25.623684 [debug] [Thread-2 (]: On test.fashion_retail_analytics.accepted_values_stg_transactions_paiement__Credit_Card__Cash__Unknown.7992aec2a4: ROLLBACK
[0m22:02:25.624031 [debug] [Thread-4 (]: On test.fashion_retail_analytics.dbt_utils_accepted_range_stg_transactions_montant__False__0.dea3ac3c9d: Close
[0m22:02:25.625203 [debug] [Thread-1 (]: On test.fashion_retail_analytics.assert_perimetre_transactions: ROLLBACK
[0m22:02:25.625541 [debug] [Thread-3 (]: Began running node test.fashion_retail_analytics.not_null_stg_transactions_date_transaction.0fcd45f627
[0m22:02:25.626458 [debug] [Thread-2 (]: Failed to rollback 'test.fashion_retail_analytics.accepted_values_stg_transactions_paiement__Credit_Card__Cash__Unknown.7992aec2a4'
[0m22:02:25.626934 [info ] [Thread-4 (]: 5 of 23 PASS dbt_utils_accepted_range_stg_transactions_montant__False__0 ....... [[32mPASS[0m in 0.07s]
[0m22:02:25.627809 [debug] [Thread-1 (]: Failed to rollback 'test.fashion_retail_analytics.assert_perimetre_transactions'
[0m22:02:25.628122 [info ] [Thread-3 (]: 7 of 23 START test not_null_stg_transactions_date_transaction .................. [RUN]
[0m22:02:25.628461 [debug] [Thread-2 (]: On test.fashion_retail_analytics.accepted_values_stg_transactions_paiement__Credit_Card__Cash__Unknown.7992aec2a4: Close
[0m22:02:25.628875 [debug] [Thread-4 (]: Finished running node test.fashion_retail_analytics.dbt_utils_accepted_range_stg_transactions_montant__False__0.dea3ac3c9d
[0m22:02:25.629160 [debug] [Thread-1 (]: On test.fashion_retail_analytics.assert_perimetre_transactions: Close
[0m22:02:25.629515 [debug] [Thread-3 (]: Re-using an available connection from the pool (formerly test.fashion_retail_analytics.not_null_stg_transactions_client_id.d88183f457, now test.fashion_retail_analytics.not_null_stg_transactions_date_transaction.0fcd45f627)
[0m22:02:25.630263 [debug] [Thread-4 (]: Began running node test.fashion_retail_analytics.not_null_stg_transactions_montant.2503ca851d
[0m22:02:25.630007 [info ] [Thread-2 (]: 3 of 23 PASS accepted_values_stg_transactions_paiement__Credit_Card__Cash__Unknown  [[32mPASS[0m in 0.08s]
[0m22:02:25.630818 [info ] [Thread-1 (]: 4 of 23 PASS assert_perimetre_transactions ..................................... [[32mPASS[0m in 0.08s]
[0m22:02:25.631150 [debug] [Thread-3 (]: Began compiling node test.fashion_retail_analytics.not_null_stg_transactions_date_transaction.0fcd45f627
[0m22:02:25.631505 [info ] [Thread-4 (]: 8 of 23 START test not_null_stg_transactions_montant ........................... [RUN]
[0m22:02:25.631944 [debug] [Thread-2 (]: Finished running node test.fashion_retail_analytics.accepted_values_stg_transactions_paiement__Credit_Card__Cash__Unknown.7992aec2a4
[0m22:02:25.632361 [debug] [Thread-1 (]: Finished running node test.fashion_retail_analytics.assert_perimetre_transactions
[0m22:02:25.638643 [debug] [Thread-3 (]: Writing injected SQL for node "test.fashion_retail_analytics.not_null_stg_transactions_date_transaction.0fcd45f627"
[0m22:02:25.639043 [debug] [Thread-4 (]: Re-using an available connection from the pool (formerly test.fashion_retail_analytics.dbt_utils_accepted_range_stg_transactions_montant__False__0.dea3ac3c9d, now test.fashion_retail_analytics.not_null_stg_transactions_montant.2503ca851d)
[0m22:02:25.639384 [debug] [Thread-2 (]: Began running node test.fashion_retail_analytics.not_null_stg_transactions_transaction_id.1d00a8e2e4
[0m22:02:25.639732 [debug] [Thread-1 (]: Began running node test.fashion_retail_analytics.unique_stg_transactions_transaction_id.ee9a78a396
[0m22:02:25.640123 [debug] [Thread-4 (]: Began compiling node test.fashion_retail_analytics.not_null_stg_transactions_montant.2503ca851d
[0m22:02:25.640420 [info ] [Thread-2 (]: 9 of 23 START test not_null_stg_transactions_transaction_id .................... [RUN]
[0m22:02:25.640764 [info ] [Thread-1 (]: 10 of 23 START test unique_stg_transactions_transaction_id ..................... [RUN]
[0m22:02:25.647427 [debug] [Thread-2 (]: Re-using an available connection from the pool (formerly test.fashion_retail_analytics.accepted_values_stg_transactions_paiement__Credit_Card__Cash__Unknown.7992aec2a4, now test.fashion_retail_analytics.not_null_stg_transactions_transaction_id.1d00a8e2e4)
[0m22:02:25.647823 [debug] [Thread-1 (]: Re-using an available connection from the pool (formerly test.fashion_retail_analytics.assert_perimetre_transactions, now test.fashion_retail_analytics.unique_stg_transactions_transaction_id.ee9a78a396)
[0m22:02:25.648167 [debug] [Thread-3 (]: Began executing node test.fashion_retail_analytics.not_null_stg_transactions_date_transaction.0fcd45f627
[0m22:02:25.648443 [debug] [Thread-2 (]: Began compiling node test.fashion_retail_analytics.not_null_stg_transactions_transaction_id.1d00a8e2e4
[0m22:02:25.648867 [debug] [Thread-4 (]: Writing injected SQL for node "test.fashion_retail_analytics.not_null_stg_transactions_montant.2503ca851d"
[0m22:02:25.649145 [debug] [Thread-1 (]: Began compiling node test.fashion_retail_analytics.unique_stg_transactions_transaction_id.ee9a78a396
[0m22:02:25.650552 [debug] [Thread-3 (]: Writing runtime sql for node "test.fashion_retail_analytics.not_null_stg_transactions_date_transaction.0fcd45f627"
[0m22:02:25.729217 [debug] [Thread-2 (]: Writing injected SQL for node "test.fashion_retail_analytics.not_null_stg_transactions_transaction_id.1d00a8e2e4"
[0m22:02:25.737719 [debug] [Thread-1 (]: Writing injected SQL for node "test.fashion_retail_analytics.unique_stg_transactions_transaction_id.ee9a78a396"
[0m22:02:25.738342 [debug] [Thread-4 (]: Began executing node test.fashion_retail_analytics.not_null_stg_transactions_montant.2503ca851d
[0m22:02:25.739819 [debug] [Thread-4 (]: Writing runtime sql for node "test.fashion_retail_analytics.not_null_stg_transactions_montant.2503ca851d"
[0m22:02:25.740297 [debug] [Thread-3 (]: Using duckdb connection "test.fashion_retail_analytics.not_null_stg_transactions_date_transaction.0fcd45f627"
[0m22:02:25.740660 [debug] [Thread-3 (]: On test.fashion_retail_analytics.not_null_stg_transactions_date_transaction.0fcd45f627: BEGIN
[0m22:02:25.740978 [debug] [Thread-2 (]: Began executing node test.fashion_retail_analytics.not_null_stg_transactions_transaction_id.1d00a8e2e4
[0m22:02:25.741251 [debug] [Thread-3 (]: Opening a new connection, currently in state closed
[0m22:02:25.742827 [debug] [Thread-2 (]: Writing runtime sql for node "test.fashion_retail_analytics.not_null_stg_transactions_transaction_id.1d00a8e2e4"
[0m22:02:25.743165 [debug] [Thread-4 (]: Using duckdb connection "test.fashion_retail_analytics.not_null_stg_transactions_montant.2503ca851d"
[0m22:02:25.743495 [debug] [Thread-1 (]: Began executing node test.fashion_retail_analytics.unique_stg_transactions_transaction_id.ee9a78a396
[0m22:02:25.744040 [debug] [Thread-4 (]: On test.fashion_retail_analytics.not_null_stg_transactions_montant.2503ca851d: BEGIN
[0m22:02:25.745462 [debug] [Thread-1 (]: Writing runtime sql for node "test.fashion_retail_analytics.unique_stg_transactions_transaction_id.ee9a78a396"
[0m22:02:25.745802 [debug] [Thread-3 (]: SQL status: OK in 0.005 seconds
[0m22:02:25.746090 [debug] [Thread-4 (]: Opening a new connection, currently in state closed
[0m22:02:25.746446 [debug] [Thread-2 (]: Using duckdb connection "test.fashion_retail_analytics.not_null_stg_transactions_transaction_id.1d00a8e2e4"
[0m22:02:25.746787 [debug] [Thread-3 (]: Using duckdb connection "test.fashion_retail_analytics.not_null_stg_transactions_date_transaction.0fcd45f627"
[0m22:02:25.747177 [debug] [Thread-2 (]: On test.fashion_retail_analytics.not_null_stg_transactions_transaction_id.1d00a8e2e4: BEGIN
[0m22:02:25.747507 [debug] [Thread-1 (]: Using duckdb connection "test.fashion_retail_analytics.unique_stg_transactions_transaction_id.ee9a78a396"
[0m22:02:25.747791 [debug] [Thread-4 (]: SQL status: OK in 0.002 seconds
[0m22:02:25.748079 [debug] [Thread-3 (]: On test.fashion_retail_analytics.not_null_stg_transactions_date_transaction.0fcd45f627: /* {"app": "dbt", "dbt_version": "1.12.0", "profile_name": "fashion_retail", "target_name": "dev", "node_id": "test.fashion_retail_analytics.not_null_stg_transactions_date_transaction.0fcd45f627"} */

    
    select
      count(*) as failures,
      count(*) != 0 as should_warn,
      count(*) != 0 as should_error
    from (
      
    
  
    
    



select date_transaction
from "fashion_retail"."main"."stg_transactions"
where date_transaction is null



  
  
      
    ) dbt_internal_test
[0m22:02:25.748370 [debug] [Thread-2 (]: Opening a new connection, currently in state closed
[0m22:02:25.748640 [debug] [Thread-1 (]: On test.fashion_retail_analytics.unique_stg_transactions_transaction_id.ee9a78a396: BEGIN
[0m22:02:25.748909 [debug] [Thread-4 (]: Using duckdb connection "test.fashion_retail_analytics.not_null_stg_transactions_montant.2503ca851d"
[0m22:02:25.749358 [debug] [Thread-1 (]: Opening a new connection, currently in state closed
[0m22:02:25.749666 [debug] [Thread-4 (]: On test.fashion_retail_analytics.not_null_stg_transactions_montant.2503ca851d: /* {"app": "dbt", "dbt_version": "1.12.0", "profile_name": "fashion_retail", "target_name": "dev", "node_id": "test.fashion_retail_analytics.not_null_stg_transactions_montant.2503ca851d"} */

    
    select
      count(*) as failures,
      count(*) != 0 as should_warn,
      count(*) != 0 as should_error
    from (
      
    
  
    
    



select montant
from "fashion_retail"."main"."stg_transactions"
where montant is null



  
  
      
    ) dbt_internal_test
[0m22:02:25.749959 [debug] [Thread-2 (]: SQL status: OK in 0.002 seconds
[0m22:02:25.750529 [debug] [Thread-2 (]: Using duckdb connection "test.fashion_retail_analytics.not_null_stg_transactions_transaction_id.1d00a8e2e4"
[0m22:02:25.750841 [debug] [Thread-1 (]: SQL status: OK in 0.001 seconds
[0m22:02:25.751173 [debug] [Thread-2 (]: On test.fashion_retail_analytics.not_null_stg_transactions_transaction_id.1d00a8e2e4: /* {"app": "dbt", "dbt_version": "1.12.0", "profile_name": "fashion_retail", "target_name": "dev", "node_id": "test.fashion_retail_analytics.not_null_stg_transactions_transaction_id.1d00a8e2e4"} */

    
    select
      count(*) as failures,
      count(*) != 0 as should_warn,
      count(*) != 0 as should_error
    from (
      
    
  
    
    



select transaction_id
from "fashion_retail"."main"."stg_transactions"
where transaction_id is null



  
  
      
    ) dbt_internal_test
[0m22:02:25.751508 [debug] [Thread-1 (]: Using duckdb connection "test.fashion_retail_analytics.unique_stg_transactions_transaction_id.ee9a78a396"
[0m22:02:25.751941 [debug] [Thread-1 (]: On test.fashion_retail_analytics.unique_stg_transactions_transaction_id.ee9a78a396: /* {"app": "dbt", "dbt_version": "1.12.0", "profile_name": "fashion_retail", "target_name": "dev", "node_id": "test.fashion_retail_analytics.unique_stg_transactions_transaction_id.ee9a78a396"} */

    
    select
      count(*) as failures,
      count(*) != 0 as should_warn,
      count(*) != 0 as should_error
    from (
      
    
  
    
    

select
    transaction_id as unique_field,
    count(*) as n_records

from "fashion_retail"."main"."stg_transactions"
where transaction_id is not null
group by transaction_id
having count(*) > 1



  
  
      
    ) dbt_internal_test
[0m22:02:25.752328 [debug] [Thread-3 (]: SQL status: OK in 0.003 seconds
[0m22:02:25.752748 [debug] [Thread-4 (]: SQL status: OK in 0.002 seconds
[0m22:02:25.754160 [debug] [Thread-3 (]: On test.fashion_retail_analytics.not_null_stg_transactions_date_transaction.0fcd45f627: ROLLBACK
[0m22:02:25.755710 [debug] [Thread-4 (]: On test.fashion_retail_analytics.not_null_stg_transactions_montant.2503ca851d: ROLLBACK
[0m22:02:25.756601 [debug] [Thread-3 (]: Failed to rollback 'test.fashion_retail_analytics.not_null_stg_transactions_date_transaction.0fcd45f627'
[0m22:02:25.756938 [debug] [Thread-1 (]: SQL status: OK in 0.005 seconds
[0m22:02:25.757225 [debug] [Thread-2 (]: SQL status: OK in 0.005 seconds
[0m22:02:25.758056 [debug] [Thread-4 (]: Failed to rollback 'test.fashion_retail_analytics.not_null_stg_transactions_montant.2503ca851d'
[0m22:02:25.758344 [debug] [Thread-3 (]: On test.fashion_retail_analytics.not_null_stg_transactions_date_transaction.0fcd45f627: Close
[0m22:02:25.759606 [debug] [Thread-1 (]: On test.fashion_retail_analytics.unique_stg_transactions_transaction_id.ee9a78a396: ROLLBACK
[0m22:02:25.759924 [debug] [Thread-4 (]: On test.fashion_retail_analytics.not_null_stg_transactions_montant.2503ca851d: Close
[0m22:02:25.761094 [debug] [Thread-2 (]: On test.fashion_retail_analytics.not_null_stg_transactions_transaction_id.1d00a8e2e4: ROLLBACK
[0m22:02:25.761654 [info ] [Thread-3 (]: 7 of 23 PASS not_null_stg_transactions_date_transaction ........................ [[32mPASS[0m in 0.13s]
[0m22:02:25.762511 [debug] [Thread-1 (]: Failed to rollback 'test.fashion_retail_analytics.unique_stg_transactions_transaction_id.ee9a78a396'
[0m22:02:25.763005 [info ] [Thread-4 (]: 8 of 23 PASS not_null_stg_transactions_montant ................................. [[32mPASS[0m in 0.12s]
[0m22:02:25.763885 [debug] [Thread-2 (]: Failed to rollback 'test.fashion_retail_analytics.not_null_stg_transactions_transaction_id.1d00a8e2e4'
[0m22:02:25.764295 [debug] [Thread-3 (]: Finished running node test.fashion_retail_analytics.not_null_stg_transactions_date_transaction.0fcd45f627
[0m22:02:25.764580 [debug] [Thread-1 (]: On test.fashion_retail_analytics.unique_stg_transactions_transaction_id.ee9a78a396: Close
[0m22:02:25.764960 [debug] [Thread-4 (]: Finished running node test.fashion_retail_analytics.not_null_stg_transactions_montant.2503ca851d
[0m22:02:25.765231 [debug] [Thread-2 (]: On test.fashion_retail_analytics.not_null_stg_transactions_transaction_id.1d00a8e2e4: Close
[0m22:02:25.765756 [info ] [Thread-1 (]: 10 of 23 PASS unique_stg_transactions_transaction_id ........................... [[32mPASS[0m in 0.12s]
[0m22:02:25.766272 [debug] [Thread-1 (]: Finished running node test.fashion_retail_analytics.unique_stg_transactions_transaction_id.ee9a78a396
[0m22:02:25.766703 [info ] [Thread-2 (]: 9 of 23 PASS not_null_stg_transactions_transaction_id .......................... [[32mPASS[0m in 0.12s]
[0m22:02:25.767174 [debug] [Thread-2 (]: Finished running node test.fashion_retail_analytics.not_null_stg_transactions_transaction_id.1d00a8e2e4
[0m22:02:25.767709 [debug] [Thread-3 (]: Began running node model.fashion_retail_analytics.dim_clients
[0m22:02:25.768034 [debug] [Thread-4 (]: Began running node model.fashion_retail_analytics.mart_kpi_global
[0m22:02:25.768450 [info ] [Thread-3 (]: 11 of 23 START sql view model main.dim_clients ................................. [RUN]
[0m22:02:25.768758 [debug] [Thread-1 (]: Began running node model.fashion_retail_analytics.mart_produits
[0m22:02:25.769155 [info ] [Thread-4 (]: 12 of 23 START sql table model main.mart_kpi_global ............................ [RUN]
[0m22:02:25.769534 [debug] [Thread-3 (]: Re-using an available connection from the pool (formerly test.fashion_retail_analytics.not_null_stg_transactions_date_transaction.0fcd45f627, now model.fashion_retail_analytics.dim_clients)
[0m22:02:25.769900 [info ] [Thread-1 (]: 13 of 23 START sql table model main.mart_produits .............................. [RUN]
[0m22:02:25.770244 [debug] [Thread-4 (]: Re-using an available connection from the pool (formerly test.fashion_retail_analytics.not_null_stg_transactions_montant.2503ca851d, now model.fashion_retail_analytics.mart_kpi_global)
[0m22:02:25.770533 [debug] [Thread-3 (]: Began compiling node model.fashion_retail_analytics.dim_clients
[0m22:02:25.770847 [debug] [Thread-1 (]: Re-using an available connection from the pool (formerly test.fashion_retail_analytics.unique_stg_transactions_transaction_id.ee9a78a396, now model.fashion_retail_analytics.mart_produits)
[0m22:02:25.771139 [debug] [Thread-4 (]: Began compiling node model.fashion_retail_analytics.mart_kpi_global
[0m22:02:25.773104 [debug] [Thread-3 (]: Writing injected SQL for node "model.fashion_retail_analytics.dim_clients"
[0m22:02:25.773414 [debug] [Thread-1 (]: Began compiling node model.fashion_retail_analytics.mart_produits
[0m22:02:25.774778 [debug] [Thread-4 (]: Writing injected SQL for node "model.fashion_retail_analytics.mart_kpi_global"
[0m22:02:25.776611 [debug] [Thread-1 (]: Writing injected SQL for node "model.fashion_retail_analytics.mart_produits"
[0m22:02:25.777270 [debug] [Thread-3 (]: Began executing node model.fashion_retail_analytics.dim_clients
[0m22:02:25.779816 [debug] [Thread-3 (]: Writing runtime sql for node "model.fashion_retail_analytics.dim_clients"
[0m22:02:25.780289 [debug] [Thread-4 (]: Began executing node model.fashion_retail_analytics.mart_kpi_global
[0m22:02:25.780593 [debug] [Thread-1 (]: Began executing node model.fashion_retail_analytics.mart_produits
[0m22:02:25.799177 [debug] [Thread-4 (]: Writing runtime sql for node "model.fashion_retail_analytics.mart_kpi_global"
[0m22:02:25.801998 [debug] [Thread-1 (]: Writing runtime sql for node "model.fashion_retail_analytics.mart_produits"
[0m22:02:25.802609 [debug] [Thread-3 (]: Using duckdb connection "model.fashion_retail_analytics.dim_clients"
[0m22:02:25.803080 [debug] [Thread-3 (]: On model.fashion_retail_analytics.dim_clients: BEGIN
[0m22:02:25.803432 [debug] [Thread-3 (]: Opening a new connection, currently in state closed
[0m22:02:25.804241 [debug] [Thread-3 (]: SQL status: OK in 0.001 seconds
[0m22:02:25.804635 [debug] [Thread-4 (]: Using duckdb connection "model.fashion_retail_analytics.mart_kpi_global"
[0m22:02:25.804994 [debug] [Thread-3 (]: Using duckdb connection "model.fashion_retail_analytics.dim_clients"
[0m22:02:25.805356 [debug] [Thread-1 (]: Using duckdb connection "model.fashion_retail_analytics.mart_produits"
[0m22:02:25.805656 [debug] [Thread-4 (]: On model.fashion_retail_analytics.mart_kpi_global: BEGIN
[0m22:02:25.806047 [debug] [Thread-3 (]: On model.fashion_retail_analytics.dim_clients: /* {"app": "dbt", "dbt_version": "1.12.0", "profile_name": "fashion_retail", "target_name": "dev", "node_id": "model.fashion_retail_analytics.dim_clients"} */

  
  create view "fashion_retail"."main"."dim_clients__dbt_tmp" as (
    -- GRAIN : 1 ligne = 1 client.  166 lignes attendues.
-- Seul endroit du projet où vivent les agrégats client.
-- Recopier ca_client ou nb_achats dans la table de faits produit un fan-out :
-- c'est ce qui affichait 7 585 581 au lieu de 430 952 en v1.

with base as (

    select
        client_id,
        count(*)                        as nb_achats,
        sum(montant)                    as ca_client,
        avg(montant)                    as panier_moyen,
        min(date_transaction)           as premier_achat,
        max(date_transaction)           as dernier_achat,
        avg(note)                       as note_moyenne,
        count(distinct article)         as nb_articles_distincts
    from "fashion_retail"."main"."stg_transactions"
    group by client_id

),

borne as (select max(date_transaction) as date_ref from "fashion_retail"."main"."stg_transactions"),

scored as (

    select
        b.*,
        date_diff('day', b.dernier_achat, r.date_ref)                       as recence_jours,
        ntile(4) over (order by date_diff('day', b.dernier_achat, r.date_ref) desc) as r_score,
        ntile(4) over (order by b.nb_achats)                                as f_score,
        ntile(4) over (order by b.ca_client)                                as m_score
    from base b cross join borne r

)

select
    *,
    cast(r_score as varchar) || cast(f_score as varchar) || cast(m_score as varchar) as rfm,
    -- Quartile de valeur : chaque segment pèse ~25 % des CLIENTS par construction.
    -- Ne jamais présenter ces parts comme des parts de chiffre d'affaires.
    case m_score
        when 4 then '4. VIP'
        when 3 then '3. Fidèle'
        when 2 then '2. Régulier'
        else        '1. Occasionnel'
    end as segment_valeur
from scored
  );

[0m22:02:25.806495 [debug] [Thread-1 (]: On model.fashion_retail_analytics.mart_produits: BEGIN
[0m22:02:25.806799 [debug] [Thread-4 (]: Opening a new connection, currently in state closed
[0m22:02:25.807444 [debug] [Thread-1 (]: Opening a new connection, currently in state closed
[0m22:02:25.807983 [debug] [Thread-4 (]: SQL status: OK in 0.001 seconds
[0m22:02:25.808285 [debug] [Thread-4 (]: Using duckdb connection "model.fashion_retail_analytics.mart_kpi_global"
[0m22:02:25.808576 [debug] [Thread-1 (]: SQL status: OK in 0.001 seconds
[0m22:02:25.808939 [debug] [Thread-4 (]: On model.fashion_retail_analytics.mart_kpi_global: /* {"app": "dbt", "dbt_version": "1.12.0", "profile_name": "fashion_retail", "target_name": "dev", "node_id": "model.fashion_retail_analytics.mart_kpi_global"} */

  
    
    

    create  table
      "fashion_retail"."main"."mart_kpi_global__dbt_tmp"
  
    as (
      -- Les 4 indicateurs de la page d'accueil.
-- Contrainte testée : nb_transactions * panier_moyen = ca_total.

select
    count(*)                                as nb_transactions,   -- 2 750
    count(distinct client_id)               as nb_clients,        -- 166
    sum(montant)                            as ca_total_usd,      -- 430 952,00
    avg(montant)                            as panier_moyen_usd,  -- 156,71 — par TRANSACTION
    median(montant)                         as panier_median_usd, -- 110,00
    avg(note)                               as note_moyenne,
    min(date_transaction)                   as debut_periode,
    max(date_transaction)                   as fin_periode
from "fashion_retail"."main"."stg_transactions"
    );
  
  
[0m22:02:25.809287 [debug] [Thread-1 (]: Using duckdb connection "model.fashion_retail_analytics.mart_produits"
[0m22:02:25.809827 [debug] [Thread-1 (]: On model.fashion_retail_analytics.mart_produits: /* {"app": "dbt", "dbt_version": "1.12.0", "profile_name": "fashion_retail", "target_name": "dev", "node_id": "model.fashion_retail_analytics.mart_produits"} */

  
    
    

    create  table
      "fashion_retail"."main"."mart_produits__dbt_tmp"
  
    as (
      -- Performance et satisfaction par article.
-- C'est le croisement des deux qui porte le risque commercial, pas chacun isolément.

with p as (

    select
        article,
        count(*)                                as nb_ventes,
        sum(montant)                            as ca_usd,
        avg(montant)                            as panier_moyen,
        avg(note)                               as note_moyenne,
        count(*) filter (where note is null)    as notes_manquantes,
        count(distinct client_id)               as nb_clients
    from "fashion_retail"."main"."stg_transactions"
    group by article

)

select
    *,
    ca_usd * 100.0 / sum(ca_usd) over ()        as pct_ca,
    rank() over (order by ca_usd desc)          as rang_ca,
    case
        when note_moyenne < 2.70 then 'CRITIQUE'
        when note_moyenne < 3.00 then 'VIGILANCE'
        else 'OK'
    end                                          as alerte_satisfaction,
    case
        when note_moyenne < 2.70 and rank() over (order by ca_usd desc) <= 10
            then 'RISQUE PRIORITAIRE : fort contributeur au CA et mal noté. Auditer la qualité avant toute action d''acquisition.'
        when note_moyenne < 2.70
            then 'Surveiller : satisfaction basse, enjeu de chiffre d''affaires limité.'
        else 'Aucune action spécifique.'
    end                                          as recommandation
from p
order by ca_usd desc
    );
  
  
[0m22:02:25.810191 [debug] [Thread-3 (]: SQL status: OK in 0.003 seconds
[0m22:02:25.813413 [debug] [Thread-3 (]: Using duckdb connection "model.fashion_retail_analytics.dim_clients"
[0m22:02:25.814270 [debug] [Thread-3 (]: On model.fashion_retail_analytics.dim_clients: /* {"app": "dbt", "dbt_version": "1.12.0", "profile_name": "fashion_retail", "target_name": "dev", "node_id": "model.fashion_retail_analytics.dim_clients"} */
alter view "fashion_retail"."main"."dim_clients" rename to "dim_clients__dbt_backup"
[0m22:02:25.815335 [debug] [Thread-3 (]: SQL status: OK in 0.000 seconds
[0m22:02:25.817796 [debug] [Thread-3 (]: Using duckdb connection "model.fashion_retail_analytics.dim_clients"
[0m22:02:25.818218 [debug] [Thread-3 (]: On model.fashion_retail_analytics.dim_clients: /* {"app": "dbt", "dbt_version": "1.12.0", "profile_name": "fashion_retail", "target_name": "dev", "node_id": "model.fashion_retail_analytics.dim_clients"} */
alter view "fashion_retail"."main"."dim_clients__dbt_tmp" rename to "dim_clients"
[0m22:02:25.819507 [debug] [Thread-4 (]: SQL status: OK in 0.010 seconds
[0m22:02:25.825726 [debug] [Thread-4 (]: Using duckdb connection "model.fashion_retail_analytics.mart_kpi_global"
[0m22:02:25.826176 [debug] [Thread-3 (]: SQL status: OK in 0.007 seconds
[0m22:02:25.826540 [debug] [Thread-4 (]: On model.fashion_retail_analytics.mart_kpi_global: /* {"app": "dbt", "dbt_version": "1.12.0", "profile_name": "fashion_retail", "target_name": "dev", "node_id": "model.fashion_retail_analytics.mart_kpi_global"} */

    SELECT index_name
    FROM duckdb_indexes()
    WHERE schema_name = 'main'
      AND table_name = 'mart_kpi_global'
  
[0m22:02:25.826881 [debug] [Thread-1 (]: SQL status: OK in 0.016 seconds
[0m22:02:25.828493 [debug] [Thread-3 (]: On model.fashion_retail_analytics.dim_clients: COMMIT
[0m22:02:25.829591 [debug] [Thread-1 (]: Using duckdb connection "model.fashion_retail_analytics.mart_produits"
[0m22:02:25.829909 [debug] [Thread-3 (]: Using duckdb connection "model.fashion_retail_analytics.dim_clients"
[0m22:02:25.830202 [debug] [Thread-4 (]: SQL status: OK in 0.001 seconds
[0m22:02:25.830521 [debug] [Thread-1 (]: On model.fashion_retail_analytics.mart_produits: /* {"app": "dbt", "dbt_version": "1.12.0", "profile_name": "fashion_retail", "target_name": "dev", "node_id": "model.fashion_retail_analytics.mart_produits"} */

    SELECT index_name
    FROM duckdb_indexes()
    WHERE schema_name = 'main'
      AND table_name = 'mart_produits'
  
[0m22:02:25.830821 [debug] [Thread-3 (]: On model.fashion_retail_analytics.dim_clients: COMMIT
[0m22:02:25.831954 [debug] [Thread-4 (]: Using duckdb connection "model.fashion_retail_analytics.mart_kpi_global"
[0m22:02:25.832402 [debug] [Thread-4 (]: On model.fashion_retail_analytics.mart_kpi_global: /* {"app": "dbt", "dbt_version": "1.12.0", "profile_name": "fashion_retail", "target_name": "dev", "node_id": "model.fashion_retail_analytics.mart_kpi_global"} */

    SELECT COUNT(*) as remaining_indexes
    FROM duckdb_indexes()
    WHERE schema_name = 'main'
      AND table_name = 'mart_kpi_global'
  
[0m22:02:25.832785 [debug] [Thread-1 (]: SQL status: OK in 0.001 seconds
[0m22:02:25.833105 [debug] [Thread-4 (]: SQL status: OK in 0.000 seconds
[0m22:02:25.833391 [debug] [Thread-3 (]: SQL status: OK in 0.001 seconds
[0m22:02:25.834513 [debug] [Thread-1 (]: Using duckdb connection "model.fashion_retail_analytics.mart_produits"
[0m22:02:25.836618 [debug] [Thread-4 (]: Using duckdb connection "model.fashion_retail_analytics.mart_kpi_global"
[0m22:02:25.838097 [debug] [Thread-3 (]: Using duckdb connection "model.fashion_retail_analytics.dim_clients"
[0m22:02:25.838433 [debug] [Thread-1 (]: On model.fashion_retail_analytics.mart_produits: /* {"app": "dbt", "dbt_version": "1.12.0", "profile_name": "fashion_retail", "target_name": "dev", "node_id": "model.fashion_retail_analytics.mart_produits"} */

    SELECT COUNT(*) as remaining_indexes
    FROM duckdb_indexes()
    WHERE schema_name = 'main'
      AND table_name = 'mart_produits'
  
[0m22:02:25.838763 [debug] [Thread-4 (]: On model.fashion_retail_analytics.mart_kpi_global: /* {"app": "dbt", "dbt_version": "1.12.0", "profile_name": "fashion_retail", "target_name": "dev", "node_id": "model.fashion_retail_analytics.mart_kpi_global"} */
alter table "fashion_retail"."main"."mart_kpi_global" rename to "mart_kpi_global__dbt_backup"
[0m22:02:25.839088 [debug] [Thread-3 (]: On model.fashion_retail_analytics.dim_clients: /* {"app": "dbt", "dbt_version": "1.12.0", "profile_name": "fashion_retail", "target_name": "dev", "node_id": "model.fashion_retail_analytics.dim_clients"} */

      drop view if exists "fashion_retail"."main"."dim_clients__dbt_backup" cascade
    
[0m22:02:25.839985 [debug] [Thread-1 (]: SQL status: OK in 0.001 seconds
[0m22:02:25.840597 [debug] [Thread-4 (]: SQL status: OK in 0.001 seconds
[0m22:02:25.843032 [debug] [Thread-1 (]: Using duckdb connection "model.fashion_retail_analytics.mart_produits"
[0m22:02:25.843333 [debug] [Thread-3 (]: SQL status: OK in 0.003 seconds
[0m22:02:25.845232 [debug] [Thread-4 (]: Using duckdb connection "model.fashion_retail_analytics.mart_kpi_global"
[0m22:02:25.845589 [debug] [Thread-1 (]: On model.fashion_retail_analytics.mart_produits: /* {"app": "dbt", "dbt_version": "1.12.0", "profile_name": "fashion_retail", "target_name": "dev", "node_id": "model.fashion_retail_analytics.mart_produits"} */
alter table "fashion_retail"."main"."mart_produits" rename to "mart_produits__dbt_backup"
[0m22:02:25.846857 [debug] [Thread-3 (]: On model.fashion_retail_analytics.dim_clients: Close
[0m22:02:25.847200 [debug] [Thread-4 (]: On model.fashion_retail_analytics.mart_kpi_global: /* {"app": "dbt", "dbt_version": "1.12.0", "profile_name": "fashion_retail", "target_name": "dev", "node_id": "model.fashion_retail_analytics.mart_kpi_global"} */
alter table "fashion_retail"."main"."mart_kpi_global__dbt_tmp" rename to "mart_kpi_global"
[0m22:02:25.847854 [debug] [Thread-3 (]: Sending event: {'category': 'dbt', 'action': 'run_model', 'label': 'e562b9c6-15b1-4c46-ae47-1c26f108a46c', 'context': [<snowplow_tracker.self_describing_json.SelfDescribingJson object at 0x1100a4290>]}
[0m22:02:25.848319 [debug] [Thread-1 (]: SQL status: OK in 0.001 seconds
[0m22:02:25.848771 [info ] [Thread-3 (]: 11 of 23 OK created sql view model main.dim_clients ............................ [[32mOK[0m in 0.08s]
[0m22:02:25.850699 [debug] [Thread-1 (]: Using duckdb connection "model.fashion_retail_analytics.mart_produits"
[0m22:02:25.851032 [debug] [Thread-4 (]: SQL status: OK in 0.003 seconds
[0m22:02:25.851444 [debug] [Thread-3 (]: Finished running node model.fashion_retail_analytics.dim_clients
[0m22:02:25.851761 [debug] [Thread-1 (]: On model.fashion_retail_analytics.mart_produits: /* {"app": "dbt", "dbt_version": "1.12.0", "profile_name": "fashion_retail", "target_name": "dev", "node_id": "model.fashion_retail_analytics.mart_produits"} */
alter table "fashion_retail"."main"."mart_produits__dbt_tmp" rename to "mart_produits"
[0m22:02:25.856894 [debug] [Thread-4 (]: On model.fashion_retail_analytics.mart_kpi_global: COMMIT
[0m22:02:25.857645 [debug] [Thread-2 (]: Began running node test.fashion_retail_analytics.accepted_values_dim_clients_segment_valeur__1_Occasionnel__2_R_gulier__3_Fid_le__4_VIP.e4b1f917bd
[0m22:02:25.857980 [debug] [Thread-4 (]: Using duckdb connection "model.fashion_retail_analytics.mart_kpi_global"
[0m22:02:25.858272 [debug] [Thread-3 (]: Began running node test.fashion_retail_analytics.assert_coherence_ca
[0m22:02:25.858570 [debug] [Thread-1 (]: SQL status: OK in 0.001 seconds
[0m22:02:25.858866 [info ] [Thread-2 (]: 14 of 23 START test accepted_values_dim_clients_segment_valeur__1_Occasionnel__2_R_gulier__3_Fid_le__4_VIP  [RUN]
[0m22:02:25.859180 [debug] [Thread-4 (]: On model.fashion_retail_analytics.mart_kpi_global: COMMIT
[0m22:02:25.859456 [info ] [Thread-3 (]: 15 of 23 START test assert_coherence_ca ........................................ [RUN]
[0m22:02:25.862356 [debug] [Thread-1 (]: On model.fashion_retail_analytics.mart_produits: COMMIT
[0m22:02:25.862747 [debug] [Thread-2 (]: Re-using an available connection from the pool (formerly test.fashion_retail_analytics.not_null_stg_transactions_transaction_id.1d00a8e2e4, now test.fashion_retail_analytics.accepted_values_dim_clients_segment_valeur__1_Occasionnel__2_R_gulier__3_Fid_le__4_VIP.e4b1f917bd)
[0m22:02:25.863182 [debug] [Thread-3 (]: Re-using an available connection from the pool (formerly model.fashion_retail_analytics.dim_clients, now test.fashion_retail_analytics.assert_coherence_ca)
[0m22:02:25.863521 [debug] [Thread-1 (]: Using duckdb connection "model.fashion_retail_analytics.mart_produits"
[0m22:02:25.863839 [debug] [Thread-4 (]: SQL status: OK in 0.001 seconds
[0m22:02:25.864166 [debug] [Thread-2 (]: Began compiling node test.fashion_retail_analytics.accepted_values_dim_clients_segment_valeur__1_Occasionnel__2_R_gulier__3_Fid_le__4_VIP.e4b1f917bd
[0m22:02:25.864472 [debug] [Thread-3 (]: Began compiling node test.fashion_retail_analytics.assert_coherence_ca
[0m22:02:25.864750 [debug] [Thread-1 (]: On model.fashion_retail_analytics.mart_produits: COMMIT
[0m22:02:25.866053 [debug] [Thread-4 (]: Using duckdb connection "model.fashion_retail_analytics.mart_kpi_global"
[0m22:02:25.872517 [debug] [Thread-2 (]: Writing injected SQL for node "test.fashion_retail_analytics.accepted_values_dim_clients_segment_valeur__1_Occasionnel__2_R_gulier__3_Fid_le__4_VIP.e4b1f917bd"
[0m22:02:25.874265 [debug] [Thread-3 (]: Writing injected SQL for node "test.fashion_retail_analytics.assert_coherence_ca"
[0m22:02:25.874680 [debug] [Thread-4 (]: On model.fashion_retail_analytics.mart_kpi_global: /* {"app": "dbt", "dbt_version": "1.12.0", "profile_name": "fashion_retail", "target_name": "dev", "node_id": "model.fashion_retail_analytics.mart_kpi_global"} */

      drop table if exists "fashion_retail"."main"."mart_kpi_global__dbt_backup" cascade
    
[0m22:02:25.875111 [debug] [Thread-1 (]: SQL status: OK in 0.001 seconds
[0m22:02:25.876588 [debug] [Thread-1 (]: Using duckdb connection "model.fashion_retail_analytics.mart_produits"
[0m22:02:25.876923 [debug] [Thread-1 (]: On model.fashion_retail_analytics.mart_produits: /* {"app": "dbt", "dbt_version": "1.12.0", "profile_name": "fashion_retail", "target_name": "dev", "node_id": "model.fashion_retail_analytics.mart_produits"} */

      drop table if exists "fashion_retail"."main"."mart_produits__dbt_backup" cascade
    
[0m22:02:25.877387 [debug] [Thread-2 (]: Began executing node test.fashion_retail_analytics.accepted_values_dim_clients_segment_valeur__1_Occasionnel__2_R_gulier__3_Fid_le__4_VIP.e4b1f917bd
[0m22:02:25.877703 [debug] [Thread-4 (]: SQL status: OK in 0.002 seconds
[0m22:02:25.877999 [debug] [Thread-3 (]: Began executing node test.fashion_retail_analytics.assert_coherence_ca
[0m22:02:25.879634 [debug] [Thread-2 (]: Writing runtime sql for node "test.fashion_retail_analytics.accepted_values_dim_clients_segment_valeur__1_Occasionnel__2_R_gulier__3_Fid_le__4_VIP.e4b1f917bd"
[0m22:02:25.879934 [debug] [Thread-1 (]: SQL status: OK in 0.003 seconds
[0m22:02:25.881107 [debug] [Thread-4 (]: On model.fashion_retail_analytics.mart_kpi_global: Close
[0m22:02:25.882516 [debug] [Thread-3 (]: Writing runtime sql for node "test.fashion_retail_analytics.assert_coherence_ca"
[0m22:02:25.883682 [debug] [Thread-1 (]: On model.fashion_retail_analytics.mart_produits: Close
[0m22:02:25.884200 [debug] [Thread-4 (]: Sending event: {'category': 'dbt', 'action': 'run_model', 'label': 'e562b9c6-15b1-4c46-ae47-1c26f108a46c', 'context': [<snowplow_tracker.self_describing_json.SelfDescribingJson object at 0x10fd4f440>]}
[0m22:02:25.884688 [debug] [Thread-2 (]: Using duckdb connection "test.fashion_retail_analytics.accepted_values_dim_clients_segment_valeur__1_Occasionnel__2_R_gulier__3_Fid_le__4_VIP.e4b1f917bd"
[0m22:02:25.885071 [debug] [Thread-1 (]: Sending event: {'category': 'dbt', 'action': 'run_model', 'label': 'e562b9c6-15b1-4c46-ae47-1c26f108a46c', 'context': [<snowplow_tracker.self_describing_json.SelfDescribingJson object at 0x10f97b860>]}
[0m22:02:25.885590 [info ] [Thread-4 (]: 12 of 23 OK created sql table model main.mart_kpi_global ....................... [[32mOK[0m in 0.11s]
[0m22:02:25.885984 [debug] [Thread-2 (]: On test.fashion_retail_analytics.accepted_values_dim_clients_segment_valeur__1_Occasionnel__2_R_gulier__3_Fid_le__4_VIP.e4b1f917bd: BEGIN
[0m22:02:25.886514 [info ] [Thread-1 (]: 13 of 23 OK created sql table model main.mart_produits ......................... [[32mOK[0m in 0.11s]
[0m22:02:25.887005 [debug] [Thread-4 (]: Finished running node model.fashion_retail_analytics.mart_kpi_global
[0m22:02:25.887336 [debug] [Thread-3 (]: Using duckdb connection "test.fashion_retail_analytics.assert_coherence_ca"
[0m22:02:25.887635 [debug] [Thread-2 (]: Opening a new connection, currently in state closed
[0m22:02:25.888047 [debug] [Thread-1 (]: Finished running node model.fashion_retail_analytics.mart_produits
[0m22:02:25.888372 [debug] [Thread-4 (]: Began running node test.fashion_retail_analytics.not_null_dim_clients_ca_client.b13a24d149
[0m22:02:25.888720 [debug] [Thread-3 (]: On test.fashion_retail_analytics.assert_coherence_ca: BEGIN
[0m22:02:25.889208 [debug] [Thread-1 (]: Began running node test.fashion_retail_analytics.not_null_dim_clients_client_id.89eccbde74
[0m22:02:25.889560 [info ] [Thread-4 (]: 16 of 23 START test not_null_dim_clients_ca_client ............................. [RUN]
[0m22:02:25.889940 [debug] [Thread-2 (]: SQL status: OK in 0.002 seconds
[0m22:02:25.890219 [debug] [Thread-3 (]: Opening a new connection, currently in state closed
[0m22:02:25.890525 [info ] [Thread-1 (]: 17 of 23 START test not_null_dim_clients_client_id ............................. [RUN]
[0m22:02:25.890905 [debug] [Thread-4 (]: Re-using an available connection from the pool (formerly model.fashion_retail_analytics.mart_kpi_global, now test.fashion_retail_analytics.not_null_dim_clients_ca_client.b13a24d149)
[0m22:02:25.891214 [debug] [Thread-2 (]: Using duckdb connection "test.fashion_retail_analytics.accepted_values_dim_clients_segment_valeur__1_Occasionnel__2_R_gulier__3_Fid_le__4_VIP.e4b1f917bd"
[0m22:02:25.891633 [debug] [Thread-1 (]: Re-using an available connection from the pool (formerly model.fashion_retail_analytics.mart_produits, now test.fashion_retail_analytics.not_null_dim_clients_client_id.89eccbde74)
[0m22:02:25.891937 [debug] [Thread-4 (]: Began compiling node test.fashion_retail_analytics.not_null_dim_clients_ca_client.b13a24d149
[0m22:02:25.892202 [debug] [Thread-3 (]: SQL status: OK in 0.002 seconds
[0m22:02:25.892529 [debug] [Thread-2 (]: On test.fashion_retail_analytics.accepted_values_dim_clients_segment_valeur__1_Occasionnel__2_R_gulier__3_Fid_le__4_VIP.e4b1f917bd: /* {"app": "dbt", "dbt_version": "1.12.0", "profile_name": "fashion_retail", "target_name": "dev", "node_id": "test.fashion_retail_analytics.accepted_values_dim_clients_segment_valeur__1_Occasionnel__2_R_gulier__3_Fid_le__4_VIP.e4b1f917bd"} */

    
    select
      count(*) as failures,
      count(*) != 0 as should_warn,
      count(*) != 0 as should_error
    from (
      
    
  
    
    

with all_values as (

    select
        segment_valeur as value_field,
        count(*) as n_records

    from "fashion_retail"."main"."dim_clients"
    group by segment_valeur

)

select *
from all_values
where value_field not in (
    '1. Occasionnel','2. Régulier','3. Fidèle','4. VIP'
)



  
  
      
    ) dbt_internal_test
[0m22:02:25.892837 [debug] [Thread-1 (]: Began compiling node test.fashion_retail_analytics.not_null_dim_clients_client_id.89eccbde74
[0m22:02:25.899275 [debug] [Thread-4 (]: Writing injected SQL for node "test.fashion_retail_analytics.not_null_dim_clients_ca_client.b13a24d149"
[0m22:02:25.899620 [debug] [Thread-3 (]: Using duckdb connection "test.fashion_retail_analytics.assert_coherence_ca"
[0m22:02:25.905967 [debug] [Thread-1 (]: Writing injected SQL for node "test.fashion_retail_analytics.not_null_dim_clients_client_id.89eccbde74"
[0m22:02:25.906472 [debug] [Thread-3 (]: On test.fashion_retail_analytics.assert_coherence_ca: /* {"app": "dbt", "dbt_version": "1.12.0", "profile_name": "fashion_retail", "target_name": "dev", "node_id": "test.fashion_retail_analytics.assert_coherence_ca"} */

    
    select
      count(*) as failures,
      count(*) != 0 as should_warn,
      count(*) != 0 as should_error
    from (
      
    
  -- LE test du projet.
-- Il compare le chiffre d'affaires calculé au grain transaction et au grain client.
-- C'est ce test qui aurait détecté l'erreur de la v1 : SUM(total_depense) = 7 585 581
-- contre SUM(montant) = 430 952, soit chaque client compté 16,6 fois.
-- Doit renvoyer 0 ligne.

select
    f.ca_faits,
    d.ca_dim,
    abs(f.ca_faits - d.ca_dim) as ecart
from (select sum(montant)    as ca_faits from "fashion_retail"."main"."stg_transactions") f
cross join
     (select sum(ca_client)  as ca_dim   from "fashion_retail"."main"."dim_clients") d
where abs(f.ca_faits - d.ca_dim) > 0.01
  
  
      
    ) dbt_internal_test
[0m22:02:25.906864 [debug] [Thread-2 (]: SQL status: OK in 0.007 seconds
[0m22:02:25.907577 [debug] [Thread-1 (]: Began executing node test.fashion_retail_analytics.not_null_dim_clients_client_id.89eccbde74
[0m22:02:25.907897 [debug] [Thread-4 (]: Began executing node test.fashion_retail_analytics.not_null_dim_clients_ca_client.b13a24d149
[0m22:02:25.909400 [debug] [Thread-1 (]: Writing runtime sql for node "test.fashion_retail_analytics.not_null_dim_clients_client_id.89eccbde74"
[0m22:02:25.910695 [debug] [Thread-2 (]: On test.fashion_retail_analytics.accepted_values_dim_clients_segment_valeur__1_Occasionnel__2_R_gulier__3_Fid_le__4_VIP.e4b1f917bd: ROLLBACK
[0m22:02:25.912128 [debug] [Thread-4 (]: Writing runtime sql for node "test.fashion_retail_analytics.not_null_dim_clients_ca_client.b13a24d149"
[0m22:02:25.913143 [debug] [Thread-2 (]: Failed to rollback 'test.fashion_retail_analytics.accepted_values_dim_clients_segment_valeur__1_Occasionnel__2_R_gulier__3_Fid_le__4_VIP.e4b1f917bd'
[0m22:02:25.913551 [debug] [Thread-3 (]: SQL status: OK in 0.006 seconds
[0m22:02:25.913921 [debug] [Thread-2 (]: On test.fashion_retail_analytics.accepted_values_dim_clients_segment_valeur__1_Occasionnel__2_R_gulier__3_Fid_le__4_VIP.e4b1f917bd: Close
[0m22:02:25.914470 [debug] [Thread-1 (]: Using duckdb connection "test.fashion_retail_analytics.not_null_dim_clients_client_id.89eccbde74"
[0m22:02:25.915065 [info ] [Thread-2 (]: 14 of 23 PASS accepted_values_dim_clients_segment_valeur__1_Occasionnel__2_R_gulier__3_Fid_le__4_VIP  [[32mPASS[0m in 0.05s]
[0m22:02:25.915431 [debug] [Thread-4 (]: Using duckdb connection "test.fashion_retail_analytics.not_null_dim_clients_ca_client.b13a24d149"
[0m22:02:25.916643 [debug] [Thread-3 (]: On test.fashion_retail_analytics.assert_coherence_ca: ROLLBACK
[0m22:02:25.916949 [debug] [Thread-1 (]: On test.fashion_retail_analytics.not_null_dim_clients_client_id.89eccbde74: BEGIN
[0m22:02:25.917381 [debug] [Thread-2 (]: Finished running node test.fashion_retail_analytics.accepted_values_dim_clients_segment_valeur__1_Occasionnel__2_R_gulier__3_Fid_le__4_VIP.e4b1f917bd
[0m22:02:25.917673 [debug] [Thread-4 (]: On test.fashion_retail_analytics.not_null_dim_clients_ca_client.b13a24d149: BEGIN
[0m22:02:25.918530 [debug] [Thread-3 (]: Failed to rollback 'test.fashion_retail_analytics.assert_coherence_ca'
[0m22:02:25.918808 [debug] [Thread-1 (]: Opening a new connection, currently in state closed
[0m22:02:25.919130 [debug] [Thread-2 (]: Began running node test.fashion_retail_analytics.not_null_dim_clients_nb_achats.84c5d576b9
[0m22:02:25.919444 [debug] [Thread-4 (]: Opening a new connection, currently in state closed
[0m22:02:25.919722 [debug] [Thread-3 (]: On test.fashion_retail_analytics.assert_coherence_ca: Close
[0m22:02:25.920463 [debug] [Thread-1 (]: SQL status: OK in 0.002 seconds
[0m22:02:25.920138 [info ] [Thread-2 (]: 18 of 23 START test not_null_dim_clients_nb_achats ............................. [RUN]
[0m22:02:25.920868 [debug] [Thread-4 (]: SQL status: OK in 0.001 seconds
[0m22:02:25.921350 [info ] [Thread-3 (]: 15 of 23 PASS assert_coherence_ca .............................................. [[32mPASS[0m in 0.06s]
[0m22:02:25.921676 [debug] [Thread-1 (]: Using duckdb connection "test.fashion_retail_analytics.not_null_dim_clients_client_id.89eccbde74"
[0m22:02:25.922045 [debug] [Thread-2 (]: Re-using an available connection from the pool (formerly test.fashion_retail_analytics.accepted_values_dim_clients_segment_valeur__1_Occasionnel__2_R_gulier__3_Fid_le__4_VIP.e4b1f917bd, now test.fashion_retail_analytics.not_null_dim_clients_nb_achats.84c5d576b9)
[0m22:02:25.922349 [debug] [Thread-4 (]: Using duckdb connection "test.fashion_retail_analytics.not_null_dim_clients_ca_client.b13a24d149"
[0m22:02:25.922778 [debug] [Thread-3 (]: Finished running node test.fashion_retail_analytics.assert_coherence_ca
[0m22:02:25.923123 [debug] [Thread-1 (]: On test.fashion_retail_analytics.not_null_dim_clients_client_id.89eccbde74: /* {"app": "dbt", "dbt_version": "1.12.0", "profile_name": "fashion_retail", "target_name": "dev", "node_id": "test.fashion_retail_analytics.not_null_dim_clients_client_id.89eccbde74"} */

    
    select
      count(*) as failures,
      count(*) != 0 as should_warn,
      count(*) != 0 as should_error
    from (
      
    
  
    
    



select client_id
from "fashion_retail"."main"."dim_clients"
where client_id is null



  
  
      
    ) dbt_internal_test
[0m22:02:25.923452 [debug] [Thread-2 (]: Began compiling node test.fashion_retail_analytics.not_null_dim_clients_nb_achats.84c5d576b9
[0m22:02:25.923759 [debug] [Thread-4 (]: On test.fashion_retail_analytics.not_null_dim_clients_ca_client.b13a24d149: /* {"app": "dbt", "dbt_version": "1.12.0", "profile_name": "fashion_retail", "target_name": "dev", "node_id": "test.fashion_retail_analytics.not_null_dim_clients_ca_client.b13a24d149"} */

    
    select
      count(*) as failures,
      count(*) != 0 as should_warn,
      count(*) != 0 as should_error
    from (
      
    
  
    
    



select ca_client
from "fashion_retail"."main"."dim_clients"
where ca_client is null



  
  
      
    ) dbt_internal_test
[0m22:02:25.924099 [debug] [Thread-3 (]: Began running node test.fashion_retail_analytics.relationships_stg_transactions_client_id__client_id__ref_dim_clients_.94a68b830c
[0m22:02:25.930530 [debug] [Thread-2 (]: Writing injected SQL for node "test.fashion_retail_analytics.not_null_dim_clients_nb_achats.84c5d576b9"
[0m22:02:25.930930 [debug] [Thread-1 (]: SQL status: OK in 0.006 seconds
[0m22:02:25.931390 [info ] [Thread-3 (]: 19 of 23 START test relationships_stg_transactions_client_id__client_id__ref_dim_clients_  [RUN]
[0m22:02:25.931950 [debug] [Thread-3 (]: Re-using an available connection from the pool (formerly test.fashion_retail_analytics.assert_coherence_ca, now test.fashion_retail_analytics.relationships_stg_transactions_client_id__client_id__ref_dim_clients_.94a68b830c)
[0m22:02:25.932277 [debug] [Thread-3 (]: Began compiling node test.fashion_retail_analytics.relationships_stg_transactions_client_id__client_id__ref_dim_clients_.94a68b830c
[0m22:02:25.939254 [debug] [Thread-1 (]: On test.fashion_retail_analytics.not_null_dim_clients_client_id.89eccbde74: ROLLBACK
[0m22:02:25.944120 [debug] [Thread-3 (]: Writing injected SQL for node "test.fashion_retail_analytics.relationships_stg_transactions_client_id__client_id__ref_dim_clients_.94a68b830c"
[0m22:02:25.944533 [debug] [Thread-4 (]: SQL status: OK in 0.013 seconds
[0m22:02:25.945375 [debug] [Thread-1 (]: Failed to rollback 'test.fashion_retail_analytics.not_null_dim_clients_client_id.89eccbde74'
[0m22:02:25.945685 [debug] [Thread-2 (]: Began executing node test.fashion_retail_analytics.not_null_dim_clients_nb_achats.84c5d576b9
[0m22:02:25.946101 [debug] [Thread-1 (]: On test.fashion_retail_analytics.not_null_dim_clients_client_id.89eccbde74: Close
[0m22:02:25.947338 [debug] [Thread-4 (]: On test.fashion_retail_analytics.not_null_dim_clients_ca_client.b13a24d149: ROLLBACK
[0m22:02:25.948884 [debug] [Thread-2 (]: Writing runtime sql for node "test.fashion_retail_analytics.not_null_dim_clients_nb_achats.84c5d576b9"
[0m22:02:25.949394 [info ] [Thread-1 (]: 17 of 23 PASS not_null_dim_clients_client_id ................................... [[32mPASS[0m in 0.06s]
[0m22:02:25.949728 [debug] [Thread-3 (]: Began executing node test.fashion_retail_analytics.relationships_stg_transactions_client_id__client_id__ref_dim_clients_.94a68b830c
[0m22:02:25.950591 [debug] [Thread-4 (]: Failed to rollback 'test.fashion_retail_analytics.not_null_dim_clients_ca_client.b13a24d149'
[0m22:02:25.951059 [debug] [Thread-1 (]: Finished running node test.fashion_retail_analytics.not_null_dim_clients_client_id.89eccbde74
[0m22:02:25.952446 [debug] [Thread-3 (]: Writing runtime sql for node "test.fashion_retail_analytics.relationships_stg_transactions_client_id__client_id__ref_dim_clients_.94a68b830c"
[0m22:02:25.952770 [debug] [Thread-4 (]: On test.fashion_retail_analytics.not_null_dim_clients_ca_client.b13a24d149: Close
[0m22:02:25.953101 [debug] [Thread-2 (]: Using duckdb connection "test.fashion_retail_analytics.not_null_dim_clients_nb_achats.84c5d576b9"
[0m22:02:25.953566 [debug] [Thread-1 (]: Began running node test.fashion_retail_analytics.unique_dim_clients_client_id.23ed4d21ad
[0m22:02:25.954131 [info ] [Thread-4 (]: 16 of 23 PASS not_null_dim_clients_ca_client ................................... [[32mPASS[0m in 0.06s]
[0m22:02:25.954447 [debug] [Thread-2 (]: On test.fashion_retail_analytics.not_null_dim_clients_nb_achats.84c5d576b9: BEGIN
[0m22:02:25.954797 [info ] [Thread-1 (]: 20 of 23 START test unique_dim_clients_client_id ............................... [RUN]
[0m22:02:25.955172 [debug] [Thread-3 (]: Using duckdb connection "test.fashion_retail_analytics.relationships_stg_transactions_client_id__client_id__ref_dim_clients_.94a68b830c"
[0m22:02:25.955565 [debug] [Thread-4 (]: Finished running node test.fashion_retail_analytics.not_null_dim_clients_ca_client.b13a24d149
[0m22:02:25.955858 [debug] [Thread-2 (]: Opening a new connection, currently in state closed
[0m22:02:25.956203 [debug] [Thread-1 (]: Re-using an available connection from the pool (formerly test.fashion_retail_analytics.not_null_dim_clients_client_id.89eccbde74, now test.fashion_retail_analytics.unique_dim_clients_client_id.23ed4d21ad)
[0m22:02:25.956529 [debug] [Thread-3 (]: On test.fashion_retail_analytics.relationships_stg_transactions_client_id__client_id__ref_dim_clients_.94a68b830c: BEGIN
[0m22:02:25.956873 [debug] [Thread-4 (]: Began running node test.fashion_retail_analytics.assert_kpi_arithmetique
[0m22:02:25.957322 [debug] [Thread-1 (]: Began compiling node test.fashion_retail_analytics.unique_dim_clients_client_id.23ed4d21ad
[0m22:02:25.957647 [debug] [Thread-3 (]: Opening a new connection, currently in state closed
[0m22:02:25.957985 [debug] [Thread-2 (]: SQL status: OK in 0.002 seconds
[0m22:02:25.958280 [info ] [Thread-4 (]: 21 of 23 START test assert_kpi_arithmetique .................................... [RUN]
[0m22:02:25.965494 [debug] [Thread-1 (]: Writing injected SQL for node "test.fashion_retail_analytics.unique_dim_clients_client_id.23ed4d21ad"
[0m22:02:25.965919 [debug] [Thread-2 (]: Using duckdb connection "test.fashion_retail_analytics.not_null_dim_clients_nb_achats.84c5d576b9"
[0m22:02:25.966286 [debug] [Thread-4 (]: Re-using an available connection from the pool (formerly test.fashion_retail_analytics.not_null_dim_clients_ca_client.b13a24d149, now test.fashion_retail_analytics.assert_kpi_arithmetique)
[0m22:02:25.966575 [debug] [Thread-3 (]: SQL status: OK in 0.009 seconds
[0m22:02:25.966920 [debug] [Thread-2 (]: On test.fashion_retail_analytics.not_null_dim_clients_nb_achats.84c5d576b9: /* {"app": "dbt", "dbt_version": "1.12.0", "profile_name": "fashion_retail", "target_name": "dev", "node_id": "test.fashion_retail_analytics.not_null_dim_clients_nb_achats.84c5d576b9"} */

    
    select
      count(*) as failures,
      count(*) != 0 as should_warn,
      count(*) != 0 as should_error
    from (
      
    
  
    
    



select nb_achats
from "fashion_retail"."main"."dim_clients"
where nb_achats is null



  
  
      
    ) dbt_internal_test
[0m22:02:25.967224 [debug] [Thread-4 (]: Began compiling node test.fashion_retail_analytics.assert_kpi_arithmetique
[0m22:02:25.967518 [debug] [Thread-3 (]: Using duckdb connection "test.fashion_retail_analytics.relationships_stg_transactions_client_id__client_id__ref_dim_clients_.94a68b830c"
[0m22:02:25.967920 [debug] [Thread-1 (]: Began executing node test.fashion_retail_analytics.unique_dim_clients_client_id.23ed4d21ad
[0m22:02:25.969322 [debug] [Thread-4 (]: Writing injected SQL for node "test.fashion_retail_analytics.assert_kpi_arithmetique"
[0m22:02:25.969674 [debug] [Thread-3 (]: On test.fashion_retail_analytics.relationships_stg_transactions_client_id__client_id__ref_dim_clients_.94a68b830c: /* {"app": "dbt", "dbt_version": "1.12.0", "profile_name": "fashion_retail", "target_name": "dev", "node_id": "test.fashion_retail_analytics.relationships_stg_transactions_client_id__client_id__ref_dim_clients_.94a68b830c"} */

    
    select
      count(*) as failures,
      count(*) != 0 as should_warn,
      count(*) != 0 as should_error
    from (
      
    
  
    
    

with child as (
    select client_id as from_field
    from "fashion_retail"."main"."stg_transactions"
    where client_id is not null
),

parent as (
    select client_id as to_field
    from "fashion_retail"."main"."dim_clients"
)

select
    from_field

from child
left join parent
    on child.from_field = parent.to_field

where parent.to_field is null



  
  
      
    ) dbt_internal_test
[0m22:02:25.971262 [debug] [Thread-1 (]: Writing runtime sql for node "test.fashion_retail_analytics.unique_dim_clients_client_id.23ed4d21ad"
[0m22:02:25.972111 [debug] [Thread-4 (]: Began executing node test.fashion_retail_analytics.assert_kpi_arithmetique
[0m22:02:25.973858 [debug] [Thread-4 (]: Writing runtime sql for node "test.fashion_retail_analytics.assert_kpi_arithmetique"
[0m22:02:25.974213 [debug] [Thread-2 (]: SQL status: OK in 0.006 seconds
[0m22:02:25.974703 [debug] [Thread-4 (]: Using duckdb connection "test.fashion_retail_analytics.assert_kpi_arithmetique"
[0m22:02:25.975048 [debug] [Thread-1 (]: Using duckdb connection "test.fashion_retail_analytics.unique_dim_clients_client_id.23ed4d21ad"
[0m22:02:25.976357 [debug] [Thread-2 (]: On test.fashion_retail_analytics.not_null_dim_clients_nb_achats.84c5d576b9: ROLLBACK
[0m22:02:25.976675 [debug] [Thread-4 (]: On test.fashion_retail_analytics.assert_kpi_arithmetique: BEGIN
[0m22:02:25.976987 [debug] [Thread-1 (]: On test.fashion_retail_analytics.unique_dim_clients_client_id.23ed4d21ad: BEGIN
[0m22:02:25.977926 [debug] [Thread-2 (]: Failed to rollback 'test.fashion_retail_analytics.not_null_dim_clients_nb_achats.84c5d576b9'
[0m22:02:25.978246 [debug] [Thread-4 (]: Opening a new connection, currently in state closed
[0m22:02:25.978542 [debug] [Thread-3 (]: SQL status: OK in 0.007 seconds
[0m22:02:25.978804 [debug] [Thread-1 (]: Opening a new connection, currently in state closed
[0m22:02:25.979080 [debug] [Thread-2 (]: On test.fashion_retail_analytics.not_null_dim_clients_nb_achats.84c5d576b9: Close
[0m22:02:25.979603 [debug] [Thread-4 (]: SQL status: OK in 0.001 seconds
[0m22:02:25.980824 [debug] [Thread-3 (]: On test.fashion_retail_analytics.relationships_stg_transactions_client_id__client_id__ref_dim_clients_.94a68b830c: ROLLBACK
[0m22:02:25.981307 [info ] [Thread-2 (]: 18 of 23 PASS not_null_dim_clients_nb_achats ................................... [[32mPASS[0m in 0.06s]
[0m22:02:25.981638 [debug] [Thread-1 (]: SQL status: OK in 0.003 seconds
[0m22:02:25.981925 [debug] [Thread-4 (]: Using duckdb connection "test.fashion_retail_analytics.assert_kpi_arithmetique"
[0m22:02:25.982381 [debug] [Thread-2 (]: Finished running node test.fashion_retail_analytics.not_null_dim_clients_nb_achats.84c5d576b9
[0m22:02:25.983181 [debug] [Thread-3 (]: Failed to rollback 'test.fashion_retail_analytics.relationships_stg_transactions_client_id__client_id__ref_dim_clients_.94a68b830c'
[0m22:02:25.983466 [debug] [Thread-1 (]: Using duckdb connection "test.fashion_retail_analytics.unique_dim_clients_client_id.23ed4d21ad"
[0m22:02:25.983787 [debug] [Thread-4 (]: On test.fashion_retail_analytics.assert_kpi_arithmetique: /* {"app": "dbt", "dbt_version": "1.12.0", "profile_name": "fashion_retail", "target_name": "dev", "node_id": "test.fashion_retail_analytics.assert_kpi_arithmetique"} */

    
    select
      count(*) as failures,
      count(*) != 0 as should_warn,
      count(*) != 0 as should_error
    from (
      
    
  -- Les trois indicateurs affichés côte à côte doivent vérifier
-- nb_transactions x panier_moyen = ca_total. C'est l'égalité que la v1 violait
-- d'un facteur 17,6.  Doit renvoyer 0 ligne.

select *
from "fashion_retail"."main"."mart_kpi_global"
where abs(nb_transactions * panier_moyen_usd - ca_total_usd) > 1
  
  
      
    ) dbt_internal_test
[0m22:02:25.984174 [debug] [Thread-3 (]: On test.fashion_retail_analytics.relationships_stg_transactions_client_id__client_id__ref_dim_clients_.94a68b830c: Close
[0m22:02:25.984487 [debug] [Thread-1 (]: On test.fashion_retail_analytics.unique_dim_clients_client_id.23ed4d21ad: /* {"app": "dbt", "dbt_version": "1.12.0", "profile_name": "fashion_retail", "target_name": "dev", "node_id": "test.fashion_retail_analytics.unique_dim_clients_client_id.23ed4d21ad"} */

    
    select
      count(*) as failures,
      count(*) != 0 as should_warn,
      count(*) != 0 as should_error
    from (
      
    
  
    
    

select
    client_id as unique_field,
    count(*) as n_records

from "fashion_retail"."main"."dim_clients"
where client_id is not null
group by client_id
having count(*) > 1



  
  
      
    ) dbt_internal_test
[0m22:02:25.985108 [info ] [Thread-3 (]: 19 of 23 PASS relationships_stg_transactions_client_id__client_id__ref_dim_clients_  [[32mPASS[0m in 0.05s]
[0m22:02:25.985636 [debug] [Thread-3 (]: Finished running node test.fashion_retail_analytics.relationships_stg_transactions_client_id__client_id__ref_dim_clients_.94a68b830c
[0m22:02:25.985917 [debug] [Thread-4 (]: SQL status: OK in 0.001 seconds
[0m22:02:25.987187 [debug] [Thread-4 (]: On test.fashion_retail_analytics.assert_kpi_arithmetique: ROLLBACK
[0m22:02:25.988069 [debug] [Thread-4 (]: Failed to rollback 'test.fashion_retail_analytics.assert_kpi_arithmetique'
[0m22:02:25.988355 [debug] [Thread-4 (]: On test.fashion_retail_analytics.assert_kpi_arithmetique: Close
[0m22:02:25.988802 [info ] [Thread-4 (]: 21 of 23 PASS assert_kpi_arithmetique .......................................... [[32mPASS[0m in 0.02s]
[0m22:02:25.989232 [debug] [Thread-4 (]: Finished running node test.fashion_retail_analytics.assert_kpi_arithmetique
[0m22:02:25.989762 [debug] [Thread-1 (]: SQL status: OK in 0.004 seconds
[0m22:02:25.991039 [debug] [Thread-1 (]: On test.fashion_retail_analytics.unique_dim_clients_client_id.23ed4d21ad: ROLLBACK
[0m22:02:25.991903 [debug] [Thread-1 (]: Failed to rollback 'test.fashion_retail_analytics.unique_dim_clients_client_id.23ed4d21ad'
[0m22:02:25.992188 [debug] [Thread-1 (]: On test.fashion_retail_analytics.unique_dim_clients_client_id.23ed4d21ad: Close
[0m22:02:25.992637 [info ] [Thread-1 (]: 20 of 23 PASS unique_dim_clients_client_id ..................................... [[32mPASS[0m in 0.04s]
[0m22:02:25.993058 [debug] [Thread-1 (]: Finished running node test.fashion_retail_analytics.unique_dim_clients_client_id.23ed4d21ad
[0m22:02:25.993541 [debug] [Thread-2 (]: Began running node model.fashion_retail_analytics.mart_segments
[0m22:02:25.993996 [info ] [Thread-2 (]: 22 of 23 START sql table model main.mart_segments .............................. [RUN]
[0m22:02:25.994487 [debug] [Thread-2 (]: Re-using an available connection from the pool (formerly test.fashion_retail_analytics.not_null_dim_clients_nb_achats.84c5d576b9, now model.fashion_retail_analytics.mart_segments)
[0m22:02:25.994852 [debug] [Thread-2 (]: Began compiling node model.fashion_retail_analytics.mart_segments
[0m22:02:25.996717 [debug] [Thread-2 (]: Writing injected SQL for node "model.fashion_retail_analytics.mart_segments"
[0m22:02:25.997379 [debug] [Thread-2 (]: Began executing node model.fashion_retail_analytics.mart_segments
[0m22:02:25.999929 [debug] [Thread-2 (]: Writing runtime sql for node "model.fashion_retail_analytics.mart_segments"
[0m22:02:26.000479 [debug] [Thread-2 (]: Using duckdb connection "model.fashion_retail_analytics.mart_segments"
[0m22:02:26.000779 [debug] [Thread-2 (]: On model.fashion_retail_analytics.mart_segments: BEGIN
[0m22:02:26.001052 [debug] [Thread-2 (]: Opening a new connection, currently in state closed
[0m22:02:26.001544 [debug] [Thread-2 (]: SQL status: OK in 0.000 seconds
[0m22:02:26.001813 [debug] [Thread-2 (]: Using duckdb connection "model.fashion_retail_analytics.mart_segments"
[0m22:02:26.002139 [debug] [Thread-2 (]: On model.fashion_retail_analytics.mart_segments: /* {"app": "dbt", "dbt_version": "1.12.0", "profile_name": "fashion_retail", "target_name": "dev", "node_id": "model.fashion_retail_analytics.mart_segments"} */

  
    
    

    create  table
      "fashion_retail"."main"."mart_segments__dbt_tmp"
  
    as (
      -- Performance par segment. Construit sur dim_clients : 1 ligne par client.

with s as (

    select
        segment_valeur,
        count(*)            as nb_clients,
        sum(ca_client)      as ca_segment,
        sum(nb_achats)      as nb_achats,
        avg(panier_moyen)   as panier_moyen_client,
        avg(recence_jours)  as recence_moyenne
    from "fashion_retail"."main"."dim_clients"
    group by segment_valeur

)

select
    segment_valeur,
    nb_clients,
    nb_clients * 100.0 / sum(nb_clients) over ()   as pct_clients,
    ca_segment,
    ca_segment * 100.0 / sum(ca_segment) over ()   as pct_ca,
    nb_achats,
    panier_moyen_client,
    recence_moyenne,
    case segment_valeur
        when '4. VIP' then
            'Levier = panier, pas fréquence : 2,7x le panier des autres segments pour un volume d''achats comparable aux Fidèles.'
        when '3. Fidèle' then
            'Volume d''achats le plus élevé du portefeuille mais panier bas : cible prioritaire de montée en gamme.'
        when '2. Régulier' then
            'Panier identique aux Fidèles, moins actif : levier de fréquence.'
        else
            'Faible valeur individuelle. Tester le coût d''activation avant d''investir.'
    end as lecture_business
from s
    );
  
  
[0m22:02:26.009083 [debug] [Thread-2 (]: SQL status: OK in 0.007 seconds
[0m22:02:26.011089 [debug] [Thread-2 (]: Using duckdb connection "model.fashion_retail_analytics.mart_segments"
[0m22:02:26.011417 [debug] [Thread-2 (]: On model.fashion_retail_analytics.mart_segments: /* {"app": "dbt", "dbt_version": "1.12.0", "profile_name": "fashion_retail", "target_name": "dev", "node_id": "model.fashion_retail_analytics.mart_segments"} */
alter table "fashion_retail"."main"."mart_segments__dbt_tmp" rename to "mart_segments"
[0m22:02:26.011903 [debug] [Thread-2 (]: SQL status: OK in 0.000 seconds
[0m22:02:26.013408 [debug] [Thread-2 (]: On model.fashion_retail_analytics.mart_segments: COMMIT
[0m22:02:26.013711 [debug] [Thread-2 (]: Using duckdb connection "model.fashion_retail_analytics.mart_segments"
[0m22:02:26.013983 [debug] [Thread-2 (]: On model.fashion_retail_analytics.mart_segments: COMMIT
[0m22:02:26.014589 [debug] [Thread-2 (]: SQL status: OK in 0.000 seconds
[0m22:02:26.015976 [debug] [Thread-2 (]: Using duckdb connection "model.fashion_retail_analytics.mart_segments"
[0m22:02:26.016298 [debug] [Thread-2 (]: On model.fashion_retail_analytics.mart_segments: /* {"app": "dbt", "dbt_version": "1.12.0", "profile_name": "fashion_retail", "target_name": "dev", "node_id": "model.fashion_retail_analytics.mart_segments"} */

      drop table if exists "fashion_retail"."main"."mart_segments__dbt_backup" cascade
    
[0m22:02:26.016705 [debug] [Thread-2 (]: SQL status: OK in 0.000 seconds
[0m22:02:26.017777 [debug] [Thread-2 (]: On model.fashion_retail_analytics.mart_segments: Close
[0m22:02:26.018228 [debug] [Thread-2 (]: Sending event: {'category': 'dbt', 'action': 'run_model', 'label': 'e562b9c6-15b1-4c46-ae47-1c26f108a46c', 'context': [<snowplow_tracker.self_describing_json.SelfDescribingJson object at 0x10f9f04a0>]}
[0m22:02:26.018730 [info ] [Thread-2 (]: 22 of 23 OK created sql table model main.mart_segments ......................... [[32mOK[0m in 0.02s]
[0m22:02:26.019158 [debug] [Thread-2 (]: Finished running node model.fashion_retail_analytics.mart_segments
[0m22:02:26.019646 [debug] [Thread-4 (]: Began running node test.fashion_retail_analytics.assert_parts_segments
[0m22:02:26.019988 [info ] [Thread-4 (]: 23 of 23 START test assert_parts_segments ...................................... [RUN]
[0m22:02:26.020375 [debug] [Thread-4 (]: Re-using an available connection from the pool (formerly test.fashion_retail_analytics.assert_kpi_arithmetique, now test.fashion_retail_analytics.assert_parts_segments)
[0m22:02:26.020653 [debug] [Thread-4 (]: Began compiling node test.fashion_retail_analytics.assert_parts_segments
[0m22:02:26.022134 [debug] [Thread-4 (]: Writing injected SQL for node "test.fashion_retail_analytics.assert_parts_segments"
[0m22:02:26.022698 [debug] [Thread-4 (]: Began executing node test.fashion_retail_analytics.assert_parts_segments
[0m22:02:26.024116 [debug] [Thread-4 (]: Writing runtime sql for node "test.fashion_retail_analytics.assert_parts_segments"
[0m22:02:26.024640 [debug] [Thread-4 (]: Using duckdb connection "test.fashion_retail_analytics.assert_parts_segments"
[0m22:02:26.024923 [debug] [Thread-4 (]: On test.fashion_retail_analytics.assert_parts_segments: BEGIN
[0m22:02:26.025185 [debug] [Thread-4 (]: Opening a new connection, currently in state closed
[0m22:02:26.025618 [debug] [Thread-4 (]: SQL status: OK in 0.000 seconds
[0m22:02:26.025880 [debug] [Thread-4 (]: Using duckdb connection "test.fashion_retail_analytics.assert_parts_segments"
[0m22:02:26.026169 [debug] [Thread-4 (]: On test.fashion_retail_analytics.assert_parts_segments: /* {"app": "dbt", "dbt_version": "1.12.0", "profile_name": "fashion_retail", "target_name": "dev", "node_id": "test.fashion_retail_analytics.assert_parts_segments"} */

    
    select
      count(*) as failures,
      count(*) != 0 as should_warn,
      count(*) != 0 as should_error
    from (
      
    
  -- Les parts de clients et les parts de chiffre d'affaires doivent chacune
-- sommer à 100 %.  Doit renvoyer 0 ligne.

select
    sum(pct_clients) as total_clients,
    sum(pct_ca)      as total_ca
from "fashion_retail"."main"."mart_segments"
having abs(sum(pct_clients) - 100) > 0.1
    or abs(sum(pct_ca) - 100) > 0.1
  
  
      
    ) dbt_internal_test
[0m22:02:26.027073 [debug] [Thread-4 (]: SQL status: OK in 0.001 seconds
[0m22:02:26.028371 [debug] [Thread-4 (]: On test.fashion_retail_analytics.assert_parts_segments: ROLLBACK
[0m22:02:26.029287 [debug] [Thread-4 (]: Failed to rollback 'test.fashion_retail_analytics.assert_parts_segments'
[0m22:02:26.029616 [debug] [Thread-4 (]: On test.fashion_retail_analytics.assert_parts_segments: Close
[0m22:02:26.030107 [info ] [Thread-4 (]: 23 of 23 PASS assert_parts_segments ............................................ [[32mPASS[0m in 0.01s]
[0m22:02:26.030557 [debug] [Thread-4 (]: Finished running node test.fashion_retail_analytics.assert_parts_segments
[0m22:02:26.031510 [debug] [MainThread]: Using duckdb connection "master"
[0m22:02:26.031786 [debug] [MainThread]: On master: BEGIN
[0m22:02:26.032016 [debug] [MainThread]: Opening a new connection, currently in state closed
[0m22:02:26.032460 [debug] [MainThread]: SQL status: OK in 0.000 seconds
[0m22:02:26.032764 [debug] [MainThread]: On master: COMMIT
[0m22:02:26.033029 [debug] [MainThread]: Using duckdb connection "master"
[0m22:02:26.033263 [debug] [MainThread]: On master: COMMIT
[0m22:02:26.033652 [debug] [MainThread]: SQL status: OK in 0.000 seconds
[0m22:02:26.033928 [debug] [MainThread]: On master: Close
[0m22:02:26.034283 [debug] [MainThread]: Connection 'master' was properly closed.
[0m22:02:26.034507 [debug] [MainThread]: Connection 'test.fashion_retail_analytics.unique_dim_clients_client_id.23ed4d21ad' was properly closed.
[0m22:02:26.034718 [debug] [MainThread]: Connection 'test.fashion_retail_analytics.relationships_stg_transactions_client_id__client_id__ref_dim_clients_.94a68b830c' was properly closed.
[0m22:02:26.034925 [debug] [MainThread]: Connection 'model.fashion_retail_analytics.mart_segments' was properly closed.
[0m22:02:26.035121 [debug] [MainThread]: Connection 'test.fashion_retail_analytics.assert_parts_segments' was properly closed.
[0m22:02:26.035421 [info ] [MainThread]: 
[0m22:02:26.035684 [info ] [MainThread]: Finished running 1 seed, 3 table models, 17 data tests, 2 view models in 0 hours 0 minutes and 0.78 seconds (0.78s).
[0m22:02:26.038325 [debug] [MainThread]: Command end result
[0m22:02:26.080898 [debug] [MainThread]: Wrote artifact WritableManifest to /Users/souleyjr/data-portfolio/02-fashion-retail-analytics/dbt/target/manifest.json
[0m22:02:26.083588 [debug] [MainThread]: Wrote artifact SemanticManifest to /Users/souleyjr/data-portfolio/02-fashion-retail-analytics/dbt/target/semantic_manifest.json
[0m22:02:26.086319 [debug] [MainThread]: Wrote artifact OsiDocument to /Users/souleyjr/data-portfolio/02-fashion-retail-analytics/dbt/target/osi_document.json
[0m22:02:26.093206 [debug] [MainThread]: Wrote artifact RunExecutionResult to /Users/souleyjr/data-portfolio/02-fashion-retail-analytics/dbt/target/run_results.json
[0m22:02:26.093524 [info ] [MainThread]: 
[0m22:02:26.093847 [info ] [MainThread]: [32mCompleted successfully[0m
[0m22:02:26.094107 [info ] [MainThread]: 
[0m22:02:26.094395 [info ] [MainThread]: Done. PASS=23 WARN=0 ERROR=0 SKIP=0 NO-OP=0 REUSED=0 TOTAL=23
[0m22:02:26.094853 [warn ] [MainThread]: [[33mWARNING[0m][DeprecationsSummary]: Deprecated functionality
Summary of encountered deprecations:
- MissingArgumentsPropertyInGenericTestDeprecation: 4 occurrences
To see all deprecation instances instead of just the first occurrence of each,
run command again with the `--show-all-deprecations` flag. You may also need to
run with `--no-partial-parse` as some deprecations are only encountered during
parsing.
[0m22:02:26.097786 [debug] [MainThread]: Resource report: {"command_name": "build", "command_success": true, "command_wall_clock_time": 2.4605923, "process_in_blocks": "0", "process_kernel_time": 0.465602, "process_mem_max_rss": "215007232", "process_out_blocks": "0", "process_user_time": 4.6254}
[0m22:02:26.098262 [debug] [MainThread]: Command `dbt build` succeeded at 22:02:26.098175 after 2.46 seconds
[0m22:02:26.098597 [debug] [MainThread]: Sending event: {'category': 'dbt', 'action': 'invocation', 'label': 'end', 'context': [<snowplow_tracker.self_describing_json.SelfDescribingJson object at 0x10e784a40>, <snowplow_tracker.self_describing_json.SelfDescribingJson object at 0x10fe50d40>, <snowplow_tracker.self_describing_json.SelfDescribingJson object at 0x10e6baa50>]}
[0m22:02:26.098917 [debug] [MainThread]: Flushing usage events
[0m22:02:26.591754 [debug] [MainThread]: An error was encountered while trying to flush usage events
[0m22:02:41.318450 [debug] [MainThread]: Sending event: {'category': 'dbt', 'action': 'invocation', 'label': 'start', 'context': [<snowplow_tracker.self_describing_json.SelfDescribingJson object at 0x10a462120>, <snowplow_tracker.self_describing_json.SelfDescribingJson object at 0x10b251be0>, <snowplow_tracker.self_describing_json.SelfDescribingJson object at 0x10b2518b0>]}


============================== 22:02:41.323611 | aa5777a6-55d4-4de5-a5e5-c81f1d84f8a9 ==============================
[0m22:02:41.323611 [info ] [MainThread]: Running with dbt=1.12.0
[0m22:02:41.324213 [debug] [MainThread]: running dbt with arguments {'version_check': 'True', 'partial_parse': 'True', 'log_cache_events': 'False', 'target_path': 'None', 'log_format': 'default', 'use_experimental_parser': 'False', 'warn_error_options': 'WarnErrorOptionsV2(error=[], warn=[], silence=[])', 'empty': 'None', 'introspect': 'True', 'write_json': 'True', 'profiles_dir': '/Users/souleyjr/.dbt', 'indirect_selection': 'eager', 'log_path': '/Users/souleyjr/data-portfolio/02-fashion-retail-analytics/dbt/logs', 'printer_width': '80', 'use_colors': 'True', 'no_print': 'None', 'send_anonymous_usage_stats': 'True', 'fail_fast': 'False', 'hints_enabled': 'True', 'warn_error': 'None', 'cache_selected_only': 'False', 'quiet': 'False', 'maximum_seed_size_mib': '1', 'static_parser': 'True', 'invocation_command': "dbt show --inline select count(*) as n from {{ ref('stg_transactions') }}", 'debug': 'False'}
[0m22:02:41.665522 [debug] [MainThread]: Sending event: {'category': 'dbt', 'action': 'project_id', 'label': 'aa5777a6-55d4-4de5-a5e5-c81f1d84f8a9', 'context': [<snowplow_tracker.self_describing_json.SelfDescribingJson object at 0x10b1d7e90>]}
[0m22:02:41.804601 [debug] [MainThread]: Sending event: {'category': 'dbt', 'action': 'adapter_info', 'label': 'aa5777a6-55d4-4de5-a5e5-c81f1d84f8a9', 'context': [<snowplow_tracker.self_describing_json.SelfDescribingJson object at 0x10b2cb530>]}
[0m22:02:41.815546 [info ] [MainThread]: Registered adapter: duckdb=1.10.1
[0m22:02:41.958106 [debug] [MainThread]: checksum: e541cf667f492ba542c42cfa839a11505b8f71402b583ae2b9639f7f0486df04, vars: {}, profile: fashion_retail, target: dev, version: 1.12.0
[0m22:02:42.125336 [debug] [MainThread]: Partial parsing enabled: 0 files deleted, 0 files added, 0 files changed.
[0m22:02:42.125818 [debug] [MainThread]: Nothing changed, skipping partial parsing.
[0m22:02:42.126077 [debug] [MainThread]: Partial parsing enabled, no changes found, skipping parsing
[0m22:02:42.135982 [debug] [MainThread]: Sending event: {'category': 'dbt', 'action': 'load_project', 'label': 'aa5777a6-55d4-4de5-a5e5-c81f1d84f8a9', 'context': [<snowplow_tracker.self_describing_json.SelfDescribingJson object at 0x10b6906e0>]}
[0m22:02:42.292804 [debug] [MainThread]: Wrote artifact WritableManifest to /Users/souleyjr/data-portfolio/02-fashion-retail-analytics/dbt/target/manifest.json
[0m22:02:42.296000 [debug] [MainThread]: Wrote artifact SemanticManifest to /Users/souleyjr/data-portfolio/02-fashion-retail-analytics/dbt/target/semantic_manifest.json
[0m22:02:42.313544 [debug] [MainThread]: Wrote artifact OsiDocument to /Users/souleyjr/data-portfolio/02-fashion-retail-analytics/dbt/target/osi_document.json
[0m22:02:42.464218 [debug] [MainThread]: Sending event: {'category': 'dbt', 'action': 'resource_counts', 'label': 'aa5777a6-55d4-4de5-a5e5-c81f1d84f8a9', 'context': [<snowplow_tracker.self_describing_json.SelfDescribingJson object at 0x10b7a5250>]}
[0m22:02:42.464714 [info ] [MainThread]: Found 5 models, 17 data tests, 1 seed, 1 sql operation, 602 macros
[0m22:02:42.465033 [debug] [MainThread]: Sending event: {'category': 'dbt', 'action': 'runnable_timing', 'label': 'aa5777a6-55d4-4de5-a5e5-c81f1d84f8a9', 'context': [<snowplow_tracker.self_describing_json.SelfDescribingJson object at 0x10b4ec9b0>]}
[0m22:02:42.466881 [info ] [MainThread]: 
[0m22:02:42.467209 [info ] [MainThread]: Concurrency: 4 threads (target='dev')
[0m22:02:42.467465 [info ] [MainThread]: 
[0m22:02:42.467890 [debug] [MainThread]: Acquiring new duckdb connection 'master'
[0m22:02:42.472354 [debug] [ThreadPool]: Acquiring new duckdb connection 'list_fashion_retail_main'
[0m22:02:42.524932 [debug] [ThreadPool]: Using duckdb connection "list_fashion_retail_main"
[0m22:02:42.525319 [debug] [ThreadPool]: On list_fashion_retail_main: BEGIN
[0m22:02:42.525592 [debug] [ThreadPool]: Opening a new connection, currently in state init
[0m22:02:42.542212 [debug] [ThreadPool]: SQL status: OK in 0.017 seconds
[0m22:02:42.542613 [debug] [ThreadPool]: Using duckdb connection "list_fashion_retail_main"
[0m22:02:42.542893 [debug] [ThreadPool]: On list_fashion_retail_main: /* {"app": "dbt", "dbt_version": "1.12.0", "profile_name": "fashion_retail", "target_name": "dev", "connection_name": "list_fashion_retail_main"} */
select
      'fashion_retail' as database,
      table_name as name,
      table_schema as schema,
      CASE table_type
        WHEN 'BASE TABLE' THEN 'table'
        WHEN 'VIEW' THEN 'view'
        WHEN 'LOCAL TEMPORARY' THEN 'table'
        END as type
    from system.information_schema.tables
    where lower(table_schema) = 'main'
    and lower(table_catalog) = 'fashion_retail'
  
[0m22:02:42.551353 [debug] [ThreadPool]: SQL status: OK in 0.008 seconds
[0m22:02:42.553080 [debug] [ThreadPool]: On list_fashion_retail_main: ROLLBACK
[0m22:02:42.554552 [debug] [ThreadPool]: Failed to rollback 'list_fashion_retail_main'
[0m22:02:42.554818 [debug] [ThreadPool]: On list_fashion_retail_main: Close
[0m22:02:42.556215 [debug] [MainThread]: Sending event: {'category': 'dbt', 'action': 'runnable_timing', 'label': 'aa5777a6-55d4-4de5-a5e5-c81f1d84f8a9', 'context': [<snowplow_tracker.self_describing_json.SelfDescribingJson object at 0x10b567fe0>]}
[0m22:02:42.558440 [debug] [Thread-1 (]: Began running node sql_operation.fashion_retail_analytics.inline_query
[0m22:02:42.558837 [debug] [Thread-1 (]: Re-using an available connection from the pool (formerly list_fashion_retail_main, now sql_operation.fashion_retail_analytics.inline_query)
[0m22:02:42.559144 [debug] [Thread-1 (]: Began compiling node sql_operation.fashion_retail_analytics.inline_query
[0m22:02:42.565013 [debug] [Thread-1 (]: Writing injected SQL for node "sql_operation.fashion_retail_analytics.inline_query"
[0m22:02:42.565781 [debug] [Thread-1 (]: Began executing node sql_operation.fashion_retail_analytics.inline_query
[0m22:02:42.572144 [debug] [Thread-1 (]: Using duckdb connection "sql_operation.fashion_retail_analytics.inline_query"
[0m22:02:42.572486 [debug] [Thread-1 (]: On sql_operation.fashion_retail_analytics.inline_query: /* {"app": "dbt", "dbt_version": "1.12.0", "profile_name": "fashion_retail", "target_name": "dev", "node_id": "sql_operation.fashion_retail_analytics.inline_query"} */

  
  select count(*) as n from "fashion_retail"."main"."stg_transactions"
  
  limit 5

[0m22:02:42.572781 [debug] [Thread-1 (]: Opening a new connection, currently in state closed
[0m22:02:42.587080 [debug] [Thread-1 (]: SQL status: OK in 0.014 seconds
[0m22:02:42.589379 [debug] [Thread-1 (]: On sql_operation.fashion_retail_analytics.inline_query: Close
[0m22:02:42.590031 [debug] [Thread-1 (]: Finished running node sql_operation.fashion_retail_analytics.inline_query
[0m22:02:42.590829 [debug] [MainThread]: Connection 'master' was properly closed.
[0m22:02:42.591074 [debug] [MainThread]: Connection 'sql_operation.fashion_retail_analytics.inline_query' was properly closed.
[0m22:02:42.591599 [debug] [MainThread]: Command end result
[0m22:02:42.633596 [debug] [MainThread]: Wrote artifact WritableManifest to /Users/souleyjr/data-portfolio/02-fashion-retail-analytics/dbt/target/manifest.json
[0m22:02:42.636025 [debug] [MainThread]: Wrote artifact SemanticManifest to /Users/souleyjr/data-portfolio/02-fashion-retail-analytics/dbt/target/semantic_manifest.json
[0m22:02:42.638249 [debug] [MainThread]: Wrote artifact OsiDocument to /Users/souleyjr/data-portfolio/02-fashion-retail-analytics/dbt/target/osi_document.json
[0m22:02:42.645143 [debug] [MainThread]: Wrote artifact RunExecutionResult to /Users/souleyjr/data-portfolio/02-fashion-retail-analytics/dbt/target/run_results.json
[0m22:02:42.645509 [info ] [MainThread]: Previewing inline node:
|    n |
| ---- |
| 2750 |

[0m22:02:42.648415 [debug] [MainThread]: Resource report: {"command_name": "show", "command_success": true, "command_wall_clock_time": 1.4233084, "process_in_blocks": "0", "process_kernel_time": 0.446455, "process_mem_max_rss": "179634176", "process_out_blocks": "0", "process_user_time": 3.641067}
[0m22:02:42.648852 [debug] [MainThread]: Command `dbt show` succeeded at 22:02:42.648772 after 1.42 seconds
[0m22:02:42.649188 [debug] [MainThread]: Sending event: {'category': 'dbt', 'action': 'invocation', 'label': 'end', 'context': [<snowplow_tracker.self_describing_json.SelfDescribingJson object at 0x10b5655b0>, <snowplow_tracker.self_describing_json.SelfDescribingJson object at 0x10b251b80>, <snowplow_tracker.self_describing_json.SelfDescribingJson object at 0x10b251a00>]}
[0m22:02:42.649504 [debug] [MainThread]: Flushing usage events
[0m22:02:43.065566 [debug] [MainThread]: An error was encountered while trying to flush usage events
[0m22:02:46.376401 [debug] [MainThread]: Sending event: {'category': 'dbt', 'action': 'invocation', 'label': 'start', 'context': [<snowplow_tracker.self_describing_json.SelfDescribingJson object at 0x10b0bef00>, <snowplow_tracker.self_describing_json.SelfDescribingJson object at 0x10b3df410>, <snowplow_tracker.self_describing_json.SelfDescribingJson object at 0x10b3df0b0>]}


============================== 22:02:46.390181 | 72920d34-d2d3-474c-a66b-c425b54df5e7 ==============================
[0m22:02:46.390181 [info ] [MainThread]: Running with dbt=1.12.0
[0m22:02:46.394161 [debug] [MainThread]: running dbt with arguments {'log_path': '/Users/souleyjr/data-portfolio/02-fashion-retail-analytics/dbt/logs', 'quiet': 'False', 'write_json': 'True', 'version_check': 'True', 'debug': 'False', 'use_colors': 'True', 'cache_selected_only': 'False', 'printer_width': '80', 'use_experimental_parser': 'False', 'partial_parse': 'True', 'introspect': 'True', 'no_print': 'None', 'hints_enabled': 'True', 'log_cache_events': 'False', 'empty': 'None', 'send_anonymous_usage_stats': 'True', 'profiles_dir': '/Users/souleyjr/.dbt', 'warn_error_options': 'WarnErrorOptionsV2(error=[], warn=[], silence=[])', 'fail_fast': 'False', 'invocation_command': "dbt show --inline select count(*) as n from {{ ref('dim_clients') }}", 'warn_error': 'None', 'static_parser': 'True', 'target_path': 'None', 'log_format': 'default', 'maximum_seed_size_mib': '1', 'indirect_selection': 'eager'}
[0m22:02:47.043749 [debug] [MainThread]: Sending event: {'category': 'dbt', 'action': 'project_id', 'label': '72920d34-d2d3-474c-a66b-c425b54df5e7', 'context': [<snowplow_tracker.self_describing_json.SelfDescribingJson object at 0x10b3b1d00>]}
[0m22:02:47.362284 [debug] [MainThread]: Sending event: {'category': 'dbt', 'action': 'adapter_info', 'label': '72920d34-d2d3-474c-a66b-c425b54df5e7', 'context': [<snowplow_tracker.self_describing_json.SelfDescribingJson object at 0x10b34fc80>]}
[0m22:02:47.374736 [info ] [MainThread]: Registered adapter: duckdb=1.10.1
[0m22:02:47.510892 [debug] [MainThread]: checksum: e541cf667f492ba542c42cfa839a11505b8f71402b583ae2b9639f7f0486df04, vars: {}, profile: fashion_retail, target: dev, version: 1.12.0
[0m22:02:47.675881 [debug] [MainThread]: Partial parsing enabled: 0 files deleted, 0 files added, 0 files changed.
[0m22:02:47.676282 [debug] [MainThread]: Nothing changed, skipping partial parsing.
[0m22:02:47.676533 [debug] [MainThread]: Partial parsing enabled, no changes found, skipping parsing
[0m22:02:47.686764 [debug] [MainThread]: Sending event: {'category': 'dbt', 'action': 'load_project', 'label': '72920d34-d2d3-474c-a66b-c425b54df5e7', 'context': [<snowplow_tracker.self_describing_json.SelfDescribingJson object at 0x10b6f6ab0>]}
[0m22:02:47.865553 [debug] [MainThread]: Wrote artifact WritableManifest to /Users/souleyjr/data-portfolio/02-fashion-retail-analytics/dbt/target/manifest.json
[0m22:02:47.872447 [debug] [MainThread]: Wrote artifact SemanticManifest to /Users/souleyjr/data-portfolio/02-fashion-retail-analytics/dbt/target/semantic_manifest.json
[0m22:02:47.919708 [debug] [MainThread]: Wrote artifact OsiDocument to /Users/souleyjr/data-portfolio/02-fashion-retail-analytics/dbt/target/osi_document.json
[0m22:02:48.096829 [debug] [MainThread]: Sending event: {'category': 'dbt', 'action': 'resource_counts', 'label': '72920d34-d2d3-474c-a66b-c425b54df5e7', 'context': [<snowplow_tracker.self_describing_json.SelfDescribingJson object at 0x108de59a0>]}
[0m22:02:48.097437 [info ] [MainThread]: Found 5 models, 17 data tests, 1 seed, 1 sql operation, 602 macros
[0m22:02:48.097753 [debug] [MainThread]: Sending event: {'category': 'dbt', 'action': 'runnable_timing', 'label': '72920d34-d2d3-474c-a66b-c425b54df5e7', 'context': [<snowplow_tracker.self_describing_json.SelfDescribingJson object at 0x10a33c200>]}
[0m22:02:48.099572 [info ] [MainThread]: 
[0m22:02:48.099893 [info ] [MainThread]: Concurrency: 4 threads (target='dev')
[0m22:02:48.100136 [info ] [MainThread]: 
[0m22:02:48.100615 [debug] [MainThread]: Acquiring new duckdb connection 'master'
[0m22:02:48.105432 [debug] [ThreadPool]: Acquiring new duckdb connection 'list_fashion_retail_main'
[0m22:02:48.156099 [debug] [ThreadPool]: Using duckdb connection "list_fashion_retail_main"
[0m22:02:48.156535 [debug] [ThreadPool]: On list_fashion_retail_main: BEGIN
[0m22:02:48.156813 [debug] [ThreadPool]: Opening a new connection, currently in state init
[0m22:02:48.168296 [debug] [ThreadPool]: SQL status: OK in 0.011 seconds
[0m22:02:48.168686 [debug] [ThreadPool]: Using duckdb connection "list_fashion_retail_main"
[0m22:02:48.168959 [debug] [ThreadPool]: On list_fashion_retail_main: /* {"app": "dbt", "dbt_version": "1.12.0", "profile_name": "fashion_retail", "target_name": "dev", "connection_name": "list_fashion_retail_main"} */
select
      'fashion_retail' as database,
      table_name as name,
      table_schema as schema,
      CASE table_type
        WHEN 'BASE TABLE' THEN 'table'
        WHEN 'VIEW' THEN 'view'
        WHEN 'LOCAL TEMPORARY' THEN 'table'
        END as type
    from system.information_schema.tables
    where lower(table_schema) = 'main'
    and lower(table_catalog) = 'fashion_retail'
  
[0m22:02:48.171818 [debug] [ThreadPool]: SQL status: OK in 0.003 seconds
[0m22:02:48.173257 [debug] [ThreadPool]: On list_fashion_retail_main: ROLLBACK
[0m22:02:48.174762 [debug] [ThreadPool]: Failed to rollback 'list_fashion_retail_main'
[0m22:02:48.175062 [debug] [ThreadPool]: On list_fashion_retail_main: Close
[0m22:02:48.176323 [debug] [MainThread]: Sending event: {'category': 'dbt', 'action': 'runnable_timing', 'label': '72920d34-d2d3-474c-a66b-c425b54df5e7', 'context': [<snowplow_tracker.self_describing_json.SelfDescribingJson object at 0x10b34dbe0>]}
[0m22:02:48.178471 [debug] [Thread-1 (]: Began running node sql_operation.fashion_retail_analytics.inline_query
[0m22:02:48.178884 [debug] [Thread-1 (]: Re-using an available connection from the pool (formerly list_fashion_retail_main, now sql_operation.fashion_retail_analytics.inline_query)
[0m22:02:48.179195 [debug] [Thread-1 (]: Began compiling node sql_operation.fashion_retail_analytics.inline_query
[0m22:02:48.185096 [debug] [Thread-1 (]: Writing injected SQL for node "sql_operation.fashion_retail_analytics.inline_query"
[0m22:02:48.185707 [debug] [Thread-1 (]: Began executing node sql_operation.fashion_retail_analytics.inline_query
[0m22:02:48.192076 [debug] [Thread-1 (]: Using duckdb connection "sql_operation.fashion_retail_analytics.inline_query"
[0m22:02:48.192433 [debug] [Thread-1 (]: On sql_operation.fashion_retail_analytics.inline_query: /* {"app": "dbt", "dbt_version": "1.12.0", "profile_name": "fashion_retail", "target_name": "dev", "node_id": "sql_operation.fashion_retail_analytics.inline_query"} */

  
  select count(*) as n from "fashion_retail"."main"."dim_clients"
  
  limit 5

[0m22:02:48.192734 [debug] [Thread-1 (]: Opening a new connection, currently in state closed
[0m22:02:48.204032 [debug] [Thread-1 (]: SQL status: OK in 0.011 seconds
[0m22:02:48.206453 [debug] [Thread-1 (]: On sql_operation.fashion_retail_analytics.inline_query: Close
[0m22:02:48.207147 [debug] [Thread-1 (]: Finished running node sql_operation.fashion_retail_analytics.inline_query
[0m22:02:48.207994 [debug] [MainThread]: Connection 'master' was properly closed.
[0m22:02:48.208284 [debug] [MainThread]: Connection 'sql_operation.fashion_retail_analytics.inline_query' was properly closed.
[0m22:02:48.208858 [debug] [MainThread]: Command end result
[0m22:02:48.250572 [debug] [MainThread]: Wrote artifact WritableManifest to /Users/souleyjr/data-portfolio/02-fashion-retail-analytics/dbt/target/manifest.json
[0m22:02:48.253122 [debug] [MainThread]: Wrote artifact SemanticManifest to /Users/souleyjr/data-portfolio/02-fashion-retail-analytics/dbt/target/semantic_manifest.json
[0m22:02:48.255367 [debug] [MainThread]: Wrote artifact OsiDocument to /Users/souleyjr/data-portfolio/02-fashion-retail-analytics/dbt/target/osi_document.json
[0m22:02:48.262202 [debug] [MainThread]: Wrote artifact RunExecutionResult to /Users/souleyjr/data-portfolio/02-fashion-retail-analytics/dbt/target/run_results.json
[0m22:02:48.262575 [info ] [MainThread]: Previewing inline node:
|   n |
| --- |
| 166 |

[0m22:02:48.265481 [debug] [MainThread]: Resource report: {"command_name": "show", "command_success": true, "command_wall_clock_time": 2.0427904, "process_in_blocks": "0", "process_kernel_time": 0.43579, "process_mem_max_rss": "183353344", "process_out_blocks": "0", "process_user_time": 3.862942}
[0m22:02:48.265945 [debug] [MainThread]: Command `dbt show` succeeded at 22:02:48.265857 after 2.04 seconds
[0m22:02:48.266280 [debug] [MainThread]: Sending event: {'category': 'dbt', 'action': 'invocation', 'label': 'end', 'context': [<snowplow_tracker.self_describing_json.SelfDescribingJson object at 0x10b3de3c0>, <snowplow_tracker.self_describing_json.SelfDescribingJson object at 0x10b1a7170>, <snowplow_tracker.self_describing_json.SelfDescribingJson object at 0x108e92390>]}
[0m22:02:48.266599 [debug] [MainThread]: Flushing usage events
[0m22:02:48.648351 [debug] [MainThread]: An error was encountered while trying to flush usage events
