season,player_name,poste_groupe,club,age,note_avant,note_fin,variation_pendant,variation_avant,variation_relative,pct_titularisation
2013/2014,Piti,Attaquant,Granada CF,32,75,75,0,5,0.0,52.6
2013/2014,Borja Oubina,Milieu,RC Celta de Vigo,31,74,74,0,5,0.0,63.2
2013/2014,Nolito,Attaquant,RC Celta de Vigo,27,76,76,0,,0.0,63.2
2013/2014,Charles,Attaquant,RC Celta de Vigo,29,74,75,1,,1.0,76.3
2013/2014,Mikel Balenziaga,Défenseur,Athletic Club de Bilbao,25,74,75,1,8,1.0,81.6
2013/2014,Ander Iturraspe,Milieu,Athletic Club de Bilbao,24,76,78,2,3,2.0,81.6
2013/2014,Angel Di Maria,Milieu,Real Madrid CF,25,86,86,0,1,0.0,71.1
2013/2014,Jese Rodriguez,Attaquant,Real Madrid CF,20,75,76,1,,1.0,10.5
2013/2014,Jose Dorado,Défenseur,Villarreal CF,31,71,71,0,0,0.0,44.7
2013/2014,Ikechukwu Uche,Attaquant,Villarreal CF,29,72,74,2,,2.0,50.0
2013/2014,Cristian Lobato,Milieu,CA Osasuna,24,68,68,0,,0.0,2.6
2013/2014,Antonio Rukavina,Défenseur,Real Valladolid,29,76,75,-1,9,-1.0,89.5
2013/2014,Stefan Mitrovic,Défenseur,Real Valladolid,23,68,68,0,,0.0,42.1
2013/2014,Daniel Larsson,Milieu,Real Valladolid,26,65,68,3,1,3.0,55.3
2013/2014,Cristian Herrera,Attaquant,Elche CF,22,60,67,7,,6.0,31.6
2013/2014,Rafita,Défenseur,UD Almería,31,66,68,2,,2.0,63.2
2013/2014,Mane,Défenseur,UD Almería,32,69,68,-1,-3,-1.0,21.1
2013/2014,Miranda,Défenseur,Atlético Madrid,29,80,81,1,2,1.0,84.2
2013/2014,Emiliano Insua,Défenseur,Atlético Madrid,24,77,78,1,,1.0,13.2
2013/2014,Anaitz Arbilla,Défenseur,Rayo Vallecano,26,68,70,2,2,2.0,68.4
2013/2014,Iago Falque,Milieu,Rayo Vallecano,23,71,72,1,,1.0,68.4
2013/2014,Sergio Sanchez,Défenseur,Málaga CF,27,75,75,0,2,0.0,68.4
2013/2014,Fernando Damian Tissone,Milieu,Málaga CF,27,73,74,1,,1.0,65.8
2013/2014,Beto,Gardien,Sevilla FC,31,78,78,0,,0.0,86.8
2013/2014,Sergio Busquets,Milieu,FC Barcelona,25,85,85,0,0,0.0,78.9
2013/2014,Daniel Parejo,Milieu,Valencia CF,24,76,77,1,0,1.0,73.7
2013/2014,Raul Garcia,Milieu,Atlético Madrid,27,78,79,1,1,1.0,47.4
2013/2014,Markel Bergara,Milieu,Real Sociedad,27,73,76,3,5,3.0,84.2
2013/2014,Imanol Agirretxe,Attaquant,Real Sociedad,26,76,77,1,5,1.0,55.3
2013/2014,Jon Aurtenetxe,Défenseur,RC Celta de Vigo,21,74,72,-2,1,-2.0,44.7
2013/2014,Michael Pereira,Milieu,Granada CF,26,72,71,-1,0,-1.0,28.9
2013/2014,Pizzi,Milieu,RCD Espanyol,24,74,76,2,0,2.0,42.1
2013/2014,Pedro Mosquera,Milieu,Getafe CF,25,69,70,1,,1.0,44.7
2013/2014,Inigo Lopez,Défenseur,RC Celta de Vigo,31,71,71,0,0,0.0,13.2
2013/2014,Issam El Adoua,Défenseur,Levante UD,27,68,70,2,1,2.0,23.7
2013/2014,Oscar Gonzalez,Milieu,Real Valladolid,31,77,77,0,5,0.0,44.7
2013/2014,Toni,Défenseur,RC Celta de Vigo,23,66,63,-3,,-3.0,28.9
2013/2014,Sisi,Milieu,CA Osasuna,27,74,74,0,0,0.0,18.4
2013/2014,Nelson,Défenseur,UD Almería,30,72,72,0,,0.0,36.8
2013/2014,Casemiro,Milieu,Real Madrid CF,21,74,75,1,0,1.0,2.6
2013/2014,Patrick Ebert,Milieu,Real Valladolid,26,78,78,0,4,0.0,34.2
2014/2015,Grzegorz Krychowiak,Milieu,Sevilla FC,24,77,80,3,2,3.0,81.6
2014/2015,Javi Fuego,Milieu,Valencia CF,30,78,79,1,0,1.0,89.5
2014/2015,Jesus Fernandez,Gardien,Levante UD,26,66,69,3,,3.0,15.8
2014/2015,Simao,Milieu,Levante UD,26,72,72,0,2,0.0,63.2
2014/2015,Tito,Défenseur,Rayo Vallecano,29,74,77,3,0,3.0,81.6
2014/2015,Weligton,Défenseur,Málaga CF,35,78,77,-1,0,-1.0,84.2
2014/2015,Roque Santa Cruz,Attaquant,Málaga CF,33,76,74,-2,0,-2.0,28.9
2014/2015,Benat Etxebarria,Milieu,Athletic Club de Bilbao,27,79,78,-1,-3,-1.0,52.6
2014/2015,Aritz Aduriz,Attaquant,Athletic Club de Bilbao,33,79,82,3,0,3.0,78.9
2014/2015,Gustavo Cabral,Défenseur,RC Celta de Vigo,29,71,73,2,1,2.0,92.1
2014/2015,Fabian Orellana,Attaquant,RC Celta de Vigo,28,73,77,4,0,4.0,89.5
2014/2015,Michael Krohn-Dehli,Milieu,RC Celta de Vigo,31,72,75,3,-1,3.0,92.1
2014/2015,Javi Lara,Milieu,SD Eibar,29,65,70,5,,5.0,42.1
2014/2015,Enaut Zubikarai,Gardien,Real Sociedad,30,68,71,3,0,3.0,42.1
2014/2015,Ruben Rochina,Milieu,Granada CF,23,70,72,2,2,2.0,31.6
2014/2015,Alberto Lopo,Défenseur,RC Deportivo de La Coruña,34,68,71,3,-7,3.0,78.9
2014/2015,Jose Rodriguez,Milieu,RC Deportivo de La Coruña,20,68,73,5,,5.0,44.7
2014/2015,Lionel Messi,Attaquant,FC Barcelona,27,94,93,-1,0,-1.0,97.4
2014/2015,Ferran Corominas,Milieu,Elche CF,31,74,72,-2,0,-2.0,36.8
2014/2015,Iker Casillas,Gardien,Real Madrid CF,33,86,84,-2,-2,-2.0,84.2
2014/2015,Pepe,Défenseur,Real Madrid CF,31,83,83,0,-1,0.0,65.8
2014/2015,Gareth Bale,Attaquant,Real Madrid CF,25,87,87,0,1,0.0,78.9
2014/2015,Jose Angel Crespo,Défenseur,Córdoba CF,27,68,69,1,3,1.0,68.4
2014/2015,Fausto Rossi,Milieu,Córdoba CF,24,72,73,1,7,1.0,42.1
2014/2015,Matos,Milieu,Córdoba CF,21,71,74,3,2,3.0,5.3
2014/2015,Pablo Hervias,Milieu,Real Sociedad,21,62,69,7,,6.0,5.3
2014/2015,Samuel Garcia,Milieu,Málaga CF,24,64,71,7,10,6.0,71.1
2014/2015,Arda Turan,Milieu,Atlético Madrid,27,85,84,-1,1,-1.0,73.7
2014/2015,Cristian Stuani,Attaquant,RCD Espanyol,28,71,74,3,-3,3.0,39.5
2014/2015,Xabier Etxeita,Défenseur,Athletic Club de Bilbao,27,71,75,4,-4,4.0,57.9
2014/2015,Oscar de Marcos,Défenseur,Athletic Club de Bilbao,25,77,78,1,2,1.0,84.2
2014/2015,Loukas Vyntra,Défenseur,Levante UD,33,75,74,-1,1,-1.0,68.4
2014/2015,Corona,Milieu,UD Almería,33,68,71,3,0,3.0,60.5
2014/2015,Thievy Bifouma,Attaquant,UD Almería,22,73,73,0,,0.0,55.3
2014/2015,Neymar,Attaquant,FC Barcelona,22,85,86,1,2,1.0,76.3
2014/2015,Jhon Cordoba,Attaquant,Granada CF,21,69,71,2,2,2.0,42.1
2014/2015,Luciano Dario Vietto,Attaquant,Villarreal CF,21,73,78,5,,5.0,44.7
2014/2015,Alejandro Arribas,Défenseur,Sevilla FC,25,76,78,2,0,2.0,26.3
2014/2015,Ever Banega,Milieu,Sevilla FC,26,81,80,-1,2,-1.0,60.5
2014/2015,Keylor Navas,Gardien,Real Madrid CF,28,78,79,1,7,1.0,15.8
2014/2015,Lica,Milieu,Rayo Vallecano,26,73,73,0,-2,0.0,44.7
2014/2015,Manu del Moral,Milieu,SD Eibar,30,73,74,1,-2,1.0,55.3
2014/2015,Gerard Pique,Défenseur,FC Barcelona,27,86,84,-2,0,-2.0,68.4
2014/2015,Derek Boateng,Milieu,SD Eibar,31,71,71,0,-4,0.0,21.1
2014/2015,Jorge Garcia Morcillo,Défenseur,Rayo Vallecano,28,66,67,1,,1.0,18.4
2014/2015,Edimar Fraga,Défenseur,Córdoba CF,28,69,70,1,0,1.0,44.7
2014/2015,Fabio Coentrao,Défenseur,Real Madrid CF,26,79,79,0,-1,0.0,13.2
2014/2015,Carlos Vigaray,Défenseur,Getafe CF,20,57,60,3,,2.0,26.3
2014/2015,Douglas,Défenseur,FC Barcelona,24,69,68,-1,,-1.0,2.6
2015/2016,Ivan Lopez,Défenseur,Levante UD,22,70,74,4,7,2.0,26.3
2015/2016,Ruben Blanco,Gardien,RC Celta de Vigo,20,68,70,2,,0.0,21.1
2015/2016,Hugo Mallo,Défenseur,RC Celta de Vigo,24,75,78,3,0,2.0,86.8
2015/2016,Marcos Angeleri,Défenseur,Málaga CF,32,73,76,3,1,1.0,34.2
2015/2016,Duje Cop,Attaquant,Málaga CF,25,69,72,3,,1.0,65.8
2015/2016,Ricardo Horta,Milieu,Málaga CF,21,71,74,3,0,1.0,23.7
2015/2016,Benoit Tremoulinas,Défenseur,Sevilla FC,30,78,81,3,1,2.0,63.2
2015/2016,Jordi Alba,Défenseur,FC Barcelona,26,81,84,3,-1,2.0,76.3
2015/2016,Ivan Rakitic,Milieu,FC Barcelona,27,83,85,2,2,1.0,78.9
2015/2016,Andres Iniesta,Milieu,FC Barcelona,31,89,88,-1,0,-2.0,65.8
2015/2016,Jean-Sylvain Babin,Défenseur,Granada CF,29,71,74,3,1,1.0,65.8
2015/2016,Mauro Dos Santos,Défenseur,SD Eibar,26,70,72,2,7,0.0,78.9
2015/2016,Sergi Enrich,Attaquant,SD Eibar,25,65,71,6,,4.0,65.8
2015/2016,Vicente Guaita,Gardien,Getafe CF,28,79,77,-2,0,-3.0,100.0
2015/2016,Alexis,Défenseur,Getafe CF,30,74,75,1,-1,-1.0,39.5
2015/2016,Juan Vargas,Défenseur,Real Betis Balompié,32,75,76,1,-1,0.0,52.6
2015/2016,Eric Bertrand Bailly,Défenseur,Villarreal CF,21,70,80,10,,8.0,65.8
2015/2016,Victor Ruiz,Défenseur,Villarreal CF,26,77,80,3,0,2.0,84.2
2015/2016,Tomas Pina,Milieu,Villarreal CF,28,75,78,3,0,2.0,50.0
2015/2016,Nacho Cases,Milieu,Real Sporting de Gijón,28,71,73,2,,0.0,55.3
2015/2016,Danilo,Défenseur,Real Madrid CF,24,79,80,1,2,0.0,60.5
2015/2016,Luka Modric,Milieu,Real Madrid CF,30,87,87,0,1,-1.0,81.6
2015/2016,Toni Kroos,Milieu,Real Madrid CF,25,85,87,2,1,1.0,84.2
2015/2016,Carlos Vela,Milieu,Real Sociedad,26,83,81,-2,1,-3.0,84.2
2015/2016,Tono,Gardien,Rayo Vallecano,36,74,75,1,1,-1.0,26.3
2015/2016,Mathew Ryan,Gardien,Valencia CF,23,76,78,2,4,1.0,21.1
2015/2016,Joao Cancelo,Défenseur,Valencia CF,21,70,75,5,2,3.0,65.8
2015/2016,Ruben Vezo,Défenseur,Valencia CF,21,74,76,2,5,0.0,26.3
2015/2016,Alvaro Negredo,Attaquant,Valencia CF,30,83,81,-2,0,-3.0,31.6
2015/2016,David Junca,Défenseur,SD Eibar,22,61,70,9,,6.0,65.8
2015/2016,Roberto Lago,Défenseur,Getafe CF,30,71,74,3,-2,1.0,44.7
2015/2016,Stefan Scepovic,Attaquant,Getafe CF,25,69,71,2,-1,0.0,44.7
2015/2016,Jeremy Mathieu,Défenseur,FC Barcelona,32,80,82,2,2,1.0,31.6
2015/2016,Munir El Haddadi,Attaquant,FC Barcelona,20,71,74,3,8,1.0,21.1
2015/2016,Nabil El Zhar,Milieu,UD Las Palmas,29,73,74,1,-1,-1.0,44.7
2015/2016,Mikel Gonzalez,Défenseur,Real Sociedad,30,78,76,-2,-1,-3.0,44.7
2015/2016,Asier Illarramendi,Milieu,Real Sociedad,25,79,79,0,-1,-1.0,84.2
2015/2016,Andre Gomes,Milieu,Valencia CF,22,76,80,4,3,3.0,71.1
2015/2016,Francisco Alcacer,Attaquant,Valencia CF,22,80,80,0,5,-1.0,65.8
2015/2016,Jose Luis Morales,Milieu,Levante UD,28,73,77,4,9,2.0,81.6
2015/2016,Daniel Ceballos,Milieu,Real Betis Balompié,19,66,74,8,,6.0,57.9
2015/2016,Ricky van Wolfswinkel,Attaquant,Real Betis Balompié,26,74,73,-1,2,-3.0,13.2
2015/2016,Success Isaac,Milieu,Granada CF,19,60,70,10,4,7.0,73.7
2015/2016,Marco Andreolli,Défenseur,Sevilla FC,29,75,77,2,0,1.0,18.4
2015/2016,Heiko Westermann,Défenseur,Real Betis Balompié,32,75,76,1,0,0.0,52.6
2015/2016,Carlos Gurpegi,Défenseur,Athletic Club de Bilbao,35,76,79,3,1,2.0,31.6
2015/2016,Adrian Embarba,Milieu,Rayo Vallecano,23,70,73,3,13,1.0,50.0
2015/2016,Miguel Lopes,Défenseur,Granada CF,29,73,76,3,-1,1.0,60.5
2015/2016,James Rodriguez,Milieu,Real Madrid CF,24,86,87,1,3,0.0,44.7
2015/2016,Jesus Gamez,Défenseur,Atlético Madrid,30,78,78,0,-1,-1.0,18.4
2015/2016,Theo Bongonda,Milieu,RC Celta de Vigo,20,67,72,5,2,3.0,36.8
2015/2016,Yoel Rodriguez,Gardien,Rayo Vallecano,27,73,72,-1,1,-3.0,23.7
2015/2016,Mateo Pablo Musacchio,Défenseur,Villarreal CF,25,80,81,1,4,0.0,31.6
2015/2016,Sebastian Cristoforo,Milieu,Sevilla FC,22,69,72,3,,1.0,44.7
2015/2016,Nikos Karabelas,Défenseur,Levante UD,31,70,71,1,-1,-1.0,2.6
2015/2016,Alvaro Medran,Milieu,Getafe CF,21,72,72,0,,-2.0,42.1
2015/2016,David Goldar,Défenseur,RC Celta de Vigo,21,62,64,2,,-1.0,2.6
2015/2016,Mamadou Sylla,Attaquant,RCD Espanyol,21,61,68,7,,4.0,5.3
2015/2016,Ognjen Vranjes,Défenseur,Real Sporting de Gijón,26,63,71,8,,5.0,26.3
2015/2016,Charly Musonda,Milieu,Real Betis Balompié,19,58,71,13,,10.0,34.2
2015/2016,Josip Radosevic,Milieu,SD Eibar,21,65,65,0,,-2.0,13.2
2015/2016,Manuel Pablo,Défenseur,RC Deportivo de La Coruña,39,68,67,-1,0,-3.0,5.3
2015/2016,Kike Sola,Attaquant,Athletic Club de Bilbao,29,74,71,-3,2,-5.0,2.6
2015/2016,Bojan Jokic,Défenseur,Villarreal CF,29,71,75,4,-3,2.0,5.3
2015/2016,Juan Dominguez Lamas,Milieu,RC Deportivo de La Coruña,25,75,72,-3,3,-4.0,5.3
2015/2016,Vincenzo Rennella,Attaquant,Real Betis Balompié,27,70,71,1,,-1.0,5.3
2012/2013,Goran Karanovic,Attaquant,Servette FC,25,59,58,-1,,-3.0,50.0
2012/2013,Alexander Dragovic,Défenseur,FC Basel,21,74,74,0,,0.0,88.9
2012/2013,Muhamed Demiri,Milieu,FC Thun,27,60,59,-1,,-3.0,75.0
2012/2013,Chris Malonga,Milieu,FC Lausanne-Sports,25,66,65,-1,,-1.0,83.3
2012/2013,Jocelyn Roux,Attaquant,FC Lausanne-Sports,26,60,61,1,,-1.0,38.9
2012/2013,Sally Sarr,Défenseur,FC Luzern,26,65,62,-3,,-3.0,61.1
2012/2013,Mario Buehler,Défenseur,FC Luzern,20,55,58,3,,1.0,8.3
2012/2013,Adrian Winter,Milieu,FC Luzern,26,60,63,3,,1.0,75.0
2012/2013,Berat Djimsiti,Défenseur,FC Zürich,19,53,52,-1,,-3.0,88.9
2012/2013,Roman Buerki,Gardien,Grasshopper Club Zürich,22,64,69,5,,3.0,94.4
2012/2013,Stephane Grichting,Défenseur,Grasshopper Club Zürich,33,75,71,-4,,-4.0,91.7
2012/2013,Didier Crettenand,Milieu,FC Sion,26,62,63,1,,-1.0,55.6
2012/2013,Gaston Sauro,Défenseur,FC Basel,22,62,66,4,,2.0,38.9
2012/2013,Oliver Buff,Milieu,FC Zürich,20,65,66,1,,1.0,61.1
2012/2013,Josip Drmic,Milieu,FC Zürich,20,63,64,1,,-1.0,77.8
2012/2013,Raphael Koch,Défenseur,FC Zürich,22,58,59,1,,-1.0,41.7
2012/2013,Malaury Martin,Milieu,FC Lausanne-Sports,24,66,66,0,,0.0,27.8
2013/2014,Marco Streller,Attaquant,FC Basel,32,72,72,0,-1,0.0,61.1
2013/2014,Alexander Gonzalez,Milieu,FC Aarau,21,62,63,1,-1,0.0,55.6
2013/2014,Alain Nef,Défenseur,FC Zürich,31,66,65,-1,-3,-1.0,33.3
2013/2014,David Moser,Gardien,FC Thun,24,54,56,2,-1,1.0,13.9
2013/2014,Dejan Janjatovic,Milieu,FC St. Gallen,21,57,64,7,-3,6.0,61.1
2013/2014,Nassim Ben Khalifa,Attaquant,Grasshopper Club Zürich,21,69,68,-1,1,-1.0,66.7
2013/2014,Ivan Martic,Défenseur,FC St. Gallen,23,53,56,3,,2.0,47.2
2013/2014,Jahmir Hyka,Milieu,FC Luzern,25,66,70,4,0,4.0,41.7
2013/2014,Asmir Kajevic,Milieu,FC Zürich,23,58,58,0,-1,-1.0,11.1
2013/2014,Serey Die,Milieu,FC Basel,29,67,72,5,,5.0,52.8
2013/2014,Max Veloso,Milieu,FC Sion,21,60,60,0,5,-1.0,19.4
2013/2014,Lars Unnerstall,Gardien,FC Aarau,23,74,72,-2,3,-2.0,44.4
2013/2014,Yvon Mvogo,Gardien,BSC Young Boys,19,49,59,10,,9.0,52.8
2013/2014,Mathieu Salamand,Milieu,FC Thun,22,54,55,1,0,0.0,5.6
2013/2014,Joao Barroca,Gardien,FC Lausanne-Sports,27,58,58,0,0,-1.0,25.0
2013/2014,Juho Maekelae,Attaquant,FC St. Gallen,30,61,61,0,,-1.0,2.8
2013/2014,Nicolas Schindelholz,Défenseur,FC Thun,25,63,63,0,-1,-1.0,19.4
2013/2014,Gaetan Karlen,Attaquant,FC Sion,20,62,62,0,,-1.0,2.8
2014/2015,Joel Mall,Gardien,FC Aarau,23,62,62,0,,-1.0,94.4
2014/2015,Igor N'Ganga,Défenseur,FC Aarau,27,58,58,0,,-1.0,83.3
2014/2015,Luca Radice,Milieu,FC Aarau,27,58,58,0,,-1.0,83.3
2014/2015,Berat Sadik,Attaquant,FC Thun,28,64,67,3,0,2.0,94.4
2014/2015,Jerome Thiesson,Défenseur,FC Luzern,27,57,57,0,-1,-1.0,66.7
2014/2015,Claudio Lustenberger,Défenseur,FC Luzern,27,64,63,-1,1,-2.0,91.7
2014/2015,Thierry Doubai,Milieu,FC Luzern,26,73,67,-6,0,-6.0,61.1
2014/2015,Vilmos Vanczak,Défenseur,FC Sion,31,67,62,-5,-1,-5.0,50.0
2014/2015,Birama Ndoye,Milieu,FC Sion,20,63,63,0,9,-1.0,72.2
2014/2015,Amine Mohamed Chermiti,Attaquant,FC Zürich,27,68,67,-1,-1,-1.0,47.2
2014/2015,Anatole Ngamukol,Attaquant,Grasshopper Club Zürich,26,66,64,-2,1,-2.0,44.4
2014/2015,Jakob Jantscher,Milieu,FC Luzern,25,71,70,-1,-1,-1.0,77.8
2014/2015,Daniel Lopar,Gardien,FC St. Gallen,29,62,60,-2,0,-3.0,47.2
2014/2015,Hekuran Kryeziu,Milieu,FC Vaduz,21,59,58,-1,0,-2.0,41.7
2014/2015,Mahmoud Kahraba,Milieu,Grasshopper Club Zürich,20,64,64,0,,-1.0,13.9
2014/2015,Mickael Facchinetti,Défenseur,FC St. Gallen,23,62,62,0,0,-1.0,63.9
2014/2015,Marco Mathys,Milieu,FC St. Gallen,27,63,64,1,7,0.0,52.8
2014/2015,Frank Feltscher,Attaquant,FC Aarau,26,62,61,-1,-3,-2.0,19.4
2015/2016,Carlitos,Milieu,FC Sion,33,67,70,3,-4,1.0,63.9
2015/2016,Breel Embolo,Attaquant,FC Basel,18,73,76,3,7,1.0,72.2
2015/2016,Guillaume Faivre,Gardien,FC Thun,28,60,58,-2,-1,-5.0,77.8
2015/2016,Caio,Milieu,Grasshopper Club Zürich,29,72,74,2,3,0.0,94.4
2015/2016,Mario Mutsch,Milieu,FC St. Gallen,31,58,59,1,-1,-2.0,83.3
2015/2016,Everton,Milieu,FC St. Gallen,27,62,65,3,,0.0,30.6
2015/2016,Marco Aratore,Milieu,FC St. Gallen,24,61,63,2,,-1.0,58.3
2015/2016,Frederic Veseli,Défenseur,Lugano,23,62,61,-1,,-4.0,91.7
2015/2016,Jan Lecjaks,Défenseur,BSC Young Boys,25,63,68,5,0,2.0,72.2
2015/2016,Franck Etoundi,Attaquant,FC Zürich,25,66,68,2,2,0.0,44.4
2015/2016,Geoffrey Mujangi Bia,Milieu,FC Sion,26,73,75,2,1,0.0,30.6
2015/2016,Joel Untersee,Milieu,FC Vaduz,21,58,60,2,1,-1.0,52.8
2015/2016,Scott Lee Sutter,Défenseur,BSC Young Boys,29,65,67,2,1,0.0,22.2
2015/2016,Nicola Sutter,Milieu,FC Thun,20,51,52,1,0,-2.0,11.1
2015/2016,Mario Gavranovic,Attaquant,FC Zürich,26,70,71,1,-1,-1.0,27.8
2015/2016,Matteo Tosetti,Attaquant,Lugano,23,59,60,1,,-2.0,25.0
2015/2016,Dzengis Cavusevic,Attaquant,FC St. Gallen,28,64,65,1,3,-2.0,30.6
2015/2016,Florian Stahel,Défenseur,FC Vaduz,30,60,62,2,0,-1.0,44.4
2015/2016,Noah Loosli,Défenseur,Grasshopper Club Zürich,18,55,57,2,,-1.0,2.8
2015/2016,Michael Eisenring,Défenseur,FC St. Gallen,22,52,52,0,,-3.0,2.8
2015/2016,Alexandr Kerzhakov,Attaquant,FC Zürich,33,76,77,1,,0.0,47.2
2014/2015,Iago Herrerin,Gardien,Athletic Club de Bilbao,26,68,72,4,4,4.0,10.5
2014/2015,Miku,Attaquant,Rayo Vallecano,29,71,71,0,0,0.0,5.3
2014/2015,Jordi Masip,Gardien,FC Barcelona,25,66,70,4,,4.0,2.6
2015/2016,Alfonso Pedraza,Milieu,Villarreal CF,19,63,69,6,,3.0,5.3
2012/2013,Maurice Brunner,Milieu,FC Zürich,21,58,57,-1,,-3.0,2.8
2015/2016,Ramon Cecchini,Attaquant,FC Vaduz,25,56,57,1,,-2.0,5.6
2012/2013,Alassane Tambe,Défenseur,KV Kortrijk,20,61,64,3,,1.0,30.0
2012/2013,Brecht Capon,Milieu,KV Kortrijk,24,64,66,2,,0.0,60.0
2012/2013,Dieumerci Mbokani,Attaquant,RSC Anderlecht,27,77,79,2,,2.0,63.3
2012/2013,Olivier Werner,Gardien,RAEC Mons,27,64,66,2,,0.0,53.3
2012/2013,Benjamin Nicaise,Milieu,RAEC Mons,32,66,66,0,,0.0,30.0
2012/2013,Yoni Buyens,Milieu,Standard de Liège,24,68,70,2,,2.0,96.7
2012/2013,Olivier Renard,Gardien,KV Mechelen,33,69,67,-2,,-2.0,20.0
2012/2013,Xavier Chen,Défenseur,KV Mechelen,29,68,70,2,,2.0,53.3
2012/2013,Robin Henkens,Milieu,KV Mechelen,24,60,66,6,,4.0,63.3
2012/2013,Vadis Odjidja-Ofoe,Milieu,Club Brugge KV,23,74,73,-1,,-1.0,76.7
2012/2013,Karim Belhocine,Défenseur,Waasland-Beveren,34,66,64,-2,,-2.0,83.3
2012/2013,Sergio Padt,Gardien,KAA Gent,22,67,68,1,,1.0,73.3
2012/2013,Remi Mareval,Défenseur,KAA Gent,29,69,69,0,,0.0,63.3
2012/2013,Mamoutou N'Diaye,Milieu,KAA Gent,22,59,66,7,,5.0,60.0
2012/2013,Thomas Wils,Milieu,Lierse SK,22,62,66,4,,2.0,93.3
2012/2013,Laszlo Koteles,Gardien,KRC Genk,28,66,68,2,,2.0,43.3
2012/2013,Dani Fernandez,Défenseur,KRC Genk,29,64,67,3,,1.0,83.3
2012/2013,Julien Gorius,Milieu,KRC Genk,27,71,70,-1,,-1.0,93.3
2012/2013,Steven Joseph-Monrose,Milieu,KRC Genk,22,63,69,6,,4.0,73.3
2012/2013,Bram Verbist,Gardien,KSV Cercle Brugge,29,66,66,0,,0.0,70.0
2012/2013,Bojan Jorgacevic,Gardien,Club Brugge KV,30,72,70,-2,,-2.0,40.0
2012/2013,Jonathan Blondel,Milieu,Club Brugge KV,28,69,72,3,,3.0,46.7
2012/2013,Oleksandr Iakovenko,Milieu,RSC Anderlecht,25,67,70,3,,3.0,16.7
2012/2013,Stefano Marzo,Défenseur,Beerschot AC,21,62,63,1,,-1.0,46.7
2012/2013,Pablo Cendros,Défenseur,KAA Gent,25,72,68,-4,,-4.0,40.0
2012/2013,Ilombe Mboyo,Attaquant,KAA Gent,25,68,73,5,,5.0,80.0
2012/2013,Robson,Défenseur,Oud-Heverlee Leuven,29,70,68,-2,,-2.0,66.7
2012/2013,Kenny Thompson,Défenseur,Oud-Heverlee Leuven,27,66,65,-1,,-1.0,60.0
2012/2013,Jimmy De Jonghe,Défenseur,SV Zulte-Waregem,20,59,63,4,,2.0,13.3
2012/2013,William Carvalho,Milieu,KSV Cercle Brugge,20,61,64,3,,1.0,50.0
2012/2013,Sofian Bidaoui,Milieu,Lierse SK,22,64,64,0,,-2.0,43.3
2012/2013,Maxime Biset,Défenseur,KV Mechelen,26,63,66,3,,1.0,90.0
2012/2013,Darren Keet,Gardien,KV Kortrijk,23,61,68,7,,5.0,96.7
2012/2013,Romain Reynaud,Défenseur,KV Kortrijk,29,65,68,3,,3.0,70.0
2012/2013,Pablo Chavarria,Milieu,KV Kortrijk,24,66,68,2,,2.0,73.3
2012/2013,Cedric Berthelin,Gardien,RAEC Mons,36,63,64,1,,-1.0,46.7
2012/2013,Jeremy Sapina,Défenseur,RAEC Mons,27,64,66,2,,0.0,60.0
2012/2013,Wallace,Défenseur,KAA Gent,26,64,65,1,,-1.0,23.3
2012/2013,Glynor Plet,Attaquant,KRC Genk,25,71,71,0,,0.0,23.3
2012/2013,Anthony Limbombe,Milieu,KRC Genk,18,63,66,3,,1.0,6.7
2012/2013,Kevin Dupuis,Attaquant,KV Kortrijk,25,67,64,-3,,-3.0,13.3
2012/2013,Niels Mestdagh,Milieu,KSV Cercle Brugge,19,52,57,5,,3.0,6.7
2012/2013,Milos Maric,Milieu,Sporting Lokeren,30,70,68,-2,,-2.0,36.7
2012/2013,Renato Neto,Milieu,KAA Gent,21,70,68,-2,,-2.0,26.7
2013/2014,Andile Jali,Milieu,KV Oostende,23,74,73,-1,,-1.0,100.0
2013/2014,Igor Berezovsky,Gardien,Lierse SK,23,54,65,11,,10.0,83.3
2013/2014,Kenny Steppe,Gardien,Waasland-Beveren,25,63,63,0,,-1.0,50.0
2013/2014,Rachid Farssi,Milieu,Lierse SK,28,65,65,0,0,0.0,16.7
2014/2015,Lynel Kitambala,Attaquant,Sporting Charleroi,26,69,66,-3,,-3.0,50.0
2014/2015,Hrvoje Cale,Défenseur,Waasland-Beveren,29,65,65,0,,0.0,40.0
2014/2015,Noe Dussenne,Défenseur,KSV Cercle Brugge,22,63,63,0,,-1.0,90.0
2014/2015,Benito Raman,Attaquant,KAA Gent,20,66,68,2,,2.0,53.3
2014/2015,Ahmed El Messaoudi,Milieu,Lierse SK,19,61,64,3,,2.0,66.7
2014/2015,Zizo,Milieu,Lierse SK,18,59,63,4,,3.0,83.3
2014/2015,Chancel Mbemba,Défenseur,RSC Anderlecht,20,72,74,2,,2.0,66.7
2014/2015,Teddy Mezague,Défenseur,Royal Excel Mouscron,24,62,65,3,1,2.0,76.7
2014/2015,Baptiste Ulens,Défenseur,KV Kortrijk,27,61,61,0,,-1.0,36.7
2014/2015,Stijn De Smet,Milieu,KV Kortrijk,29,67,68,1,,1.0,36.7
2014/2015,Martin Milec,Défenseur,Standard de Liège,23,65,68,3,,3.0,63.3
2014/2015,Clement Tainmont,Milieu,Sporting Charleroi,28,64,69,5,,4.0,70.0
2014/2015,Benoit Poulain,Défenseur,KV Kortrijk,27,64,67,3,,2.0,66.7
2014/2015,Dalibor Veselinovic,Attaquant,KV Mechelen,27,65,67,2,1,2.0,70.0
2014/2015,Niels De Schutter,Défenseur,KV Oostende,26,62,64,2,,1.0,66.7
2014/2015,Danijel Milicevic,Attaquant,KAA Gent,28,69,71,2,4,2.0,63.3
2014/2015,Robert Klaasen,Milieu,KV Kortrijk,21,62,64,2,,1.0,33.3
2014/2015,Leander Dendoncker,Milieu,RSC Anderlecht,19,60,69,9,,8.0,43.3
2014/2015,Mohamed Daf,Défenseur,Sporting Charleroi,20,61,61,0,,-1.0,3.3
2014/2015,Yanis Mbombo Lokwa,Attaquant,Standard de Liège,20,58,62,4,,3.0,10.0
2014/2015,Benjamin De Ceulaer,Attaquant,KRC Genk,31,71,69,-2,,-2.0,16.7
2014/2015,Dylan Ragolle,Milieu,KV Kortrijk,20,56,56,0,,-1.0,3.3
2014/2015,Brice Ntambwe,Attaquant,Lierse SK,21,64,64,0,,-1.0,3.3
2014/2015,Jeremy Dumesnil,Gardien,KV Oostende,28,60,60,0,,-1.0,6.7
2014/2015,Birger Verstraete,Milieu,Royal Excel Mouscron,20,65,63,-2,,-2.0,10.0
2014/2015,Ghislain Gimbert,Attaquant,SV Zulte-Waregem,29,68,68,0,,0.0,16.7
2014/2015,Marko Marin,Milieu,RSC Anderlecht,25,78,77,-1,0,-1.0,16.7
2015/2016,Laurens De Bock,Défenseur,Club Brugge KV,23,70,73,3,0,1.0,73.3
2015/2016,Jordan Remacle,Milieu,Oud-Heverlee Leuven,28,69,70,1,-1,-1.0,90.0
2015/2016,Didier Ovono,Gardien,KV Oostende,32,67,70,3,-1,1.0,76.7
2015/2016,Fernando Canesin Matos,Milieu,KV Oostende,23,68,72,4,0,2.0,93.3
2015/2016,Mats Rits,Milieu,KV Mechelen,22,65,67,2,0,0.0,63.3
2015/2016,Mbaye Leye,Attaquant,SV Zulte-Waregem,33,69,72,3,-2,1.0,93.3
2015/2016,Davino Verhulst,Gardien,Sporting Lokeren,28,69,70,1,2,-1.0,76.7
2015/2016,Evariste Ngolok,Milieu,Sporting Lokeren,27,64,66,2,-3,-1.0,40.0
2015/2016,Mitch Apau,Défenseur,KVC Westerlo,25,64,67,3,0,0.0,100.0
2015/2016,Nils Schouterden,Milieu,KVC Westerlo,27,65,66,1,,-1.0,46.7
2015/2016,Kevin Koffi,Attaquant,KVC Westerlo,29,64,64,0,,-3.0,6.7
2015/2016,Laurent Henkinet,Gardien,Waasland-Beveren,23,65,64,-1,,-3.0,60.0
2015/2016,Thibault Moulin,Milieu,Waasland-Beveren,25,63,69,6,,3.0,90.0
2015/2016,Enes Saglik,Milieu,Sporting Charleroi,24,65,70,5,1,3.0,93.3
2015/2016,Thibault Peyre,Défenseur,Royal Excel Mouscron,23,63,66,3,4,0.0,40.0
2015/2016,Jelle Vossen,Attaquant,Club Brugge KV,26,72,75,3,-4,1.0,53.3
2015/2016,Brian Hamalainen,Défenseur,KRC Genk,26,68,68,0,,-2.0,36.7
2015/2016,Rudy Riou,Gardien,Oud-Heverlee Leuven,35,70,69,-1,6,-3.0,96.7
2015/2016,David Hubert,Milieu,Royal Excel Mouscron,27,66,68,2,-2,0.0,66.7
2015/2016,Gilles Ruyssen,Défenseur,KVC Westerlo,21,59,65,6,,3.0,40.0
2015/2016,Claudemir,Milieu,Club Brugge KV,27,69,71,2,-4,0.0,60.0
2015/2016,Cristian Cuevas,Milieu,Sint-Truidense VV,20,63,64,1,,-2.0,66.7
2015/2016,Herve Kage,Milieu,KV Kortrijk,26,68,69,1,-1,-1.0,23.3
2015/2016,Parfait Mandanda,Gardien,Sporting Charleroi,26,68,68,0,0,-2.0,26.7
2015/2016,Davy de Fauw,Défenseur,Club Brugge KV,34,70,69,-1,0,-3.0,30.0
2015/2016,Dimitri Mohamed,Milieu,Royal Excel Mouscron,26,59,61,2,,-1.0,26.7
2015/2016,Jarno Molenberghs,Milieu,KVC Westerlo,26,63,64,1,,-2.0,30.0
2015/2016,Obbi Oulare,Attaquant,Club Brugge KV,19,68,68,0,,-2.0,13.3
2015/2016,Michael Heylen,Défenseur,RSC Anderlecht,21,67,69,2,0,0.0,13.3
2012/2013,Fraizer Campbell,Milieu,Sunderland,25,72,73,1,,1.0,2.6
2012/2013,Stephane Sessegnon,Attaquant,Sunderland,28,81,81,0,,0.0,89.5
2012/2013,Michael Carrick,Milieu,Manchester United,31,81,82,1,,1.0,89.5
2012/2013,Michael Turner,Défenseur,Norwich City,29,74,73,-1,,-1.0,65.8
2012/2013,Papiss Cisse,Attaquant,Newcastle United,27,81,81,0,,0.0,92.1
2012/2013,Aaron Lennon,Milieu,Tottenham Hotspur,25,81,80,-1,,-1.0,86.8
2012/2013,Clint Hill,Défenseur,Queens Park Rangers,34,68,72,4,,4.0,81.6
2012/2013,Fabio,Défenseur,Queens Park Rangers,22,76,75,-1,,-1.0,34.2
2012/2013,Ashley Williams,Défenseur,Swansea City,28,74,78,4,,4.0,97.4
2012/2013,Nathan Dyer,Milieu,Swansea City,25,75,75,0,,0.0,65.8
2012/2013,Pavel Pogrebnyak,Attaquant,Reading,29,76,74,-2,,-2.0,68.4
2012/2013,Michael Kightly,Milieu,Stoke City,26,72,74,2,,2.0,36.8
2012/2013,Shane Long,Attaquant,West Bromwich Albion,25,75,74,-1,,-1.0,65.8
2012/2013,Pepe Reina,Gardien,Liverpool,30,85,83,-2,,-2.0,81.6
2012/2013,Martin Kelly,Défenseur,Liverpool,22,77,76,-1,,-1.0,10.5
2012/2013,Lucas Leiva,Milieu,Liverpool,25,80,81,1,,1.0,63.2
2012/2013,George McCartney,Défenseur,West Ham United,31,68,70,2,,2.0,23.7
2012/2013,Franco Di Santo,Attaquant,Wigan Athletic,23,70,72,2,,2.0,63.2
2012/2013,Shaun Maloney,Attaquant,Wigan Athletic,29,70,74,4,,4.0,89.5
2012/2013,John Obi Mikel,Milieu,Chelsea,25,80,79,-1,,-1.0,50.0
2012/2013,Seamus Coleman,Défenseur,Everton,24,76,72,-4,,-4.0,63.2
2012/2013,Kevin Mirallas,Milieu,Everton,25,76,80,4,,4.0,60.5
2012/2013,Andre Wisdom,Défenseur,Liverpool,19,56,69,13,,11.0,31.6
2012/2013,Rio Ferdinand,Défenseur,Manchester United,34,84,83,-1,,-1.0,68.4
2012/2013,Jonny Evans,Défenseur,Manchester United,24,76,79,3,,3.0,55.3
2012/2013,Robin van Persie,Attaquant,Manchester United,29,88,89,1,,1.0,92.1
2012/2013,Charlie Adam,Milieu,Stoke City,27,80,75,-5,,-5.0,57.9
2012/2013,Joseph Bennett,Défenseur,Aston Villa,22,66,65,-1,,-1.0,55.3
2012/2013,Enda Stevens,Défenseur,Aston Villa,22,58,62,4,,2.0,15.8
2012/2013,David Jones,Milieu,Wigan Athletic,28,68,69,1,,1.0,21.1
2012/2013,Adrian Mariappa,Défenseur,Reading,26,73,72,-1,,-1.0,76.3
2012/2013,Kerim Frei Koyunlu,Milieu,Fulham,19,68,72,4,,4.0,5.3
2012/2013,Karim Rekik,Défenseur,Manchester City,18,62,73,11,,9.0,2.6
2012/2013,Jermaine Pennant,Milieu,Stoke City,29,77,75,-2,,-2.0,2.6
2012/2013,Jerome Thomas,Attaquant,West Bromwich Albion,29,73,73,0,,0.0,10.5
2012/2013,Hope Akpan,Milieu,Reading,21,64,65,1,,-1.0,15.8
2012/2013,Nick Blackman,Milieu,Reading,23,66,66,0,,0.0,7.9
2012/2013,Jermaine Jenas,Milieu,Queens Park Rangers,29,75,72,-3,,-3.0,21.1
2012/2013,Jan Mucha,Gardien,Everton,30,69,69,0,,0.0,5.3
2012/2013,Jay Bothroyd,Attaquant,Queens Park Rangers,30,72,70,-2,,-2.0,5.3
2012/2013,Joel Robles,Gardien,Wigan Athletic,22,71,73,2,,2.0,23.7
2013/2014,Kieran Gibbs,Défenseur,Arsenal,24,78,78,0,3,0.0,63.2
2013/2014,Nathan Baker,Défenseur,Aston Villa,22,71,71,0,5,0.0,76.3
2013/2014,Christian Benteke,Attaquant,Aston Villa,23,77,81,4,,4.0,63.2
2013/2014,John Terry,Défenseur,Chelsea,33,83,83,0,-2,0.0,89.5
2013/2014,David Meyler,Milieu,Hull City,24,68,67,-1,,-1.0,71.1
2013/2014,Robert Koren,Milieu,Hull City,33,73,72,-1,,-1.0,26.3
2013/2014,Yannick Sagbo,Attaquant,Hull City,25,73,72,-1,3,-1.0,42.1
2013/2014,Aaron Wilbraham,Attaquant,Crystal Palace,34,63,63,0,,-1.0,2.6
2013/2014,Kyle Walker,Défenseur,Tottenham Hotspur,23,79,77,-2,1,-2.0,68.4
2013/2014,Paulinho,Milieu,Tottenham Hotspur,25,80,81,1,,1.0,73.7
2013/2014,Glen Johnson,Défenseur,Liverpool,29,79,78,-1,-1,-1.0,76.3
2013/2014,Daniel Agger,Défenseur,Liverpool,29,83,81,-2,0,-2.0,42.1
2013/2014,Jordan Henderson,Milieu,Liverpool,23,74,78,4,-3,4.0,92.1
2013/2014,Robert Huth,Défenseur,Stoke City,29,77,77,0,1,0.0,31.6
2013/2014,Steven Nzonzi,Milieu,Stoke City,25,77,78,1,0,1.0,89.5
2013/2014,Vincent Kompany,Défenseur,Manchester City,27,86,86,0,1,0.0,73.7
2013/2014,Gael Clichy,Défenseur,Manchester City,28,81,80,-1,1,-1.0,47.4
2013/2014,Yaya Toure,Milieu,Manchester City,30,86,86,0,1,0.0,92.1
2013/2014,Yoan Gouffran,Milieu,Newcastle United,27,77,74,-3,,-3.0,81.6
2013/2014,Phil Jagielka,Défenseur,Everton,31,80,80,0,0,0.0,68.4
2013/2014,Maarten Stekelenburg,Gardien,Fulham,31,79,77,-2,-5,-2.0,50.0
2013/2014,Sascha Riether,Défenseur,Fulham,30,76,75,-1,0,-1.0,78.9
2013/2014,Kieran Richardson,Défenseur,Fulham,29,74,74,0,,0.0,73.7
2013/2014,Pajtim Kasami,Milieu,Fulham,21,73,73,0,4,0.0,52.6
2013/2014,Claudio Yacob,Milieu,West Bromwich Albion,26,78,78,0,1,0.0,57.9
2013/2014,Youssuf Mulumbu,Milieu,West Bromwich Albion,26,75,77,2,1,2.0,86.8
2013/2014,Nicolas Anelka,Attaquant,West Bromwich Albion,34,81,77,-4,,-4.0,28.9
2013/2014,Dejan Lovren,Défenseur,Southampton,24,78,79,1,-1,1.0,81.6
2013/2014,Morgan Schneiderlin,Milieu,Southampton,24,76,78,2,9,2.0,81.6
2013/2014,David Marshall,Gardien,Cardiff City,28,73,75,2,,2.0,97.4
2013/2014,Steven Caulker,Défenseur,Cardiff City,22,75,76,1,5,1.0,100.0
2013/2014,Ben Turner,Défenseur,Cardiff City,25,68,68,0,,0.0,78.9
2013/2014,Craig Bellamy,Milieu,Cardiff City,34,75,73,-2,,-2.0,34.2
2013/2014,Luis Suarez,Attaquant,Liverpool,26,86,89,3,0,3.0,86.8
2013/2014,Jonathan De Guzman,Milieu,Swansea City,26,75,76,1,-2,1.0,68.4
2013/2014,Andros Townsend,Milieu,Tottenham Hotspur,22,71,74,3,2,3.0,31.6
2013/2014,Fabio Borini,Milieu,Sunderland,22,75,72,-3,0,-3.0,65.8
2013/2014,Martin Olsson,Défenseur,Norwich City,25,73,74,1,,1.0,86.8
2013/2014,Gary Hooper,Attaquant,Norwich City,25,74,75,1,-2,1.0,57.9
2013/2014,Marouane Chamakh,Attaquant,Crystal Palace,29,76,75,-1,-1,-1.0,71.1
2013/2014,Aleksandar Tonev,Milieu,Aston Villa,23,67,66,-1,0,-1.0,15.8
2013/2014,Thomas Vermaelen,Défenseur,Arsenal,28,81,79,-2,-1,-2.0,18.4
2013/2014,Ryan Bennett,Défenseur,Norwich City,23,68,70,2,1,2.0,36.8
2013/2014,Micah Richards,Défenseur,Manchester City,25,79,78,-1,-1,-1.0,5.3
2013/2014,Javi Garcia,Milieu,Manchester City,26,79,79,0,,0.0,36.8
2013/2014,Gerhard Tremmel,Gardien,Swansea City,35,73,73,0,1,0.0,31.6
2013/2014,Alejandro Pozuelo,Milieu,Swansea City,22,68,71,3,-3,3.0,18.4
2013/2014,Younes Kaboul,Défenseur,Tottenham Hotspur,27,80,79,-1,0,-1.0,28.9
2013/2014,Victor Moses,Attaquant,Liverpool,23,76,75,-1,,-1.0,15.8
2013/2014,Pablo Hernandez,Milieu,Swansea City,28,76,76,0,0,0.0,44.7
2013/2014,Cameron Jerome,Attaquant,Crystal Palace,27,73,72,-1,0,-1.0,52.6
2013/2014,Georgios Karagounis,Milieu,Fulham,36,70,70,0,-6,0.0,15.8
2013/2014,Daniel Fox,Défenseur,Southampton,27,69,67,-2,1,-2.0,7.9
2013/2014,Zoltan Gera,Milieu,West Bromwich Albion,34,74,73,-1,-1,-1.0,13.2
2013/2014,Antolin Alcaraz,Défenseur,Everton,31,74,74,0,1,0.0,13.2
2013/2014,Jores Okore,Défenseur,Aston Villa,21,73,73,0,,0.0,5.3
2013/2014,Kevin McNaughton,Défenseur,Cardiff City,31,70,69,-1,,-1.0,7.9
2014/2015,Mathieu Debuchy,Défenseur,Arsenal,29,80,80,0,2,0.0,26.3
2014/2015,Alexis Sanchez,Milieu,Arsenal,26,82,85,3,-1,3.0,89.5
2014/2015,Kieran Trippier,Défenseur,Burnley,24,72,73,1,,1.0,100.0
2014/2015,Liam Moore,Défenseur,Leicester City,21,67,69,2,,2.0,26.3
2014/2015,Tim Howard,Gardien,Everton,35,81,79,-2,0,-2.0,84.2
2014/2015,Leighton Baines,Défenseur,Everton,30,82,81,-1,0,-1.0,81.6
2014/2015,James McCarthy,Milieu,Everton,24,77,80,3,2,3.0,71.1
2014/2015,Javier Manquillo,Défenseur,Liverpool,20,67,69,2,5,2.0,26.3
2014/2015,Martin Skrtel,Défenseur,Liverpool,30,81,80,-1,-1,-1.0,86.8
2014/2015,Steven Gerrard,Milieu,Liverpool,34,83,81,-2,0,-2.0,65.8
2014/2015,Fraser Forster,Gardien,Southampton,26,75,75,0,-1,0.0,78.9
2014/2015,James Ward-Prowse,Milieu,Southampton,20,73,74,1,5,1.0,42.1
2014/2015,Ander Herrera,Milieu,Manchester United,25,79,79,0,2,0.0,50.0
2014/2015,Sung-Yueng Ki,Milieu,Swansea City,25,74,74,0,0,0.0,78.9
2014/2015,Emmanuel Riviere,Attaquant,Newcastle United,24,73,72,-1,0,-1.0,39.5
2014/2015,Stevan Jovetic,Attaquant,Manchester City,25,83,81,-2,-1,-2.0,23.7
2014/2015,Alex Bruce,Défenseur,Hull City,30,67,67,0,1,0.0,44.7
2014/2015,Asmir Begovic,Gardien,Stoke City,27,82,82,0,2,0.0,92.1
2014/2015,Aly Cissokho,Défenseur,Aston Villa,27,74,73,-1,-1,-1.0,63.2
2014/2015,Fabian Delph,Milieu,Aston Villa,25,74,76,2,3,2.0,71.1
2014/2015,Gabriel Agbonlahor,Attaquant,Aston Villa,28,73,73,0,0,0.0,78.9
2014/2015,Craig Dawson,Défenseur,West Bromwich Albion,24,68,68,0,0,0.0,76.3
2014/2015,Jonas Olsson,Défenseur,West Bromwich Albion,31,76,76,0,0,0.0,23.7
2014/2015,Craig Gardner,Milieu,West Bromwich Albion,28,74,74,0,0,0.0,78.9
2014/2015,Vito Mannone,Gardien,Sunderland,26,72,73,1,1,1.0,26.3
2014/2015,Jack Rodwell,Milieu,Sunderland,23,76,76,0,-1,0.0,44.7
2014/2015,Joey O'Brien,Défenseur,West Ham United,28,70,70,0,1,0.0,15.8
2014/2015,Nacho Monreal,Défenseur,Arsenal,28,76,77,1,-2,1.0,68.4
2014/2015,Mathieu Flamini,Milieu,Arsenal,30,79,75,-4,3,-4.0,39.5
2014/2015,Ryan Mason,Milieu,Tottenham Hotspur,23,63,73,10,,9.0,76.3
2014/2015,Nacer Chadli,Milieu,Tottenham Hotspur,25,77,77,0,-1,0.0,73.7
2014/2015,Suk-Young Yun,Défenseur,Queens Park Rangers,24,68,70,2,,2.0,50.0
2014/2015,Sandro,Milieu,Queens Park Rangers,25,81,76,-5,0,-5.0,44.7
2014/2015,Santiago Vergini,Défenseur,Sunderland,26,73,73,0,,0.0,73.7
2014/2015,Sammy Ameobi,Milieu,Newcastle United,22,68,68,0,4,0.0,39.5
2014/2015,Steve Sidwell,Milieu,Stoke City,32,75,75,0,0,0.0,13.2
2014/2015,Eliaquim Mangala,Défenseur,Manchester City,23,80,79,-1,1,-1.0,63.2
2014/2015,Thomas Carroll,Milieu,Swansea City,22,70,69,-1,,-1.0,21.1
2014/2015,Marvin Emnes,Milieu,Swansea City,26,70,69,-1,-1,-1.0,7.9
2014/2015,Frank Lampard,Milieu,Manchester City,36,80,79,-1,-1,-1.0,26.3
2014/2015,Bafetimbi Gomis,Attaquant,Swansea City,29,78,77,-1,-3,-1.0,47.4
2014/2015,Luke Garbutt,Défenseur,Everton,21,62,66,4,,3.0,7.9
2014/2015,Barry Bannan,Milieu,Crystal Palace,25,70,69,-1,-1,-1.0,5.3
2014/2015,Stuart O'Keefe,Milieu,Crystal Palace,23,67,65,-2,3,-2.0,2.6
2014/2015,Cristian Gamboa,Défenseur,West Bromwich Albion,25,70,71,1,,1.0,2.6
2015/2016,Per Mertesacker,Défenseur,Arsenal,31,82,83,1,0,0.0,63.2
2015/2016,Aaron Ramsey,Milieu,Arsenal,25,82,82,0,0,-1.0,76.3
2015/2016,Tommy Elphick,Défenseur,Bournemouth,28,68,71,3,,1.0,28.9
2015/2016,Brad Guzan,Gardien,Aston Villa,31,78,76,-2,0,-3.0,73.7
2015/2016,Eden Hazard,Milieu,Chelsea,24,88,88,0,0,-1.0,65.8
2015/2016,Gylfi Sigurdsson,Milieu,Swansea City,26,78,79,1,4,0.0,84.2
2015/2016,Craig Cathcart,Défenseur,Watford,26,67,72,5,,3.0,89.5
2015/2016,Etienne Capoue,Milieu,Watford,27,78,77,-1,0,-2.0,86.8
2015/2016,Valon Behrami,Milieu,Watford,30,77,76,-1,-2,-2.0,36.8
2015/2016,Ritchie De Laet,Défenseur,Leicester City,27,70,72,2,2,0.0,18.4
2015/2016,Jeffrey Schlupp,Milieu,Leicester City,23,66,69,3,9,1.0,36.8
2015/2016,Riyad Mahrez,Milieu,Leicester City,24,70,81,11,3,9.0,94.7
2015/2016,Costel Pantilimon,Gardien,Sunderland,28,75,76,1,0,0.0,44.7
2015/2016,Adam Johnson,Milieu,Sunderland,28,77,78,1,0,0.0,28.9
2015/2016,Wayne Rooney,Attaquant,Manchester United,30,86,85,-1,-1,-2.0,71.1
2015/2016,Fabricio Coloccini,Défenseur,Newcastle United,33,78,77,-1,-2,-2.0,68.4
2015/2016,Gabriel Obertan,Milieu,Newcastle United,26,68,69,1,0,-1.0,7.9
2015/2016,Jose Fonte,Défenseur,Southampton,32,78,81,3,3,2.0,97.4
2015/2016,Matt Targett,Défenseur,Southampton,20,61,66,5,4,2.0,34.2
2015/2016,Victor Wanyama,Milieu,Southampton,24,76,77,1,0,0.0,76.3
2015/2016,Dusan Tadic,Milieu,Southampton,27,80,78,-2,0,-3.0,71.1
2015/2016,Jason Puncheon,Milieu,Crystal Palace,29,74,75,1,2,-1.0,81.6
2015/2016,Yohan Cabaye,Milieu,Crystal Palace,29,80,80,0,-1,-1.0,84.2
2015/2016,Wilfried Zaha,Milieu,Crystal Palace,23,74,78,4,2,2.0,78.9
2015/2016,Mame Biram Diouf,Attaquant,Stoke City,28,77,77,0,-2,-1.0,31.6
2015/2016,Nathaniel Clyne,Défenseur,Liverpool,24,76,80,4,2,3.0,86.8
2015/2016,Adam Lallana,Milieu,Liverpool,27,80,80,0,1,-1.0,60.5
2015/2016,Joe Hart,Gardien,Manchester City,28,83,84,1,1,0.0,92.1
2015/2016,Rudy Gestede,Attaquant,Aston Villa,27,71,73,2,,0.0,36.8
2015/2016,Sylvain Distin,Défenseur,Bournemouth,38,76,77,1,-1,0.0,23.7
2015/2016,Christian Fuchs,Défenseur,Leicester City,29,73,76,3,-1,1.0,78.9
2015/2016,N'Golo Kante,Milieu,Leicester City,24,73,79,6,4,4.0,86.8
2015/2016,Wayne Hennessey,Gardien,Crystal Palace,28,72,74,2,0,0.0,76.3
2015/2016,Jordy Clasie,Milieu,Southampton,24,77,77,0,1,-1.0,52.6
2015/2016,Fernando,Milieu,Manchester City,28,78,78,0,-1,-1.0,44.7
2015/2016,Bojan Krkic,Milieu,Stoke City,25,80,80,0,2,-1.0,57.9
2015/2016,Almen Abdi,Milieu,Watford,29,72,72,0,,-2.0,65.8
2015/2016,DeAndre Yedlin,Défenseur,Sunderland,22,67,71,4,,2.0,55.3
2015/2016,John O'Shea,Défenseur,Sunderland,34,74,75,1,-1,-1.0,60.5
2015/2016,Paul Dummett,Défenseur,Newcastle United,24,68,69,1,4,-1.0,60.5
2015/2016,Ayoze Perez,Milieu,Newcastle United,22,73,73,0,6,-2.0,57.9
2015/2016,Ramires,Milieu,Chelsea,28,81,80,-1,0,-2.0,18.4
2015/2016,Jordi Gomez,Milieu,Sunderland,30,69,70,1,0,-1.0,13.2
2015/2016,Duncan Watmore,Milieu,Sunderland,21,58,67,9,,6.0,18.4
2015/2016,Marouane Fellaini,Milieu,Manchester United,28,77,78,1,-3,0.0,31.6
2015/2016,Alex Song,Milieu,West Ham United,28,80,78,-2,-3,-3.0,21.1
2015/2016,Joe Ledley,Milieu,Crystal Palace,28,72,74,2,0,0.0,28.9
2015/2016,Nikica Jelavic,Attaquant,West Ham United,30,73,73,0,-2,-2.0,2.6
2015/2016,Jordi Amat,Défenseur,Swansea City,23,74,75,1,0,-1.0,13.2
2015/2016,Modou Barrow,Milieu,Swansea City,23,62,69,7,,4.0,15.8
2015/2016,Benik Afobe,Attaquant,Bournemouth,22,70,73,3,,1.0,31.6
2015/2016,Ben Foster,Gardien,West Bromwich Albion,32,78,79,1,0,0.0,39.5
2015/2016,Daniel Amartey,Défenseur,Leicester City,21,69,70,1,,-1.0,2.6
2015/2016,Thomas Robson,Défenseur,Sunderland,20,57,59,2,,-1.0,2.6
2015/2016,Lee Tomlin,Attaquant,Bournemouth,26,67,70,3,,1.0,7.9
2015/2016,Kelvin Davis,Gardien,Southampton,39,70,71,1,0,-1.0,2.6
2015/2016,Cristian Benavente,Milieu,Sporting Charleroi,21,62,63,1,,-2.0,3.3
2015/2016,Simon Diedhiou,Attaquant,KAA Gent,24,56,64,8,,5.0,3.3
2015/2016,Sinan Bolat,Gardien,Club Brugge KV,27,70,69,-1,,-3.0,10.0
2013/2014,David Vaughan,Milieu,Sunderland,30,73,72,-1,-4,-1.0,5.3
2013/2014,Massadio Haidara,Défenseur,Newcastle United,21,69,69,0,,0.0,7.9
2013/2014,Mahamadou Diarra,Milieu,Fulham,32,75,75,0,,0.0,10.5
2013/2014,Anders Lindegaard,Gardien,Manchester United,29,78,77,-1,0,-1.0,2.6
2013/2014,Harry Kane,Attaquant,Tottenham Hotspur,20,67,68,1,1,1.0,15.8
2013/2014,Stephen Quinn,Milieu,Hull City,27,67,68,1,,1.0,10.5
2014/2015,Emanuele Giaccherini,Milieu,Sunderland,29,78,77,-1,1,-1.0,5.3
2014/2015,Maynor Figueroa,Milieu,Hull City,31,75,68,-7,-1,-7.0,5.3
2014/2015,Mark Schwarzer,Gardien,Leicester City,42,77,73,-4,-2,-4.0,15.8
2014/2015,Jed Steer,Gardien,Aston Villa,22,62,62,0,,-1.0,2.6
2015/2016,Sheyi Ojo,Milieu,Liverpool,18,62,63,1,,-2.0,13.2
2015/2016,Demarai Gray,Milieu,Leicester City,19,66,68,2,,0.0,2.6
2012/2013,Antonio Candreva,Milieu,Lazio,25,75,80,5,,5.0,84.2
2012/2013,Hernanes,Milieu,Lazio,27,84,84,0,,0.0,78.9
2012/2013,Siqueira De Olivera Luciano,Milieu,Chievo Verona,37,67,70,3,,3.0,31.6
2012/2013,Perparim Hetemaj,Milieu,Chievo Verona,26,75,76,1,,1.0,73.7
2012/2013,Nicolo Cherubin,Défenseur,Bologna,26,67,70,3,,3.0,76.3
2012/2013,Gyorgy Garics,Défenseur,Bologna,28,71,72,1,,1.0,55.3
2012/2013,David Pizarro,Milieu,Fiorentina,33,76,80,4,,4.0,73.7
2012/2013,Manuel Pasqual,Milieu,Fiorentina,30,74,77,3,,3.0,92.1
2012/2013,Luca Antonelli,Milieu,Genoa,25,73,73,0,,0.0,84.2
2012/2013,Albin Ekdal,Milieu,Cagliari,23,75,75,0,,0.0,73.7
2012/2013,Luca Marrone,Défenseur,Juventus,22,70,72,2,,2.0,21.1
2012/2013,Sergio Romero,Gardien,Sampdoria,25,77,77,0,,0.0,84.2
2012/2013,Massimo Donati,Défenseur,Palermo,31,73,72,-1,,-1.0,68.4
2012/2013,Morgan De Sanctis,Gardien,Napoli,35,82,80,-2,,-2.0,89.5
2012/2013,Marek Hamsik,Attaquant,Napoli,25,84,85,1,,1.0,97.4
2012/2013,Antonio Balzano,Défenseur,Pescara,26,63,68,5,,3.0,60.5
2012/2013,Antonio Cassano,Attaquant,Inter,30,84,83,-1,,-1.0,60.5
2012/2013,Erik Lamela,Attaquant,Roma,20,76,82,6,,6.0,81.6
2012/2013,Simone Vergassola,Milieu,Siena,36,70,70,0,,0.0,76.3
2012/2013,Valerio Verre,Milieu,Siena,18,56,60,4,,2.0,5.3
2012/2013,Giuseppe Vives,Milieu,Torino,32,68,73,5,,5.0,55.3
2012/2013,Marco Sau,Attaquant,Cagliari,25,64,76,12,,10.0,60.5
2012/2013,Nene,Attaquant,Cagliari,29,73,74,1,,1.0,31.6
2012/2013,Francesco Bolzoni,Milieu,Siena,23,69,69,0,,0.0,42.1
2012/2013,Roberto Guana,Milieu,Chievo Verona,31,73,72,-1,,-1.0,57.9
2012/2013,Stefan Savic,Défenseur,Fiorentina,21,70,75,5,,5.0,68.4
2012/2013,Juan Cuadrado,Milieu,Fiorentina,24,75,79,4,,4.0,89.5
2012/2013,Panagiotis Kone,Milieu,Bologna,25,74,75,1,,1.0,68.4
2012/2013,Michel Morganella,Milieu,Palermo,23,64,69,5,,3.0,78.9
2012/2013,Kevin Constant,Défenseur,Milan,25,75,78,3,,3.0,52.6
2012/2013,Roberto Pereyra,Milieu,Udinese,21,71,73,2,,2.0,81.6
2012/2013,Allan,Milieu,Udinese,21,69,75,6,,6.0,86.8
2012/2013,Mariano Julio Izco,Milieu,Catania,29,71,73,2,,2.0,81.6
2012/2013,Stefano Morrone,Milieu,Parma,34,75,73,-2,,-2.0,2.6
2012/2013,Jasmin Kurtic,Milieu,Palermo,23,64,72,8,,6.0,68.4
2012/2013,Paolo Castellini,Défenseur,Sampdoria,33,68,65,-3,,-3.0,10.5
2012/2013,Shkodran Mustafi,Défenseur,Sampdoria,20,68,63,-5,,-5.0,31.6
2012/2013,Simon Poulsen,Milieu,Sampdoria,28,72,67,-5,,-5.0,7.9
2012/2013,Ishak Belfodil,Attaquant,Parma,20,68,74,6,,6.0,57.9
2012/2013,Francesco Benussi,Gardien,Palermo,31,71,70,-1,,-1.0,10.5
2012/2013,Ricardo Alvarez,Attaquant,Inter,24,78,77,-1,,-1.0,31.6
2012/2013,Romulo Togni,Milieu,Pescara,30,65,66,1,,1.0,42.1
2012/2013,Vlada Avramov,Gardien,Cagliari,33,68,68,0,,0.0,7.9
2012/2013,Nicola Pavarini,Gardien,Parma,38,67,66,-1,,-1.0,13.2
2012/2013,Simone Padoin,Milieu,Juventus,28,75,76,1,,1.0,15.8
2012/2013,Marti Riverola,Milieu,Bologna,21,67,67,0,,0.0,2.6
2012/2013,Michele Paolucci,Attaquant,Siena,26,68,68,0,,0.0,2.6
2012/2013,Sulley Ali Muntari,Milieu,Milan,28,77,77,0,,0.0,28.9
2012/2013,Alexandros Tzorvas,Gardien,Genoa,30,76,72,-4,,-4.0,2.6
2012/2013,Lucio,Défenseur,Juventus,34,84,80,-4,,-4.0,2.6
2013/2014,Cristian Raimondi,Milieu,Atalanta,32,72,63,-9,6,-9.0,68.4
2013/2014,Moussa Kone,Milieu,Atalanta,23,66,70,4,,4.0,13.2
2013/2014,Neto,Gardien,Fiorentina,24,73,77,4,0,4.0,92.1
2013/2014,Gonzalo Rodriguez,Défenseur,Fiorentina,29,79,79,0,1,0.0,86.8
2013/2014,Marvin Compper,Défenseur,Fiorentina,28,73,72,-1,,-1.0,21.1
2013/2014,Nicolas Federico Spolli,Défenseur,Catania,30,79,74,-5,2,-5.0,52.6
2013/2014,Fabian Monzon,Défenseur,Catania,26,74,66,-8,,-8.0,42.1
2013/2014,Michelangelo Albertazzi,Défenseur,Hellas Verona,22,61,67,6,,5.0,36.8
2013/2014,Riccardo Montolivo,Milieu,Milan,28,85,80,-5,4,-5.0,71.1
2013/2014,Mario Balotelli,Attaquant,Milan,23,83,83,0,,0.0,65.8
2013/2014,Stephan El Shaarawy,Attaquant,Milan,21,82,80,-2,7,-2.0,2.6
2013/2014,Samir Handanovic,Gardien,Inter,29,83,82,-1,1,-1.0,94.7
2013/2014,Rodrigo Palacio,Attaquant,Inter,31,82,82,0,1,0.0,94.7
2013/2014,Daniele Portanova,Défenseur,Genoa,35,74,74,0,,0.0,55.3
2013/2014,Alberto Gilardino,Attaquant,Genoa,31,78,73,-5,-2,-5.0,89.5
2013/2014,Federico Marchetti,Gardien,Lazio,30,84,81,-3,2,-3.0,55.3
2013/2014,Miroslav Klose,Attaquant,Lazio,35,84,82,-2,1,-2.0,57.9
2013/2014,Marco Borriello,Attaquant,Roma,31,76,75,-1,-4,-1.0,15.8
2013/2014,Goran Pandev,Milieu,Napoli,30,80,79,-1,1,-1.0,44.7
2013/2014,Marco Marchionni,Milieu,Parma,33,74,74,0,1,0.0,84.2
2013/2014,Angelo da Costa,Gardien,Sampdoria,30,70,71,1,0,1.0,86.8
2013/2014,Andrea Costa,Défenseur,Sampdoria,27,72,73,1,4,1.0,47.4
2013/2014,Gaetano Berardi,Milieu,Sampdoria,25,69,68,-1,2,-1.0,10.5
2013/2014,Gianluigi Buffon,Gardien,Juventus,35,87,82,-5,1,-5.0,86.8
2013/2014,Leonardo Bonucci,Défenseur,Juventus,26,81,79,-2,3,-2.0,73.7
2013/2014,Giorgio Chiellini,Défenseur,Juventus,29,85,84,-1,2,-1.0,81.6
2013/2014,Daniele Padelli,Gardien,Torino,28,70,75,5,3,5.0,100.0
2013/2014,Kamil Glik,Défenseur,Torino,25,76,78,2,5,2.0,86.8
2013/2014,Guillermo Rodriguez,Défenseur,Torino,29,74,73,-1,2,-1.0,13.2
2013/2014,Ciro Immobile,Attaquant,Torino,23,75,80,5,1,5.0,76.3
2013/2014,Davide Brivio,Défenseur,Atalanta,25,73,72,-1,3,-1.0,57.9
2013/2014,Mateo Kovacic,Milieu,Inter,19,77,76,-1,,-1.0,36.8
2013/2014,Francesco Pisano,Défenseur,Cagliari,27,73,72,-1,1,-1.0,55.3
2013/2014,Raffaele Palladino,Attaquant,Parma,29,74,73,-1,,-1.0,28.9
2013/2014,Juan Gomez,Attaquant,Hellas Verona,28,70,71,1,,1.0,36.8
2013/2014,Birkir Bjarnason,Milieu,Sampdoria,25,70,70,0,1,0.0,21.1
2013/2014,Claudio Marchisio,Milieu,Juventus,27,85,84,-1,2,-1.0,55.3
2013/2014,Fernando Llorente,Attaquant,Juventus,28,83,82,-1,1,-1.0,76.3
2013/2014,Omar El Kaddouri,Milieu,Torino,23,73,74,1,1,1.0,65.8
2013/2014,Adem Ljajic,Attaquant,Roma,22,79,77,-2,4,-2.0,44.7
2013/2014,Dario Dainelli,Défenseur,Chievo Verona,34,75,73,-2,-1,-2.0,68.4
2013/2014,Gianluca Pegolo,Gardien,Sassuolo,32,73,72,-1,6,-1.0,86.8
2013/2014,Lionel Scaloni,Défenseur,Atalanta,35,67,68,1,,1.0,10.5
2013/2014,Nenad Tomovic,Défenseur,Fiorentina,26,77,74,-3,5,-3.0,60.5
2013/2014,Cesare Bovo,Défenseur,Torino,30,72,74,2,-2,2.0,52.6
2013/2014,Gervinho,Attaquant,Roma,26,80,82,2,-2,2.0,78.9
2013/2014,Gianpaolo Bellini,Défenseur,Atalanta,33,71,69,-2,0,-2.0,21.1
2013/2014,Fabio Quagliarella,Attaquant,Juventus,30,82,78,-4,2,-4.0,7.9
2013/2014,Anthony Reveillere,Défenseur,Napoli,34,77,74,-3,-2,-3.0,34.2
2013/2014,Josip Ilicic,Attaquant,Fiorentina,25,77,76,-1,-3,-1.0,34.2
2013/2014,Robinho,Milieu,Milan,29,79,76,-3,-5,-3.0,39.5
2013/2014,Gianni Munari,Milieu,Parma,30,70,68,-2,-3,-2.0,5.3
2013/2014,Alessandro Bernardini,Défenseur,Chievo Verona,26,65,69,4,,4.0,26.3
2013/2014,Marco Donadel,Milieu,Hellas Verona,30,72,70,-2,-3,-2.0,28.9
2013/2014,Matteo Rubin,Défenseur,Chievo Verona,26,71,70,-1,0,-1.0,15.8
2013/2014,Mauro Icardi,Attaquant,Inter,20,75,76,1,11,1.0,31.6
2013/2014,Raffaele Pucino,Milieu,Sassuolo,22,63,63,0,,-1.0,2.6
2013/2014,Jacopo Sala,Milieu,Hellas Verona,22,69,68,-1,0,-1.0,21.1
2014/2015,Luca Cigarini,Milieu,Atalanta,28,78,77,-1,0,-1.0,78.9
2014/2015,Antonio Mirante,Gardien,Parma,31,79,77,-2,2,-2.0,86.8
2014/2015,Alessandro Lucarelli,Défenseur,Parma,37,75,74,-1,1,-1.0,73.7
2014/2015,Jonathan Biabiany,Attaquant,Parma,26,80,78,-2,1,-2.0,2.6
2014/2015,Martin Caceres,Défenseur,Juventus,27,79,80,1,-2,1.0,26.3
2014/2015,Stephan Lichtsteiner,Milieu,Juventus,30,79,77,-2,-2,-2.0,68.4
2014/2015,Kwadwo Asamoah,Milieu,Juventus,26,80,79,-1,0,-1.0,18.4
2014/2015,Rafael,Gardien,Napoli,24,75,74,-1,-2,-1.0,62.2
2014/2015,Stefan de Vrij,Défenseur,Lazio,22,75,79,4,-1,4.0,75.7
2014/2015,Luca Rigoni,Milieu,Palermo,30,74,74,0,0,0.0,81.6
2014/2015,Roberto Soriano,Milieu,Sampdoria,23,68,74,6,2,6.0,76.3
2014/2015,Marcos Alonso,Défenseur,Fiorentina,24,66,73,7,,7.0,50.0
2014/2015,Borja Valero,Milieu,Fiorentina,29,82,81,-1,-1,-1.0,65.8
2014/2015,Daniele Conti,Milieu,Cagliari,35,75,72,-3,0,-3.0,44.7
2014/2015,Alessandro Gazzi,Milieu,Torino,31,72,74,2,1,2.0,71.1
2014/2015,Gary Medel,Milieu,Inter,27,76,80,4,-2,4.0,89.5
2014/2015,Carlos Carbonero,Milieu,Cesena,24,73,74,1,,1.0,39.5
2014/2015,Frederik Soerensen,Défenseur,Hellas Verona,22,70,71,1,-2,1.0,15.8
2014/2015,Ivan Radovanovic,Milieu,Chievo Verona,26,72,71,-1,1,-1.0,76.3
2014/2015,Andrea Consigli,Gardien,Sassuolo,27,79,78,-1,0,-1.0,92.1
2014/2015,Emanuele Terranova,Défenseur,Sassuolo,27,69,68,-1,-1,-1.0,23.7
2014/2015,Mario Rui,Défenseur,Empoli,23,66,72,6,,6.0,73.7
2014/2015,Massimo Maccarone,Attaquant,Empoli,35,72,73,1,,1.0,78.9
2014/2015,Bruno Pereirinha,Défenseur,Lazio,26,70,69,-1,-2,-1.0,5.4
2014/2015,Achraf Lazaar,Milieu,Palermo,22,63,72,9,,8.0,71.1
2014/2015,Alessandro Florenzi,Défenseur,Roma,23,77,77,0,2,0.0,63.2
2014/2015,Joel Chukwuma Obi,Milieu,Inter,23,71,68,-3,-3,-3.0,15.8
2014/2015,Luca Rizzo,Milieu,Sampdoria,22,65,66,1,,1.0,18.4
2014/2015,Bruno Peres,Milieu,Torino,24,70,75,5,,5.0,73.7
2014/2015,Giulio Migliaccio,Milieu,Atalanta,33,72,71,-1,-3,-1.0,31.6
2014/2015,Luca Antonini,Défenseur,Genoa,32,72,70,-2,-4,-2.0,7.9
2014/2015,Federico Barba,Défenseur,Empoli,21,67,69,2,,2.0,31.6
2014/2015,Filip Djordjevic,Attaquant,Lazio,27,75,79,4,2,4.0,37.8
2014/2015,Yuto Nagatomo,Défenseur,Inter,28,77,73,-4,-1,-4.0,28.9
2014/2015,Romulo,Milieu,Juventus,27,76,76,0,3,0.0,7.9
2014/2015,Alessandro Iacobucci,Gardien,Parma,23,67,66,-1,,-1.0,13.2
2014/2015,Marco Storari,Gardien,Juventus,37,75,74,-1,-2,-1.0,13.2
2014/2015,Patrice Evra,Défenseur,Juventus,33,80,79,-1,-2,-1.0,55.3
2014/2015,Pablo Armero,Défenseur,Milan,28,75,76,1,,1.0,15.8
2014/2015,Alessandro Longhi,Défenseur,Sassuolo,25,67,66,-1,2,-1.0,44.7
2014/2015,Marco Benassi,Milieu,Torino,20,68,72,4,-1,4.0,44.7
2014/2015,Alessio Cerci,Attaquant,Milan,27,81,78,-3,1,-3.0,18.4
2014/2015,Robin Quaison,Milieu,Palermo,21,65,70,5,,5.0,21.1
2014/2015,Christian Abbiati,Gardien,Milan,37,76,76,0,-5,0.0,26.3
2014/2015,Juan Pablo Carrizo,Gardien,Inter,30,75,73,-2,-1,-2.0,2.6
2014/2015,Migjen Basha,Milieu,Torino,27,72,71,-1,-1,-1.0,2.6
2015/2016,Lukasz Skorupski,Gardien,Empoli,24,71,73,2,4,0.0,81.6
2015/2016,Nicholas Sebastian Frey,Défenseur,Chievo Verona,31,70,72,2,-1,0.0,44.7
2015/2016,Bostjan Cesar,Défenseur,Chievo Verona,33,72,77,5,-1,3.0,78.9
2015/2016,Luiz Adriano,Attaquant,Milan,28,79,79,0,,-1.0,31.6
2015/2016,Carlos Bacca,Attaquant,Milan,29,81,82,1,3,0.0,94.7
2015/2016,Robert Gucher,Milieu,Frosinone,24,63,70,7,,4.0,39.5
2015/2016,Nikola Maksimovic,Défenseur,Torino,24,76,80,4,2,3.0,42.1
2015/2016,Emiliano Moretti,Défenseur,Torino,34,75,77,2,-1,1.0,92.1
2015/2016,Rafael,Gardien,Hellas Verona,33,73,74,1,-2,-1.0,31.6
2015/2016,Bosko Jankovic,Attaquant,Hellas Verona,31,73,73,0,-1,-2.0,28.9
2015/2016,Vasilios Torosidis,Défenseur,Roma,30,74,76,2,-1,0.0,15.8
2015/2016,Daniele De Rossi,Milieu,Roma,32,83,82,-1,-2,-2.0,60.5
2015/2016,Mario Mandzukic,Attaquant,Juventus,29,83,82,-1,0,-2.0,63.2
2015/2016,Mate Jajalo,Milieu,Palermo,27,71,72,1,2,-1.0,63.2
2015/2016,Emiliano Viviano,Gardien,Sampdoria,30,78,80,2,0,1.0,97.4
2015/2016,David Ivan,Milieu,Sampdoria,20,55,67,12,,9.0,31.6
2015/2016,Francesco Acerbi,Défenseur,Sassuolo,27,73,79,6,0,4.0,94.7
2015/2016,Christian Maggio,Défenseur,Napoli,33,74,75,1,-3,-1.0,10.5
2015/2016,Sergej Milinkovic-Savic,Milieu,Lazio,20,67,75,8,,6.0,44.7
2015/2016,Felipe Anderson,Attaquant,Lazio,22,78,79,1,4,0.0,55.3
2015/2016,Antonio Di Gaudio,Milieu,Carpi,26,69,72,3,,1.0,42.1
2015/2016,Jakub Blaszczykowski,Milieu,Fiorentina,30,82,78,-4,-1,-5.0,23.7
2015/2016,Lorenzo Tonelli,Défenseur,Empoli,25,75,78,3,5,2.0,68.4
2015/2016,Mattia Perin,Gardien,Genoa,23,78,81,3,1,2.0,65.8
2015/2016,Cristian Zaccardo,Défenseur,Carpi,34,73,73,0,0,-2.0,68.4
2015/2016,Matias Fernandez,Attaquant,Fiorentina,29,76,76,0,-3,-1.0,28.9
2015/2016,Paolo Sammarco,Milieu,Frosinone,32,66,68,2,,0.0,65.8
2015/2016,Filip Helander,Défenseur,Hellas Verona,22,69,73,4,,2.0,55.3
2015/2016,Phillippe Mexes,Défenseur,Milan,33,76,77,1,-2,0.0,10.5
2015/2016,Lorenzo Pasciuti,Milieu,Carpi,26,65,71,6,,4.0,50.0
2015/2016,Gaston Silva,Milieu,Torino,21,68,70,2,,0.0,26.3
2015/2016,Alex Telles,Défenseur,Inter,23,74,76,2,,0.0,47.4
2015/2016,Daniel Pavlovic,Défenseur,Frosinone,27,62,65,3,1,0.0,57.9
2015/2016,Panagiotis Tachtsidis,Milieu,Genoa,24,73,74,1,3,-1.0,18.4
2015/2016,Salvador Ichazo,Gardien,Torino,23,53,70,17,,14.0,7.9
2015/2016,Diego Capel,Attaquant,Genoa,27,74,75,1,-3,-1.0,13.2
2015/2016,Arlind Ajeti,Défenseur,Frosinone,22,65,68,3,-1,1.0,39.5
2015/2016,Andrea Conti,Milieu,Atalanta,21,60,67,7,,4.0,26.3
2015/2016,Oliver Kragl,Attaquant,Frosinone,25,66,66,0,,-2.0,31.6
2015/2016,Wallace,Milieu,Carpi,21,67,70,3,2,1.0,2.6
2015/2016,Alexander Merkel,Milieu,Udinese,23,66,68,2,-3,0.0,2.6
2015/2016,Duvan Zapata,Attaquant,Udinese,24,75,77,2,1,1.0,39.5
2015/2016,Joaquin Correa,Attaquant,Sampdoria,21,73,71,-2,6,-4.0,36.8
2015/2016,Alessandro Diamanti,Attaquant,Atalanta,32,75,75,0,0,-1.0,23.7
2015/2016,Simone Zaza,Attaquant,Juventus,24,77,79,2,3,1.0,13.2
2015/2016,Federico Mattiello,Défenseur,Chievo Verona,20,56,71,15,2,12.0,2.6
2012/2013,Henrico Drost,Défenseur,RKC Waalwijk,25,64,66,2,,0.0,100.0
2012/2013,Kevin Strootman,Milieu,PSV,22,78,80,2,,2.0,94.1
2012/2013,Samuel Armenteros,Attaquant,Heracles Almelo,22,69,70,1,,1.0,50.0
2012/2013,Bruno Martins Indi,Défenseur,Feyenoord,20,67,72,5,,5.0,94.1
2012/2013,Dimitri Bulykin,Attaquant,FC Twente,33,72,69,-3,,-3.0,35.3
2012/2013,Virgil van Dijk,Défenseur,FC Groningen,21,68,71,3,,3.0,94.1
2012/2013,Leandro Bacuna,Milieu,FC Groningen,21,72,69,-3,,-3.0,76.5
2012/2013,Marco van Ginkel,Milieu,Vitesse,20,69,75,6,,6.0,97.1
2012/2013,Gianni Zuiverloon,Défenseur,SC Heerenveen,26,68,66,-2,,-2.0,20.6
2012/2013,Jukka Raitala,Défenseur,SC Heerenveen,24,68,66,-2,,-2.0,44.1
2012/2013,Filip Djuricic,Attaquant,SC Heerenveen,20,73,77,4,,4.0,94.1
2012/2013,Oussama Assaidi,Attaquant,SC Heerenveen,24,77,76,-1,,-1.0,2.9
2012/2013,Kenneth Vermeer,Gardien,Ajax,26,73,78,5,,5.0,88.2
2012/2013,Siem de Jong,Milieu,Ajax,23,74,78,4,,4.0,100.0
2012/2013,Jody Lukoki,Attaquant,Ajax,20,66,69,3,,3.0,20.6
2012/2013,Kolbeinn Sigthorsson,Attaquant,Ajax,22,75,74,-1,,-1.0,35.3
2012/2013,Jens Janse,Défenseur,NAC Breda,26,65,65,0,,0.0,61.8
2012/2013,Rajiv van La Parra,Attaquant,SC Heerenveen,21,67,67,0,,0.0,58.8
2012/2013,Mike Te Wierik,Défenseur,Heracles Almelo,20,61,64,3,,1.0,44.1
2012/2013,Nathaniel Will,Défenseur,N.E.C.,23,64,65,1,,-1.0,50.0
2012/2013,Charlton Vicento,Attaquant,ADO Den Haag,21,66,64,-2,,-2.0,20.6
2012/2013,Sander Boschker,Gardien,FC Twente,42,69,68,-1,,-1.0,20.6
2012/2013,Mateusz Prus,Gardien,Roda JC Kerkrade,22,66,63,-3,,-3.0,8.8
2012/2013,Marco Pappa,Attaquant,SC Heerenveen,25,68,69,1,,1.0,5.9
2012/2013,Nick Bakker,Défenseur,FC Groningen,20,60,62,2,,0.0,5.9
2012/2013,Adil Ramzi,Attaquant,Roda JC Kerkrade,35,67,65,-2,,-2.0,20.6
2012/2013,Anass Achahbar,Attaquant,Feyenoord,18,63,65,2,,0.0,2.9
2012/2013,Dario Vujicevic,Milieu,Heracles Almelo,22,66,66,0,,0.0,23.5
2012/2013,Santi Kolk,Attaquant,ADO Den Haag,31,67,67,0,,0.0,17.6
2012/2013,Ahmed Ammi,Milieu,VVV-Venlo,31,64,63,-1,,-3.0,14.7
2012/2013,Celso Ortiz,Milieu,AZ,23,66,66,0,,0.0,2.9
2012/2013,Roland Bergkamp,Attaquant,VVV-Venlo,21,63,62,-1,,-3.0,8.8
2013/2014,Ricardo van Rhijn,Défenseur,Ajax,22,73,73,0,6,0.0,91.2
2013/2014,Ard van Peppen,Défenseur,Roda JC Kerkrade,28,67,67,0,2,0.0,91.2
2013/2014,Marc Hoecher,Milieu,Roda JC Kerkrade,29,65,66,1,-2,1.0,26.5
2013/2014,Kristoffer Nordfeldt,Gardien,SC Heerenveen,24,72,71,-1,,-1.0,97.1
2013/2014,Mattias Johansson,Défenseur,AZ,21,66,69,3,-1,3.0,76.5
2013/2014,Nemanja Gudelj,Milieu,AZ,22,71,72,1,4,1.0,85.3
2013/2014,Karl-Johan Johnsson,Gardien,N.E.C.,23,63,66,3,,2.0,82.4
2013/2014,Kevin Conboy,Défenseur,N.E.C.,26,67,68,1,3,1.0,97.1
2013/2014,Johan Kappelhof,Défenseur,FC Groningen,23,66,67,1,1,1.0,94.1
2013/2014,Nick van der Velden,Attaquant,FC Groningen,32,66,68,2,1,2.0,50.0
2013/2014,Kevin Jansen,Milieu,ADO Den Haag,21,66,66,0,2,0.0,8.8
2013/2014,Danny Holla,Milieu,ADO Den Haag,26,71,70,-1,3,-1.0,76.5
2013/2014,Santiago Arias,Défenseur,PSV,21,69,71,2,2,2.0,73.5
2013/2014,Michael Lamey,Défenseur,RKC Waalwijk,34,62,63,1,0,0.0,32.4
2013/2014,Remy Amieux,Défenseur,RKC Waalwijk,27,66,66,0,3,0.0,100.0
2013/2014,Sepp De Roover,Défenseur,NAC Breda,29,65,65,0,2,0.0,82.4
2013/2014,Elson Hooi,Attaquant,NAC Breda,22,65,65,0,,0.0,38.2
2013/2014,Maikel van der Werff,Défenseur,PEC Zwolle,24,62,66,4,,3.0,58.8
2013/2014,Giorgi Chanturia,Attaquant,Vitesse,20,69,69,0,-2,0.0,8.8
2013/2014,Marcus Pedersen,Attaquant,Vitesse,23,71,68,-3,,-3.0,2.9
2013/2014,Theo Janssen,Milieu,Vitesse,32,76,76,0,,0.0,26.5
2013/2014,Milano Koenders,Défenseur,Heracles Almelo,27,65,65,0,0,0.0,41.2
2013/2014,Kwame Quansah,Milieu,Heracles Almelo,31,69,66,-3,0,-3.0,58.8
2013/2014,Bryan Linssen,Attaquant,Heracles Almelo,23,67,70,3,0,3.0,91.2
2013/2014,Jens Toornstra,Milieu,FC Utrecht,24,74,74,0,,0.0,100.0
2013/2014,Jacob Mulenga,Attaquant,FC Utrecht,29,72,69,-3,1,-3.0,29.4
2013/2014,Joey Godee,Attaquant,Go Ahead Eagles,24,62,62,0,,-1.0,20.6
2013/2014,Tom Hiariej,Milieu,FC Groningen,25,65,66,1,,1.0,44.1
2013/2014,Przemyslaw Tyton,Gardien,PSV,26,76,75,-1,-1,-1.0,14.7
2013/2014,Joshua Brenet,Défenseur,PSV,19,61,67,6,,5.0,29.4
2013/2014,Jasper Cillessen,Gardien,Ajax,24,74,78,4,2,4.0,70.6
2013/2014,Yassine Ayoub,Milieu,FC Utrecht,19,64,70,6,,5.0,70.6
2013/2014,Cedric van der Gun,Attaquant,FC Utrecht,34,67,67,0,-1,0.0,29.4
2013/2014,Danny Verbeek,Attaquant,NAC Breda,23,66,67,1,,1.0,61.8
2013/2014,Luciano Narsingh,Attaquant,PSV,23,77,75,-2,1,-2.0,23.5
2013/2014,Matthew Amoah,Attaquant,Heracles Almelo,33,65,66,1,,1.0,11.8
2013/2014,Oussama Tannane,Attaquant,Heracles Almelo,19,64,65,1,2,0.0,26.5
2013/2014,Genero Zeefuik,Attaquant,FC Groningen,23,68,66,-2,1,-2.0,11.8
2013/2014,Berry Powel,Attaquant,Roda JC Kerkrade,33,65,65,0,,0.0,17.6
2013/2014,Luka Djordjevic,Attaquant,FC Twente,19,66,68,2,,2.0,2.9
2014/2015,Mark Diemers,Milieu,FC Utrecht,21,63,63,0,,-1.0,50.0
2014/2015,Filip Kurto,Gardien,FC Dordrecht,23,63,63,0,-1,-1.0,94.1
2014/2015,Kyle Ebecilio,Milieu,FC Twente,20,70,71,1,3,1.0,61.8
2014/2015,Ramon Zomer,Défenseur,Heracles Almelo,31,67,66,-1,0,-1.0,41.2
2014/2015,Jan Wuytens,Défenseur,AZ,29,70,67,-3,-1,-3.0,14.7
2014/2015,Tonny Vilhena,Milieu,Feyenoord,19,73,73,0,0,0.0,29.4
2014/2015,Bart Vriends,Défenseur,Go Ahead Eagles,23,64,65,1,,0.0,91.2
2014/2015,Lesley de Sa,Attaquant,Go Ahead Eagles,21,68,66,-2,,-2.0,32.4
2014/2015,Maikel Kieftenbeld,Milieu,FC Groningen,24,68,68,0,0,0.0,97.1
2014/2015,Nick Viergever,Défenseur,Ajax,25,72,72,0,0,0.0,58.8
2014/2015,Jorrit Hendrix,Milieu,PSV,19,67,70,3,4,3.0,35.3
2014/2015,Abel Tamata,Défenseur,PSV,24,66,66,0,-1,0.0,14.7
2014/2015,Georginio Wijnaldum,Milieu,PSV,24,78,78,0,1,0.0,94.1
2014/2015,Simon Cziommer,Milieu,Heracles Almelo,34,67,67,0,-1,0.0,41.2
2014/2015,Miquel Nelom,Défenseur,Feyenoord,24,69,69,0,1,0.0,88.2
2014/2015,Wesley Hoedt,Défenseur,AZ,20,62,72,10,,9.0,70.6
2014/2015,Luigi Bruins,Milieu,Excelsior,27,67,66,-1,0,-1.0,58.8
2014/2015,Kamohelo Mokotjo,Milieu,FC Twente,23,73,74,1,7,1.0,94.1
2014/2015,Tomas Necid,Attaquant,PEC Zwolle,25,75,74,-1,,-1.0,55.9
2014/2015,Rick ten Voorde,Attaquant,FC Dordrecht,23,65,63,-2,,-2.0,32.4
2014/2015,Mitchell Dijks,Défenseur,Willem II,21,67,67,0,1,0.0,82.4
2014/2015,Martijn Barto,Attaquant,SC Cambuur,30,63,64,1,,0.0,35.3
2014/2015,Edouard Duplan,Attaquant,FC Utrecht,31,69,69,0,-1,0.0,47.1
2014/2015,Ridgeciano Haps,Défenseur,AZ,21,62,63,1,,0.0,5.9
2014/2015,Doke Schmidt,Défenseur,SC Heerenveen,22,64,64,0,1,-1.0,23.5
2015/2016,Erwin Mulder,Gardien,SC Heerenveen,26,71,74,3,-1,1.0,100.0
2015/2016,Joey van den Berg,Milieu,SC Heerenveen,29,70,72,2,2,0.0,76.5
2015/2016,Bram van Polen,Défenseur,PEC Zwolle,30,68,71,3,2,1.0,79.4
2015/2016,Dirk Marcellis,Défenseur,PEC Zwolle,27,68,72,4,2,2.0,85.3
2015/2016,Queensy Menig,Milieu,PEC Zwolle,20,65,68,3,,1.0,79.4
2015/2016,Lars Veldwijk,Attaquant,PEC Zwolle,24,67,72,5,,3.0,97.1
2015/2016,Leonard Nienhuis,Gardien,SC Cambuur,25,66,65,-1,0,-3.0,82.4
2015/2016,Christiaan Kum,Défenseur,FC Utrecht,30,66,68,2,-2,0.0,52.9
2015/2016,Willem Janssen,Milieu,FC Utrecht,29,70,71,1,0,-1.0,47.1
2015/2016,Jop van der Linden,Défenseur,AZ,25,66,72,6,1,4.0,38.2
2015/2016,Markus Henriksen,Milieu,AZ,23,70,75,5,-2,3.0,82.4
2015/2016,Joel Veltman,Défenseur,Ajax,23,75,78,3,2,2.0,100.0
2015/2016,Davy Klaassen,Milieu,Ajax,22,77,79,2,3,1.0,88.2
2015/2016,Hannes Thor Halldorsson,Gardien,N.E.C.,31,61,67,6,,3.0,23.5
2015/2016,Bas Kuipers,Défenseur,Excelsior,21,61,67,6,,3.0,70.6
2015/2016,Tom van Weert,Attaquant,Excelsior,25,66,71,5,,3.0,91.2
2015/2016,Michael de Leeuw,Attaquant,FC Groningen,29,70,72,2,0,0.0,82.4
2015/2016,Felipe Gutierrez,Milieu,FC Twente,25,74,73,-1,0,-3.0,76.5
2015/2016,Frank van der Struijk,Défenseur,Willem II,30,65,67,2,-1,0.0,88.2
2015/2016,Trent Sainsbury,Défenseur,PEC Zwolle,23,72,73,1,6,-1.0,23.5
2015/2016,Rico Strieder,Milieu,FC Utrecht,23,57,67,10,,7.0,91.2
2015/2016,Daryl van Mieghem,Attaquant,Excelsior,26,65,67,2,,0.0,41.2
2015/2016,Calvin Mac-Intosh,Défenseur,SC Cambuur,26,64,66,2,,-1.0,35.3
2015/2016,Marvin Peersman,Défenseur,SC Cambuur,24,66,68,2,,0.0,91.2
2015/2016,Furdjel Narsingh,Attaquant,SC Cambuur,27,66,68,2,2,0.0,55.9
2015/2016,Kasper Larsen,Défenseur,FC Groningen,22,65,65,0,,-2.0,17.6
2015/2016,Simon Gustafson,Milieu,Feyenoord,20,69,72,3,,1.0,35.3
2015/2016,Dabney Dos Santos,Attaquant,AZ,19,66,70,4,,2.0,73.5
2015/2016,Kingsley Ehizibue,Milieu,PEC Zwolle,20,58,66,8,,5.0,50.0
2015/2016,Renato Ibarra,Attaquant,Vitesse,24,73,72,-1,-1,-3.0,23.5
2015/2016,Ramon Leeuwin,Défenseur,FC Utrecht,28,70,72,2,1,0.0,55.9
2015/2016,Andreas Ludwig,Milieu,FC Utrecht,25,65,67,2,,0.0,41.2
2015/2016,Darryl Lachman,Défenseur,SC Cambuur,26,70,71,1,-1,-1.0,44.1
2015/2016,Mickey van der Hart,Gardien,PEC Zwolle,21,65,66,1,-1,-1.0,52.9
2015/2016,Desevio Payne,Défenseur,FC Groningen,20,59,64,5,,2.0,14.7
2015/2016,Sofyan Amrabat,Milieu,FC Utrecht,19,60,62,2,,-1.0,5.9
2015/2016,Mike van Duinen,Attaquant,Roda JC Kerkrade,24,69,68,-1,0,-3.0,32.4
2013/2014,Krzysztof Kotorowski,Gardien,Lech Poznań,37,64,64,0,1,-1.0,33.3
2013/2014,Pavol Cicman,Milieu,Piast Gliwice,28,59,62,3,,2.0,16.7
2013/2014,Dariusz Kolodziej,Milieu,Podbeskidzie Bielsko-Biała,31,54,55,1,,0.0,6.7
2013/2014,Jakub Rzezniczak,Défenseur,Legia Warszawa,27,66,66,0,-3,0.0,73.3
2013/2014,Tomasz Jodlowiec,Milieu,Legia Warszawa,28,67,66,-1,,-1.0,80.0
2013/2014,Miroslav Radovic,Milieu,Legia Warszawa,29,69,71,2,-2,2.0,63.3
2013/2014,Michal Zyro,Milieu,Legia Warszawa,21,68,65,-3,3,-3.0,43.3
2013/2014,Maciej Mielcarz,Gardien,Widzew Łódź,33,66,62,-4,3,-4.0,66.7
2013/2014,Marko Jovanovic,Défenseur,Wisła Kraków,25,63,65,2,0,1.0,56.7
2013/2014,Gordan Bunoza,Défenseur,Wisła Kraków,25,66,65,-1,2,-1.0,83.3
2013/2014,Rafal Gikiewicz,Gardien,Śląsk Wrocław,26,64,66,2,2,1.0,36.7
2013/2014,Michal Gliwa,Gardien,Zagłębie Lubin,25,56,55,-1,-5,-2.0,56.7
2013/2014,Milosz Przybecki,Milieu,Zagłębie Lubin,22,67,65,-2,6,-2.0,33.3
2013/2014,Michal Buchalik,Gardien,Ruch Chorzów,24,61,61,0,5,-1.0,76.7
2013/2014,Kamil Wlodyka,Milieu,Ruch Chorzów,19,53,59,6,,5.0,36.7
2013/2014,Sylwester Patejuk,Milieu,Śląsk Wrocław,31,62,62,0,-1,-1.0,66.7
2013/2014,Pavel Vidanov,Défenseur,Zagłębie Lubin,25,65,61,-4,1,-4.0,43.3
2013/2014,Ugo Ukah,Défenseur,Jagiellonia Białystok,29,65,65,0,2,0.0,73.3
2013/2014,Luis Carlos,Milieu,Zawisza Bydgoszcz,26,70,68,-2,1,-2.0,56.7
2013/2014,Wojciech Zyska,Milieu,Lechia Gdańsk,19,53,54,1,,0.0,26.7
2013/2014,Oleksandr Shevelyukhin,Défenseur,Polonia Bytom,31,67,64,-3,7,-3.0,33.3
2013/2014,Piotr Brozek,Défenseur,Wisła Kraków,30,64,63,-1,,-2.0,36.7
2013/2014,Tomasz Porebski,Défenseur,Jagiellonia Białystok,21,61,61,0,8,-1.0,10.0
2013/2014,Martin Konczkowski,Défenseur,Ruch Chorzów,20,53,53,0,,-1.0,36.7
2013/2014,Kornel Osyra,Défenseur,Piast Gliwice,20,53,53,0,,-1.0,10.0
2013/2014,Elvedin Dzinic,Défenseur,Zagłębie Lubin,28,63,63,0,,-1.0,23.3
2013/2014,Marcin Cebula,Milieu,Korona Kielce,18,55,55,0,,-1.0,3.3
2013/2014,Tomislav Mikulic,Défenseur,Cracovia,31,65,63,-2,,-2.0,3.3
2013/2014,Raphael Augusto,Milieu,Legia Warszawa,22,64,63,-1,,-2.0,6.7
2013/2014,Paulus Arajuuri,Défenseur,Lech Poznań,25,64,64,0,,-1.0,3.3
2013/2014,Marko Suler,Défenseur,Legia Warszawa,30,63,63,0,-9,-1.0,3.3
2014/2015,Tomasz Kedziora,Défenseur,Lech Poznań,20,63,67,4,6,3.0,93.3
2014/2015,Dawid Kownacki,Milieu,Lech Poznań,17,58,60,2,,1.0,36.7
2014/2015,Adrian Klepczynski,Défenseur,Piast Gliwice,33,61,61,0,0,-1.0,83.3
2014/2015,Helio Pinto,Milieu,Legia Warszawa,30,65,62,-3,,-3.0,53.3
2014/2015,Lukasz Madej,Attaquant,Polonia Bytom,32,66,64,-2,0,-2.0,96.7
2014/2015,Krzysztof Nykiel,Milieu,Cracovia,32,59,60,1,,0.0,40.0
2014/2015,Nikola Lekovic,Défenseur,Lechia Gdańsk,25,64,66,2,,1.0,46.7
2014/2015,Andre Micael,Défenseur,Zawisza Bydgoszcz,25,67,65,-2,1,-2.0,86.7
2014/2015,Pawel Golanski,Défenseur,Korona Kielce,32,65,65,0,2,0.0,90.0
2014/2015,Piotr Malarczyk,Défenseur,Korona Kielce,23,62,62,0,0,-1.0,90.0
2014/2015,Pawel Sobolewski,Milieu,Korona Kielce,35,65,64,-1,1,-1.0,30.0
2014/2015,Wojciech Pawlowski,Gardien,Śląsk Wrocław,21,65,64,-1,,-1.0,6.7
2014/2015,Piotr Stawarczyk,Défenseur,Ruch Chorzów,31,64,64,0,2,-1.0,63.3
2014/2015,Michal Helik,Défenseur,Ruch Chorzów,19,52,56,4,,3.0,33.3
2014/2015,Grzegorz Kuswik,Attaquant,Ruch Chorzów,27,63,66,3,1,2.0,83.3
2014/2015,Tomasz Gorkiewicz,Défenseur,Podbeskidzie Bielsko-Biała,29,59,61,2,-2,1.0,73.3
2014/2015,Radoslaw Janukiewicz,Gardien,Pogoń Szczecin,30,66,66,0,0,0.0,100.0
2014/2015,Hernani,Défenseur,Pogoń Szczecin,30,62,63,1,-1,0.0,70.0
2014/2015,Przemyslaw Kazmierczak,Milieu,Górnik Łęczna,32,66,66,0,-2,0.0,26.7
2014/2015,Tomasz Brzyski,Défenseur,Legia Warszawa,32,67,67,0,3,0.0,60.0
2014/2015,Michal Kucharczyk,Milieu,Legia Warszawa,23,65,69,4,-1,4.0,40.0
2014/2015,Mateusz Piatkowski,Attaquant,Jagiellonia Białystok,30,57,61,4,,3.0,63.3
2014/2015,Inaki Astiz,Défenseur,Legia Warszawa,31,66,68,2,0,2.0,56.7
2014/2015,Wilde-Donald Guerrier,Milieu,Wisła Kraków,25,64,64,0,,-1.0,36.7
2014/2015,Adam Deja,Milieu,Podbeskidzie Bielsko-Biała,21,54,59,5,3,4.0,43.3
2014/2015,Damian Ciechanowski,Défenseur,Zawisza Bydgoszcz,18,53,53,0,,-1.0,3.3
2014/2015,Lukasz Zejdler,Milieu,Cracovia,22,57,58,1,,0.0,13.3
2014/2015,Jakub Wawrzyniak,Défenseur,Lechia Gdańsk,31,68,67,-1,-1,-1.0,26.7
2014/2015,Michal Koj,Défenseur,Pogoń Szczecin,21,52,56,4,,3.0,6.7
2014/2015,Damian Zbozien,Défenseur,GKS Bełchatów,25,65,64,-1,1,-1.0,23.3
2014/2015,Giorgi Popkhadze,Défenseur,Jagiellonia Białystok,28,64,64,0,,-1.0,16.7
2014/2015,Bernardo Vasconselos,Attaquant,Zawisza Bydgoszcz,35,65,65,0,,0.0,10.0
2015/2016,David Holman,Milieu,Lech Poznań,22,63,63,0,,-3.0,6.7
2015/2016,Szymon Pawlowski,Milieu,Lech Poznań,29,71,73,2,1,0.0,76.7
2015/2016,Rafal Murawski,Milieu,Pogoń Szczecin,34,68,70,2,1,0.0,96.7
2015/2016,Erik Jendrisek,Attaquant,Cracovia,29,68,66,-2,0,-4.0,80.0
2015/2016,Piotr Celeban,Défenseur,Śląsk Wrocław,30,70,71,1,,-1.0,96.7
2015/2016,Dusan Kuciak,Gardien,Legia Warszawa,30,71,72,1,0,-1.0,60.0
2015/2016,Michal Pazdan,Défenseur,Legia Warszawa,28,67,69,2,1,0.0,66.7
2015/2016,Jakub Swierczok,Attaquant,Górnik Łęczna,23,63,62,-1,-1,-4.0,53.3
2015/2016,Adam Mojta,Défenseur,Podbeskidzie Bielsko-Biała,29,61,66,5,,2.0,80.0
2015/2016,Vlastimir Jovanovic,Milieu,Korona Kielce,30,64,65,1,0,-2.0,100.0
2015/2016,Karol Swiderski,Attaquant,Jagiellonia Białystok,18,51,57,6,,3.0,36.7
2015/2016,"Sasa Aleksander Zivec,26",Milieu,Piast Gliwice,24,60,66,6,,3.0,53.3
2015/2016,Adam Danch,Défenseur,Polonia Bytom,28,67,66,-1,0,-3.0,96.7
2015/2016,Gerson Guimaraes,Défenseur,Lechia Gdańsk,23,66,68,2,,0.0,40.0
2015/2016,Marcin Pietrowski,Défenseur,Piast Gliwice,27,65,64,-1,0,-3.0,90.0
2015/2016,Bartosz Spiaczka,Attaquant,Górnik Łęczna,24,48,62,14,,11.0,50.0
2015/2016,Emilijus Zubas,Gardien,Podbeskidzie Bielsko-Biała,25,66,65,-1,-1,-3.0,86.7
2015/2016,Adam Pazio,Défenseur,Podbeskidzie Bielsko-Biała,23,64,64,0,1,-3.0,43.3
2015/2016,Karol Linetty,Milieu,Lech Poznań,20,70,73,3,3,1.0,66.7
2015/2016,Alan Uryga,Milieu,Wisła Kraków,21,61,61,0,3,-3.0,66.7
2015/2016,Mateusz Machaj,Milieu,Śląsk Wrocław,26,63,64,1,1,-2.0,10.0
2015/2016,Frank Adu Kwame,Défenseur,Podbeskidzie Bielsko-Biała,30,60,64,4,5,1.0,30.0
2015/2016,Ondrej Duda,Milieu,Legia Warszawa,21,69,72,3,3,1.0,63.3
2015/2016,Tomasz Mokwa,Milieu,Piast Gliwice,22,52,60,8,,5.0,10.0
2015/2016,Nicki Bille Nielsen,Attaquant,Lech Poznań,27,68,69,1,-1,-1.0,16.7
2015/2016,Pawel Baranowski,Défenseur,Podbeskidzie Bielsko-Biała,25,62,62,0,,-3.0,26.7
2015/2016,Dzikamai Andre Gwaze,Milieu,Polonia Bytom,26,54,55,1,-1,-2.0,3.3
2015/2016,Marek Saganowski,Milieu,Legia Warszawa,37,64,65,1,-1,-2.0,3.3
2012/2013,Claudio Terzi,Défenseur,Siena,28,71,71,0,,0.0,21.1
2012/2013,Ciro Polito,Gardien,Atalanta,33,69,70,1,,1.0,7.9
2012/2013,Dejan Stojanovic,Gardien,Bologna,19,60,60,0,,-2.0,10.5
2012/2013,Renan,Milieu,Sampdoria,26,64,68,4,,2.0,7.9
2012/2013,Roberto Vitiello,Milieu,Siena,29,67,67,0,,0.0,5.3
2013/2014,Ivan Pillud,Défenseur,Hellas Verona,27,70,67,-3,,-3.0,10.5
2014/2015,Leonardo Pavoletti,Attaquant,Genoa,26,67,70,3,,3.0,10.5
2014/2015,Diego Laxalt,Attaquant,Genoa,21,69,68,-1,,-1.0,2.6
2014/2015,Andrea Tabanelli,Milieu,Cesena,24,65,66,1,5,1.0,7.9
2014/2015,Francesco Della Rocca,Milieu,Palermo,27,70,68,-2,-2,-2.0,2.6
2015/2016,Nenad Krsticic,Milieu,Sampdoria,25,71,72,1,-2,-1.0,15.8
2015/2016,Juan Camilo Zuniga,Attaquant,Bologna,30,74,72,-2,0,-4.0,7.9
2012/2013,Henk Bos,Attaquant,FC Groningen,20,61,64,3,,1.0,8.8
2012/2013,Oscar Hiljemark,Milieu,PSV,20,69,70,1,,1.0,17.6
2012/2013,Gevero Markiet,Défenseur,FC Utrecht,21,61,61,0,,-2.0,5.9
2012/2013,Kai Heerings,Défenseur,FC Utrecht,22,62,64,2,,0.0,8.8
2012/2013,Harmeet Singh,Milieu,Feyenoord,22,73,69,-4,,-4.0,2.9
2012/2013,Terence Kongolo,Défenseur,Feyenoord,18,60,67,7,,5.0,8.8
2012/2013,Davy Proepper,Milieu,Vitesse,21,71,67,-4,,-4.0,14.7
2013/2014,Geoffrey Castillion,Attaquant,N.E.C.,22,65,65,0,-1,0.0,11.8
2013/2014,Wesley Verhoek,Attaquant,Feyenoord,27,70,68,-2,-4,-2.0,2.9
2014/2015,"Shadrach Eghan Kwesi,20",Attaquant,FC Twente,20,69,70,1,5,1.0,5.9
2014/2015,Ruben Schaken,Attaquant,Feyenoord,32,72,72,0,-2,0.0,11.8
2015/2016,Lex Immers,Milieu,Feyenoord,29,71,73,2,0,0.0,5.9
2015/2016,Anouar Kali,Milieu,Willem II,24,70,70,0,0,-2.0,2.9
2012/2013,Cyril Jeunechamp,Défenseur,Montpellier Hérault SC,37,71,70,-1,,-1.0,15.8
2012/2013,Sebastien Puygrenier,Défenseur,AS Nancy-Lorraine,30,74,72,-2,,-2.0,94.7
2012/2013,Geoffrey Dernis,Milieu,Stade Brestois 29,32,74,72,-2,,-2.0,26.3
2012/2013,Nemanja Pejcinovic,Défenseur,OGC Nice,25,75,74,-1,,-1.0,73.7
2012/2013,Thimothee Kolodziejczak,Défenseur,OGC Nice,21,67,70,3,,3.0,97.4
2012/2013,Alex,Défenseur,Paris Saint-Germain,30,82,80,-2,,-2.0,57.9
2012/2013,Jordan Ayew,Milieu,Olympique de Marseille,21,75,75,0,,0.0,50.0
2012/2013,Kevin Theophile-Catherine,Défenseur,Stade Rennais FC,23,72,74,2,,2.0,76.3
2012/2013,Yann M'Vila,Milieu,Stade Rennais FC,22,82,79,-3,,-3.0,28.9
2012/2013,Remy Vercoutre,Gardien,Olympique Lyonnais,32,74,73,-1,,-1.0,81.6
2012/2013,Gueida Fofana,Milieu,Olympique Lyonnais,21,70,73,3,,3.0,44.7
2012/2013,Kurt Zouma,Défenseur,AS Saint-Étienne,18,64,73,9,,7.0,47.4
2012/2013,Jean-Pascal Mignot,Défenseur,AS Saint-Étienne,31,77,73,-4,,-4.0,18.4
2012/2013,Max-Alain Gradel,Attaquant,AS Saint-Étienne,25,71,72,1,,1.0,42.1
2012/2013,Pierre-Emerick Aubameyang,Attaquant,AS Saint-Étienne,23,75,80,5,,5.0,94.7
2012/2013,Marvin Martin,Milieu,LOSC Lille,24,79,76,-3,,-3.0,76.3
2012/2013,Macedo Novaes,Gardien,SC Bastia,29,67,64,-3,,-3.0,31.6
2012/2013,Gael Angoula,Défenseur,SC Bastia,30,59,65,6,,4.0,39.5
2012/2013,Sylvain Marchal,Défenseur,SC Bastia,32,73,72,-1,,-1.0,78.9
2012/2013,Jerome Rothen,Milieu,SC Bastia,34,71,73,2,,2.0,71.1
2012/2013,Florian Thauvin,Milieu,SC Bastia,19,58,70,12,,10.0,65.8
2012/2013,Thiago Xavier,Milieu,ES Troyes AC,29,63,66,3,,1.0,39.5
2012/2013,Quentin Othon,Défenseur,ES Troyes AC,24,63,63,0,,-2.0,68.4
2012/2013,David Ducourtioux,Milieu,Valenciennes FC,34,73,70,-3,,-3.0,60.5
2012/2013,Fethi Harek,Défenseur,SC Bastia,30,62,64,2,,0.0,81.6
2012/2013,Toifilou Maoulida,Milieu,SC Bastia,33,68,68,0,,0.0,50.0
2012/2013,Carlos Henrique,Défenseur,Girondins de Bordeaux,29,73,74,1,,1.0,57.9
2012/2013,Nicolas Maurice-Belay,Milieu,Girondins de Bordeaux,27,73,71,-2,,-2.0,57.9
2012/2013,Lucas Digne,Défenseur,LOSC Lille,19,60,75,15,,13.0,81.6
2012/2013,Anthony Mounier,Milieu,Montpellier Hérault SC,25,78,77,-1,,-1.0,34.2
2012/2013,Lloyd Palun,Défenseur,OGC Nice,24,57,64,7,,5.0,26.3
2012/2013,Diego,Attaquant,Stade de Reims,24,70,72,2,,2.0,71.1
2012/2013,Roy Contout,Milieu,FC Sochaux-Montbéliard,27,70,69,-1,,-1.0,42.1
2012/2013,Mohammed Rabiu,Milieu,Évian Thonon Gaillard FC,23,69,69,0,,0.0,60.5
2012/2013,Wissam Ben Yedder,Attaquant,Toulouse FC,22,62,73,11,,9.0,76.3
2012/2013,Milan Bisevac,Défenseur,Olympique Lyonnais,29,78,79,1,,1.0,76.3
2012/2013,Valentin Eysseric,Milieu,OGC Nice,20,65,73,8,,8.0,55.3
2012/2013,Marcos,Attaquant,ES Troyes AC,33,63,66,3,,1.0,31.6
2012/2013,Pedrinho,Défenseur,FC Lorient,27,67,67,0,,0.0,18.4
2012/2013,Florian Marange,Défenseur,Girondins de Bordeaux,26,70,70,0,,0.0,39.5
2012/2013,Johann Ramare,Milieu,Stade de Reims,28,65,68,3,,3.0,50.0
2012/2013,Enzo Reale,Milieu,FC Lorient,21,65,66,1,,1.0,26.3
2012/2013,Ismael Traore,Défenseur,Stade Brestois 29,26,67,67,0,,0.0,36.8
2012/2013,Tulio de Melo,Attaquant,LOSC Lille,27,75,75,0,,0.0,10.5
2012/2013,Remi Mulumba,Milieu,FC Lorient,20,62,63,1,,-1.0,2.6
2012/2013,Lucas Moura,Milieu,Paris Saint-Germain,20,81,82,1,,1.0,23.7
2012/2013,Jonas Martin,Milieu,Montpellier Hérault SC,22,58,60,2,,0.0,10.5
2012/2013,Jeff Louis,Milieu,AS Nancy-Lorraine,20,61,69,8,,6.0,5.3
2013/2014,Ronald Zubar,Défenseur,AC Ajaccio,28,67,68,1,1,1.0,39.5
2013/2014,Jonathan Brison,Défenseur,AS Saint-Étienne,30,71,72,1,-2,1.0,36.8
2013/2014,Jeremy Clement,Milieu,AS Saint-Étienne,29,77,77,0,4,0.0,71.1
2013/2014,Brandao,Attaquant,AS Saint-Étienne,33,73,73,0,0,0.0,47.4
2013/2014,Maxime Poundje,Défenseur,Girondins de Bordeaux,21,67,66,-1,,-1.0,21.1
2013/2014,Bertrand Laquait,Gardien,Évian Thonon Gaillard FC,36,73,72,-1,2,-1.0,42.1
2013/2014,Cedric Kante,Défenseur,FC Sochaux-Montbéliard,34,70,70,0,-2,0.0,42.1
2013/2014,Pape Ndiaye Souare,Défenseur,LOSC Lille,23,71,74,3,11,3.0,86.8
2013/2014,Divock Origi,Attaquant,LOSC Lille,18,61,71,10,,9.0,31.6
2013/2014,Bruno Ecuele Manga,Défenseur,FC Lorient,25,79,77,-2,1,-2.0,92.1
2013/2014,Kevin Monnet-Paquet,Milieu,FC Lorient,25,67,73,6,0,6.0,81.6
2013/2014,Arnold Mvuemba,Milieu,Olympique Lyonnais,28,74,74,0,,0.0,36.8
2013/2014,Remy Cabella,Milieu,Montpellier Hérault SC,23,76,78,2,4,2.0,94.7
2013/2014,Souleymane Camara,Milieu,Montpellier Hérault SC,31,74,74,0,2,0.0,47.4
2013/2014,Blaise Matuidi,Milieu,Paris Saint-Germain,26,81,83,2,4,2.0,71.1
2013/2014,Issa Cissokho,Défenseur,FC Nantes,28,66,71,5,,5.0,92.1
2013/2014,Papy Djilobodji,Défenseur,FC Nantes,25,68,76,8,,8.0,73.7
2013/2014,Sambou Yatabare,Milieu,SC Bastia,24,67,67,0,3,0.0,36.8
2013/2014,Anders Konradsen,Milieu,Stade Rennais FC,23,72,73,1,3,1.0,55.3
2013/2014,Jose Saez,Milieu,Valenciennes FC,31,67,67,0,0,0.0,13.2
2013/2014,Gregory Pujol,Attaquant,Valenciennes FC,33,73,73,0,-3,0.0,44.7
2013/2014,Ali Ahamada,Gardien,Toulouse FC,22,74,74,0,1,0.0,55.3
2013/2014,Jean-Daniel Akpa-Akpro,Milieu,Toulouse FC,21,66,70,4,2,4.0,47.4
2013/2014,Adrien Regattin,Milieu,Toulouse FC,22,72,69,-3,7,-3.0,21.1
2013/2014,Lucas Deaux,Milieu,FC Nantes,25,65,73,8,,8.0,89.5
2013/2014,Mehdi Zeffane,Défenseur,Olympique Lyonnais,21,60,60,0,,-1.0,15.8
2013/2014,Clement Chantome,Milieu,Toulouse FC,26,75,75,0,-1,0.0,63.2
2013/2014,Jeremie Aliadiere,Attaquant,FC Lorient,30,75,76,1,2,1.0,63.2
2013/2014,Petrus Boumal Mayega,Défenseur,FC Sochaux-Montbéliard,20,57,57,0,,-1.0,15.8
2013/2014,Emmanuel Mayuka,Attaquant,FC Sochaux-Montbéliard,23,72,71,-1,,-1.0,34.2
2013/2014,Eric Tie Bi,Milieu,Évian Thonon Gaillard FC,23,68,68,0,-4,0.0,52.6
2013/2014,Sanjin Prcic,Milieu,FC Sochaux-Montbéliard,20,58,63,5,,4.0,52.6
2013/2014,Benoit Cheyrou,Milieu,Olympique de Marseille,32,75,74,-1,-6,-1.0,52.6
2013/2014,Cedric Hengbart,Défenseur,AC Ajaccio,33,72,71,-1,,-1.0,57.9
2013/2014,Eduardo,Attaquant,AC Ajaccio,33,68,68,0,-1,0.0,18.4
2013/2014,"Abdoulaye Diallo Sadio,22",Attaquant,FC Lorient,23,73,72,-1,2,-1.0,26.3
2013/2014,Steven Moreira,Défenseur,Stade Rennais FC,19,59,65,6,,5.0,23.7
2013/2014,Francois Moubandje,Milieu,Toulouse FC,23,58,61,3,-1,2.0,2.6
2013/2014,Baptiste Reynet,Gardien,FC Lorient,23,71,70,-1,,-1.0,10.5
2013/2014,Facundo Bertoglio,Milieu,Évian Thonon Gaillard FC,23,73,73,0,,0.0,10.5
2013/2014,Paul-Georges Ntep,Attaquant,Stade Rennais FC,21,66,73,7,,7.0,18.4
2013/2014,Johny Placide,Gardien,Stade de Reims,25,69,70,1,-1,1.0,10.5
2014/2015,Antoine Devaux,Milieu,Stade de Reims,29,71,73,2,0,2.0,71.1
2014/2015,Drissa Diakite,Défenseur,SC Bastia,29,72,72,0,0,0.0,57.9
2014/2015,Julien Palmieri,Défenseur,SC Bastia,28,68,68,0,2,0.0,89.5
2014/2015,Dimitri Payet,Milieu,Olympique de Marseille,27,78,81,3,-3,3.0,92.1
2014/2015,Youssouf Sabaly,Défenseur,Évian Thonon Gaillard FC,21,61,67,6,2,5.0,76.3
2014/2015,Mamadou Samassa,Gardien,En Avant de Guingamp,24,68,70,2,2,2.0,21.1
2014/2015,Lionel Mathis,Milieu,En Avant de Guingamp,33,65,72,7,-1,7.0,71.1
2014/2015,Franck Tabanou,Défenseur,AS Saint-Étienne,25,75,74,-1,0,-1.0,78.9
2014/2015,Romain Hamouma,Milieu,AS Saint-Étienne,27,78,77,-1,1,-1.0,60.5
2014/2015,Simon Kjaer,Défenseur,LOSC Lille,25,79,79,0,3,0.0,81.6
2014/2015,Christophe Jallet,Défenseur,Olympique Lyonnais,31,75,78,3,-2,3.0,84.2
2014/2015,Pedro Henrique,Milieu,Stade Rennais FC,24,68,70,2,5,2.0,55.3
2014/2015,Abdoulaye Doucoure,Milieu,Stade Rennais FC,21,69,70,1,8,1.0,81.6
2014/2015,Mathieu Coutadeur,Milieu,FC Lorient,28,72,68,-4,-1,-4.0,21.1
2014/2015,Bryan Pele,Milieu,FC Lorient,22,59,66,7,,6.0,13.2
2014/2015,Daniel Congre,Défenseur,Montpellier Hérault SC,29,73,69,-4,3,-4.0,68.4
2014/2015,Cedric Carrasso,Gardien,Girondins de Bordeaux,33,80,80,0,-1,0.0,97.4
2014/2015,Olivier Veigneau,Défenseur,FC Nantes,29,71,71,0,2,0.0,63.2
2014/2015,Fernando Aristeguieta,Attaquant,FC Nantes,22,69,69,0,3,0.0,5.3
2014/2015,Pierrick Valdivia,Milieu,RC Lens,26,65,68,3,,3.0,84.2
2014/2015,Francois Bellugou,Défenseur,FC Lorient,27,67,68,1,,1.0,50.0
2014/2015,Jacques Alaixys Romao,Milieu,Olympique de Marseille,30,75,75,0,1,0.0,71.1
2014/2015,David Ngog,Attaquant,Stade de Reims,25,70,68,-2,,-2.0,57.9
2014/2015,Didier Digard,Milieu,OGC Nice,28,76,75,-1,2,-1.0,23.7
2014/2015,Abdelhamid El Kaoutari,Défenseur,Montpellier Hérault SC,24,71,72,1,-1,1.0,97.4
2014/2015,Alassane Plea,Attaquant,OGC Nice,21,63,68,5,,4.0,71.1
2014/2015,Jamel Saihi,Milieu,Montpellier Hérault SC,27,76,72,-4,0,-4.0,52.6
2014/2015,Baptiste Guillaume,Attaquant,RC Lens,19,56,63,7,,6.0,39.5
2014/2015,Diego Contento,Défenseur,Girondins de Bordeaux,24,72,72,0,1,0.0,60.5
2014/2015,Adrien Rabiot,Milieu,Paris Saint-Germain,19,73,73,0,8,0.0,26.3
2014/2015,Jonathan Delaplace,Milieu,LOSC Lille,28,69,72,3,0,3.0,31.6
2014/2015,Laurent Pionnier,Gardien,Montpellier Hérault SC,32,74,69,-5,0,-5.0,7.9
2014/2015,Yassine Benzia,Attaquant,Olympique Lyonnais,20,66,68,2,0,2.0,7.9
2014/2015,Boubacar Sylla,Défenseur,RC Lens,23,55,58,3,,2.0,13.2
2014/2015,Gnaly Maxwell Cornet,Attaquant,Olympique Lyonnais,18,58,66,8,,7.0,2.6
2015/2016,Francois Modesto,Défenseur,SC Bastia,37,72,73,1,0,-1.0,71.1
2015/2016,Thomas Toure,Milieu,Girondins de Bordeaux,22,71,72,1,11,-1.0,18.4
2015/2016,Cheick Diabate,Attaquant,Girondins de Bordeaux,27,77,77,0,2,-1.0,44.7
2015/2016,Alexandre Lacazette,Attaquant,Olympique Lyonnais,24,82,83,1,4,0.0,89.5
2015/2016,Benjamin Lecomte,Gardien,FC Lorient,24,72,77,5,5,3.0,97.4
2015/2016,Jordan Adeoti,Milieu,SM Caen,26,68,70,2,3,0.0,42.1
2015/2016,Vincent Bessat,Milieu,SM Caen,30,73,73,0,0,-2.0,84.2
2015/2016,Geoffrey Jourdren,Gardien,Montpellier Hérault SC,29,75,77,2,-2,1.0,18.4
2015/2016,Ramy Bensebaini,Défenseur,Montpellier Hérault SC,20,61,69,8,,5.0,39.5
2015/2016,Joris Steve Marveaux,Milieu,Montpellier Hérault SC,33,71,71,0,-2,-2.0,13.2
2015/2016,Ryad Boudebouz,Milieu,Montpellier Hérault SC,25,74,77,3,-1,1.0,97.4
2015/2016,Cheikh Ndoye,Milieu,Angers SCO,29,70,76,6,,4.0,84.2
2015/2016,Billy Ketkeophomphone,Attaquant,Angers SCO,25,66,73,7,,5.0,81.6
2015/2016,Leo Dubois,Défenseur,FC Nantes,21,58,69,11,0,8.0,57.9
2015/2016,Jeremy Sorbon,Défenseur,En Avant de Guingamp,32,71,73,2,1,0.0,89.5
2015/2016,Thibault Giresse,Milieu,En Avant de Guingamp,34,73,73,0,2,-2.0,52.6
2015/2016,Yannis Salibur,Milieu,En Avant de Guingamp,24,69,74,5,,3.0,73.7
2015/2016,Mario Pasalic,Milieu,AS Monaco,20,70,72,2,,0.0,31.6
2015/2016,Mauro Goicoechea,Gardien,Toulouse FC,27,70,72,2,,0.0,21.1
2015/2016,Fabien Lemoine,Milieu,AS Saint-Étienne,28,75,76,1,1,0.0,76.3
2015/2016,Salvatore Sirigu,Gardien,Paris Saint-Germain,28,83,82,-1,-1,-2.0,5.3
2015/2016,Zlatan Ibrahimovic,Attaquant,Paris Saint-Germain,34,89,89,0,-1,-1.0,76.3
2015/2016,William Remy,Défenseur,Montpellier Hérault SC,24,69,71,2,,0.0,71.1
2015/2016,Benjamin Brou Angoua,Défenseur,En Avant de Guingamp,29,72,73,1,3,-1.0,34.2
2015/2016,Mounir Obbadi,Milieu,LOSC Lille,32,73,74,1,-1,-1.0,65.8
2015/2016,Gadji Tallo,Attaquant,LOSC Lille,23,68,70,2,3,0.0,31.6
2015/2016,Nicolas N'Koulou,Défenseur,Olympique de Marseille,25,79,80,1,0,0.0,86.8
2015/2016,Chris Mavinga,Défenseur,ES Troyes AC,24,69,69,0,-4,-2.0,50.0
2015/2016,Mohamed Fofana,Défenseur,Stade de Reims,30,69,72,3,-1,1.0,31.6
2015/2016,Oscar Trejo,Milieu,Toulouse FC,27,73,77,4,1,2.0,60.5
2015/2016,Olivier Auriac,Milieu,Angers SCO,32,65,65,0,,-2.0,7.9
2015/2016,Benjamin Andre,Milieu,Stade Rennais FC,25,70,72,2,5,0.0,78.9
2015/2016,Anele Ngcongca,Défenseur,ES Troyes AC,28,72,72,0,0,-2.0,47.4
2015/2016,Cedric Yambere,Défenseur,Girondins de Bordeaux,25,64,68,4,,1.0,63.2
2015/2016,Marko Basa,Défenseur,LOSC Lille,33,79,80,1,0,0.0,39.5
2015/2016,Florian Raspentino,Attaquant,SC Bastia,26,68,68,0,0,-2.0,13.2
2015/2016,Presnel Kimpembe,Défenseur,Paris Saint-Germain,20,59,62,3,,0.0,13.2
2015/2016,Paulin Puel,Attaquant,OGC Nice,18,56,59,3,,0.0,5.3
2015/2016,Lucas Tousart,Milieu,Olympique Lyonnais,18,63,62,-1,,-4.0,2.6
2015/2016,Aleksandar Pesic,Attaquant,Toulouse FC,23,71,72,1,,-1.0,13.2
2015/2016,Alexandre Letellier,Gardien,Angers SCO,25,63,69,6,,3.0,44.7
2015/2016,Alexis Blin,Milieu,Toulouse FC,19,62,68,6,,3.0,39.5
2012/2013,Marco Reus,Milieu,Borussia Dortmund,23,82,84,2,,2.0,79.4
2012/2013,Ron-Robert Zieler,Gardien,Hannover 96,23,78,78,0,,0.0,100.0
2012/2013,Felipe,Défenseur,Hannover 96,25,70,72,2,,2.0,8.8
2012/2013,Jermaine Jones,Milieu,FC Schalke 04,31,77,77,0,,0.0,67.6
2012/2013,Oliver Sorg,Défenseur,SC Freiburg,22,62,72,10,,8.0,94.1
2012/2013,Niko Bungert,Défenseur,1. FSV Mainz 05,26,72,73,1,,1.0,23.5
2012/2013,Matthias Ostrzolek,Défenseur,FC Augsburg,22,66,71,5,,5.0,64.7
2012/2013,Fabian Giefer,Gardien,Fortuna Düsseldorf,22,67,74,7,,7.0,100.0
2012/2013,Stilianos Malezas,Défenseur,Fortuna Düsseldorf,27,71,72,1,,1.0,61.8
2012/2013,Andrey Voronin,Attaquant,Fortuna Düsseldorf,33,81,75,-6,,-6.0,17.6
2012/2013,Nando Rafael,Attaquant,Fortuna Düsseldorf,28,69,67,-2,,-2.0,11.8
2012/2013,Timothy Chandler,Défenseur,1. FC Nürnberg,22,73,74,1,,1.0,85.3
2012/2013,Javier Pinola,Défenseur,1. FC Nürnberg,29,74,74,0,,0.0,79.4
2012/2013,Sebastian Polter,Attaquant,1. FC Nürnberg,21,67,70,3,,3.0,29.4
2012/2013,Anderson,Défenseur,Eintracht Frankfurt,24,69,73,4,,4.0,82.4
2012/2013,Philipp Wollscheid,Défenseur,Bayer 04 Leverkusen,23,76,78,2,,2.0,91.2
2012/2013,Omer Toprak,Défenseur,Bayer 04 Leverkusen,23,74,76,2,,2.0,76.5
2012/2013,Simon Rolfes,Milieu,Bayer 04 Leverkusen,30,81,79,-2,,-2.0,76.5
2012/2013,Thomas Kleine,Défenseur,SpVgg Greuther Fürth,35,69,68,-1,,-1.0,55.9
2012/2013,Edgar Prib,Milieu,SpVgg Greuther Fürth,23,70,73,3,,3.0,73.5
2012/2013,Djiby Fall,Attaquant,SpVgg Greuther Fürth,27,71,68,-3,,-3.0,5.9
2012/2013,Roel Brouwers,Défenseur,Borussia Mönchengladbach,31,73,75,2,,2.0,44.1
2012/2013,Granit Xhaka,Milieu,Borussia Mönchengladbach,20,71,74,3,,3.0,44.1
2012/2013,Tim Wiese,Gardien,TSG 1899 Hoffenheim,31,83,79,-4,,-4.0,29.4
2012/2013,Kevin Volland,Milieu,TSG 1899 Hoffenheim,20,70,74,4,,4.0,91.2
2012/2013,Thorben Marx,Milieu,Borussia Mönchengladbach,31,70,71,1,,1.0,67.6
2012/2013,Lukas Rupp,Milieu,Borussia Mönchengladbach,21,67,67,0,,0.0,38.2
2012/2013,Mensur Mujdza,Défenseur,SC Freiburg,28,71,72,1,,1.0,61.8
2012/2013,Zdenek Pospech,Défenseur,1. FSV Mainz 05,34,74,74,0,,0.0,94.1
2012/2013,Takashi Usami,Milieu,TSG 1899 Hoffenheim,20,71,71,0,,0.0,44.1
2012/2013,Tolgay Arslan,Milieu,Hamburger SV,22,67,71,4,,4.0,55.9
2012/2013,Artjoms Rudnevs,Attaquant,Hamburger SV,24,77,76,-1,,-1.0,76.5
2012/2013,Nikita Rukavytsya,Attaquant,1. FSV Mainz 05,25,70,68,-2,,-2.0,17.6
2012/2013,Felipe Santana,Défenseur,Borussia Dortmund,26,77,77,0,,0.0,44.1
2012/2013,Anatoli Tymoschuk,Milieu,FC Bayern Munich,33,80,77,-3,,-3.0,14.7
2012/2013,Vegar Eggen Hedenstad,Défenseur,SC Freiburg,21,68,69,1,,1.0,26.5
2012/2013,Martin Lanig,Milieu,Eintracht Frankfurt,28,74,73,-1,,-1.0,11.8
2012/2013,Heinz Mueller,Gardien,1. FSV Mainz 05,34,75,74,-1,,-1.0,8.8
2012/2013,Zhi-Gin Lam,Défenseur,Hamburger SV,21,67,67,0,,0.0,11.8
2012/2013,Nikola Djurdjic,Attaquant,SpVgg Greuther Fürth,26,68,74,6,,6.0,41.2
2012/2013,Sead Kolasinac,Défenseur,FC Schalke 04,19,57,68,11,,9.0,35.3
2012/2013,Johannes Geis,Milieu,SpVgg Greuther Fürth,19,57,62,5,,3.0,20.6
2012/2013,Du-Ri Cha,Milieu,Fortuna Düsseldorf,32,69,67,-2,,-2.0,2.9
2013/2014,Bastian Schweinsteiger,Milieu,FC Bayern Munich,29,87,88,1,0,1.0,64.7
2013/2014,Nikolce Noveski,Défenseur,1. FSV Mainz 05,34,74,75,1,1,1.0,94.1
2013/2014,Martin Harnik,Milieu,VfB Stuttgart,26,78,77,-1,2,-1.0,67.6
2013/2014,Vedad Ibisevic,Attaquant,VfB Stuttgart,29,79,80,1,3,1.0,73.5
2013/2014,Raphael Schaefer,Gardien,1. FC Nürnberg,34,76,77,1,0,1.0,97.1
2013/2014,Niklas Stark,Milieu,1. FC Nürnberg,18,59,68,9,,8.0,44.1
2013/2014,Robert Mak,Milieu,1. FC Nürnberg,22,69,70,1,-1,1.0,26.5
2013/2014,Giulio Donati,Défenseur,Bayer 04 Leverkusen,23,64,73,9,,8.0,55.9
2013/2014,Heung-Min Son,Attaquant,Bayer 04 Leverkusen,21,75,76,1,1,1.0,85.3
2013/2014,Gelson Fernandes,Milieu,SC Freiburg,27,73,73,0,,0.0,76.5
2013/2014,Francis Coquelin,Milieu,SC Freiburg,22,73,71,-2,2,-2.0,26.5
2013/2014,Hiroki Sakai,Défenseur,Hannover 96,23,70,71,1,,1.0,76.5
2013/2014,Christian Pander,Défenseur,Hannover 96,30,74,74,0,-2,0.0,17.6
2013/2014,Lars Stindl,Milieu,Hannover 96,25,77,77,0,2,0.0,91.2
2013/2014,Naldo,Défenseur,VfL Wolfsburg,31,80,80,0,-1,0.0,97.1
2013/2014,Paul Verhaegh,Défenseur,FC Augsburg,30,73,74,1,1,1.0,85.3
2013/2014,Ragnar Klavan,Défenseur,FC Augsburg,28,71,74,3,2,3.0,88.2
2013/2014,Mitchell Langerak,Gardien,Borussia Dortmund,25,69,70,1,1,1.0,11.8
2013/2014,Sven Bender,Milieu,Borussia Dortmund,24,81,81,0,0,0.0,52.9
2013/2014,Jan Hochscheidt,Milieu,Eintracht Braunschweig,26,71,71,0,,0.0,55.9
2013/2014,Clemens Fritz,Défenseur,SV Werder Bremen,33,74,73,-1,-2,-1.0,61.8
2013/2014,Nils Petersen,Attaquant,SV Werder Bremen,25,76,75,-1,1,-1.0,55.9
2013/2014,Sebastian Langkamp,Défenseur,Hertha BSC Berlin,25,71,74,3,2,3.0,85.3
2013/2014,Carlos Zambrano,Défenseur,Eintracht Frankfurt,24,75,76,1,2,1.0,88.2
2013/2014,Joselu,Attaquant,Eintracht Frankfurt,23,72,72,0,6,0.0,52.9
2013/2014,Per Ciljan Skjelbred,Milieu,Hertha BSC Berlin,26,72,74,2,-2,2.0,79.4
2013/2014,Dennis Aogo,Défenseur,FC Schalke 04,26,75,76,1,-1,1.0,29.4
2013/2014,Roman Weidenfeller,Gardien,Borussia Dortmund,33,82,83,1,0,1.0,88.2
2013/2014,Stefan Aigner,Attaquant,Eintracht Frankfurt,26,75,76,1,5,1.0,70.6
2013/2014,Ronny Philp,Défenseur,FC Augsburg,24,64,67,3,,2.0,11.8
2013/2014,Sejad Salihovic,Milieu,TSG 1899 Hoffenheim,29,77,77,0,1,0.0,64.7
2013/2014,Robin Knoche,Défenseur,VfL Wolfsburg,21,67,74,7,1,7.0,88.2
2013/2014,Eljero Elia,Milieu,SV Werder Bremen,26,77,76,-1,-2,-1.0,67.6
2013/2014,Karim Bellarabi,Milieu,Eintracht Braunschweig,23,72,74,2,5,2.0,58.8
2013/2014,Immanuel Hoehn,Défenseur,SC Freiburg,22,68,70,2,8,2.0,44.1
2013/2014,Marwin Hitz,Gardien,FC Augsburg,26,69,73,4,,4.0,55.9
2013/2014,Stefan Bell,Défenseur,1. FSV Mainz 05,22,66,71,5,1,5.0,73.5
2013/2014,Robbie Kruse,Milieu,Bayer 04 Leverkusen,25,74,74,0,8,0.0,11.8
2013/2014,Antonio Ruediger,Défenseur,VfB Stuttgart,20,67,73,6,7,6.0,88.2
2013/2014,Stephan Schrock,Milieu,Eintracht Frankfurt,27,71,71,0,1,0.0,20.6
2013/2014,Lukasz Piszczek,Défenseur,Borussia Dortmund,28,82,83,1,4,1.0,44.1
2013/2014,Rani Khedira,Milieu,VfB Stuttgart,19,58,64,6,,5.0,17.6
2013/2014,Mohammed Abdellaoue,Attaquant,VfB Stuttgart,28,79,76,-3,0,-3.0,20.6
2013/2014,Xherdan Shaqiri,Milieu,FC Bayern Munich,22,79,80,1,1,1.0,29.4
2013/2014,Chinedu Obasi,Milieu,FC Schalke 04,27,73,73,0,-3,0.0,20.6
2013/2014,Dominik Kohr,Milieu,FC Augsburg,19,65,66,1,,1.0,14.7
2013/2014,Julian Koch,Milieu,1. FSV Mainz 05,23,70,70,0,,0.0,5.9
2013/2014,Benedikt Saller,Milieu,1. FSV Mainz 05,21,57,64,7,,6.0,2.9
2013/2014,Christopher Avevor,Défenseur,Hannover 96,21,67,67,0,,0.0,2.9
2013/2014,Marc Stendera,Milieu,Eintracht Frankfurt,18,61,64,3,,2.0,2.9
2013/2014,Marvin Ducksch,Attaquant,Borussia Dortmund,19,61,65,4,,3.0,2.9
2013/2014,Thorsten Kirschbaum,Gardien,VfB Stuttgart,26,67,68,1,,1.0,8.8
2014/2015,Robert Lewandowski,Attaquant,FC Bayern Munich,26,86,87,1,1,1.0,82.4
2014/2015,Vieirinha,Milieu,VfL Wolfsburg,28,78,78,0,1,0.0,73.5
2014/2015,Gonzalo Castro,Milieu,Bayer 04 Leverkusen,27,80,80,0,0,0.0,55.9
2014/2015,Julian Korb,Défenseur,Borussia Mönchengladbach,22,69,73,4,6,4.0,67.6
2014/2015,Oriol Romeu,Milieu,VfB Stuttgart,23,72,72,0,0,0.0,58.8
2014/2015,Jan-Ingwer Callsen-Bracker,Défenseur,FC Augsburg,30,73,73,0,1,0.0,64.7
2014/2015,Joel Matip,Défenseur,FC Schalke 04,23,77,78,1,1,1.0,50.0
2014/2015,Kevin-Prince Boateng,Milieu,FC Schalke 04,27,80,79,-1,-3,-1.0,32.4
2014/2015,Ronny,Milieu,Hertha BSC Berlin,28,74,74,0,-1,0.0,26.5
2014/2015,Luca Caldirola,Défenseur,SV Werder Bremen,23,73,73,0,4,0.0,14.7
2014/2015,Santiago Garcia,Défenseur,SV Werder Bremen,26,74,73,-1,1,-1.0,58.8
2014/2015,Kevin Trapp,Gardien,Eintracht Frankfurt,24,80,80,0,1,0.0,64.7
2014/2015,Aleksandar Ignjovski,Défenseur,Eintracht Frankfurt,23,72,72,0,0,0.0,41.2
2014/2015,Marco Russ,Défenseur,Eintracht Frankfurt,29,70,74,4,-2,4.0,76.5
2014/2015,Constant Djakpa,Défenseur,Eintracht Frankfurt,28,72,73,1,3,1.0,14.7
2014/2015,Haris Seferovic,Attaquant,Eintracht Frankfurt,22,74,76,2,5,2.0,94.1
2014/2015,Karim Guede,Attaquant,SC Freiburg,29,67,65,-2,-3,-2.0,35.3
2014/2015,Kevin Wimmer,Défenseur,1. FC Köln,22,69,75,6,,6.0,94.1
2014/2015,Johan Djourou,Défenseur,Hamburger SV,27,74,74,0,-1,0.0,94.1
2014/2015,Marcell Jansen,Milieu,Hamburger SV,29,77,76,-1,3,-1.0,32.4
2014/2015,Lukas Kruse,Gardien,SC Paderborn 07,31,67,71,4,,4.0,100.0
2014/2015,Uwe Huenemeier,Défenseur,SC Paderborn 07,28,67,70,3,,3.0,94.1
2014/2015,Joo-Ho Park,Défenseur,1. FSV Mainz 05,27,73,73,0,6,0.0,47.1
2014/2015,Max Meyer,Milieu,FC Schalke 04,19,73,76,3,10,3.0,64.7
2014/2015,Max Kruse,Attaquant,Borussia Mönchengladbach,26,78,79,1,2,1.0,85.3
2014/2015,Pirmin Schwegler,Milieu,TSG 1899 Hoffenheim,27,77,77,0,1,0.0,76.5
2014/2015,Sebastian Proedl,Défenseur,SV Werder Bremen,27,74,75,1,0,1.0,58.8
2014/2015,Hiroshi Kiyotake,Milieu,Hannover 96,25,76,75,-1,0,-1.0,85.3
2014/2015,Marcel Schaefer,Défenseur,VfL Wolfsburg,30,75,75,0,-1,0.0,20.6
2014/2015,Jaroslav Drobny,Gardien,Hamburger SV,35,76,77,1,-1,1.0,67.6
2014/2015,Kyriakos Papadopoulos,Défenseur,Bayer 04 Leverkusen,22,78,77,-1,0,-1.0,26.5
2014/2015,Sebastian Freis,Attaquant,SC Freiburg,29,68,66,-2,-2,-2.0,11.8
2014/2015,Alban Meha,Milieu,SC Paderborn 07,28,69,70,1,,1.0,38.2
2014/2015,Christian Traesch,Défenseur,VfL Wolfsburg,27,76,76,0,1,0.0,23.5
2014/2015,Alex Manninger,Gardien,FC Augsburg,37,73,71,-2,-1,-2.0,26.5
2014/2015,Salif Sane,Milieu,Hannover 96,24,72,71,-1,2,-1.0,47.1
2014/2015,Elkin Soto,Milieu,1. FSV Mainz 05,34,73,73,0,-1,0.0,11.8
2014/2015,Pierre Bengtsson,Défenseur,1. FSV Mainz 05,26,70,71,1,,1.0,29.4
2014/2015,Fabian Johnson,Milieu,Borussia Mönchengladbach,27,73,75,2,0,2.0,44.1
2015/2016,Manuel Neuer,Gardien,FC Bayern Munich,29,90,90,0,3,-1.0,100.0
2015/2016,Philipp Lahm,Défenseur,FC Bayern Munich,32,87,87,0,0,-1.0,73.5
2015/2016,Mehdi Benatia,Défenseur,FC Bayern Munich,28,84,83,-1,-1,-2.0,32.4
2015/2016,Douglas Costa,Milieu,FC Bayern Munich,25,80,83,3,,2.0,67.6
2015/2016,Rene Adler,Gardien,Hamburger SV,30,78,80,2,-4,1.0,70.6
2015/2016,Dennis Diekmeier,Défenseur,Hamburger SV,26,73,75,2,0,0.0,44.1
2015/2016,Roberto Hilbert,Défenseur,Bayer 04 Leverkusen,31,73,77,4,0,2.0,26.5
2015/2016,Lars Bender,Milieu,Bayer 04 Leverkusen,26,81,82,1,0,0.0,32.4
2015/2016,Fabian Schaer,Défenseur,TSG 1899 Hoffenheim,24,76,77,1,2,0.0,58.8
2015/2016,Jonathan Schmid,Milieu,TSG 1899 Hoffenheim,25,74,75,1,-1,-1.0,47.1
2015/2016,Maximilian Arnold,Milieu,VfL Wolfsburg,21,75,77,2,1,1.0,64.7
2015/2016,Bastian Oczipka,Défenseur,Eintracht Frankfurt,26,74,75,1,-1,-1.0,88.2
2015/2016,Florian Klein,Défenseur,VfB Stuttgart,29,71,73,2,5,0.0,50.0
2015/2016,Timo Horn,Gardien,1. FC Köln,22,76,81,5,3,4.0,97.1
2015/2016,Roy Beerens,Milieu,Hertha BSC Berlin,28,73,73,0,0,-2.0,5.9
2015/2016,Levin Mete Oztunali,Milieu,SV Werder Bremen,19,68,72,4,,2.0,50.0
2015/2016,Eric Maxim Choupo-Moting,Milieu,FC Schalke 04,26,79,77,-2,4,-3.0,61.8
2015/2016,Klaas Jan Huntelaar,Attaquant,FC Schalke 04,32,83,81,-2,-1,-3.0,85.3
2015/2016,Loris Karius,Gardien,1. FSV Mainz 05,22,76,80,4,7,3.0,100.0
2015/2016,Jairo,Milieu,1. FSV Mainz 05,22,72,76,4,3,2.0,76.5
2015/2016,Simon Zoller,Attaquant,1. FC Köln,24,69,73,4,0,2.0,41.2
2015/2016,Sebastian Boenisch,Défenseur,Bayer 04 Leverkusen,28,72,71,-1,0,-3.0,20.6
2015/2016,Julian Brandt,Milieu,Bayer 04 Leverkusen,19,71,76,5,3,3.0,52.9
2015/2016,Toni Sunjic,Défenseur,VfB Stuttgart,27,70,73,3,,1.0,50.0
2015/2016,Leroy Sane,Milieu,FC Schalke 04,19,66,76,10,8,8.0,67.6
2015/2016,Artur Sobiech,Attaquant,Hannover 96,25,71,73,2,-2,0.0,55.9
2015/2016,Jeremy Toljan,Défenseur,TSG 1899 Hoffenheim,21,65,70,5,1,3.0,47.1
2015/2016,Pierre-Michel Lasogga,Attaquant,Hamburger SV,24,77,77,0,0,-1.0,61.8
2015/2016,Alejandro Galvez,Défenseur,SV Werder Bremen,26,74,73,-1,0,-3.0,44.1
2015/2016,Genki Haraguchi,Milieu,Hertha BSC Berlin,24,70,74,4,,2.0,82.4
2015/2016,Daniel Caligiuri,Milieu,VfL Wolfsburg,27,77,78,1,1,0.0,58.8
2015/2016,Alvaro Dominguez,Défenseur,Borussia Mönchengladbach,26,77,78,1,1,0.0,14.7
2015/2016,Roman Neustaedter,Défenseur,FC Schalke 04,27,74,74,0,-2,-2.0,76.5
2015/2016,Gojko Kacar,Milieu,Hamburger SV,28,71,72,1,0,-1.0,35.3
2015/2016,Tarik Elyounoussi,Milieu,TSG 1899 Hoffenheim,27,74,74,0,1,-2.0,14.7
2015/2016,Vaclav Kadlec,Attaquant,Eintracht Frankfurt,23,72,71,-1,0,-3.0,5.9
2015/2016,Mario Goetze,Milieu,FC Bayern Munich,23,85,84,-1,0,-2.0,32.4
2015/2016,Alexander Milosevic,Défenseur,Hannover 96,23,69,72,3,,1.0,29.4
2015/2016,Milos Veljkovic,Milieu,SV Werder Bremen,20,57,61,4,,1.0,2.9
2012/2013,Joan Hartock,Gardien,Stade Brestois 29,25,63,65,2,,0.0,5.3
2012/2013,Timothee Dieng,Défenseur,Stade Brestois 29,20,55,56,1,,-1.0,5.3
2012/2013,Fabien Robert,Attaquant,FC Lorient,23,62,61,-1,,-3.0,2.6
2012/2013,David Jarolim,Milieu,Évian Thonon Gaillard FC,33,74,74,0,,0.0,10.5
2013/2014,Itay Shechter,Attaquant,FC Nantes,26,71,71,0,-3,0.0,18.4
2013/2014,Fares Bahlouli,Milieu,Olympique Lyonnais,18,63,64,1,,0.0,2.6
2013/2014,Azbe Jug,Gardien,Girondins de Bordeaux,21,59,64,5,,4.0,2.6
2013/2014,Aristote N'Dongala,Défenseur,FC Nantes,19,58,53,-5,,-6.0,2.6
2014/2015,Matheus Carvalho,Attaquant,AS Monaco,22,65,67,2,,2.0,10.5
2014/2015,Neal Maupay,Attaquant,OGC Nice,18,64,64,0,,-1.0,7.9
2014/2015,Samuel Atrous,Gardien,RC Lens,24,59,59,0,,-1.0,2.6
2014/2015,Gael Givet,Défenseur,Évian Thonon Gaillard FC,33,67,65,-2,,-2.0,2.6
2015/2016,Yoann Gourcuff,Milieu,Stade Rennais FC,29,79,79,0,0,-1.0,21.1
2015/2016,Ellyes Skhiri,Milieu,Montpellier Hérault SC,20,58,64,6,,3.0,23.7
2015/2016,Kevin Soni,Milieu,Girondins de Bordeaux,17,59,60,1,,-2.0,2.6
2015/2016,Djamel Bakar,Attaquant,Montpellier Hérault SC,26,70,68,-2,-1,-4.0,5.3
2015/2016,Isaac Kiese Thelin,Attaquant,Girondins de Bordeaux,23,66,67,1,7,-1.0,7.9
2012/2013,Tom Trybull,Milieu,SV Werder Bremen,19,67,68,1,,1.0,11.8
2012/2013,Yohandry Orozco,Milieu,VfL Wolfsburg,21,68,68,0,,0.0,2.9
2012/2013,Philipp Bargfrede,Milieu,SV Werder Bremen,23,73,72,-1,,-1.0,20.6
2012/2013,Oka Nikolov,Gardien,Eintracht Frankfurt,38,70,70,0,,0.0,23.5
2013/2014,Didier Konan Ya,Attaquant,Hannover 96,29,78,77,-1,1,-1.0,26.5
2014/2015,Shawn Parker,Milieu,FC Augsburg,21,69,69,0,2,0.0,2.9
2014/2015,Jonas Hofmann,Milieu,1. FSV Mainz 05,22,72,74,2,7,2.0,23.5
2014/2015,Nicklas Bendtner,Attaquant,VfL Wolfsburg,26,75,75,0,-1,0.0,14.7
2015/2016,Maximilian Mittelstaedt,Défenseur,Hertha BSC Berlin,18,56,59,3,,0.0,5.9
2015/2016,Tom Mickel,Gardien,Hamburger SV,26,64,64,0,,-3.0,2.9
2012/2013,Marcelo,Défenseur,Rio Ave FC,23,66,71,5,,5.0,93.3
2012/2013,Joao Guilherme,Défenseur,CS Marítimo,26,69,68,-1,,-1.0,33.3
2012/2013,Fidelis,Attaquant,CS Marítimo,23,60,65,5,,3.0,36.7
2012/2013,Joao Moreno,Milieu,CD Nacional,31,61,68,7,,5.0,80.0
2012/2013,Artur,Gardien,SL Benfica,31,81,79,-2,,-2.0,100.0
2012/2013,Alan,Milieu,SC Braga,33,79,77,-2,,-2.0,73.3
2012/2013,Javier Cohene,Défenseur,FC Paços de Ferreira,25,66,68,2,,2.0,20.0
2012/2013,Vitor,Milieu,FC Paços de Ferreira,28,64,71,7,,5.0,93.3
2012/2013,Luiz Carlos,Milieu,FC Paços de Ferreira,27,60,72,12,,10.0,83.3
2012/2013,Cedric Collet,Milieu,SC Beira Mar,28,64,61,-3,,-5.0,23.3
2012/2013,Flavio Nunes Ferreira,Défenseur,Académica de Coimbra,21,58,72,14,,12.0,80.0
2012/2013,Vasco Fernandes,Défenseur,S.C. Olhanense,26,67,68,1,,1.0,66.7
2012/2013,Ivanildo,Milieu,S.C. Olhanense,26,71,69,-2,,-2.0,33.3
2012/2013,Luis Leal,Attaquant,Estoril Praia,25,64,70,6,,4.0,80.0
2012/2013,Marcelo Toscano,Milieu,Vitória Guimarães,27,72,70,-2,,-2.0,33.3
2012/2013,El-Arbi Hilal Soudani,Attaquant,Vitória Guimarães,25,71,72,1,,1.0,66.7
2012/2013,Khalid Boulahrouz,Défenseur,Sporting CP,31,73,73,0,,0.0,33.3
2012/2013,Andre Carrillo,Milieu,Sporting CP,21,76,77,1,,1.0,43.3
2012/2013,Joao Alves Faria Daniel,Défenseur,Gil Vicente FC,25,52,61,9,,7.0,13.3
2012/2013,Joao Pedro,Défenseur,Gil Vicente FC,32,60,60,0,,-2.0,16.7
2012/2013,Andre Albino Carvalho da Cunha,Milieu,Gil Vicente FC,34,62,68,6,,4.0,86.7
2012/2013,Cesar Peixoto,Milieu,Gil Vicente FC,32,71,70,-1,,-1.0,66.7
2012/2013,Joao Moutinho,Milieu,FC Porto,26,83,83,0,,0.0,90.0
2012/2013,Hulk,Attaquant,FC Porto,26,84,83,-1,,-1.0,10.0
2012/2013,Ola John,Milieu,SL Benfica,20,74,77,3,,3.0,50.0
2012/2013,Leonel Olimpio,Milieu,Vitória Guimarães,30,70,72,2,,2.0,70.0
2012/2013,Alphousseyni Keita,Milieu,Académica de Coimbra,27,64,65,1,,-1.0,36.7
2012/2013,Xandao,Défenseur,Sporting CP,24,70,76,6,,6.0,36.7
2012/2013,Andre Almeida,Défenseur,SL Benfica,22,69,71,2,,2.0,23.3
2012/2013,Baiano,Défenseur,SC Braga,25,71,72,1,,1.0,43.3
2012/2013,Maximilian Haas,Défenseur,SC Braga,27,61,69,8,,6.0,13.3
2012/2013,Luis Martins,Défenseur,Gil Vicente FC,20,65,64,-1,,-1.0,50.0
2012/2013,Andre Dias,Défenseur,Rio Ave FC,20,53,61,8,,6.0,3.3
2012/2013,Quim,Gardien,SC Braga,37,75,75,0,,0.0,46.7
2012/2013,Filipe Anunciacao,Milieu,FC Paços de Ferreira,33,67,67,0,,0.0,13.3
2012/2013,Tiago Ilori,Défenseur,Sporting CP,19,67,71,4,,4.0,36.7
2012/2013,Paulo Arantes,Défenseur,Gil Vicente FC,26,57,62,5,,3.0,36.7
2012/2013,Tijani Belaid,Milieu,Moreirense FC,25,67,64,-3,,-3.0,3.3
2012/2013,Joao Goncalves,Défenseur,Vitória Guimarães,24,69,64,-5,,-5.0,10.0
2012/2013,Djamal Mahamat,Milieu,SC Braga,29,75,71,-4,,-4.0,3.3
2013/2014,Alberto Rodriguez,Défenseur,Rio Ave FC,29,73,72,-1,-5,-1.0,66.7
2013/2014,Braga,Milieu,Rio Ave FC,30,71,70,-1,-1,-1.0,86.7
2013/2014,Eduardo Gottardi,Gardien,CD Nacional,28,69,69,0,0,0.0,96.7
2013/2014,Mexer,Défenseur,CD Nacional,25,69,75,6,0,6.0,96.7
2013/2014,Haminu Dramani,Attaquant,Gil Vicente FC,27,65,65,0,,0.0,10.0
2013/2014,Douglas,Gardien,Vitória Guimarães,30,70,70,0,4,0.0,96.7
2013/2014,Ricardo,Gardien,S.C. Olhanense,37,66,65,-1,0,-1.0,26.7
2013/2014,Andre Leao,Milieu,FC Paços de Ferreira,28,73,72,-1,6,-1.0,70.0
2013/2014,Paulo Vinicius,Défenseur,SC Braga,29,73,77,4,1,4.0,23.3
2013/2014,Joaozinho,Défenseur,SC Braga,24,69,72,3,,3.0,43.3
2013/2014,Edinho,Attaquant,SC Braga,31,70,71,1,3,1.0,20.0
2013/2014,Jefferson Nascimento,Défenseur,Sporting CP,25,72,75,3,,3.0,86.7
2013/2014,Bruno Amaro,Milieu,FC Arouca,30,71,70,-1,2,-1.0,96.7
2013/2014,Steven Defour,Milieu,FC Porto,25,77,75,-2,-1,-2.0,43.3
2013/2014,Lucho Gonzalez,Milieu,FC Porto,32,81,80,-1,1,-1.0,50.0
2013/2014,Guilherme Siqueira,Défenseur,SL Benfica,27,75,77,2,1,2.0,60.0
2013/2014,Joao Amorim,Défenseur,Vitória Guimarães,21,61,67,6,,5.0,33.3
2013/2014,Andre Martins,Milieu,Sporting CP,23,74,74,0,4,0.0,80.0
2013/2014,Gege,Défenseur,CS Marítimo,25,61,65,4,,3.0,66.7
2013/2014,Lucas Souza,Milieu,S.C. Olhanense,23,63,63,0,,-1.0,56.7
2013/2014,Magique,Attaquant,Académica de Coimbra,20,64,64,0,,-1.0,33.3
2013/2014,Ederson Moraes,Gardien,Rio Ave FC,20,64,68,4,,3.0,56.7
2013/2014,Bebe,Attaquant,FC Paços de Ferreira,23,65,70,5,,5.0,76.7
2013/2014,Carlao,Attaquant,FC Paços de Ferreira,27,71,68,-3,0,-3.0,20.0
2013/2014,Jan Oblak,Gardien,SL Benfica,20,74,77,3,8,3.0,50.0
2013/2014,Roderick Miranda,Défenseur,Rio Ave FC,22,69,68,-1,4,-1.0,33.3
2013/2014,Sergio Romeo Marakis,Milieu,CS Marítimo,22,63,64,1,3,0.0,13.3
2013/2014,Kanu,Défenseur,Vitória Guimarães,21,63,64,1,,0.0,6.7
2013/2014,Diego Reyes,Défenseur,FC Porto,21,75,73,-2,,-2.0,16.7
2013/2014,Josue,Défenseur,Vitória Guimarães,21,62,62,0,,-1.0,6.7
2013/2014,Paulo Lopes,Gardien,SL Benfica,35,73,71,-2,,-2.0,6.7
2013/2014,Cristiano,Gardien,SC Braga,23,65,64,-1,0,-1.0,3.3
2013/2014,Rui Silva,Gardien,CD Nacional,19,57,60,3,,2.0,3.3
2014/2015,Fredy Montero,Attaquant,Sporting CP,27,77,76,-1,3,-1.0,52.9
2014/2015,Ivan Balliu,Défenseur,FC Arouca,22,64,65,1,1,0.0,94.1
2014/2015,David Simao,Milieu,FC Arouca,24,72,72,0,0,0.0,91.2
2014/2015,Artur,Milieu,FC Arouca,30,72,71,-1,-1,-1.0,50.0
2014/2015,Babanco,Milieu,Estoril Praia,29,69,69,0,2,0.0,41.2
2014/2015,Luisao,Défenseur,SL Benfica,33,80,80,0,0,0.0,88.2
2014/2015,Anderson Talisca,Milieu,SL Benfica,20,70,76,6,,6.0,58.8
2014/2015,Lima,Attaquant,SL Benfica,31,78,78,0,-2,0.0,94.1
2014/2015,Jean Michael Seri,Milieu,FC Paços de Ferreira,23,65,70,5,,5.0,94.1
2014/2015,Alex,Milieu,Vitória Guimarães,23,66,73,7,-6,7.0,58.8
2014/2015,Lionn,Défenseur,Rio Ave FC,25,68,68,0,0,0.0,76.5
2014/2015,Tarantini,Milieu,Rio Ave FC,31,70,73,3,0,3.0,82.4
2014/2015,Lukas Raeder,Gardien,Vitória Setúbal,21,60,65,5,0,4.0,50.0
2014/2015,Rabiola,Attaquant,FC Penafiel,25,65,67,2,-4,2.0,52.9
2014/2015,Sturgeon,Milieu,CF Os Belenenses,20,63,71,8,,7.0,79.4
2014/2015,Ruben Micael,Milieu,SC Braga,28,75,75,0,0,0.0,70.6
2014/2015,Alex Sandro,Défenseur,FC Porto,23,79,78,-1,2,-1.0,82.4
2014/2015,Danilo Pereira,Milieu,CS Marítimo,23,71,76,5,3,5.0,85.3
2014/2015,Lucas Joao,Attaquant,CD Nacional,21,63,69,6,1,5.0,70.6
2014/2015,Andre Marques,Défenseur,Moreirense FC,27,64,64,0,0,-1.0,35.3
2014/2015,Rui Sampaio,Milieu,FC Arouca,27,67,67,0,-1,0.0,67.6
2014/2015,Marwan Mohsen,Attaquant,Gil Vicente FC,25,64,64,0,,-1.0,23.5
2014/2015,Adrian Lopez,Attaquant,FC Porto,26,78,75,-3,-1,-3.0,8.8
2014/2015,Gerso Fernandes,Attaquant,Moreirense FC,23,69,70,1,,1.0,14.7
2014/2015,Jonas,Attaquant,SL Benfica,30,81,82,1,0,1.0,73.5
2014/2015,Joao Mario,Milieu,Sporting CP,21,73,76,3,4,3.0,67.6
2014/2015,Nani,Attaquant,Sporting CP,28,82,82,0,-2,0.0,79.4
2014/2015,Rafael Amorim,Défenseur,FC Paços de Ferreira,27,63,65,2,,1.0,50.0
2014/2015,Paulo Tavares,Milieu,Vitória Setúbal,29,66,67,1,-1,1.0,76.5
2014/2015,Lee,Gardien,Académica de Coimbra,26,70,66,-4,,-4.0,26.5
2014/2015,Simmy Nwankwo,Attaquant,Gil Vicente FC,22,65,67,2,,2.0,67.6
2014/2015,Ricardo Batista,Gardien,Vitória Setúbal,28,64,65,1,,0.0,50.0
2014/2015,Nelson Pedroso,Défenseur,FC Paços de Ferreira,29,65,65,0,0,0.0,11.8
2014/2015,Romeu Rocha,Milieu,FC Paços de Ferreira,28,63,63,0,,-1.0,11.8
2014/2015,Vincent Sasso,Défenseur,SC Braga,23,69,69,0,0,0.0,8.8
2014/2015,Raul,Défenseur,CS Marítimo,25,63,63,0,,-1.0,44.1
2014/2015,Freire,Défenseur,CD Nacional,25,65,65,0,1,0.0,20.6
2014/2015,Franco Daniel Jara,Attaquant,SL Benfica,26,70,70,0,,0.0,2.9
2014/2015,Ney Santos,Milieu,Vitória Setúbal,33,67,65,-2,-1,-2.0,2.9
2014/2015,Antonio Filipe,Gardien,FC Paços de Ferreira,29,63,63,0,3,-1.0,35.3
2014/2015,Javier Balboa,Attaquant,Estoril Praia,29,69,71,2,4,2.0,11.8
2014/2015,Dorvalino Alves Maciel Lino,Défenseur,Académica de Coimbra,37,71,70,-1,,-1.0,8.8
2015/2016,Renan Bressan,Milieu,Rio Ave FC,27,70,74,4,,2.0,61.8
2015/2016,Diego Carlos,Défenseur,Estoril Praia,22,64,70,6,,3.0,91.2
2015/2016,Helder Lopes,Défenseur,FC Paços de Ferreira,26,66,72,6,1,4.0,91.2
2015/2016,Diogo Jota,Milieu,FC Paços de Ferreira,19,65,74,9,,7.0,91.2
2015/2016,Filipe Goncalves,Milieu,Moreirense FC,31,67,69,2,0,0.0,47.1
2015/2016,Frederico Venancio,Défenseur,Vitória Setúbal,22,67,72,5,2,3.0,91.2
2015/2016,Philipe Sampaio,Défenseur,Boavista FC,21,63,65,2,,-1.0,35.3
2015/2016,Toze,Milieu,Vitória Guimarães,22,71,73,2,3,0.0,29.4
2015/2016,Alex Soares,Milieu,CS Marítimo,24,67,71,4,4,2.0,61.8
2015/2016,Matthew Jones,Gardien,Tondela,29,68,69,1,0,-1.0,29.4
2015/2016,Rui Patricio,Gardien,Sporting CP,27,80,81,1,-1,0.0,100.0
2015/2016,Teofilo Gutierrez,Attaquant,Sporting CP,30,79,78,-1,,-2.0,58.8
2015/2016,Goncalo Silva,Défenseur,CF Os Belenenses,24,62,65,3,,0.0,44.1
2015/2016,Tiago Caeiro,Attaquant,CF Os Belenenses,31,65,67,2,0,0.0,26.5
2015/2016,Jardel,Défenseur,SL Benfica,29,77,80,3,2,2.0,88.2
2015/2016,Anderson Correia,Défenseur,Boavista FC,24,64,69,5,,2.0,26.5
2015/2016,Aaron Niguez,Milieu,SC Braga,26,70,70,0,1,-2.0,11.8
2015/2016,Joao Afonso,Défenseur,CF Os Belenenses,33,65,68,3,0,1.0,23.5
2015/2016,Ricardo Esgaio,Défenseur,Sporting CP,22,67,71,4,,2.0,17.6
2015/2016,Marion,Milieu,Estoril Praia,24,69,69,0,,-2.0,17.6
2015/2016,Andre Vilas Boas,Défenseur,Rio Ave FC,32,67,69,2,1,0.0,11.8
2015/2016,Helder Postiga,Attaquant,Rio Ave FC,33,74,74,0,-2,-2.0,11.8
2015/2016,Joao Silva,Attaquant,FC Paços de Ferreira,25,68,68,0,,-2.0,8.8
2015/2016,Ulysse Diallo,Attaquant,CS Marítimo,23,63,67,4,,1.0,2.9
2012/2013,Jamie Langfield,Gardien,Aberdeen,33,62,62,0,,-2.0,97.4
2012/2013,Ryan Jack,Milieu,Aberdeen,20,62,62,0,,-2.0,47.4
2012/2013,Gavin Rae,Milieu,Aberdeen,35,63,64,1,,-1.0,89.5
2012/2013,David Templeton,Attaquant,Heart of Midlothian,23,72,70,-2,,-2.0,5.3
2012/2013,Callum Davidson,Défenseur,St. Johnstone FC,36,61,62,1,,-1.0,52.6
2012/2013,Murray Davidson,Milieu,St. Johnstone FC,24,66,70,4,,4.0,81.6
2012/2013,James Dayton,Milieu,Kilmarnock,24,68,67,-1,,-1.0,60.5
2012/2013,Nicholas Law,Milieu,Motherwell,24,70,69,-1,,-1.0,100.0
2012/2013,David van Zanten,Défenseur,St. Mirren,30,60,63,3,,1.0,84.2
2012/2013,Paul McGowan,Milieu,St. Mirren,25,70,67,-3,,-3.0,65.8
2012/2013,Dougie Imrie,Milieu,St. Mirren,29,60,60,0,,-2.0,34.2
2012/2013,Owain Tudor Jones,Milieu,Inverness Caledonian Thistle,28,60,64,4,,2.0,81.6
2012/2013,Richie Ryan,Milieu,Dundee United,27,62,62,0,,-2.0,31.6
2012/2013,Leigh Griffiths,Attaquant,Hibernian,22,69,69,0,,0.0,94.7
2012/2013,Mark Kerr,Milieu,Dundee FC,30,63,62,-1,,-3.0,15.8
2012/2013,Rory McKeown,Défenseur,Kilmarnock,19,60,60,0,,-2.0,42.1
2012/2013,Gary Glen,Attaquant,Ross County FC,22,61,59,-2,,-4.0,15.8
2012/2013,Kallum Higginbotham,Milieu,Motherwell,23,62,63,1,,-1.0,7.9
2012/2013,Nicky Low,Milieu,Aberdeen,20,52,58,6,,4.0,2.6
2012/2013,Jonathan Page,Défenseur,Motherwell,22,62,64,2,,0.0,2.6
2013/2014,Joe Shaughnessy,Défenseur,Aberdeen,21,60,60,0,3,-1.0,52.6
2013/2014,Clark Robertson,Défenseur,Aberdeen,20,61,60,-1,6,-2.0,13.2
2013/2014,Rory McKenzie,Milieu,Kilmarnock,20,55,59,4,,3.0,78.9
2013/2014,James Fowler,Milieu,Kilmarnock,33,63,59,-4,0,-5.0,15.8
2013/2014,Christopher Johnston,Milieu,Kilmarnock,19,55,62,7,,6.0,39.5
2013/2014,William Gross,Attaquant,Kilmarnock,21,59,58,-1,1,-2.0,10.5
2013/2014,Mikael Lustig,Défenseur,Celtic,27,72,74,2,1,2.0,23.7
2013/2014,Brian McLean,Défenseur,Ross County FC,28,61,57,-4,-2,-5.0,65.8
2013/2014,Graham Carey,Milieu,Ross County FC,24,62,63,1,-2,0.0,81.6
2013/2014,Josh Meekings,Défenseur,Inverness Caledonian Thistle,21,60,66,6,5,5.0,89.5
2013/2014,Aaron Doran,Milieu,Inverness Caledonian Thistle,22,70,68,-2,5,-2.0,86.8
2013/2014,Ryan Gauld,Milieu,Dundee United,18,61,66,5,,4.0,55.3
2013/2014,Steven Anderson,Défenseur,St. Johnstone FC,28,65,66,1,-2,1.0,76.3
2013/2014,Chris Millar,Milieu,St. Johnstone FC,30,60,60,0,-2,-1.0,68.4
2013/2014,Gary McDonald,Milieu,St. Johnstone FC,31,60,60,0,,-1.0,68.4
2013/2014,Steven MacLean,Attaquant,St. Johnstone FC,31,60,61,1,0,0.0,47.4
2013/2014,Jamie MacDonald,Gardien,Heart of Midlothian,27,68,67,-1,3,-1.0,97.4
2013/2014,Brad McKay,Défenseur,Heart of Midlothian,20,51,60,9,,8.0,60.5
2013/2014,Jamie Walker,Milieu,Heart of Midlothian,20,61,66,5,10,4.0,55.3
2013/2014,Michael Nelson,Défenseur,Hibernian,31,61,62,1,-2,0.0,84.2
2013/2014,Keith Lasley,Milieu,Motherwell,34,68,68,0,1,0.0,97.4
2013/2014,Abdellah Zoubir,Milieu,Hibernian,22,59,59,0,,-1.0,7.9
2013/2014,Teemu Pukki,Attaquant,Celtic,23,72,68,-4,-1,-4.0,34.2
2013/2014,Isaac Osbourne,Milieu,Partick Thistle F.C.,27,63,63,0,1,-1.0,28.9
2013/2014,Scott Boyd,Défenseur,Ross County FC,27,64,58,-6,,-7.0,71.1
2013/2014,Ivan Sproule,Milieu,Ross County FC,32,65,63,-2,,-2.0,18.4
2013/2014,David Smith,Milieu,Heart of Midlothian,20,52,53,1,-1,0.0,47.4
2013/2014,Greg Tansey,Milieu,Inverness Caledonian Thistle,25,59,61,2,,1.0,39.5
2013/2014,Paul Cairney,Milieu,Hibernian,26,63,60,-3,,-4.0,36.8
2013/2014,Scott Vernon,Attaquant,Aberdeen,30,61,62,1,-8,0.0,36.8
2013/2014,Adam Campbell,Attaquant,St. Mirren,18,59,62,3,,2.0,18.4
2013/2014,Stephane Bahoken,Attaquant,St. Mirren,21,60,61,1,5,0.0,5.3
2014/2015,Mark Reynolds,Défenseur,Aberdeen,27,66,69,3,1,3.0,97.4
2014/2015,Barry Robson,Milieu,Aberdeen,36,66,64,-2,0,-2.0,23.7
2014/2015,David Goodwillie,Attaquant,Aberdeen,25,67,68,1,-1,1.0,55.3
2014/2015,Jaroslaw Fojut,Défenseur,Dundee United,27,63,64,1,,0.0,94.7
2014/2015,Emilio Izaguirre,Défenseur,Celtic,28,72,73,1,1,1.0,89.5
2014/2015,Charles Mulgrew,Milieu,Celtic,28,68,67,-1,-4,-1.0,18.4
2014/2015,John Guidetti,Attaquant,Celtic,22,73,72,-1,,-1.0,50.0
2014/2015,Aaron Muirhead,Défenseur,Partick Thistle F.C.,24,62,62,0,,-1.0,7.9
2014/2015,Craig Samson,Gardien,Kilmarnock,30,63,63,0,-1,-1.0,92.1
2014/2015,Lee Ashcroft,Défenseur,Kilmarnock,21,53,61,8,2,7.0,52.6
2014/2015,Gary Warren,Défenseur,Inverness Caledonian Thistle,30,65,67,2,4,2.0,94.7
2014/2015,Graeme Shinnie,Défenseur,Inverness Caledonian Thistle,23,69,69,0,2,0.0,97.4
2014/2015,Marian Kello,Gardien,St. Mirren,32,66,64,-2,0,-2.0,39.5
2014/2015,Jason Naismith,Défenseur,St. Mirren,20,57,62,5,5,4.0,100.0
2014/2015,Jim Fenlon,Défenseur,Ross County FC,20,57,58,1,,0.0,10.5
2014/2015,Alan Mannus,Gardien,St. Johnstone FC,32,65,66,1,-1,1.0,100.0
2014/2015,David Wotherspoon,Milieu,St. Johnstone FC,23,66,64,-2,3,-2.0,78.9
2014/2015,Sean Dillon,Défenseur,Dundee United,31,60,60,0,-2,-1.0,68.4
2014/2015,Simon Ramsden,Défenseur,Motherwell,33,59,63,4,-3,3.0,52.6
2014/2015,Charles Telfer,Milieu,Dundee United,19,48,62,14,,13.0,34.2
2014/2015,Calum Butcher,Milieu,Dundee United,23,60,60,0,,-1.0,39.5
2014/2015,Liam Caddis,Milieu,St. Johnstone FC,21,56,57,1,,0.0,15.8
2014/2015,Kris Commons,Milieu,Celtic,31,75,73,-2,1,-2.0,52.6
2014/2015,Declan McDaid,Milieu,Partick Thistle F.C.,19,54,59,5,,4.0,13.2
2014/2015,Mark O'Hara,Milieu,Kilmarnock,19,58,58,0,0,-1.0,36.8
2014/2015,Nathan Eccleston,Milieu,Kilmarnock,24,63,63,0,,-1.0,15.8
2014/2015,Donervon Daniels,Défenseur,Aberdeen,21,61,62,1,,0.0,18.4
2014/2015,Henri Anier,Attaquant,Dundee United,24,65,61,-4,8,-4.0,10.5
2014/2015,Daniel Devine,Défenseur,Inverness Caledonian Thistle,22,59,59,0,0,-1.0,15.8
2014/2015,Greg Kiltie,Milieu,Kilmarnock,17,56,56,0,,-1.0,5.3
2014/2015,David Wilson,Milieu,Partick Thistle F.C.,20,50,50,0,,-1.0,2.6
2015/2016,Efe Ambrose,Défenseur,Celtic,27,68,69,1,-1,-1.0,39.5
2015/2016,Marcus Fraser,Défenseur,Ross County FC,21,56,59,3,3,0.0,76.3
2015/2016,Michael Gardyne,Milieu,Ross County FC,29,61,63,2,0,-1.0,89.5
2015/2016,Paul Dixon,Défenseur,Dundee United,29,65,67,2,-2,0.0,71.1
2015/2016,Lewis Longridge,Milieu,Hamilton Academical FC,24,58,62,4,,1.0,15.8
2015/2016,Ryan Stevenson,Milieu,Partick Thistle F.C.,31,63,65,2,2,-1.0,15.8
2015/2016,Kris Doolan,Attaquant,Partick Thistle F.C.,29,64,65,1,2,-2.0,63.2
2015/2016,Thomas Scobbie,Défenseur,St. Johnstone FC,27,61,64,3,0,0.0,73.7
2015/2016,Brian Easton,Défenseur,St. Johnstone FC,27,64,66,2,3,-1.0,68.4
2015/2016,Steven Hammell,Défenseur,Motherwell,33,65,64,-1,-3,-3.0,65.8
2015/2016,Marvin Johnson,Milieu,Motherwell,25,59,65,6,,3.0,89.5
2015/2016,Mark Connolly,Défenseur,Kilmarnock,24,62,64,2,0,-1.0,26.3
2015/2016,Scott Bain,Gardien,Dundee FC,24,62,64,2,,-1.0,97.4
2015/2016,Kevin Thomson,Milieu,Dundee FC,31,60,61,1,0,-2.0,28.9
2015/2016,David Mackay,Défenseur,St. Johnstone FC,35,65,66,1,1,-1.0,44.7
2015/2016,Saidy Janko,Défenseur,Celtic,20,64,67,3,,0.0,15.8
2015/2016,Temitope Ayoluwa Obadeyi,Milieu,Kilmarnock,26,62,64,2,1,-1.0,39.5
2015/2016,Steven Lawless,Milieu,Partick Thistle F.C.,24,65,66,1,5,-1.0,94.7
2015/2016,Billy McKay,Attaquant,Dundee United,27,69,67,-2,-2,-4.0,73.7
2015/2016,Lewis Horner,Défenseur,Inverness Caledonian Thistle,23,56,54,-2,,-5.0,28.9
2015/2016,Jamie Sendles-White,Défenseur,Hamilton Academical FC,21,61,61,0,,-3.0,10.5
2015/2016,Alexandre D'Acol,Attaquant,Hamilton Academical FC,29,64,64,0,,-3.0,7.9
2015/2016,Gary Irvine,Défenseur,Dundee FC,30,61,64,3,,0.0,15.8
2015/2016,Darren O'Dea,Défenseur,Dundee FC,28,67,68,1,,-1.0,42.1
2015/2016,Alex Schalk,Attaquant,Ross County FC,23,63,64,1,0,-2.0,36.8
2012/2013,Mikel San Jose,Défenseur,Athletic Club de Bilbao,23,76,76,0,,0.0,60.5
2012/2013,Gaizka Toquero,Attaquant,Athletic Club de Bilbao,28,73,70,-3,,-3.0,2.6
2012/2013,Xabi Alonso,Milieu,Real Madrid CF,31,86,86,0,,0.0,57.9
2012/2013,Sofiane Feghouli,Milieu,Valencia CF,23,75,81,6,,6.0,60.5
2012/2013,Andres Guardado,Défenseur,Valencia CF,26,78,81,3,,3.0,68.4
2012/2013,Carles Puyol,Défenseur,FC Barcelona,34,86,85,-1,,-1.0,31.6
2012/2013,Xavi Hernandez,Milieu,FC Barcelona,32,91,90,-1,,-1.0,63.2
2012/2013,Cristian Tello Herrera,Attaquant,FC Barcelona,21,68,78,10,,10.0,31.6
2012/2013,Dani Estrada,Défenseur,Real Sociedad,25,67,71,4,,4.0,26.3
2012/2013,Miguel Torres,Défenseur,Getafe CF,26,73,74,1,,1.0,52.6
2012/2013,Mehdi Lacen,Milieu,Getafe CF,28,75,73,-2,,-2.0,26.3
2012/2013,Tiago,Milieu,Atlético Madrid,31,78,80,2,,2.0,36.8
2012/2013,Roberto,Gardien,Real Zaragoza,26,78,78,0,,0.0,86.8
2012/2013,Ivan Obradovic,Défenseur,Real Zaragoza,24,69,68,-1,,-1.0,2.6
2012/2013,Franco Zuculini,Milieu,Real Zaragoza,22,69,70,1,,1.0,34.2
2012/2013,Antonio Apono,Milieu,Real Zaragoza,28,74,75,1,,1.0,76.3
2012/2013,Javi Guerra,Attaquant,Real Valladolid,30,73,74,1,,1.0,44.7
2012/2013,Javi Varas,Gardien,RC Celta de Vigo,30,78,76,-2,,-2.0,92.1
2012/2013,Jose Carlos Nunes,Défenseur,RCD Mallorca,35,76,72,-4,,-4.0,55.3
2012/2013,Victor Casadesus,Attaquant,RCD Mallorca,27,71,72,1,,1.0,81.6
2012/2013,Wakaso Mubarak,Milieu,RCD Espanyol,22,73,75,2,,2.0,60.5
2012/2013,Mikel Rico,Milieu,Granada CF,28,73,75,2,,2.0,100.0
2012/2013,Joseba Llorente,Attaquant,CA Osasuna,33,69,69,0,,0.0,26.3
2012/2013,Manuel Iturra,Milieu,Málaga CF,28,70,75,5,,5.0,39.5
2012/2013,Leo Baptistao,Attaquant,Rayo Vallecano,20,60,76,16,,14.0,68.4
2012/2013,Inigo Martinez,Défenseur,Real Sociedad,21,73,78,5,,5.0,89.5
2012/2013,Victor Alvarez,Défenseur,RCD Espanyol,19,59,69,10,,8.0,34.2
2012/2013,Jose Raul Baena,Milieu,RCD Espanyol,23,74,73,-1,,-1.0,28.9
2012/2013,Emiliano Daniel Armenteros,Milieu,CA Osasuna,26,74,73,-1,,-1.0,78.9
2012/2013,Emre Belozoglu,Milieu,Atlético Madrid,32,81,78,-3,,-3.0,10.5
2012/2013,David Timor Copovi,Milieu,CA Osasuna,23,69,71,2,,2.0,26.3
2012/2013,Nelson Haedo Valdez,Attaquant,Valencia CF,29,76,76,0,,0.0,15.8
2012/2013,Sami Khedira,Milieu,Real Madrid CF,25,82,84,2,,2.0,50.0
2012/2013,Franco Vazquez,Milieu,Rayo Vallecano,23,73,71,-2,,-2.0,21.1
2012/2013,Alberto Botia,Défenseur,Sevilla FC,23,77,74,-3,,-3.0,36.8
2012/2013,Jonas Ramalho,Défenseur,Athletic Club de Bilbao,19,64,69,5,,3.0,10.5
2012/2013,Andre Santos,Milieu,RC Deportivo de La Coruña,23,75,70,-5,,-5.0,10.5
2012/2013,Lolo,Milieu,CA Osasuna,28,72,71,-1,,-1.0,44.7
2012/2013,Alvaro Vadillo,Milieu,Real Betis Balompié,18,64,69,5,,3.0,7.9
2012/2013,Duda,Milieu,Málaga CF,32,76,73,-3,,-3.0,7.9
2012/2013,Marcelo,Défenseur,Real Madrid CF,24,82,82,0,,0.0,34.2
2012/2013,Borja Fernandez,Milieu,Getafe CF,31,67,72,5,,5.0,36.8
2012/2013,Joao Victor,Milieu,RCD Mallorca,24,70,69,-1,,-1.0,5.3
2013/2014,Odion Ighalo,Attaquant,Granada CF,24,72,72,0,1,0.0,5.3
2013/2014,Sergi Roberto,Milieu,FC Barcelona,21,74,74,0,,0.0,2.6
2014/2015,Mauro,Milieu,SC Braga,24,70,70,0,5,0.0,14.7
2014/2015,Tijane Reis,Attaquant,Estoril Praia,23,56,58,2,,1.0,2.9
2014/2015,Ljubomir Fejsa,Milieu,SL Benfica,26,75,75,0,3,0.0,2.9
2013/2014,Prince Buaben,Milieu,Partick Thistle F.C.,25,66,63,-3,,-3.0,23.7
2013/2014,Alexei Jr Eremenko,Milieu,Kilmarnock,30,73,73,0,,0.0,23.7
2013/2014,Paul McCallum,Attaquant,Heart of Midlothian,20,60,60,0,,-1.0,10.5
2013/2014,David Moberg Karlsson,Attaquant,Kilmarnock,19,59,59,0,,-1.0,5.3
2013/2014,Sean Murdoch,Gardien,Hibernian,27,59,59,0,0,-1.0,2.6
2013/2014,John Herron,Défenseur,Celtic,19,53,57,4,,3.0,2.6
2012/2013,Kaka,Milieu,Real Madrid CF,30,85,83,-2,,-2.0,31.6
2012/2013,Valdo,Milieu,Levante UD,31,75,68,-7,,-7.0,15.8
2012/2013,Jose Manuel Pinto,Gardien,FC Barcelona,37,72,72,0,,0.0,18.4
2012/2013,Eric Abidal,Défenseur,FC Barcelona,33,81,77,-4,,-4.0,5.3
2012/2013,Xabier Aranburu Castillo,Défenseur,Athletic Club de Bilbao,26,67,67,0,,0.0,7.9
2013/2014,Juan Carlos,Milieu,Real Betis Balompié,23,73,72,-1,3,-1.0,47.4
2013/2014,Salva Sevilla,Milieu,Real Betis Balompié,29,74,74,0,1,0.0,42.1
2013/2014,Diego Daniel Colotto,Défenseur,RCD Espanyol,32,74,74,0,-1,0.0,78.9
2013/2014,Hector Moreno,Défenseur,RCD Espanyol,25,77,78,1,-1,1.0,84.2
2013/2014,Allan Nyom,Défenseur,Granada CF,25,72,73,1,-1,1.0,89.5
2013/2014,Diego Mainz,Défenseur,Granada CF,31,72,72,0,3,0.0,36.8
2013/2014,Rafinha,Milieu,RC Celta de Vigo,20,70,75,5,,5.0,71.1
2013/2014,Gorka Iraizoz Moreno,Gardien,Athletic Club de Bilbao,32,73,76,3,-8,3.0,86.8
2013/2014,Diego Lopez,Gardien,Real Madrid CF,32,82,84,2,,2.0,94.7
2013/2014,Karim Benzema,Attaquant,Real Madrid CF,26,85,85,0,-1,0.0,89.5
2013/2014,Manuel Trigueros,Milieu,Villarreal CF,22,70,70,0,,0.0,60.5
2013/2014,Patxi Martinez Punal,Milieu,CA Osasuna,38,71,71,0,-2,0.0,47.4
2013/2014,Miguel Angel de las Cuevas,Milieu,CA Osasuna,27,71,72,1,-6,1.0,55.3
2013/2014,Alvaro Rubio,Milieu,Real Valladolid,34,74,73,-1,8,-1.0,73.7
2013/2014,Angel Trujillo,Défenseur,UD Almería,26,68,69,1,,1.0,94.7
2013/2014,Verza,Milieu,UD Almería,27,70,70,0,,0.0,89.5
2013/2014,Thibaut Courtois,Gardien,Atlético Madrid,21,83,84,1,7,1.0,97.4
2013/2014,Koke,Milieu,Atlético Madrid,21,80,82,2,9,2.0,86.8
2013/2014,Diego Costa,Attaquant,Atlético Madrid,25,81,84,3,6,3.0,89.5
2013/2014,David Villa,Attaquant,Atlético Madrid,32,83,83,0,-4,0.0,84.2
2013/2014,Ion Ansotegi,Défenseur,Real Sociedad,31,69,74,5,-2,5.0,47.4
2013/2014,Ruben Pardo,Milieu,Real Sociedad,21,72,76,4,13,4.0,55.3
2013/2014,David Navarro,Défenseur,Levante UD,33,75,75,0,0,0.0,76.3
2013/2014,Jordi Feliu Xumetra,Milieu,Levante UD,28,72,73,1,,1.0,50.0
2013/2014,Andreas Ivanschitz,Milieu,Levante UD,30,76,76,0,1,0.0,52.6
2013/2014,Roberto Trashorras,Milieu,Rayo Vallecano,32,76,76,0,5,0.0,94.7
2013/2014,Antunes,Défenseur,Málaga CF,26,76,76,0,,0.0,94.7
2013/2014,Coke,Défenseur,Sevilla FC,26,74,74,0,-1,0.0,60.5
2013/2014,Vicente Iborra,Milieu,Sevilla FC,25,77,77,0,4,0.0,65.8
2013/2014,Victor Valdes,Gardien,FC Barcelona,31,84,83,-1,-1,-1.0,68.4
2013/2014,Juan Bernat,Défenseur,Valencia CF,20,71,71,0,5,0.0,68.4
2013/2014,Antonio Amaya,Défenseur,Real Betis Balompié,30,73,75,2,3,2.0,57.9
2013/2014,Santi Mina,Attaquant,RC Celta de Vigo,18,61,66,5,,4.0,31.6
2013/2014,Bruno Soriano,Milieu,Villarreal CF,29,79,80,1,,1.0,92.1
2013/2014,Sergio Pelegrin,Défenseur,Elche CF,34,72,72,0,,0.0,39.5
2013/2014,Nacho Martinez,Défenseur,Rayo Vallecano,24,71,73,2,,2.0,50.0
2013/2014,Diogo Figueiras,Défenseur,Sevilla FC,22,67,71,4,6,4.0,50.0
2013/2014,Marc Bartra,Défenseur,FC Barcelona,22,74,76,2,4,2.0,44.7
2013/2014,Adrian Colunga,Attaquant,Getafe CF,29,74,74,0,3,0.0,42.1
2013/2014,Carlos Sanchez,Milieu,Elche CF,27,74,74,0,0,0.0,63.2
2013/2014,Hector Rodas,Défenseur,Levante UD,25,68,69,1,0,1.0,31.6
2013/2014,Alhassane Bangoura,Milieu,Rayo Vallecano,21,77,76,-1,6,-1.0,50.0
2013/2014,Ivan Sanchez Riki,Attaquant,Granada CF,33,75,74,-1,5,-1.0,26.3
2013/2014,Adrian Gonzalez,Milieu,Rayo Vallecano,25,70,69,-1,-1,-1.0,26.3
2013/2014,Cani,Milieu,Villarreal CF,32,75,75,0,,0.0,63.2
2013/2014,Paulao,Défenseur,Real Betis Balompié,31,76,75,-1,3,-1.0,52.6
2013/2014,Jeffren Suarez,Milieu,Real Valladolid,25,76,72,-4,0,-4.0,13.2
2013/2014,Alberto De la Bella,Défenseur,Real Sociedad,28,74,75,1,2,1.0,42.1
2013/2014,Pape Diakhate,Défenseur,Granada CF,29,70,70,0,-2,0.0,36.8
2013/2014,Joan Oriol,Défenseur,CA Osasuna,27,71,71,0,,0.0,21.1
2013/2014,Hernan Pellerano,Défenseur,UD Almería,29,69,69,0,,0.0,34.2
2013/2014,Diego Perotti,Milieu,Sevilla FC,25,74,75,1,-2,1.0,7.9
2013/2014,Cristian Rodriguez,Milieu,Atlético Madrid,28,79,80,1,1,1.0,5.3
2013/2014,Erik Moran,Milieu,Athletic Club de Bilbao,22,65,67,2,,2.0,10.5
2013/2014,Orestis Karnezis,Gardien,Granada CF,28,73,74,1,,1.0,15.8
2013/2014,Alvaro Morata,Attaquant,Real Madrid CF,21,73,76,3,3,3.0,7.9
2013/2014,Alex Fernandez,Milieu,RCD Espanyol,21,74,74,0,,0.0,7.9
2013/2014,Javi Flores,Milieu,Elche CF,27,63,63,0,,-1.0,2.6
2013/2014,Esteban Granero,Milieu,Real Sociedad,26,78,78,0,-1,0.0,5.3
2013/2014,Christian Lell,Défenseur,Levante UD,29,74,72,-2,0,-2.0,13.2
2013/2014,Carlos Clerc,Défenseur,RCD Espanyol,21,60,60,0,,-1.0,2.6
2013/2014,Denis Cheryshev,Milieu,Sevilla FC,23,70,72,2,,2.0,2.6
2013/2014,Joan Capdevila,Défenseur,RCD Espanyol,35,69,69,0,-9,0.0,5.3
2013/2014,Enric Saborit,Défenseur,Athletic Club de Bilbao,21,65,65,0,,0.0,5.3
2014/2015,Vitolo,Milieu,Sevilla FC,25,73,79,6,0,6.0,65.8
2014/2015,Victor Casadesus,Attaquant,Levante UD,29,73,73,0,1,0.0,68.4
2014/2015,Jose Raul Baena,Milieu,Rayo Vallecano,25,74,75,1,1,1.0,73.7
2014/2015,Raul Jimenez,Attaquant,Atlético Madrid,23,73,74,1,,1.0,10.5
2014/2015,Juanmi,Milieu,Málaga CF,21,69,70,1,3,1.0,68.4
2014/2015,Mikel Rico,Milieu,Athletic Club de Bilbao,30,76,77,1,1,1.0,84.2
2014/2015,Inigo Martinez,Défenseur,Real Sociedad,23,80,79,-1,2,-1.0,89.5
2014/2015,Fran Rico,Milieu,Granada CF,27,67,73,6,0,6.0,73.7
2014/2015,Youssef El Arabi,Attaquant,Granada CF,27,74,74,0,0,0.0,63.2
2014/2015,Darwin Machis,Attaquant,Granada CF,21,61,63,2,,1.0,5.3
2014/2015,Pablo Insua,Défenseur,RC Deportivo de La Coruña,21,69,74,5,,5.0,36.8
2014/2015,Garry Mendes Rodrigues,Milieu,Elche CF,24,62,70,8,,7.0,42.1
2014/2015,Marcelo,Défenseur,Real Madrid CF,26,83,82,-1,1,-1.0,86.8
2014/2015,Thomas,Milieu,UD Almería,21,66,68,2,,2.0,73.7
2014/2015,Jonathan Zongo,Milieu,UD Almería,22,64,71,7,3,6.0,42.1
2014/2015,Victor Alvarez,Milieu,RCD Espanyol,21,69,69,0,0,0.0,39.5
2014/2015,Joseba Zaldua,Défenseur,Real Sociedad,22,68,70,2,,2.0,55.3
2014/2015,Samuel Castillejo,Milieu,Málaga CF,19,62,72,10,,9.0,73.7
2014/2015,Iago Bouzon,Défenseur,Córdoba CF,31,65,68,3,,3.0,7.9
2014/2015,Mehdi Lacen,Milieu,Getafe CF,30,73,74,1,0,1.0,76.3
2014/2015,Enzo Roco,Défenseur,Elche CF,22,72,73,1,,1.0,84.2
2014/2015,Mario Gaspar,Défenseur,Villarreal CF,24,70,75,5,1,5.0,81.6
2014/2015,Shkodran Mustafi,Défenseur,Valencia CF,22,76,78,2,13,2.0,86.8
2014/2015,Sofiane Feghouli,Attaquant,Valencia CF,25,81,82,1,0,1.0,52.6
2014/2015,Ruben Garcia,Milieu,Levante UD,21,74,72,-2,1,-2.0,34.2
2014/2015,Manuel Iturra,Milieu,Granada CF,30,76,75,-1,0,-1.0,71.1
2014/2015,Unai Lopez,Milieu,Athletic Club de Bilbao,19,61,70,9,,8.0,28.9
2014/2015,Mohamed Lamine Sissoko,Milieu,Levante UD,29,74,74,0,1,0.0,31.6
2014/2015,Tiago,Milieu,Atlético Madrid,33,80,80,0,0,0.0,81.6
2014/2015,Gerard Moreno,Attaquant,Villarreal CF,22,65,70,5,,5.0,50.0
2014/2015,Xavi Hernandez,Milieu,FC Barcelona,34,88,86,-2,-2,-2.0,50.0
2014/2015,Augusto Fernandez,Milieu,RC Celta de Vigo,28,76,76,0,1,0.0,63.2
2014/2015,Saul Niguez,Milieu,Atlético Madrid,20,71,75,4,7,4.0,23.7
2014/2015,Eduard Campabadal,Défenseur,Córdoba CF,21,61,67,6,,5.0,31.6
2014/2015,Mikel San Jose,Milieu,Athletic Club de Bilbao,25,76,78,2,0,2.0,60.5
2014/2015,Duda,Milieu,Málaga CF,34,73,72,-1,0,-1.0,23.7
2014/2015,Geronimo Rulli,Gardien,Real Sociedad,22,74,76,2,,2.0,57.9
2014/2015,Luis Martins,Défenseur,Granada CF,22,68,68,0,4,0.0,2.6
2014/2015,Sami Khedira,Milieu,Real Madrid CF,27,84,84,0,0,0.0,7.9
2014/2015,Thimothee Kolodziejczak,Défenseur,Sevilla FC,23,72,72,0,2,0.0,47.4
2014/2015,Rafael Martins,Attaquant,Levante UD,25,72,73,1,,1.0,5.3
2014/2015,Fede Vico,Milieu,Córdoba CF,20,66,70,4,-1,4.0,21.1
2014/2015,Javi Guerra,Attaquant,Málaga CF,32,73,72,-1,-1,-1.0,18.4
2015/2016,Diego Godin,Défenseur,Atlético Madrid,29,84,86,2,2,1.0,81.6
2015/2016,Aymeric Laporte,Défenseur,Athletic Club de Bilbao,21,80,83,3,6,2.0,65.8
2015/2016,Javier Eraso,Milieu,Athletic Club de Bilbao,25,60,73,13,,10.0,21.1
2015/2016,Ruben Perez,Milieu,Granada CF,26,74,76,2,-1,0.0,78.9
2015/2016,Gonzalo Escalante,Milieu,SD Eibar,22,59,73,14,,11.0,84.2
2015/2016,Javi Lopez,Défenseur,RCD Espanyol,29,71,76,5,-1,3.0,73.7
2015/2016,Victor Sanchez Mata,Milieu,RCD Espanyol,28,74,76,2,0,0.0,73.7
2015/2016,Pablo Sarabia,Milieu,Getafe CF,23,70,77,7,0,5.0,78.9
2015/2016,Alvaro Vazquez,Attaquant,Getafe CF,24,71,75,4,0,2.0,63.2
2015/2016,Ivan Cuellar,Gardien,Real Sporting de Gijón,31,69,76,7,,5.0,84.2
2015/2016,Raphael Varane,Défenseur,Real Madrid CF,22,81,82,1,0,0.0,60.5
2015/2016,Isco,Milieu,Real Madrid CF,23,83,84,1,-1,0.0,55.3
2015/2016,German Dario Lux,Gardien,RC Deportivo de La Coruña,33,73,76,3,1,1.0,76.3
2015/2016,Sidnei,Défenseur,RC Deportivo de La Coruña,26,72,77,5,0,3.0,86.8
2015/2016,Fernando Navarro,Défenseur,RC Deportivo de La Coruña,33,76,75,-1,2,-2.0,92.1
2015/2016,Juanfran,Défenseur,RC Deportivo de La Coruña,27,73,74,1,1,-1.0,78.9
2015/2016,Faycal Fajr,Milieu,RC Deportivo de La Coruña,27,73,76,3,1,1.0,81.6
2015/2016,Lucas Perez,Attaquant,RC Deportivo de La Coruña,27,74,79,5,0,3.0,92.1
2015/2016,Pablo Piatti,Milieu,Valencia CF,26,80,79,-1,4,-2.0,23.7
2015/2016,Jonathan dos Santos,Milieu,Villarreal CF,25,76,79,3,3,2.0,52.6
2015/2016,Denis Suarez,Milieu,Villarreal CF,21,76,79,3,11,2.0,65.8
2015/2016,Francisco Casilla,Gardien,Real Madrid CF,29,80,80,0,3,-1.0,10.5
2015/2016,David Zurutuza,Milieu,Real Sociedad,29,74,75,1,0,-1.0,36.8
2015/2016,Nemanja Radoja,Milieu,RC Celta de Vigo,22,71,76,5,,3.0,39.5
2015/2016,Pedro Lopez,Défenseur,Levante UD,32,71,72,1,-2,-1.0,42.1
2015/2016,Pape Kouli Diop,Milieu,RCD Espanyol,29,76,77,1,0,0.0,76.3
2015/2016,Eddy Israfilov,Milieu,SD Eibar,23,67,69,2,3,0.0,2.6
2015/2016,Daniele Bonera,Défenseur,Villarreal CF,34,68,76,8,-8,6.0,26.3
2015/2016,Antonio Barragan,Défenseur,Valencia CF,28,76,75,-1,5,-2.0,50.0
2015/2016,Aritz Elustondo,Défenseur,Real Sociedad,21,65,72,7,,5.0,78.9
2015/2016,Luisinho,Milieu,RC Deportivo de La Coruña,30,72,74,2,3,0.0,28.9
2015/2016,Roberto Canella,Défenseur,Real Sporting de Gijón,27,69,72,3,-2,1.0,21.1
2015/2016,Adrian Marin,Défenseur,Villarreal CF,18,63,72,9,,6.0,26.3
2015/2016,Sergio Escudero,Défenseur,Sevilla FC,26,70,73,3,0,1.0,34.2
2015/2016,Abraham Gonzalez,Milieu,RCD Espanyol,30,71,73,2,0,0.0,34.2
2015/2016,Aleix Vidal,Défenseur,FC Barcelona,26,76,79,3,5,2.0,15.8
2015/2016,Josep Sene,Attaquant,RC Celta de Vigo,24,69,69,0,,-2.0,10.5
2015/2016,Matheus Doria,Défenseur,Granada CF,21,75,75,0,,-1.0,18.4
2015/2016,David Garcia,Défenseur,UD Las Palmas,33,67,70,3,,1.0,47.4
2015/2016,Iker Muniain,Milieu,Athletic Club de Bilbao,23,79,80,1,1,0.0,34.2
2015/2016,Hector Hernandez,Défenseur,Real Sociedad,24,54,69,15,,12.0,10.5
2015/2016,Lucas Hernandez,Défenseur,Atlético Madrid,19,66,74,8,,6.0,21.1
2015/2016,Matias Kranevitter,Milieu,Atlético Madrid,22,72,76,4,,2.0,7.9
2015/2016,Aras Oezbiliz,Milieu,Rayo Vallecano,25,77,75,-2,,-3.0,2.6
2015/2016,Alvaro Arbeloa,Défenseur,Real Madrid CF,32,79,76,-3,2,-4.0,5.3
2012/2013,Christopher Routis,Défenseur,Servette FC,22,58,57,-1,,-3.0,44.4
2012/2013,Joo-Ho Park,Défenseur,FC Basel,25,67,67,0,,0.0,52.8
2012/2013,Janick Kamber,Milieu,FC Lausanne-Sports,20,60,59,-1,,-3.0,16.7
2012/2013,Mathieu Beda,Défenseur,FC Zürich,31,66,65,-1,,-1.0,47.2
2012/2013,Pedro Henrique,Milieu,FC Zürich,22,63,63,0,,-2.0,16.7
2012/2013,Amine Mohamed Chermiti,Attaquant,FC Zürich,25,67,69,2,,2.0,47.2
2012/2013,Frank Feltscher,Milieu,Grasshopper Club Zürich,24,61,64,3,,1.0,38.9
2012/2013,Vilmos Vanczak,Défenseur,FC Sion,29,67,67,0,,0.0,83.3
2012/2013,Andre Marques,Milieu,FC Sion,25,68,69,1,,1.0,38.9
2012/2013,Dusan Veskovac,Défenseur,BSC Young Boys,26,68,66,-2,,-2.0,50.0
2012/2013,Christoph Spycher,Milieu,BSC Young Boys,34,67,65,-2,,-2.0,33.3
2012/2013,Marcelo Diaz,Milieu,FC Basel,26,67,67,0,,0.0,52.8
2012/2013,Steven Zuber,Milieu,Grasshopper Club Zürich,21,67,67,0,,0.0,83.3
2012/2013,Claudio Lustenberger,Défenseur,FC Luzern,25,62,63,1,,-1.0,80.6
2012/2013,Mickael Facchinetti,Défenseur,FC Lausanne-Sports,21,63,62,-1,,-3.0,77.8
2012/2013,Jerome Thiesson,Défenseur,FC Luzern,25,59,58,-1,,-3.0,61.1
2012/2013,Hekuran Kryeziu,Milieu,FC Luzern,19,63,59,-4,,-6.0,22.2
2012/2013,Michael Frey,Attaquant,BSC Young Boys,18,49,60,11,,9.0,36.1
2012/2013,Jacques Zoua Daogari,Milieu,FC Basel,21,66,67,1,,1.0,19.4
2012/2013,Josef Martinez,Milieu,BSC Young Boys,19,62,61,-1,,-3.0,2.8
2012/2013,"Issaga Diallo,28",Défenseur,Servette FC,25,54,58,4,,2.0,27.8
2012/2013,Mathieu Debonnaire,Gardien,FC Lausanne-Sports,25,55,56,1,,-1.0,22.2
2012/2013,Berat Sadik,Attaquant,FC Thun,26,64,64,0,,-2.0,8.3
2013/2014,Behrang Safari,Défenseur,FC Basel,28,70,68,-2,0,-2.0,55.6
2013/2014,Fabian Frei,Milieu,FC Basel,24,70,74,4,1,4.0,94.4
2013/2014,Valentin Stocker,Milieu,FC Basel,24,75,79,4,0,4.0,69.4
2013/2014,Leo Itaperuna,Attaquant,FC Sion,24,70,72,2,,2.0,58.3
2013/2014,Loris Benito,Milieu,FC Zürich,21,57,63,6,2,5.0,72.2
2013/2014,Philippe Koch,Défenseur,FC Zürich,22,66,66,0,0,0.0,77.8
2013/2014,Davide Chiumiento,Milieu,FC Zürich,29,65,72,7,-4,7.0,83.3
2013/2014,Marco Schoenbaechler,Milieu,FC Zürich,23,64,67,3,-1,2.0,72.2
2013/2014,Thomas Reinmann,Défenseur,FC Thun,30,61,62,1,0,0.0,69.4
2013/2014,Enrico Schirinzi,Défenseur,FC Thun,29,58,58,0,-4,-1.0,86.1
2013/2014,Dennis Hediger,Milieu,FC Thun,27,60,63,3,-3,2.0,58.3
2013/2014,David Zibung,Gardien,FC Luzern,29,64,63,-1,-2,-2.0,97.2
2013/2014,Xavier Hochstrasser,Milieu,FC Luzern,25,63,64,1,-1,0.0,36.1
2013/2014,Oliver Bozanic,Milieu,FC Luzern,24,62,66,4,,3.0,61.1
2013/2014,Jerome Sonnerat,Défenseur,FC Lausanne-Sports,28,59,60,1,1,0.0,69.4
2013/2014,Laglais Xavier Kouassi,Milieu,FC Sion,24,64,62,-2,2,-3.0,63.9
2013/2014,Nelson Ferreira,Milieu,FC Thun,31,65,65,0,-2,0.0,38.9
2013/2014,Moritz Bauer,Défenseur,Grasshopper Club Zürich,21,55,57,2,1,1.0,22.2
2013/2014,Vullnet Basha,Milieu,FC Sion,23,64,64,0,2,-1.0,25.0
2013/2014,Michael Siegfried,Milieu,FC Thun,25,56,58,2,0,1.0,69.4
2013/2014,Francois Affolter,Défenseur,FC Luzern,22,70,70,0,0,0.0,22.2
2013/2014,Yanick Brecher,Gardien,FC Zürich,20,60,60,0,3,-1.0,5.6
2014/2015,Tomas Vaclik,Gardien,FC Basel,25,71,75,4,,4.0,88.9
2014/2015,Marek Suchy,Défenseur,FC Basel,26,73,74,1,1,1.0,80.6
2014/2015,Philippe Montandon,Défenseur,FC St. Gallen,32,61,60,-1,2,-2.0,8.3
2014/2015,Muhamed Demiri,Milieu,FC St. Gallen,29,58,57,-1,-1,-2.0,22.2
2014/2015,Renato Steffen,Milieu,BSC Young Boys,23,56,69,13,2,12.0,91.7
2014/2015,Adrian Winter,Milieu,FC Luzern,28,65,64,-1,3,-1.0,44.4
2014/2015,Pa Modou Jagne,Défenseur,FC Sion,25,62,63,1,3,0.0,77.8
2014/2015,Berat Djimsiti,Défenseur,FC Zürich,21,56,61,5,4,4.0,86.1
2014/2015,Stephane Grichting,Défenseur,Grasshopper Club Zürich,35,72,67,-5,0,-5.0,77.8
2014/2015,Mohamed Elneny,Milieu,FC Basel,22,63,69,6,-1,5.0,47.2
2014/2015,Levent Guelen,Défenseur,Grasshopper Club Zürich,20,53,64,11,,10.0,63.9
2014/2015,Leonardo Bertone,Milieu,BSC Young Boys,20,48,55,7,-1,6.0,52.8
2014/2015,Avi Rikan,Milieu,FC Zürich,26,60,61,1,,0.0,36.1
2014/2015,Sally Sarr,Défenseur,FC Luzern,28,64,62,-2,2,-3.0,52.8
2014/2015,Nicolae Ovidiu Herea,Milieu,FC Sion,29,69,66,-3,,-3.0,19.4
2014/2015,Oliver Buff,Milieu,FC Zürich,22,65,64,-1,-1,-1.0,47.2
2014/2015,Goran Karanovic,Attaquant,FC St. Gallen,27,64,66,2,6,1.0,22.2
2014/2015,Maurice Brunner,Milieu,FC Zürich,23,53,52,-1,-4,-2.0,2.8
2014/2015,Edmilson Fernandes,Milieu,FC Sion,18,51,59,8,,7.0,38.9
2014/2015,Albian Ajeti,Milieu,FC Basel,17,61,61,0,,-1.0,2.8
2014/2015,Fousseyni Cisse,Milieu,FC Sion,25,66,54,-12,0,-12.0,2.8
2015/2016,Andris Vanins,Gardien,FC Sion,35,66,69,3,-5,1.0,77.8
2015/2016,Michael Lang,Défenseur,FC Basel,24,71,74,3,4,1.0,61.1
2015/2016,Taulant Xhaka,Milieu,FC Basel,24,67,70,3,2,1.0,58.3
2015/2016,Shkelzen Gashi,Milieu,FC Basel,27,73,74,1,6,-1.0,19.4
2015/2016,Stefan Glarner,Défenseur,FC Thun,28,58,61,3,0,0.0,25.0
2015/2016,Marco Buerki,Défenseur,FC Thun,22,55,56,1,0,-2.0,55.6
2015/2016,Benjamin Luethi,Défenseur,Grasshopper Club Zürich,27,60,62,2,-3,-1.0,63.9
2015/2016,Alain Wiss,Défenseur,FC St. Gallen,25,62,63,1,3,-2.0,50.0
2015/2016,Steve von Bergen,Défenseur,BSC Young Boys,32,71,72,1,0,-1.0,75.0
2015/2016,Miralem Sulejmani,Milieu,BSC Young Boys,27,73,75,2,-1,0.0,83.3
2015/2016,Anastasios Donis,Attaquant,Lugano,19,58,61,3,,0.0,41.7
2015/2016,Pascal Thrier,Défenseur,FC St. Gallen,31,52,55,3,,0.0,27.8
2015/2016,Tomislav Puljic,Défenseur,FC Luzern,32,62,66,4,0,1.0,72.2
2015/2016,Ivan Kecojevic,Défenseur,FC Zürich,27,61,63,2,-1,-1.0,58.3
2015/2016,Reto Ziegler,Défenseur,FC Sion,29,70,73,3,1,1.0,83.3
2015/2016,Marco Rojas,Milieu,FC Thun,24,69,71,2,-1,0.0,36.1
2015/2016,Alain Rochat,Défenseur,BSC Young Boys,32,69,70,1,2,-1.0,33.3
2015/2016,Francesco Ruberto,Gardien,FC Thun,22,55,59,4,,1.0,22.2
2015/2016,Alex Valentini,Gardien,Lugano,27,63,64,1,,-2.0,30.6
2015/2016,Raphael Nuzzolo,Milieu,BSC Young Boys,32,70,71,1,3,-1.0,19.4
2015/2016,Robin Kamber,Attaquant,FC Vaduz,19,54,52,-2,,-5.0,16.7
2015/2016,Kaja Rogulj,Défenseur,FC Luzern,29,64,65,1,-3,-2.0,16.7
2015/2016,Lotem Zino,Milieu,FC Thun,23,58,59,1,,-2.0,5.6
2015/2016,Germano Vailati,Gardien,FC Basel,35,61,64,3,-1,0.0,16.7
2015/2016,Nicolas Haas,Milieu,FC Luzern,19,49,57,8,,5.0,38.9
2015/2016,Karim Rossi,Attaquant,Lugano,21,62,62,0,3,-3.0,2.8
2015/2016,"Manuel Sutter,19",Milieu,FC Vaduz,24,58,59,1,,-2.0,5.6
2014/2015,Borja Fernandez,Milieu,SD Eibar,33,72,72,0,0,0.0,36.8
2014/2015,Bruno Zuculini,Milieu,Córdoba CF,21,72,72,0,,0.0,13.2
2014/2015,Rafa Galvez,Défenseur,Elche CF,21,60,61,1,,0.0,2.6
2014/2015,Ager Aketxe,Milieu,Athletic Club de Bilbao,21,61,66,5,,4.0,7.9
2014/2015,Manu Herrera,Gardien,Elche CF,33,74,74,0,0,0.0,15.8
2015/2016,Sergio Asenjo,Gardien,Villarreal CF,26,80,81,1,5,0.0,10.5
2015/2016,Antonio Cotan,Milieu,Sevilla FC,20,64,67,3,,0.0,2.6
2012/2013,Gianluca Hossmann,Défenseur,Grasshopper Club Zürich,21,57,56,-1,,-3.0,2.8
2015/2016,Samuel Afum,Attaquant,BSC Young Boys,25,61,62,1,0,-2.0,8.3
2012/2013,Thomas Matton,Attaquant,KV Kortrijk,27,66,65,-1,,-1.0,26.7
2012/2013,Denis Odoi,Défenseur,RSC Anderlecht,24,69,68,-1,,-1.0,23.3
2012/2013,Milan Jovanovic,Milieu,RSC Anderlecht,31,76,74,-2,,-2.0,83.3
2012/2013,Alpaslan Ozturk,Défenseur,Beerschot AC,19,59,66,7,,5.0,83.3
2012/2013,Giorgos Galitsios,Défenseur,Sporting Lokeren,26,69,69,0,,0.0,96.7
2012/2013,Eiji Kawashima,Gardien,Standard de Liège,29,69,70,1,,1.0,100.0
2012/2013,Sammy Bossuyt,Gardien,SV Zulte-Waregem,27,68,69,1,,1.0,100.0
2012/2013,Boris Pandza,Défenseur,KV Mechelen,26,69,69,0,,0.0,6.7
2012/2013,Antonio Ghomsi,Défenseur,KV Mechelen,26,64,65,1,,-1.0,66.7
2012/2013,Vladan Kujovic,Gardien,Club Brugge KV,34,65,69,4,,4.0,60.0
2012/2013,Jose Nadson,Défenseur,KRC Genk,28,65,67,2,,2.0,50.0
2012/2013,Derrick Tshimanga,Défenseur,KRC Genk,24,69,69,0,,0.0,70.0
2012/2013,Khaleem Hyland,Milieu,KRC Genk,23,66,70,4,,4.0,76.7
2012/2013,Oleg Iachtchouk,Milieu,KSV Cercle Brugge,35,70,69,-1,,-1.0,36.7
2012/2013,Michael Almebaeck,Défenseur,Club Brugge KV,24,70,68,-2,,-2.0,30.0
2012/2013,Cheikhou Kouyate,Défenseur,RSC Anderlecht,23,73,75,2,,2.0,76.7
2012/2013,Jonathan Delaplace,Milieu,SV Zulte-Waregem,26,64,69,5,,3.0,93.3
2012/2013,Boubacar Diabang Dialiba,Milieu,KV Mechelen,24,62,65,3,,1.0,20.0
2012/2013,Dalibor Veselinovic,Attaquant,Beerschot AC,25,65,64,-1,,-1.0,16.7
2012/2013,Wesley Sonck,Attaquant,Waasland-Beveren,34,66,65,-1,,-1.0,43.3
2012/2013,Ibrahima Gueye,Défenseur,Sporting Lokeren,34,64,63,-1,,-3.0,16.7
2012/2013,Tshilola Tshinyama Tiko,Milieu,Sporting Lokeren,32,63,62,-1,,-3.0,3.3
2012/2013,Mushaga Bakenga,Attaquant,KSV Cercle Brugge,20,68,68,0,,0.0,60.0
2012/2013,Mohamed El Gabbas,Attaquant,Lierse SK,25,64,63,-1,,-3.0,43.3
2012/2013,Enock Kofi Adu,Milieu,Club Brugge KV,22,53,68,15,,13.0,10.0
2012/2013,Rene Sterckx,Milieu,Waasland-Beveren,21,63,64,1,,-1.0,3.3
2012/2013,Kara Mbodji,Défenseur,KRC Genk,23,78,72,-6,,-6.0,3.3
2012/2013,Bernd Thijs,Milieu,KAA Gent,34,72,66,-6,,-6.0,6.7
2013/2014,Siebe Blondelle,Défenseur,Waasland-Beveren,27,63,65,2,1,1.0,50.0
2013/2014,Arjan Swinkels,Défenseur,Lierse SK,29,64,67,3,,2.0,66.7
2013/2014,Hossam Ghaly,Milieu,Lierse SK,32,68,68,0,,0.0,50.0
2013/2014,Wanderson,Attaquant,Lierse SK,19,59,63,4,,3.0,66.7
2013/2014,Matz Sels,Gardien,KAA Gent,21,65,69,4,13,4.0,100.0
2013/2014,Valery Nahayo,Défenseur,KAA Gent,29,66,68,2,-1,2.0,16.7
2013/2014,Jimmy Hempte,Défenseur,KV Oostende,31,64,63,-1,-2,-2.0,100.0
2013/2014,Rachid Bourabia,Milieu,Lierse SK,28,66,66,0,2,0.0,33.3
2013/2014,Bas Sibum,Milieu,Waasland-Beveren,31,67,65,-2,0,-2.0,33.3
2013/2014,Robert Demjan,Milieu,Waasland-Beveren,31,68,65,-3,8,-3.0,50.0
2013/2014,Brecht Dejaeghere,Milieu,KAA Gent,22,68,68,0,8,0.0,16.7
2014/2015,Milos Maric,Milieu,Waasland-Beveren,32,66,66,0,-2,0.0,60.0
2014/2015,Robin Henkens,Milieu,Waasland-Beveren,26,66,65,-1,0,-1.0,50.0
2014/2015,Brandon Mechele,Défenseur,Club Brugge KV,21,70,72,2,,2.0,63.3
2014/2015,Junior Kabananga,Attaquant,KSV Cercle Brugge,25,64,67,3,,2.0,83.3
2014/2015,Thomas Foket,Défenseur,KAA Gent,20,64,69,5,2,4.0,96.7
2014/2015,Ante Puljic,Défenseur,KAA Gent,27,67,67,0,,0.0,10.0
2014/2015,Karim Belhocine,Défenseur,KAA Gent,36,63,63,0,-1,-1.0,16.7
2014/2015,Thomas Wils,Milieu,Lierse SK,24,66,66,0,0,0.0,36.7
2014/2015,Baptiste Schmisser,Défenseur,KV Oostende,28,64,63,-1,,-2.0,53.3
2014/2015,Andy Najar,Milieu,RSC Anderlecht,21,71,73,2,,2.0,83.3
2014/2015,Youri Tielemans,Milieu,RSC Anderlecht,17,69,74,5,,5.0,86.7
2014/2015,Aleksandar Mitrovic,Attaquant,RSC Anderlecht,20,74,76,2,,2.0,86.7
2014/2015,Formose Mendy,Défenseur,SV Zulte-Waregem,21,61,61,0,,-1.0,53.3
2014/2015,Bryan Verboom,Défenseur,SV Zulte-Waregem,22,67,67,0,,0.0,86.7
2014/2015,Damien Marcq,Milieu,Sporting Charleroi,26,64,67,3,,2.0,63.3
2014/2015,Jordan Lukaku,Défenseur,KV Oostende,20,65,67,2,,2.0,80.0
2014/2015,Renato Neto,Milieu,KAA Gent,23,65,70,5,-3,5.0,73.3
2014/2015,Steeven Willems,Défenseur,Sporting Charleroi,24,59,63,4,,3.0,40.0
2014/2015,Roy Contout,Milieu,Royal Excel Mouscron,29,68,68,0,-1,0.0,40.0
2014/2015,Christophe Lepoint,Milieu,KAA Gent,30,67,69,2,-2,2.0,36.7
2014/2015,Cedric Faure,Attaquant,Sporting Charleroi,35,65,65,0,0,0.0,63.3
2014/2015,Souleymane Baba Diomande,Attaquant,Lierse SK,22,58,58,0,,-1.0,26.7
2014/2015,Sandy Walsh,Défenseur,KRC Genk,19,62,62,0,,-1.0,26.7
2014/2015,Manuel Curto,Milieu,Lierse SK,28,63,61,-2,,-3.0,13.3
2014/2015,Oswal Alvarez,Attaquant,RSC Anderlecht,19,62,63,1,,0.0,6.7
2015/2016,Victor Vazquez,Milieu,Club Brugge KV,28,74,76,2,2,0.0,33.3
2015/2016,Adam Marusic,Milieu,KV Kortrijk,23,68,69,1,,-1.0,86.7
2015/2016,Jelle van Damme,Défenseur,Standard de Liège,32,72,75,3,-1,1.0,56.7
2015/2016,David Rozehnal,Défenseur,KV Oostende,35,72,73,1,0,-1.0,93.3
2015/2016,Sebastien Siani,Milieu,KV Oostende,29,67,70,3,3,1.0,93.3
2015/2016,Gohi Bi Cyriac,Attaquant,KV Oostende,25,70,72,2,0,0.0,73.3
2015/2016,Knowledge Musona,Milieu,KV Oostende,25,68,71,3,-3,1.0,76.7
2015/2016,Sofiane Hanni,Milieu,KV Mechelen,25,67,74,7,,5.0,86.7
2015/2016,Steven De Petter,Milieu,KV Mechelen,30,67,69,2,0,0.0,56.7
2015/2016,Chuks Aneke,Milieu,SV Zulte-Waregem,22,66,68,2,4,0.0,33.3
2015/2016,Stephen Buyl,Attaquant,SV Zulte-Waregem,23,64,66,2,0,-1.0,26.7
2015/2016,Kenneth Schuermans,Défenseur,KVC Westerlo,24,65,67,2,,0.0,93.3
2015/2016,Jens Cools,Milieu,KVC Westerlo,25,63,66,3,,0.0,86.7
2015/2016,Rafinha,Défenseur,KAA Gent,33,65,68,3,-1,1.0,33.3
2015/2016,Anthony Vanden Borre,Défenseur,RSC Anderlecht,28,72,70,-2,1,-4.0,6.7
2015/2016,Nicolas Penneteau,Gardien,Sporting Charleroi,34,72,72,0,-2,-2.0,73.3
2015/2016,Stergos Marinos,Défenseur,Sporting Charleroi,28,66,70,4,0,2.0,60.0
2015/2016,Karel Geraerts,Milieu,Sporting Charleroi,33,69,67,-2,0,-4.0,23.3
2015/2016,Dieumerci Ndongala,Milieu,Sporting Charleroi,24,66,70,4,4,2.0,76.7
2015/2016,Stefano Okaka Chuka,Attaquant,RSC Anderlecht,26,75,76,1,4,0.0,66.7
2015/2016,Hans Vanaken,Milieu,Club Brugge KV,23,73,75,2,0,0.0,80.0
2015/2016,Jorge Teixeira,Défenseur,Standard de Liège,29,70,72,2,6,0.0,50.0
2015/2016,Eugene Ansah,Attaquant,Sporting Lokeren,21,62,64,2,0,-1.0,6.7
2015/2016,Pierre-Yves Ngawa,Défenseur,Oud-Heverlee Leuven,23,63,66,3,,0.0,83.3
2015/2016,Raphael Lecomte,Milieu,KVC Westerlo,27,64,65,1,,-2.0,43.3
2015/2016,Felipe Gedoz,Attaquant,Club Brugge KV,22,72,73,1,,-1.0,33.3
2015/2016,Nicolas Verdier,Attaquant,KV Mechelen,28,68,68,0,2,-2.0,86.7
2015/2016,Cedric D'Ulivo,Défenseur,SV Zulte-Waregem,26,66,68,2,0,0.0,16.7
2015/2016,Erik Johansson,Défenseur,KAA Gent,27,70,71,1,,-1.0,23.3
2015/2016,Tuur Dierckx,Attaquant,Club Brugge KV,20,64,70,6,,3.0,16.7
2015/2016,Joseph Akpala,Attaquant,KV Oostende,29,69,70,1,,-1.0,43.3
2015/2016,Frank Acheampong,Défenseur,RSC Anderlecht,22,71,73,2,2,0.0,43.3
2015/2016,Gjoko Zajkov,Défenseur,Sporting Charleroi,20,65,63,-2,,-4.0,13.3
2015/2016,Sekou Cisse,Milieu,KRC Genk,30,69,71,2,0,0.0,6.7
2015/2016,Yves De Winter,Gardien,Sint-Truidense VV,28,66,65,-1,,-3.0,10.0
2015/2016,Aleksandar Bjelica,Défenseur,KV Mechelen,21,65,65,0,0,-2.0,30.0
2015/2016,Nikos Karelis,Attaquant,KRC Genk,23,71,73,2,,0.0,23.3
2012/2013,Craig Gardner,Défenseur,Sunderland,26,74,74,0,,0.0,84.2
2012/2013,James McClean,Milieu,Sunderland,23,68,74,6,,6.0,63.2
2012/2013,Tim Howard,Gardien,Everton,33,80,81,1,,1.0,94.7
2012/2013,Tony Hibbert,Défenseur,Everton,31,74,73,-1,,-1.0,10.5
2012/2013,Leighton Baines,Défenseur,Everton,28,80,82,2,,2.0,100.0
2012/2013,Darron Gibson,Milieu,Everton,25,73,76,3,,3.0,57.9
2012/2013,Patrice Evra,Défenseur,Manchester United,31,84,82,-2,,-2.0,89.5
2012/2013,Nani,Milieu,Manchester United,26,86,84,-2,,-2.0,18.4
2012/2013,Mark Schwarzer,Gardien,Fulham,40,80,79,-1,,-1.0,94.7
2012/2013,Russell Martin,Défenseur,Norwich City,26,72,72,0,,0.0,78.9
2012/2013,Jack Rodwell,Milieu,Manchester City,21,76,77,1,,1.0,15.8
2012/2013,Jos Hooiveld,Défenseur,Southampton,29,69,70,1,,1.0,60.5
2012/2013,James Ward-Prowse,Milieu,Southampton,18,58,68,10,,8.0,10.5
2012/2013,Guilherme Do Prado,Attaquant,Southampton,31,71,68,-3,,-3.0,21.1
2012/2013,Benoit Assou-Ekotto,Défenseur,Tottenham Hotspur,28,78,78,0,,0.0,31.6
2012/2013,Sandro,Milieu,Tottenham Hotspur,23,79,81,2,,2.0,57.9
2012/2013,Gareth Bale,Milieu,Tottenham Hotspur,23,85,86,1,,1.0,86.8
2012/2013,Junior Hoilett,Milieu,Queens Park Rangers,22,78,77,-1,,-1.0,39.5
2012/2013,Asmir Begovic,Gardien,Stoke City,25,76,80,4,,4.0,100.0
2012/2013,Jonas Olsson,Défenseur,West Bromwich Albion,29,75,76,1,,1.0,94.7
2012/2013,Martin Skrtel,Défenseur,Liverpool,28,80,82,2,,2.0,60.5
2012/2013,Steven Gerrard,Milieu,Liverpool,32,86,83,-3,,-3.0,94.7
2012/2013,Fabian Delph,Milieu,Aston Villa,23,73,71,-2,,-2.0,50.0
2012/2013,James McCarthy,Milieu,Wigan Athletic,22,74,75,1,,1.0,100.0
2012/2013,Maynor Figueroa,Défenseur,Wigan Athletic,29,74,76,2,,2.0,86.8
2012/2013,Frank Lampard,Milieu,Chelsea,34,84,81,-3,,-3.0,55.3
2012/2013,Juan Mata,Milieu,Chelsea,24,86,86,0,,0.0,81.6
2012/2013,Fernando Torres,Attaquant,Chelsea,28,84,82,-2,,-2.0,73.7
2012/2013,Chris Baird,Milieu,Fulham,30,71,72,1,,1.0,36.8
2012/2013,Dimitar Berbatov,Attaquant,Fulham,31,82,82,0,,0.0,84.2
2012/2013,Vito Mannone,Gardien,Arsenal,24,70,71,1,,1.0,23.7
2012/2013,Wesley Hoolahan,Attaquant,Norwich City,30,75,76,1,,1.0,73.7
2012/2013,Nicky Shorey,Défenseur,Reading,31,71,71,0,,0.0,42.1
2012/2013,Barry Bannan,Milieu,Aston Villa,23,73,71,-2,,-2.0,47.4
2012/2013,Gabriel Agbonlahor,Attaquant,Aston Villa,26,75,73,-2,,-2.0,63.2
2012/2013,Sung-Yueng Ki,Milieu,Swansea City,23,73,74,1,,1.0,52.6
2012/2013,Oriol Romeu,Milieu,Chelsea,21,72,72,0,,0.0,10.5
2012/2013,Clint Dempsey,Milieu,Tottenham Hotspur,29,80,80,0,,0.0,57.9
2012/2013,Joey O'Brien,Défenseur,West Ham United,26,69,69,0,,0.0,84.2
2012/2013,Yossi Benayoun,Milieu,West Ham United,32,79,77,-2,,-2.0,10.5
2012/2013,Steve Sidwell,Milieu,Fulham,30,75,75,0,,0.0,63.2
2012/2013,Jamie Carragher,Défenseur,Liverpool,34,78,77,-1,,-1.0,42.1
2012/2013,Sammy Ameobi,Attaquant,Newcastle United,20,63,64,1,,-1.0,2.6
2012/2013,Ryan Giggs,Milieu,Manchester United,39,82,80,-2,,-2.0,31.6
2012/2013,Javier Hernandez,Attaquant,Manchester United,24,83,82,-1,,-1.0,23.7
2012/2013,Gabriel Tamas,Défenseur,West Bromwich Albion,29,73,69,-4,,-4.0,18.4
2012/2013,Shaun Derry,Milieu,Queens Park Rangers,35,69,70,1,,1.0,26.3
2012/2013,Piscu,Défenseur,Wigan Athletic,25,68,68,0,,0.0,7.9
2012/2013,Artur Boruc,Gardien,Southampton,32,74,75,1,,1.0,52.6
2012/2013,Steve Morison,Attaquant,Norwich City,29,75,71,-4,,-4.0,10.5
2012/2013,Jack Collison,Milieu,West Ham United,24,68,68,0,,0.0,13.2
2012/2013,Sebastian Coates,Défenseur,Liverpool,22,71,71,0,,0.0,5.3
2012/2013,Matthew Upson,Défenseur,Stoke City,33,74,73,-1,,-1.0,2.6
2012/2013,Ross Turnbull,Gardien,Chelsea,27,73,72,-1,,-1.0,5.3
2012/2013,Marko Marin,Milieu,Chelsea,23,78,78,0,,0.0,5.3
2012/2013,Shola Ameobi,Attaquant,Newcastle United,31,71,71,0,,0.0,10.5
2012/2013,Luciano Becchio,Attaquant,Norwich City,29,72,72,0,,0.0,5.3
2012/2013,Callum McManaman,Attaquant,Wigan Athletic,21,68,71,3,,3.0,21.1
2013/2014,Bacary Sagna,Défenseur,Arsenal,30,80,80,0,-3,0.0,89.5
2013/2014,Olivier Giroud,Attaquant,Arsenal,27,80,79,-1,0,-1.0,94.7
2013/2014,Matthew Lowton,Défenseur,Aston Villa,24,73,74,1,10,1.0,47.4
2013/2014,Andreas Weimann,Attaquant,Aston Villa,22,72,73,1,5,1.0,81.6
2013/2014,Petr Cech,Gardien,Chelsea,31,84,85,1,0,1.0,89.5
2013/2014,Oscar,Milieu,Chelsea,22,82,84,2,5,2.0,63.2
2013/2014,Allan McGregor,Gardien,Hull City,31,74,74,0,,0.0,68.4
2013/2014,Ahmed El Mohamady,Milieu,Hull City,26,72,72,0,,0.0,100.0
2013/2014,Owen Garvan,Milieu,Crystal Palace,25,67,66,-1,,-1.0,2.6
2013/2014,Hugo Lloris,Gardien,Tottenham Hotspur,27,85,84,-1,,-1.0,97.4
2013/2014,Moussa Dembele,Milieu,Tottenham Hotspur,26,81,80,-1,,-1.0,57.9
2013/2014,Roberto Soldado,Attaquant,Tottenham Hotspur,28,84,82,-2,0,-2.0,57.9
2013/2014,Iago Aspas,Milieu,Liverpool,26,76,76,0,8,0.0,13.2
2013/2014,Daniel Sturridge,Attaquant,Liverpool,24,80,83,3,,3.0,68.4
2013/2014,Glenn Whelan,Milieu,Stoke City,29,73,73,0,-2,0.0,73.7
2013/2014,Marc Wilson,Défenseur,Stoke City,26,74,71,-3,0,-3.0,78.9
2013/2014,Jonathan Walters,Milieu,Stoke City,30,73,70,-3,-2,-3.0,71.1
2013/2014,Steven Taylor,Défenseur,Newcastle United,27,76,75,-1,0,-1.0,23.7
2013/2014,Angel Rangel,Défenseur,Swansea City,31,76,76,0,5,0.0,76.3
2013/2014,Jose Canas,Milieu,Swansea City,26,78,77,-1,8,-1.0,50.0
2013/2014,Wayne Routledge,Milieu,Swansea City,28,74,75,1,1,1.0,84.2
2013/2014,Antonio Valencia,Milieu,Manchester United,28,83,81,-2,0,-2.0,52.6
2013/2014,Kevin Nolan,Milieu,West Ham United,31,70,70,0,-4,0.0,86.8
2013/2014,Joe Cole,Milieu,West Ham United,32,77,75,-2,-4,-2.0,15.8
2013/2014,Don Cowie,Milieu,Cardiff City,30,70,67,-3,,-3.0,26.3
2013/2014,Gareth Barry,Milieu,Everton,32,80,80,0,-2,0.0,84.2
2013/2014,Romelu Lukaku,Attaquant,Everton,20,77,80,3,2,3.0,76.3
2013/2014,Adnan Januzaj,Milieu,Manchester United,18,61,73,12,,11.0,39.5
2013/2014,Tom Huddlestone,Milieu,Hull City,27,77,77,0,-2,0.0,92.1
2013/2014,Jake Livermore,Milieu,Hull City,24,74,74,0,4,0.0,89.5
2013/2014,Mike Williamson,Défenseur,Newcastle United,30,74,75,1,0,1.0,84.2
2013/2014,Chris Brunt,Milieu,West Bromwich Albion,29,75,74,-1,0,-1.0,65.8
2013/2014,James Tomkins,Défenseur,West Ham United,24,73,73,0,-2,0.0,81.6
2013/2014,Yannick Bolasie,Milieu,Crystal Palace,24,72,72,0,,0.0,60.5
2013/2014,Alex Kacaniklic,Milieu,Fulham,22,72,72,0,9,0.0,39.5
2013/2014,James Milner,Milieu,Manchester City,27,81,80,-1,-1,-1.0,31.6
2013/2014,Bryan Oviedo,Défenseur,Everton,23,68,68,0,1,0.0,21.1
2013/2014,Steven Davis,Milieu,Southampton,28,73,75,2,-2,2.0,73.7
2013/2014,Jermain Defoe,Attaquant,Tottenham Hotspur,31,82,81,-1,1,-1.0,7.9
2013/2014,Chris Herd,Défenseur,Aston Villa,24,66,70,4,-2,4.0,5.3
2013/2014,Vurnon Anita,Milieu,Newcastle United,24,74,75,1,,1.0,73.7
2013/2014,Matthew Taylor,Milieu,West Ham United,32,71,68,-3,-2,-3.0,42.1
2013/2014,Dedryck Boyata,Défenseur,Manchester City,23,70,68,-2,-1,-2.0,2.6
2013/2014,Markus Rosenberg,Attaquant,West Bromwich Albion,31,72,72,0,-1,0.0,2.6
2014/2015,Calum Chambers,Défenseur,Arsenal,19,69,72,3,9,3.0,44.7
2014/2015,Joel Ward,Défenseur,Crystal Palace,25,74,74,0,7,0.0,97.4
2014/2015,Fraizer Campbell,Attaquant,Crystal Palace,27,72,70,-2,-1,-2.0,34.2
2014/2015,Jason Shackell,Défenseur,Burnley,31,72,74,2,,2.0,100.0
2014/2015,Lukas Jutkiewicz,Attaquant,Burnley,25,69,69,0,,0.0,26.3
2014/2015,Andy King,Milieu,Leicester City,26,68,69,1,,1.0,42.1
2014/2015,Danny Drinkwater,Milieu,Leicester City,24,69,71,2,,2.0,42.1
2014/2015,David Nugent,Attaquant,Leicester City,29,72,71,-1,,-1.0,42.1
2014/2015,Lucas Leiva,Milieu,Liverpool,27,80,79,-1,-1,-1.0,42.1
2014/2015,Philippe Coutinho,Attaquant,Liverpool,22,81,82,1,3,1.0,84.2
2014/2015,Jesse Lingard,Milieu,Manchester United,22,67,68,1,,1.0,2.6
2014/2015,Ashley Williams,Défenseur,Swansea City,30,79,78,-1,1,-1.0,97.4
2014/2015,Nathan Dyer,Milieu,Swansea City,27,74,74,0,-1,0.0,60.5
2014/2015,Rio Ferdinand,Défenseur,Queens Park Rangers,36,79,75,-4,-4,-4.0,28.9
2014/2015,James Chester,Défenseur,Hull City,25,70,71,1,0,1.0,60.5
2014/2015,Thomas Ince,Attaquant,Hull City,22,72,72,0,-2,0.0,7.9
2014/2015,Andre Wisdom,Défenseur,West Bromwich Albion,21,69,70,1,0,1.0,57.9
2014/2015,Nabil Bentaleb,Milieu,Tottenham Hotspur,20,68,74,6,7,6.0,65.8
2014/2015,Erik Lamela,Milieu,Tottenham Hotspur,22,80,78,-2,-2,-2.0,65.8
2014/2015,Stephen Ward,Défenseur,Burnley,29,71,70,-1,,-1.0,18.4
2014/2015,George Boyd,Milieu,Burnley,29,68,71,3,-2,3.0,92.1
2014/2015,Willian,Milieu,Chelsea,26,83,82,-1,1,-1.0,73.7
2014/2015,Seamus Coleman,Défenseur,Everton,26,76,80,4,4,4.0,89.5
2014/2015,Jefferson Montero,Milieu,Swansea City,25,76,76,0,,0.0,39.5
2014/2015,Robert Brady,Milieu,Hull City,22,72,71,-1,3,-1.0,44.7
2014/2015,Jamie Vardy,Attaquant,Leicester City,27,69,70,1,,1.0,68.4
2014/2015,Robin van Persie,Attaquant,Manchester United,31,89,85,-4,0,-4.0,65.8
2014/2015,Papiss Cisse,Attaquant,Newcastle United,29,76,77,1,-5,1.0,28.9
2014/2015,Emre Can,Défenseur,Liverpool,20,73,73,0,7,0.0,60.5
2014/2015,Michael Carrick,Milieu,Manchester United,33,80,79,-1,-2,-1.0,42.1
2014/2015,Adrian Mariappa,Défenseur,Crystal Palace,28,70,70,0,-2,0.0,21.1
2014/2015,Fernandinho,Milieu,Manchester City,29,82,81,-1,1,-1.0,65.8
2014/2015,Sadio Mane,Milieu,Southampton,22,72,74,2,,2.0,63.2
2014/2015,Kevin Mirallas,Milieu,Everton,27,81,80,-1,1,-1.0,47.4
2014/2015,Marc Muniesa,Défenseur,Stoke City,22,67,72,5,-1,5.0,36.8
2014/2015,Emiliano Martinez,Gardien,Arsenal,22,63,65,2,,1.0,7.9
2014/2015,Oussama Assaidi,Milieu,Stoke City,26,74,74,0,-2,0.0,2.6
2014/2015,John Obi Mikel,Milieu,Chelsea,27,79,78,-1,0,-1.0,15.8
2014/2015,Jonny Evans,Défenseur,Manchester United,26,79,78,-1,0,-1.0,31.6
2014/2015,Ricardo Alvarez,Milieu,Sunderland,26,77,77,0,0,0.0,13.2
2014/2015,Joel Robles,Gardien,Everton,24,70,73,3,-3,3.0,15.8
2014/2015,Leandro Bacuna,Défenseur,Aston Villa,23,66,71,5,-3,5.0,26.3
2014/2015,Kurt Zouma,Défenseur,Chelsea,20,74,75,1,1,1.0,18.4
2015/2016,Santi Cazorla,Milieu,Arsenal,31,85,85,0,1,-1.0,39.5
2015/2016,Aaron Cresswell,Défenseur,West Ham United,26,71,74,3,1,1.0,97.4
2015/2016,Diafra Sakho,Attaquant,West Ham United,26,72,75,3,1,1.0,47.4
2015/2016,Cesar Azpilicueta,Défenseur,Chelsea,26,81,82,1,2,0.0,94.7
2015/2016,Federico Fernandez,Défenseur,Swansea City,26,74,78,4,-1,2.0,84.2
2015/2016,Neil Taylor,Défenseur,Swansea City,26,71,74,3,-1,1.0,86.8
2015/2016,Jose Holebas,Défenseur,Watford,31,75,77,2,3,1.0,28.9
2015/2016,Patrick van Aanholt,Défenseur,Sunderland,25,71,74,3,0,1.0,86.8
2015/2016,Lee Cattermole,Milieu,Sunderland,27,75,77,2,1,1.0,71.1
2015/2016,Michel Vorm,Gardien,Tottenham Hotspur,32,79,80,1,-1,0.0,2.6
2015/2016,Toby Alderweireld,Défenseur,Tottenham Hotspur,26,78,82,4,0,3.0,100.0
2015/2016,Ben Davies,Défenseur,Tottenham Hotspur,22,73,76,3,1,1.0,36.8
2015/2016,Moussa Sissoko,Milieu,Newcastle United,26,77,79,2,2,1.0,97.4
2015/2016,Graham Dorrans,Milieu,Norwich City,28,73,74,1,0,-1.0,36.8
2015/2016,Erik Pieters,Défenseur,Stoke City,27,73,75,2,1,0.0,92.1
2015/2016,James Morrison,Milieu,West Bromwich Albion,29,73,74,1,0,-1.0,44.7
2015/2016,Aleksandar Kolarov,Défenseur,Manchester City,30,78,78,0,0,-1.0,65.8
2015/2016,Raheem Sterling,Milieu,Manchester City,21,80,81,1,1,0.0,60.5
2015/2016,Dele Alli,Milieu,Tottenham Hotspur,19,61,77,16,,13.0,73.7
2015/2016,Brede Hangeland,Défenseur,Crystal Palace,34,73,72,-1,-4,-3.0,18.4
2015/2016,Alberto Moreno,Défenseur,Liverpool,23,79,77,-2,3,-3.0,73.7
2015/2016,Matt Jarvis,Milieu,Norwich City,29,75,73,-2,-1,-3.0,34.2
2015/2016,Ola Toivonen,Milieu,Sunderland,29,76,73,-3,-2,-4.0,23.7
2015/2016,Cheik Tiote,Milieu,Newcastle United,29,78,78,0,0,-1.0,42.1
2015/2016,Carl Jenkinson,Défenseur,West Ham United,23,71,72,1,0,-1.0,34.2
2015/2016,Junior Stanislas,Milieu,Bournemouth,26,66,69,3,,1.0,44.7
2015/2016,Pedro Rodriguez,Milieu,Chelsea,28,83,83,0,-1,-1.0,63.2
2015/2016,Connor Wickham,Attaquant,Crystal Palace,22,72,73,1,0,-1.0,39.5
2015/2016,Juan Carlos Paredes,Défenseur,Watford,28,68,70,2,,0.0,18.4
2015/2016,Paulo Gazzaniga,Gardien,Southampton,23,64,65,1,0,-2.0,5.3
2015/2016,Marcin Wasilewski,Défenseur,Leicester City,35,70,72,2,-1,0.0,7.9
2015/2016,Leon Osman,Milieu,Everton,34,76,75,-1,0,-2.0,5.3
2015/2016,Souahilo Meite,Milieu,SV Zulte-Waregem,21,68,70,2,0,0.0,6.7
2015/2016,Bennard Yao Kumordzi,Milieu,KRC Genk,30,69,69,0,0,-2.0,3.3
2015/2016,Mbark Boussoufa,Milieu,KAA Gent,31,80,79,-1,,-2.0,6.7
2015/2016,Rami Gershon,Défenseur,KAA Gent,27,71,72,1,1,-1.0,10.0
2015/2016,Sander Coopman,Attaquant,Club Brugge KV,20,62,65,3,,0.0,6.7
2015/2016,Boubacar Barry Copa,Gardien,Sporting Lokeren,36,69,68,-1,-2,-3.0,23.3
2015/2016,Hugo Sousa,Défenseur,Waasland-Beveren,23,65,66,1,,-1.0,3.3
2012/2013,Craig Dawson,Défenseur,West Bromwich Albion,22,68,68,0,,0.0,2.6
2013/2014,Ryan Tunnicliffe,Milieu,Fulham,21,64,65,1,,0.0,5.3
2013/2014,Alexander Buettner,Défenseur,Manchester United,24,73,73,0,4,0.0,13.2
2013/2014,Robert Elliot,Gardien,Newcastle United,27,66,68,2,1,2.0,5.3
2013/2014,Eldin Jakupovic,Gardien,Hull City,29,66,67,1,,1.0,2.6
2013/2014,Kyle Bartley,Défenseur,Swansea City,22,68,65,-3,-1,-3.0,2.6
2014/2015,Charlie Adam,Milieu,Stoke City,29,73,73,0,-2,0.0,39.5
2014/2015,Siem de Jong,Milieu,Newcastle United,25,77,77,0,-1,0.0,2.6
2014/2015,Ruben Loftus-Cheek,Milieu,Chelsea,18,56,58,2,,1.0,5.3
2015/2016,Connor Randall,Défenseur,Liverpool,20,53,55,2,,-1.0,5.3
2012/2013,Andrea Consigli,Gardien,Atalanta,25,73,79,6,,6.0,92.1
2012/2013,Luca Cigarini,Milieu,Atalanta,26,75,78,3,,3.0,68.4
2012/2013,Luca Rigoni,Milieu,Chievo Verona,28,73,74,1,,1.0,81.6
2012/2013,Federico Agliardi,Gardien,Bologna,29,69,71,2,,2.0,52.6
2012/2013,Mikael Antonsson,Défenseur,Bologna,31,73,75,2,,2.0,81.6
2012/2013,Romulo,Milieu,Fiorentina,25,70,73,3,,3.0,26.3
2012/2013,Borja Valero,Milieu,Fiorentina,27,82,83,1,,1.0,97.4
2012/2013,Stevan Jovetic,Attaquant,Fiorentina,23,82,84,2,,2.0,81.6
2012/2013,Radja Nainggolan,Milieu,Cagliari,24,78,79,1,,1.0,89.5
2012/2013,Marco Storari,Gardien,Juventus,35,78,77,-1,,-1.0,15.8
2012/2013,Stephan Lichtsteiner,Milieu,Juventus,28,81,81,0,,0.0,65.8
2012/2013,Kwadwo Asamoah,Milieu,Juventus,24,77,80,3,,3.0,57.9
2012/2013,Antonio Mirante,Gardien,Parma,29,76,77,1,,1.0,86.8
2012/2013,Alessandro Lucarelli,Défenseur,Parma,35,73,74,1,,1.0,78.9
2012/2013,Jonathan Biabiany,Attaquant,Parma,24,76,79,3,,3.0,76.3
2012/2013,Christian Abbiati,Gardien,Milan,35,81,81,0,,0.0,73.7
2012/2013,Luca Antonini,Défenseur,Milan,30,77,76,-1,,-1.0,13.2
2012/2013,Mathieu Flamini,Milieu,Milan,28,77,76,-1,,-1.0,39.5
2012/2013,Kevin-Prince Boateng,Attaquant,Milan,25,83,83,0,,0.0,65.8
2012/2013,Samir Ujkani,Gardien,Palermo,24,70,74,4,,4.0,50.0
2012/2013,Mauro Cetto,Défenseur,Palermo,30,74,74,0,,0.0,5.3
2012/2013,Abel Hernandez,Attaquant,Palermo,22,77,74,-3,,-3.0,15.8
2012/2013,Paolo Cannavaro,Défenseur,Napoli,31,79,80,1,,1.0,84.2
2012/2013,Vladimir Weiss,Attaquant,Pescara,23,76,76,0,,0.0,42.1
2012/2013,Gianluca Caprari,Attaquant,Pescara,19,70,73,3,,3.0,36.8
2012/2013,Luca Castellazzi,Gardien,Inter,37,75,73,-2,,-2.0,5.3
2012/2013,Yuto Nagatomo,Milieu,Inter,26,77,78,1,,1.0,57.9
2012/2013,Michael Bradley,Milieu,Roma,25,75,77,2,,2.0,63.2
2012/2013,Alessandro Gazzi,Milieu,Torino,29,70,71,1,,1.0,86.8
2012/2013,Daniele Conti,Milieu,Cagliari,33,75,75,0,,0.0,78.9
2012/2013,Manuele Blasi,Milieu,Pescara,32,72,68,-4,,-4.0,28.9
2012/2013,Elvis Abbruscato,Attaquant,Pescara,31,70,70,0,,0.0,28.9
2012/2013,Gaby Mudingayi,Milieu,Inter,31,74,75,1,,1.0,10.5
2012/2013,Roberto Soriano,Milieu,Sampdoria,21,65,66,1,,1.0,21.1
2012/2013,Martin Caceres,Défenseur,Juventus,25,78,81,3,,3.0,31.6
2012/2013,Emanuele Giaccherini,Milieu,Juventus,27,78,77,-1,,-1.0,26.3
2012/2013,Nicklas Bendtner,Attaquant,Juventus,24,78,76,-2,,-2.0,5.3
2012/2013,Frederik Soerensen,Défenseur,Bologna,20,73,72,-1,,-1.0,52.6
2012/2013,Danilo D'Ambrosio,Défenseur,Torino,24,66,73,7,,7.0,57.9
2012/2013,Alessio Cerci,Milieu,Torino,25,75,80,5,,5.0,84.2
2012/2013,Santiago Garcia,Milieu,Palermo,24,67,73,6,,6.0,78.9
2012/2013,Alessandro Florenzi,Milieu,Roma,21,56,75,19,,17.0,68.4
2012/2013,Migjen Basha,Milieu,Torino,25,69,73,4,,4.0,44.7
2012/2013,Nico Pulzetti,Milieu,Bologna,28,70,71,1,,1.0,5.3
2012/2013,Gianluca Curci,Gardien,Bologna,27,72,72,0,,0.0,36.8
2012/2013,Nicola Sansone,Attaquant,Parma,21,56,72,16,,14.0,44.7
2012/2013,Mounir El Hamdaoui,Attaquant,Fiorentina,28,76,75,-1,,-1.0,7.9
2012/2013,Ivan Radovanovic,Milieu,Atalanta,24,67,71,4,,4.0,21.1
2012/2013,Libor Kozak,Attaquant,Lazio,23,74,75,1,,1.0,13.2
2012/2013,Giulio Migliaccio,Milieu,Fiorentina,31,77,75,-2,,-2.0,23.7
2012/2013,Mervan Celik,Attaquant,Pescara,22,68,70,2,,2.0,28.9
2012/2013,Victor Ibarbo,Attaquant,Cagliari,22,74,77,3,,3.0,60.5
2012/2013,Daniele Galloppa,Milieu,Parma,27,75,75,0,,0.0,21.1
2012/2013,Christian Puggioni,Gardien,Chievo Verona,31,73,74,1,,1.0,44.7
2012/2013,Francesco Della Rocca,Milieu,Siena,25,70,72,2,,2.0,42.1
2012/2013,Bruno Pereirinha,Défenseur,Lazio,24,74,72,-2,,-2.0,7.9
2012/2013,Juan Pablo Carrizo,Gardien,Inter,28,74,76,2,,2.0,2.6
2012/2013,Dejan Stankovic,Milieu,Inter,34,80,78,-2,,-2.0,2.6
2012/2013,Haris Seferovic,Attaquant,Fiorentina,20,68,69,1,,1.0,2.6
2012/2013,Rodrigo Taddei,Défenseur,Roma,32,76,71,-5,,-5.0,5.3
2012/2013,Joel Chukwuma Obi,Milieu,Inter,21,75,74,-1,,-1.0,2.6
2013/2014,Luca Rossettini,Défenseur,Cagliari,28,74,74,0,3,0.0,94.7
2013/2014,Nicola Murru,Défenseur,Cagliari,19,68,71,3,13,3.0,55.3
2013/2014,Mario Yepes,Défenseur,Atalanta,37,79,74,-5,2,-5.0,55.3
2013/2014,Gonzalo Bergessio,Attaquant,Catania,29,77,71,-6,3,-6.0,73.7
2013/2014,Fabrizio Cacciatore,Défenseur,Hellas Verona,27,66,70,4,,4.0,78.9
2013/2014,Rafael Martinho,Attaquant,Hellas Verona,25,67,74,7,,7.0,21.1
2013/2014,Juan,Défenseur,Inter,22,78,79,1,6,1.0,71.1
2013/2014,Fredy Guarin,Milieu,Inter,27,82,80,-2,2,-2.0,68.4
2013/2014,Esteban Cambiasso,Milieu,Inter,33,79,78,-1,-5,-1.0,84.2
2013/2014,Zdravko Kuzmanovic,Milieu,Inter,26,76,76,0,,0.0,28.9
2013/2014,Juraj Kucka,Milieu,Genoa,26,76,76,0,-1,0.0,23.7
2013/2014,Lorik Cana,Défenseur,Lazio,30,78,77,-1,1,-1.0,63.2
2013/2014,Stefan Daniel Radu,Défenseur,Lazio,27,79,78,-1,1,-1.0,65.8
2013/2014,Naldo,Défenseur,Udinese,25,71,70,-1,1,-1.0,34.2
2013/2014,Maurizio Domizzi,Défenseur,Udinese,33,79,75,-4,3,-4.0,68.4
2013/2014,Dusan Basta,Milieu,Udinese,29,78,74,-4,2,-4.0,68.4
2013/2014,Maicosuel,Attaquant,Udinese,27,74,72,-2,-3,-2.0,18.4
2013/2014,Antonio Di Natale,Attaquant,Udinese,36,84,80,-4,-2,-4.0,76.3
2013/2014,Giuseppe Gemiti,Milieu,Livorno,32,63,66,3,,2.0,21.1
2013/2014,Luca Belingheri,Attaquant,Livorno,30,69,70,1,,1.0,2.6
2013/2014,Miralem Pjanic,Milieu,Roma,23,78,83,5,0,5.0,84.2
2013/2014,Cesare Natali,Défenseur,Bologna,34,76,74,-2,0,-2.0,84.2
2013/2014,Rene Krhin,Milieu,Bologna,23,70,72,2,2,2.0,63.2
2013/2014,Rolando Bianchi,Attaquant,Bologna,30,75,72,-3,0,-3.0,52.6
2013/2014,Felipe,Défenseur,Parma,29,70,71,1,-1,1.0,50.0
2013/2014,Jaime Valdes,Milieu,Parma,32,75,76,1,0,1.0,13.2
2013/2014,Amauri,Attaquant,Parma,33,76,75,-1,0,-1.0,52.6
2013/2014,Boukari Drame,Défenseur,Chievo Verona,28,74,73,-1,6,-1.0,68.4
2013/2014,Paul Pogba,Milieu,Juventus,20,79,81,2,19,2.0,86.8
2013/2014,Mirko Vucinic,Attaquant,Juventus,30,83,79,-4,1,-4.0,10.5
2013/2014,Matteo Darmian,Milieu,Torino,24,74,70,-4,5,-4.0,97.4
2013/2014,Jonathan Rossini,Défenseur,Sassuolo,24,70,70,0,3,0.0,13.2
2013/2014,Gaetano Masucci,Attaquant,Sassuolo,29,66,65,-1,,-1.0,7.9
2013/2014,Diego Farias,Attaquant,Sassuolo,23,68,70,2,,2.0,7.9
2013/2014,Maxi Moralez,Attaquant,Atalanta,26,76,76,0,-2,0.0,68.4
2013/2014,Andrea Cossu,Milieu,Cagliari,33,78,75,-3,-2,-3.0,50.0
2013/2014,Andrea Mantovani,Défenseur,Bologna,29,69,69,0,-5,0.0,36.8
2013/2014,Michele Pazienza,Milieu,Bologna,31,75,72,-3,-1,-3.0,44.7
2013/2014,Joaquin,Attaquant,Fiorentina,32,82,79,-3,2,-3.0,39.5
2013/2014,Vasco Regini,Défenseur,Sampdoria,23,66,68,2,,2.0,68.4
2013/2014,Keko,Attaquant,Catania,22,70,72,2,0,2.0,26.3
2013/2014,Valter Birsa,Attaquant,Milan,27,75,74,-1,0,-1.0,26.3
2013/2014,Michael Ciani,Défenseur,Lazio,29,77,76,-1,,-1.0,34.2
2013/2014,Andrea Lazzari,Milieu,Udinese,29,75,74,-1,0,-1.0,47.4
2013/2014,Alessandro Agostini,Défenseur,Hellas Verona,34,67,70,3,,3.0,57.9
2013/2014,Ogenyi Onazi,Milieu,Lazio,21,73,75,2,,2.0,50.0
2013/2014,Giovanni Marchese,Défenseur,Genoa,29,73,73,0,4,0.0,60.5
2013/2014,Ibrahima Mbaye,Milieu,Livorno,19,66,64,-2,,-2.0,57.9
2013/2014,Angelo Obinze Ogbonna,Défenseur,Juventus,25,80,77,-3,5,-3.0,36.8
2013/2014,Riccardo Meggiorini,Attaquant,Torino,28,73,71,-2,-1,-2.0,18.4
2013/2014,Thomas Heurtaux,Défenseur,Udinese,25,70,77,7,0,7.0,81.6
2013/2014,Bruno Fernandes,Attaquant,Udinese,19,61,77,16,,15.0,44.7
2013/2014,Urby Emanuelson,Défenseur,Milan,27,80,74,-6,,-6.0,47.4
2013/2014,Matias Silvestre,Défenseur,Milan,29,76,72,-4,-2,-4.0,7.9
2013/2014,Gabriel Paletta,Défenseur,Parma,27,78,80,2,4,2.0,47.4
2013/2014,Nicolas Lopez,Attaquant,Udinese,20,70,73,3,8,3.0,18.4
2013/2014,Sebastian De Maio,Défenseur,Genoa,26,71,72,1,,1.0,39.5
2013/2014,Cristiano Piccini,Milieu,Livorno,21,63,62,-1,,-2.0,18.4
2013/2014,Marcelo Larrondo,Attaquant,Torino,25,69,69,0,,0.0,2.6
2013/2014,Keisuke Honda,Milieu,Milan,27,81,79,-2,,-2.0,31.6
2013/2014,Giampaolo Pazzini,Attaquant,Milan,29,82,78,-4,-2,-4.0,18.4
2013/2014,Marco Motta,Milieu,Genoa,27,72,70,-2,-1,-2.0,28.9
2013/2014,Giuseppe Sculli,Attaquant,Genoa,32,73,73,0,-2,0.0,23.7
2013/2014,Michel Bastos,Défenseur,Roma,30,79,78,-1,,-1.0,7.9
2013/2014,Ahmed Hegazy,Défenseur,Fiorentina,22,64,66,2,,1.0,2.6
2014/2015,Davide Zappacosta,Milieu,Atalanta,22,64,71,7,,6.0,71.1
2014/2015,Manuel Coppola,Milieu,Cesena,32,64,65,1,,0.0,26.3
2014/2015,Franco Brienza,Milieu,Cesena,35,73,74,1,-1,1.0,76.3
2014/2015,Mariano Julio Izco,Milieu,Chievo Verona,31,73,73,0,0,0.0,73.7
2014/2015,Perparim Hetemaj,Milieu,Chievo Verona,28,75,75,0,-1,0.0,81.6
2014/2015,Matias Ezequiel Schelotto,Milieu,Chievo Verona,25,71,72,1,,1.0,68.4
2014/2015,Marek Hamsik,Milieu,Napoli,27,83,82,-1,-2,-1.0,73.0
2014/2015,Alex,Défenseur,Milan,32,83,80,-3,3,-3.0,47.4
2014/2015,Sulley Ali Muntari,Milieu,Milan,30,76,73,-3,-1,-3.0,31.6
2014/2015,Etrit Berisha,Gardien,Lazio,25,73,73,0,6,0.0,21.6
2014/2015,Antonio Candreva,Attaquant,Lazio,27,83,83,0,2,0.0,81.1
2014/2015,Morgan De Sanctis,Gardien,Roma,37,80,78,-2,0,-2.0,92.1
2014/2015,Juan Manuel Iturbe,Attaquant,Roma,21,76,76,0,2,0.0,44.7
2014/2015,Stefan Savic,Défenseur,Fiorentina,23,78,78,0,3,0.0,73.7
2014/2015,David Pizarro,Milieu,Fiorentina,35,76,75,-1,-4,-1.0,47.4
2014/2015,Khouma Babacar,Attaquant,Fiorentina,21,72,74,2,,2.0,36.8
2014/2015,Alberto Pomini,Gardien,Sassuolo,33,67,64,-3,1,-3.0,7.9
2014/2015,Simone Missiroli,Milieu,Sassuolo,28,69,70,1,0,1.0,78.9
2014/2015,Luca Ceppitelli,Défenseur,Cagliari,25,68,71,3,,3.0,57.9
2014/2015,Danilo Fernando Avelar,Défenseur,Cagliari,25,73,72,-1,0,-1.0,76.3
2014/2015,Albin Ekdal,Milieu,Cagliari,25,74,74,0,-1,0.0,84.2
2014/2015,Marco Sau,Attaquant,Cagliari,27,76,74,-2,0,-2.0,52.6
2014/2015,Allan,Milieu,Udinese,23,75,78,3,0,3.0,86.8
2014/2015,Luigi Sepe,Gardien,Empoli,23,68,72,4,,4.0,81.6
2014/2015,Gregoire Defrel,Attaquant,Cesena,23,63,71,8,,7.0,81.6
2014/2015,Nene,Attaquant,Hellas Verona,31,72,71,-1,-2,-1.0,7.9
2014/2015,Ervin Zukanovic,Défenseur,Chievo Verona,27,70,71,1,0,1.0,73.7
2014/2015,Sime Vrsaljko,Défenseur,Sassuolo,22,72,72,0,,0.0,50.0
2014/2015,Manuel Pucciarelli,Attaquant,Empoli,23,68,71,3,,3.0,65.8
2014/2015,Roberto Pereyra,Milieu,Juventus,23,77,79,2,4,2.0,71.1
2014/2015,Mattia De Sciglio,Défenseur,Milan,22,77,73,-4,0,-4.0,42.1
2014/2015,Giancarlo Gonzalez,Défenseur,Palermo,26,66,75,9,,9.0,73.7
2014/2015,Seydou Keita,Milieu,Roma,34,77,78,1,,1.0,47.4
2014/2015,Jose Mauri,Milieu,Parma,18,58,67,9,,8.0,76.3
2014/2015,Antonio Cassano,Attaquant,Parma,32,81,81,0,-2,0.0,47.4
2014/2015,Sergio Romero,Gardien,Sampdoria,27,72,75,3,-5,3.0,23.7
2014/2015,Giuseppe Vives,Milieu,Torino,34,75,74,-1,2,-1.0,68.4
2014/2015,Nicolo Cherubin,Défenseur,Atalanta,28,69,68,-1,-1,-1.0,26.3
2014/2015,Richmond Boakye,Attaquant,Atalanta,21,71,70,-1,1,-1.0,21.1
2014/2015,Panagiotis Kone,Milieu,Udinese,27,74,74,0,-1,0.0,52.6
2014/2015,Simone Padoin,Défenseur,Juventus,30,73,73,0,-3,0.0,36.8
2014/2015,Abdelkader Ghezzal,Attaquant,Parma,30,67,67,0,,0.0,26.3
2014/2015,Gabriele Perico,Défenseur,Cesena,30,69,67,-2,-2,-2.0,47.4
2014/2015,Antonio Mazzotta,Milieu,Cesena,25,65,65,0,,0.0,18.4
2014/2015,Armando Izzo,Défenseur,Genoa,22,65,66,1,,1.0,28.9
2014/2015,Kevin Strootman,Milieu,Roma,24,81,81,0,1,0.0,10.5
2014/2015,Giandomenico Mesto,Défenseur,Napoli,32,71,71,0,-3,0.0,8.1
2014/2015,Manuel Pasqual,Défenseur,Fiorentina,32,75,74,-1,-2,-1.0,42.1
2014/2015,Ioannis Fetfatzidis,Attaquant,Genoa,24,75,75,0,2,0.0,5.3
2014/2015,Simone Scuffet,Gardien,Udinese,18,72,71,-1,,-1.0,2.6
2014/2015,Luca Garritano,Attaquant,Cesena,20,60,62,2,,1.0,2.6
2015/2016,Alessandro Gamberini,Défenseur,Chievo Verona,34,74,77,3,1,1.0,57.9
2015/2016,Andrea Bertolacci,Milieu,Milan,24,73,76,3,0,1.0,55.3
2015/2016,Nigel de Jong,Milieu,Milan,31,79,79,0,1,-1.0,13.2
2015/2016,Samuele Longo,Attaquant,Frosinone,23,66,69,3,0,1.0,7.9
2015/2016,Rafael Marquez,Défenseur,Hellas Verona,36,75,76,1,0,0.0,23.7
2015/2016,Vangelis Moras,Défenseur,Hellas Verona,34,73,74,1,0,-1.0,78.9
2015/2016,Konstantinos Manolas,Défenseur,Roma,24,79,83,4,4,3.0,94.7
2015/2016,Davide Santon,Défenseur,Inter,24,75,75,0,-1,-1.0,28.9
2015/2016,Jeison Murillo,Défenseur,Inter,23,76,79,3,3,2.0,84.2
2015/2016,Carlos Carmona,Milieu,Atalanta,28,73,74,1,-1,-1.0,13.2
2015/2016,Danilo,Défenseur,Udinese,31,76,78,2,1,1.0,89.5
2015/2016,Ivan Piris,Défenseur,Udinese,26,72,75,3,2,1.0,52.6
2015/2016,Alex Ferrari,Défenseur,Bologna,21,59,67,8,,5.0,34.2
2015/2016,Lorenzo Crisetig,Milieu,Bologna,22,70,71,1,7,-1.0,10.5
2015/2016,Eugenio Lamanna,Gardien,Genoa,26,67,71,4,-1,2.0,34.2
2015/2016,Zeljko Brkic,Gardien,Carpi,29,74,72,-2,-2,-4.0,7.9
2015/2016,Riccardo Gagliolo,Défenseur,Carpi,25,68,71,3,,1.0,76.3
2015/2016,Gaetano Letizia,Défenseur,Carpi,25,66,72,6,,4.0,86.8
2015/2016,Filippo Porcari,Milieu,Carpi,31,67,70,3,,1.0,5.3
2015/2016,Saphir Taider,Milieu,Bologna,23,74,73,-1,-1,-3.0,65.8
2015/2016,Leonardo Blanchard,Défenseur,Frosinone,27,63,71,8,,5.0,71.1
2015/2016,Matias Vecino,Milieu,Fiorentina,24,72,75,3,2,1.0,71.1
2015/2016,Giampiero Pinzi,Milieu,Chievo Verona,34,72,73,1,-2,-1.0,23.7
2015/2016,Sergio Pellissier,Attaquant,Chievo Verona,36,70,72,2,0,0.0,26.3
2015/2016,Faouzi Ghoulam,Défenseur,Napoli,24,75,78,3,1,2.0,84.2
2015/2016,Maicon,Défenseur,Roma,34,79,77,-2,-1,-3.0,31.6
2015/2016,Andrea Belotti,Attaquant,Torino,22,70,75,5,4,3.0,81.6
2015/2016,Cristian Daniel Ansaldi,Milieu,Genoa,29,77,79,2,0,1.0,60.5
2015/2016,Tomas Rincon,Milieu,Genoa,27,73,75,2,0,0.0,86.8
2015/2016,Alessandro Frara,Milieu,Frosinone,33,62,67,5,,2.0,36.8
2015/2016,Alberto Grassi,Milieu,Atalanta,20,58,70,12,-1,9.0,34.2
2015/2016,Lorenzo De Silvestri,Milieu,Sampdoria,27,75,76,1,0,0.0,44.7
2015/2016,Lorenzo Pellegrini,Milieu,Sassuolo,19,57,65,8,,5.0,34.2
2015/2016,Diego Falcinelli,Attaquant,Sassuolo,24,64,69,5,,2.0,28.9
2015/2016,Jerry Uche Mbakogu,Attaquant,Carpi,23,71,73,2,,0.0,52.6
2015/2016,Nicola Rigoni,Milieu,Chievo Verona,25,60,72,12,,9.0,57.9
2015/2016,Nicolas Castillo,Attaquant,Frosinone,22,70,73,3,0,1.0,7.9
2015/2016,Edoardo Goldaniga,Défenseur,Palermo,22,63,70,7,,4.0,36.8
2015/2016,Serge Gakpe,Attaquant,Genoa,28,74,74,0,1,-2.0,21.1
2015/2016,Aleksandar Trajkovski,Attaquant,Palermo,23,66,67,1,2,-1.0,42.1
2015/2016,Abdoulay Konko,Défenseur,Lazio,31,73,75,2,-5,0.0,44.7
2015/2016,Danilo Cataldi,Milieu,Lazio,21,68,73,5,4,3.0,42.1
2015/2016,Angelo Palombo,Milieu,Sampdoria,34,71,71,0,-1,-2.0,7.9
2015/2016,Gennaro Sardo,Défenseur,Chievo Verona,36,69,66,-3,-2,-5.0,7.9
2015/2016,Guilherme,Milieu,Udinese,24,73,74,1,0,-1.0,10.5
2015/2016,Dodo,Milieu,Sampdoria,23,74,73,-1,3,-3.0,42.1
2015/2016,Mohamed Fares,Défenseur,Hellas Verona,19,58,65,7,,4.0,18.4
2015/2016,Riccardo Fiamozzi,Milieu,Genoa,22,62,65,3,,0.0,10.5
2015/2016,Alberto Brignoli,Gardien,Sampdoria,24,66,68,2,,0.0,2.6
2012/2013,Virgil Misidjan,Attaquant,Willem II,19,56,68,12,,10.0,82.4
2012/2013,Anour Hadouir,Attaquant,NAC Breda,30,69,67,-2,,-2.0,50.0
2012/2013,Georginio Wijnaldum,Milieu,PSV,22,76,77,1,,1.0,73.5
2012/2013,Filip Kurto,Gardien,Roda JC Kerkrade,21,56,64,8,,6.0,91.2
2012/2013,Abel Tamata,Défenseur,Roda JC Kerkrade,22,69,67,-2,,-2.0,64.7
2012/2013,Bart Biemans,Défenseur,Roda JC Kerkrade,24,67,66,-1,,-1.0,82.4
2012/2013,Danilo Pereira,Défenseur,Roda JC Kerkrade,21,68,68,0,,0.0,85.3
2012/2013,Krisztian Nemeth,Attaquant,Roda JC Kerkrade,23,70,67,-3,,-3.0,47.1
2012/2013,Uche Nwofor,Attaquant,VVV-Venlo,21,66,67,1,,1.0,50.0
2012/2013,Jan Wuytens,Défenseur,FC Utrecht,27,70,71,1,,1.0,94.1
2012/2013,Dave Bulthuis,Défenseur,FC Utrecht,22,64,69,5,,3.0,88.2
2012/2013,Edouard Duplan,Milieu,FC Utrecht,29,69,70,1,,1.0,52.9
2012/2013,Stefan de Vrij,Défenseur,Feyenoord,20,70,76,6,,6.0,76.5
2012/2013,Miquel Nelom,Défenseur,Feyenoord,22,66,68,2,,2.0,35.3
2012/2013,Ruben Schaken,Attaquant,Feyenoord,30,68,74,6,,6.0,79.4
2012/2013,Nikolai Mihaylov,Gardien,FC Twente,24,80,77,-3,,-3.0,76.5
2012/2013,Nacer Chadli,Attaquant,FC Twente,23,77,78,1,,1.0,58.8
2012/2013,Simon Cziommer,Milieu,Vitesse,32,67,68,1,,1.0,23.5
2012/2013,Ramon Zomer,Défenseur,SC Heerenveen,29,69,67,-2,,-2.0,82.4
2012/2013,Nick Viergever,Défenseur,AZ,23,70,72,2,,2.0,91.2
2012/2013,Maikel Kieftenbeld,Milieu,FC Groningen,22,67,68,1,,1.0,52.9
2012/2013,Davy De Beule,Milieu,Roda JC Kerkrade,31,67,65,-2,,-2.0,32.4
2012/2013,Nourdin Boukhari,Attaquant,RKC Waalwijk,32,66,66,0,,0.0,64.7
2012/2013,Aleksander Radosavljevic,Milieu,VVV-Venlo,33,69,65,-4,,-4.0,73.5
2012/2013,Tonny Vilhena,Milieu,Feyenoord,17,62,73,11,,9.0,70.6
2012/2013,Thilo Leugers,Milieu,NAC Breda,21,61,64,3,,1.0,17.6
2012/2013,Yoshiaki Takagi,Milieu,FC Utrecht,20,65,66,1,,1.0,2.9
2012/2013,Laurent Delorge,Milieu,Roda JC Kerkrade,33,67,65,-2,,-2.0,23.5
2012/2013,Tim Cornelisse,Défenseur,Willem II,34,69,63,-6,,-6.0,41.2
2012/2013,Orlando Engelaar,Milieu,PSV,33,72,71,-1,,-1.0,2.9
2013/2014,Wiljan Pluim,Milieu,Roda JC Kerkrade,24,68,66,-2,2,-2.0,55.9
2013/2014,Pele van Anholt,Défenseur,SC Heerenveen,22,67,69,2,7,2.0,91.2
2013/2014,Luciano Slagveer,Attaquant,SC Heerenveen,20,64,67,3,,2.0,50.0
2013/2014,Johann Berg Gudmundsson,Attaquant,AZ,23,69,71,2,0,2.0,52.9
2013/2014,Pavel Cmovs,Défenseur,N.E.C.,23,66,65,-1,3,-1.0,17.6
2013/2014,Navarone Foor,Attaquant,N.E.C.,21,68,69,1,3,1.0,47.1
2013/2014,Eric Fernando Botteghin,Défenseur,FC Groningen,26,70,71,1,2,1.0,100.0
2013/2014,Andraz Kirm,Attaquant,FC Groningen,29,68,66,-2,0,-2.0,44.1
2013/2014,Gino Coutinho,Gardien,ADO Den Haag,31,71,68,-3,3,-3.0,82.4
2013/2014,Vito Wormgoor,Défenseur,ADO Den Haag,25,68,66,-2,2,-2.0,64.7
2013/2014,Dion Malone,Défenseur,ADO Den Haag,24,64,64,0,,-1.0,94.1
2013/2014,Aaron Meijers,Défenseur,ADO Den Haag,26,67,67,0,0,0.0,100.0
2013/2014,Ricky van Haaren,Milieu,ADO Den Haag,22,66,66,0,2,0.0,50.0
2013/2014,Jeffrey Bruma,Défenseur,PSV,22,71,73,2,-2,2.0,91.2
2013/2014,Adam Maher,Milieu,PSV,20,77,75,-2,4,-2.0,58.8
2013/2014,Jurgen Locadia,Attaquant,PSV,20,70,72,2,6,2.0,76.5
2013/2014,Roberto Rosales,Défenseur,FC Twente,25,72,73,1,0,1.0,88.2
2013/2014,Sander Duits,Milieu,RKC Waalwijk,30,67,68,1,3,1.0,88.2
2013/2014,Robert Braber,Milieu,RKC Waalwijk,31,67,66,-1,3,-1.0,64.7
2013/2014,Aurelien Joachim,Attaquant,RKC Waalwijk,27,63,63,0,,-1.0,82.4
2013/2014,Joost Broerse,Défenseur,PEC Zwolle,34,65,66,1,1,1.0,70.6
2013/2014,Piet Velthuizen,Gardien,Vitesse,27,77,77,0,0,0.0,100.0
2013/2014,Guram Kashia,Défenseur,Vitesse,26,74,74,0,3,0.0,94.1
2013/2014,Valeri Kazaishvili,Milieu,Vitesse,20,63,68,5,-1,4.0,32.4
2013/2014,Kelvin Leerdam,Défenseur,Vitesse,23,68,71,3,2,3.0,73.5
2013/2014,Eloy Room,Gardien,Go Ahead Eagles,24,66,66,0,,0.0,58.8
2013/2014,Erik Falkenburg,Milieu,Go Ahead Eagles,25,68,69,1,,1.0,88.2
2013/2014,Christian Atsu,Milieu,Vitesse,21,76,75,-1,2,-1.0,73.5
2013/2014,Mathias Gehrt,Milieu,ADO Den Haag,21,62,65,3,,2.0,58.8
2013/2014,Lasse Schoene,Attaquant,Ajax,27,75,75,0,0,0.0,73.5
2013/2014,Roly Bonevacia,Défenseur,Roda JC Kerkrade,22,66,64,-2,1,-2.0,29.4
2013/2014,Bart van Hintum,Défenseur,PEC Zwolle,26,64,64,0,,-1.0,58.8
2013/2014,Robert Zwinkels,Gardien,ADO Den Haag,30,65,65,0,0,0.0,17.6
2013/2014,Mitchell Schet,Attaquant,ADO Den Haag,25,68,67,-1,4,-1.0,47.1
2013/2014,Lasse Nielsen,Défenseur,N.E.C.,25,64,64,0,,-1.0,35.3
2013/2014,Denni Avdic,Attaquant,AZ,25,68,68,0,-2,0.0,8.8
2013/2014,Guy Ramos,Défenseur,Roda JC Kerkrade,28,67,67,0,0,0.0,26.5
2014/2015,Jody Lukoki,Milieu,PEC Zwolle,22,67,67,0,-2,0.0,82.4
2014/2015,Kai Heerings,Défenseur,FC Utrecht,24,65,65,0,1,0.0,11.8
2014/2015,Stefano Marzo,Défenseur,SC Heerenveen,23,63,66,3,0,2.0,91.2
2014/2015,Jukka Raitala,Milieu,SC Heerenveen,26,65,64,-1,-1,-1.0,5.9
2014/2015,Bartholomew Ogbeche,Attaquant,SC Cambuur,30,64,69,5,0,4.0,88.2
2014/2015,Torgeir Boerven,Attaquant,FC Twente,23,67,67,0,-1,0.0,11.8
2014/2015,Henrico Drost,Défenseur,NAC Breda,27,67,66,-1,1,-1.0,52.9
2014/2015,Uros Matic,Milieu,NAC Breda,24,64,67,3,,2.0,67.6
2014/2015,Mike Te Wierik,Défenseur,Heracles Almelo,22,66,68,2,2,2.0,70.6
2014/2015,Simon Poulsen,Défenseur,AZ,30,68,69,1,1,1.0,94.1
2014/2015,Celso Ortiz,Milieu,AZ,25,71,72,1,5,1.0,70.6
2014/2015,Muamer Tankovic,Attaquant,AZ,19,64,66,2,1,1.0,50.0
2014/2015,Gianni Zuiverloon,Défenseur,ADO Den Haag,28,66,66,0,0,0.0,88.2
2014/2015,Terence Kongolo,Défenseur,Feyenoord,20,71,75,4,4,4.0,88.2
2014/2015,Bilal Basacikoglu,Attaquant,Feyenoord,19,68,71,3,,3.0,5.9
2014/2015,Erik Cummins,Gardien,Go Ahead Eagles,26,63,64,1,,0.0,35.3
2014/2015,Niklas Moisander,Défenseur,Ajax,29,76,74,-2,0,-2.0,73.5
2014/2015,Davy Proepper,Milieu,Vitesse,23,73,74,1,6,1.0,88.2
2014/2015,Bertrand Traore,Attaquant,Vitesse,19,69,73,4,,4.0,79.4
2014/2015,Oscar Hiljemark,Milieu,PSV,22,71,72,1,1,1.0,5.9
2014/2015,Samuel Armenteros,Attaquant,Willem II,24,70,69,-1,0,-1.0,85.3
2014/2015,Gevero Markiet,Défenseur,FC Utrecht,23,63,67,4,2,3.0,61.8
2014/2015,Karim Rekik,Défenseur,PSV,20,73,73,0,0,0.0,85.3
2014/2015,Thom Haye,Milieu,AZ,19,62,67,5,,4.0,64.7
2014/2015,Kolbeinn Sigthorsson,Attaquant,Ajax,24,73,73,0,-1,0.0,38.2
2014/2015,Kristoffer Peterson,Attaquant,FC Utrecht,20,64,63,-1,,-2.0,41.2
2014/2015,Dino Islamovic,Attaquant,FC Groningen,20,57,58,1,,0.0,2.9
2014/2015,Aron Johannsson,Attaquant,AZ,24,73,73,0,4,0.0,50.0
2014/2015,Gill Swerts,Milieu,NAC Breda,32,62,62,0,0,-1.0,35.3
2014/2015,Sebastian Steblecki,Milieu,SC Cambuur,22,61,61,0,,-1.0,11.8
2014/2015,Kenny Otigba,Défenseur,SC Heerenveen,22,68,67,-1,4,-1.0,50.0
2014/2015,Joey Suk,Milieu,NAC Breda,25,63,63,0,0,-1.0,8.8
2014/2015,Sonny Stevens,Gardien,FC Twente,22,68,69,1,,1.0,38.2
2014/2015,Simon Tibbling,Milieu,FC Groningen,20,65,68,3,,3.0,50.0
2014/2015,Sinan Bytyqi,Attaquant,SC Cambuur,19,57,59,2,,1.0,11.8
2014/2015,Oleksandr Iakovenko,Attaquant,ADO Den Haag,27,69,69,0,-1,0.0,23.5
2014/2015,Dario Vujicevic,Milieu,Heracles Almelo,24,66,66,0,0,0.0,35.3
2014/2015,Felitciano Zschusschen,Milieu,NAC Breda,22,64,64,0,,-1.0,2.9
2015/2016,Nathan Kabasele,Attaquant,De Graafschap,21,65,67,2,,0.0,29.4
2015/2016,Wout Droste,Défenseur,Heracles Almelo,26,65,70,5,1,3.0,85.3
2015/2016,Danny Bakker,Milieu,ADO Den Haag,20,64,69,5,1,2.0,94.1
2015/2016,Jeroen Zoet,Gardien,PSV,24,77,79,2,0,1.0,100.0
2015/2016,Dirk Kuyt,Attaquant,Feyenoord,35,77,77,0,,-1.0,91.2
2015/2016,Joris van Overeem,Milieu,AZ,21,65,71,6,4,4.0,91.2
2015/2016,Kenny Tete,Défenseur,Ajax,20,65,76,11,4,9.0,55.9
2015/2016,Ricky Kruys,Milieu,Excelsior,30,64,65,1,,-2.0,91.2
2015/2016,Nick Marsman,Gardien,FC Twente,25,68,67,-1,-1,-3.0,67.6
2015/2016,Bruno Uvini,Défenseur,FC Twente,24,67,70,3,,1.0,94.1
2015/2016,Ryan Thomas,Milieu,PEC Zwolle,21,70,71,1,5,-1.0,29.4
2015/2016,Robbie Haemhouts,Milieu,Willem II,32,64,66,2,,-1.0,35.3
2015/2016,Lucas Andersen,Attaquant,Willem II,21,72,73,1,2,-1.0,79.4
2015/2016,Robin Gosens,Attaquant,Heracles Almelo,21,63,66,3,,0.0,58.8
2015/2016,Viktor Fischer,Attaquant,Ajax,21,75,74,-1,0,-2.0,29.4
2015/2016,Lorenzo Burnet,Défenseur,FC Groningen,24,65,68,3,0,1.0,58.8
2015/2016,Jan-Arie van der Heijden,Défenseur,Feyenoord,27,71,72,1,-1,-1.0,41.2
2015/2016,Michiel Kramer,Attaquant,Feyenoord,27,70,73,3,6,1.0,73.5
2015/2016,Adam Nemec,Attaquant,Willem II,30,65,66,1,,-1.0,8.8
2015/2016,Timothy Derijck,Milieu,ADO Den Haag,28,67,68,1,-1,-1.0,67.6
2015/2016,Wessel Dammers,Défenseur,SC Cambuur,20,59,63,4,,1.0,41.2
2015/2016,Arnold Kruiswijk,Défenseur,Vitesse,31,70,72,2,1,0.0,58.8
2015/2016,Jerson Cabral,Attaquant,FC Twente,24,67,68,1,-1,-1.0,61.8
2015/2016,Juninho Bacuna,Milieu,FC Groningen,18,62,64,2,,-1.0,26.5
2015/2016,Ron Vlaar,Défenseur,AZ,30,80,79,-1,2,-2.0,50.0
2015/2016,Peter van Ooijen,Attaquant,Heracles Almelo,23,66,68,2,0,0.0,14.7
2015/2016,Mike van der Hoorn,Défenseur,Ajax,23,72,74,2,2,0.0,38.2
2015/2016,Kevin van Veen,Attaquant,SC Cambuur,24,62,63,1,,-2.0,14.7
2015/2016,Menno Heerkes,Milieu,Heracles Almelo,22,62,60,-2,,-5.0,2.9
2013/2014,Marek Szyndrowski,Défenseur,Ruch Chorzów,33,62,64,2,4,1.0,56.7
2013/2014,Vojo Ubiparip,Milieu,Lech Poznań,25,61,62,1,-5,0.0,16.7
2013/2014,Csaba Horvath,Défenseur,Piast Gliwice,31,64,63,-1,4,-2.0,83.3
2013/2014,Tomasz Podgorski,Milieu,Piast Gliwice,28,68,66,-2,,-2.0,90.0
2013/2014,Sebastian Madera,Défenseur,Lechia Gdańsk,28,61,65,4,2,3.0,86.7
2013/2014,Piotr Wisniewski,Milieu,Lechia Gdańsk,31,63,64,1,2,0.0,70.0
2013/2014,Bartlomiej Konieczny,Défenseur,Podbeskidzie Bielsko-Biała,32,62,62,0,1,-1.0,60.0
2013/2014,Fabian Pawela,Milieu,Podbeskidzie Bielsko-Biała,28,58,61,3,,2.0,53.3
2013/2014,Norbert Witkowski,Gardien,Polonia Bytom,32,57,57,0,0,-1.0,23.3
2013/2014,Rafal Kosznik,Défenseur,Polonia Bytom,30,57,65,8,,7.0,76.7
2013/2014,Mateusz Zachara,Attaquant,Polonia Bytom,23,54,65,11,,10.0,70.0
2013/2014,Prejuce Nakoulma,Milieu,Polonia Bytom,26,66,68,2,2,2.0,90.0
2013/2014,Pavol Stano,Défenseur,Korona Kielce,36,65,65,0,0,0.0,76.7
2013/2014,Artur Lenartowski,Milieu,Korona Kielce,25,58,62,4,11,3.0,30.0
2013/2014,Tadeusz Socha,Défenseur,Śląsk Wrocław,25,63,63,0,-1,-1.0,43.3
2013/2014,Adam Kokoszka,Défenseur,Śląsk Wrocław,27,63,64,1,,0.0,93.3
2013/2014,Waldemar Sobota,Milieu,Śląsk Wrocław,26,69,71,2,1,2.0,13.3
2013/2014,Pawel Strak,Défenseur,Zawisza Bydgoszcz,30,60,61,1,,0.0,60.0
2013/2014,Sebastian Ziajka,Défenseur,Zawisza Bydgoszcz,31,64,63,-1,3,-2.0,96.7
2013/2014,Jakub Tosik,Défenseur,Jagiellonia Białystok,26,65,65,0,2,0.0,63.3
2013/2014,Dawid Plizga,Milieu,Jagiellonia Białystok,28,64,68,4,-4,3.0,63.3
2013/2014,Michal Papadopoulos,Attaquant,Zagłębie Lubin,28,68,66,-2,0,-2.0,33.3
2013/2014,Wojciech Golla,Défenseur,Pogoń Szczecin,21,56,63,7,0,6.0,86.7
2013/2014,Lukasz Burliga,Défenseur,Wisła Kraków,25,63,65,2,4,1.0,80.0
2013/2014,Rafal Janicki,Défenseur,Lechia Gdańsk,21,59,60,1,5,0.0,70.0
2013/2014,Dalibor Stevanovic,Milieu,Śląsk Wrocław,29,64,64,0,-5,-1.0,83.3
2013/2014,Blazey Augustyn,Défenseur,Polonia Bytom,25,68,64,-4,,-4.0,16.7
2013/2014,Kebba Ceesay,Défenseur,Lech Poznań,26,66,66,0,6,0.0,26.7
2013/2014,Matej Izvolt,Milieu,Piast Gliwice,27,58,61,3,,2.0,50.0
2013/2014,Jakub Kosecki,Milieu,Legia Warszawa,23,69,69,0,10,0.0,20.0
2013/2014,Radoslaw Murawski,Milieu,Piast Gliwice,19,57,51,-6,,-7.0,36.7
2013/2014,Kamil Wilczek,Milieu,Piast Gliwice,25,56,61,5,0,4.0,43.3
2013/2014,Kamil Kurowski,Milieu,Podbeskidzie Bielsko-Biała,19,63,67,4,,3.0,3.3
2013/2014,Victor Nikiema,Milieu,Piast Gliwice,20,60,60,0,,-1.0,30.0
2013/2014,Sebastian Rudol,Défenseur,Pogoń Szczecin,18,48,60,12,,11.0,20.0
2013/2014,Johan Bertilsson,Milieu,Zagłębie Lubin,25,60,60,0,,-1.0,13.3
2013/2014,Juan Calahorro,Milieu,Śląsk Wrocław,25,63,63,0,,-1.0,6.7
2013/2014,Wojciech Malecki,Gardien,Korona Kielce,23,57,57,0,0,-1.0,3.3
2014/2015,Jan Polak,Défenseur,Piast Gliwice,25,61,61,0,0,-1.0,10.0
2014/2015,Gerard Badia,Milieu,Piast Gliwice,25,61,65,4,0,3.0,76.7
2014/2015,Lukasz Hanzel,Milieu,Piast Gliwice,28,65,64,-1,1,-1.0,33.3
2014/2015,Dossa Junior,Défenseur,Legia Warszawa,28,66,67,1,,1.0,26.7
2014/2015,Ivica Vrdoljak,Milieu,Legia Warszawa,31,67,69,2,-1,2.0,76.7
2014/2015,Vladimir Dvalishvili,Attaquant,Legia Warszawa,28,65,65,0,-2,0.0,3.3
2014/2015,Alexis Norambuena Ruz,Défenseur,GKS Bełchatów,30,64,64,0,2,-1.0,20.0
2014/2015,Bartosz Slusarski,Attaquant,GKS Bełchatów,33,64,64,0,-2,-1.0,63.3
2014/2015,Pavels Steinbors,Gardien,Polonia Bytom,29,62,66,4,,3.0,100.0
2014/2015,Seweryn Gancarczyk,Défenseur,Polonia Bytom,33,63,63,0,-2,-1.0,46.7
2014/2015,Damian Dabrowski,Milieu,Cracovia,22,61,63,2,,1.0,83.3
2014/2015,Nika Dzalamidze,Milieu,Jagiellonia Białystok,22,65,67,2,0,2.0,63.3
2014/2015,Rafal Grzyb,Milieu,Jagiellonia Białystok,31,64,64,0,2,-1.0,100.0
2014/2015,Maciej Makuszewski,Milieu,Lechia Gdańsk,25,64,64,0,0,-1.0,93.3
2014/2015,Stojan Vranjes,Milieu,Lechia Gdańsk,28,62,62,0,,-1.0,83.3
2014/2015,Piotr Petasz,Défenseur,Zawisza Bydgoszcz,30,58,58,0,,-1.0,16.7
2014/2015,Vanja Markovic,Milieu,Korona Kielce,20,58,58,0,7,-1.0,33.3
2014/2015,Lukasz Surma,Milieu,Ruch Chorzów,37,63,61,-2,1,-3.0,100.0
2014/2015,Dariusz Pietrasiak,Défenseur,Podbeskidzie Bielsko-Biała,34,62,62,0,0,-1.0,46.7
2014/2015,Maciej Gostomski,Gardien,Lech Poznań,26,65,66,1,,1.0,56.7
2014/2015,Kasper Haemaelaeinen,Milieu,Lech Poznań,28,67,68,1,-1,1.0,86.7
2014/2015,Bartosz Szeliga,Milieu,Piast Gliwice,21,58,60,2,0,1.0,36.7
2014/2015,Adam Dzwigala,Défenseur,Lechia Gdańsk,19,55,57,2,-2,1.0,13.3
2014/2015,Emanuel Sarki,Milieu,Wisła Kraków,27,60,60,0,-2,-1.0,16.7
2014/2015,Jan Bednarek,Défenseur,Lech Poznań,18,55,57,2,,1.0,3.3
2014/2015,Lukasz Tyminski,Milieu,Jagiellonia Białystok,24,56,56,0,0,-1.0,23.3
2014/2015,Michal Walski,Milieu,Pogoń Szczecin,17,53,58,5,,4.0,3.3
2014/2015,Lukasz Teodorczyk,Attaquant,Lech Poznań,23,73,73,0,5,0.0,10.0
2014/2015,Vladimirs Kamess,Milieu,Pogoń Szczecin,26,59,57,-2,,-3.0,10.0
2014/2015,Piotr Zemlo,Défenseur,Wisła Kraków,19,51,51,0,,-1.0,3.3
2014/2015,Jakub Slowik,Gardien,Jagiellonia Białystok,23,64,64,0,0,-1.0,10.0
2015/2016,Jasmin Buric,Gardien,Lech Poznań,28,69,70,1,1,-1.0,93.3
2015/2016,Barry Douglas,Défenseur,Lech Poznań,26,66,70,4,1,2.0,43.3
2015/2016,Darko Jevtic,Milieu,Lech Poznań,22,67,70,3,8,1.0,40.0
2015/2016,Mateusz Matras,Milieu,Pogoń Szczecin,24,66,68,2,4,0.0,96.7
2015/2016,Mateusz Lewandowski,Défenseur,Pogoń Szczecin,22,62,64,2,1,-1.0,73.3
2015/2016,Daniel Lukasik,Milieu,Lechia Gdańsk,24,67,66,-1,0,-3.0,46.7
2015/2016,Deleu,Défenseur,Cracovia,31,61,64,3,-4,0.0,66.7
2015/2016,Piotr Polczak,Défenseur,Cracovia,29,62,67,5,0,2.0,93.3
2015/2016,Mateusz Cetnarski,Milieu,Cracovia,27,60,69,9,-3,6.0,93.3
2015/2016,Mariusz Pawelec,Défenseur,Śląsk Wrocław,29,64,66,2,-1,-1.0,76.7
2015/2016,Aleksandar Prijovic,Attaquant,Legia Warszawa,25,69,71,2,,0.0,53.3
2015/2016,Matus Putnocky,Gardien,Ruch Chorzów,31,65,67,2,,0.0,96.7
2015/2016,Marek Zienczuk,Milieu,Ruch Chorzów,37,65,64,-1,-2,-3.0,76.7
2015/2016,Anton Sloboda,Milieu,Podbeskidzie Bielsko-Biała,28,61,63,2,2,-1.0,13.3
2015/2016,Mateusz Mozdzen,Milieu,Podbeskidzie Bielsko-Biała,24,64,65,1,0,-2.0,86.7
2015/2016,Rafal Grzelak,Milieu,Korona Kielce,27,60,61,1,,-2.0,56.7
2015/2016,Pawel Brozek,Attaquant,Wisła Kraków,32,66,66,0,0,-2.0,70.0
2015/2016,Radoslaw Sobolewski,Milieu,Polonia Bytom,39,66,65,-1,-1,-3.0,56.7
2015/2016,Igors Tarasovs,Défenseur,Jagiellonia Białystok,27,60,66,6,,3.0,83.3
2015/2016,Przemyslaw Frankowski,Milieu,Jagiellonia Białystok,20,61,66,5,0,2.0,70.0
2015/2016,Tom Hateley,Milieu,Śląsk Wrocław,26,66,66,0,1,-2.0,66.7
2015/2016,Josip Barisic,Attaquant,Piast Gliwice,29,56,66,10,,7.0,63.3
2015/2016,Lukas Bielak,Défenseur,Górnik Łęczna,29,54,60,6,,3.0,36.7
2015/2016,Bartlomiej Pawlowski,Milieu,Korona Kielce,23,64,65,1,,-2.0,60.0
2015/2016,Grzegorz Sandomierski,Gardien,Cracovia,26,64,64,0,,-3.0,70.0
2015/2016,Miroslav Covilo,Milieu,Cracovia,29,57,67,10,,7.0,66.7
2015/2016,Patryk Lipski,Milieu,Ruch Chorzów,21,52,65,13,,10.0,93.3
2015/2016,Bartlomiej Babiarz,Milieu,Termalica Bruk-Bet Nieciecza,26,63,65,2,7,-1.0,86.7
2015/2016,Karol Mackiewicz,Milieu,Jagiellonia Białystok,23,61,65,4,6,1.0,40.0
2015/2016,Igor Lewczuk,Défenseur,Legia Warszawa,30,64,68,4,-2,1.0,76.7
2015/2016,Peter Grajciar,Milieu,Śląsk Wrocław,32,60,63,3,,0.0,23.3
2015/2016,Dariusz Dudka,Milieu,Lech Poznań,32,67,65,-2,0,-4.0,23.3
2015/2016,Lasha Dvali,Défenseur,Śląsk Wrocław,20,59,66,7,,4.0,30.0
2015/2016,Mateusz Abramowicz,Gardien,Śląsk Wrocław,23,49,53,4,,1.0,16.7
2015/2016,Denis Thomalla,Attaquant,Lech Poznań,23,61,61,0,,-3.0,10.0
2015/2016,Adam Ryczkowski,Milieu,Legia Warszawa,18,54,56,2,,-1.0,3.3
2012/2013,Fabrizio Grillo,Milieu,Siena,25,63,63,0,,-2.0,2.6
2012/2013,Lorenzo Squizzi,Gardien,Chievo Verona,38,66,71,5,,5.0,2.6
2013/2014,Albano Benjamin Bizzarri,Gardien,Genoa,36,74,74,0,1,0.0,2.6
2013/2014,Rafael Toloi,Défenseur,Roma,23,74,74,0,,0.0,10.5
2014/2015,Raman Chibsah,Milieu,Sassuolo,21,68,67,-1,5,-1.0,7.9
2014/2015,Vlada Avramov,Gardien,Atalanta,35,72,69,-3,4,-3.0,2.6
2014/2015,Simone Pepe,Attaquant,Juventus,31,76,75,-1,,-1.0,2.6
2014/2015,Federico Bernardeschi,Attaquant,Fiorentina,20,66,70,4,,4.0,2.6
2015/2016,Samir,Défenseur,Hellas Verona,21,73,72,-1,,-3.0,7.9
2015/2016,Francesco Bardi,Gardien,Frosinone,23,74,74,0,-1,-2.0,5.3
2012/2013,Isaac Cuenca,Attaquant,Ajax,21,75,75,0,,0.0,5.9
2013/2014,Christian Supusepa,Défenseur,ADO Den Haag,24,64,63,-1,0,-2.0,5.9
2013/2014,Tobias Sana,Attaquant,Ajax,24,68,67,-1,3,-1.0,5.9
2015/2016,Jetro Willems,Défenseur,PSV,21,76,78,2,4,1.0,32.4
2012/2013,Daniel Congre,Défenseur,Montpellier Hérault SC,27,73,70,-3,,-3.0,92.1
2012/2013,Jamel Saihi,Milieu,Montpellier Hérault SC,25,74,76,2,,2.0,26.3
2012/2013,Benjamin Stambouli,Milieu,Montpellier Hérault SC,22,71,72,1,,1.0,47.4
2012/2013,Franck Tabanou,Attaquant,Toulouse FC,23,77,75,-2,,-2.0,89.5
2012/2013,Emmanuel Riviere,Attaquant,Toulouse FC,22,75,73,-2,,-2.0,13.2
2012/2013,Saber Khalifa,Attaquant,Évian Thonon Gaillard FC,26,68,75,7,,7.0,55.3
2012/2013,Cedric Carrasso,Gardien,Girondins de Bordeaux,31,80,81,1,,1.0,100.0
2012/2013,Salif Sane,Milieu,AS Nancy-Lorraine,22,68,70,2,,2.0,89.5
2012/2013,Didier Digard,Milieu,OGC Nice,26,71,74,3,,3.0,94.7
2012/2013,Mahamane Traore,Milieu,OGC Nice,24,66,71,5,,5.0,60.5
2012/2013,Carl Medjani,Défenseur,AC Ajaccio,27,68,68,0,,0.0,50.0
2012/2013,Christophe Jallet,Défenseur,Paris Saint-Germain,29,77,77,0,,0.0,52.6
2012/2013,Fabien Audard,Gardien,FC Lorient,34,75,76,1,,1.0,89.5
2012/2013,Lucas Armando Mareque,Défenseur,FC Lorient,29,71,71,0,,0.0,23.7
2012/2013,Alain Traore,Attaquant,FC Lorient,24,76,76,0,,0.0,36.8
2012/2013,Antoine Devaux,Milieu,Stade de Reims,27,73,71,-2,,-2.0,78.9
2012/2013,Grzegorz Krychowiak,Milieu,Stade de Reims,22,69,75,6,,6.0,89.5
2012/2013,Vincent Pajot,Milieu,Stade Rennais FC,22,71,72,1,,1.0,60.5
2012/2013,Bafetimbi Gomis,Attaquant,Olympique Lyonnais,27,81,81,0,,0.0,76.3
2012/2013,Salomon Kalou,Attaquant,LOSC Lille,27,79,78,-1,,-1.0,65.8
2012/2013,Dimitri Payet,Attaquant,LOSC Lille,25,79,81,2,,2.0,97.4
2012/2013,Thierry Doubai,Milieu,FC Sochaux-Montbéliard,24,73,73,0,,0.0,31.6
2012/2013,Julien Palmieri,Défenseur,SC Bastia,26,69,66,-3,,-3.0,78.9
2012/2013,Yohan Thuram Ulien,Gardien,ES Troyes AC,24,65,72,7,,7.0,100.0
2012/2013,Rincon,Défenseur,ES Troyes AC,25,65,65,0,,0.0,36.8
2012/2013,Mohamed Yattara,Attaquant,ES Troyes AC,19,59,64,5,,3.0,31.6
2012/2013,Loris Nery,Défenseur,Valenciennes FC,21,62,67,5,,3.0,44.7
2012/2013,Jaroslav Plasil,Milieu,Girondins de Bordeaux,30,80,75,-5,,-5.0,73.7
2012/2013,Younes Belhanda,Milieu,Montpellier Hérault SC,22,79,78,-1,,-1.0,76.3
2012/2013,Florian Jarjat,Défenseur,ES Troyes AC,32,60,64,4,,2.0,65.8
2012/2013,Stephan Andersen,Gardien,Évian Thonon Gaillard FC,31,71,73,2,,2.0,21.1
2012/2013,Joey Barton,Milieu,Olympique de Marseille,30,80,76,-4,,-4.0,52.6
2012/2013,Larsen Toure,Milieu,Stade Brestois 29,28,67,62,-5,,-5.0,34.2
2012/2013,Arnaud Le Lan,Défenseur,FC Lorient,34,70,67,-3,,-3.0,28.9
2012/2013,Romain Hamouma,Attaquant,AS Saint-Étienne,25,77,78,1,,1.0,52.6
2012/2013,Abdelhamid El Kaoutari,Défenseur,Montpellier Hérault SC,22,72,72,0,,0.0,60.5
2012/2013,Yaya Banana,Milieu,FC Sochaux-Montbéliard,21,67,69,2,,2.0,18.4
2012/2013,Laurent Pionnier,Gardien,Montpellier Hérault SC,30,70,74,4,,4.0,10.5
2012/2013,Jordan Loties,Défenseur,AS Nancy-Lorraine,28,74,71,-3,,-3.0,55.3
2012/2013,Vincent Aboubakar,Attaquant,Valenciennes FC,20,72,71,-1,,-1.0,34.2
2012/2013,Arnaud Maire,Défenseur,AC Ajaccio,33,65,65,0,,0.0,10.5
2012/2013,Brahim Ferradj,Défenseur,Stade Brestois 29,25,66,62,-4,,-4.0,21.1
2012/2013,Julien Quercia,Attaquant,FC Lorient,26,74,71,-3,,-3.0,7.9
2012/2013,Dimitri Foulquier,Défenseur,Stade Rennais FC,19,60,63,3,,1.0,21.1
2013/2014,Laurent Bonnart,Défenseur,AC Ajaccio,34,70,70,0,-4,0.0,52.6
2013/2014,Benoit Pedretti,Milieu,AC Ajaccio,33,76,76,0,0,0.0,34.2
2013/2014,Jean-Baptiste Pierazzi,Milieu,AC Ajaccio,28,65,64,-1,-1,-1.0,28.9
2013/2014,Adrian Mutu,Attaquant,AC Ajaccio,34,74,75,1,-5,1.0,18.4
2013/2014,Danijel Subasic,Gardien,AS Monaco,29,71,75,4,,4.0,92.1
2013/2014,Fabinho,Défenseur,AS Monaco,20,67,73,6,,6.0,55.3
2013/2014,Lavyin Kurzawa,Défenseur,AS Monaco,21,61,73,12,,11.0,73.7
2013/2014,Daniel Wass,Milieu,Évian Thonon Gaillard FC,24,73,73,0,5,0.0,97.4
2013/2014,Kevin Berigaud,Attaquant,Évian Thonon Gaillard FC,25,68,71,3,6,3.0,81.6
2013/2014,Julien Faussurier,Défenseur,FC Sochaux-Montbéliard,26,67,67,0,1,0.0,89.5
2013/2014,Cedric Bakambu,Attaquant,FC Sochaux-Montbéliard,22,68,68,0,4,0.0,57.9
2013/2014,Christophe Kerbrat,Défenseur,En Avant de Guingamp,27,65,71,6,,6.0,94.7
2013/2014,Claudio Beauvue,Milieu,En Avant de Guingamp,25,65,68,3,3,3.0,73.7
2013/2014,Steeven Langil,Milieu,En Avant de Guingamp,25,64,66,2,,1.0,28.9
2013/2014,Steve Mandanda,Gardien,Olympique de Marseille,28,83,82,-1,-1,-1.0,100.0
2013/2014,Rio Mavuba,Milieu,LOSC Lille,29,82,81,-1,1,-1.0,84.2
2013/2014,Anthony Lopes,Gardien,Olympique Lyonnais,23,66,75,9,0,9.0,84.2
2013/2014,David Ospina,Gardien,OGC Nice,25,78,76,-2,1,-2.0,76.3
2013/2014,Christian Bruels,Milieu,OGC Nice,25,70,71,1,-2,1.0,68.4
2013/2014,Eric Bautheac,Milieu,OGC Nice,26,75,75,0,4,0.0,63.2
2013/2014,Thiago Silva,Défenseur,Paris Saint-Germain,29,86,88,2,-1,2.0,73.7
2013/2014,Marco Verratti,Milieu,Paris Saint-Germain,21,77,79,2,11,2.0,60.5
2013/2014,Mickael Landreau,Gardien,SC Bastia,34,82,81,-1,,-1.0,81.6
2013/2014,Benoit Costil,Gardien,Stade Rennais FC,26,79,78,-1,3,-1.0,100.0
2013/2014,Jean-Armel Kana-Biyik,Défenseur,Stade Rennais FC,24,76,75,-1,1,-1.0,55.3
2013/2014,Anthony Weber,Défenseur,Stade de Reims,26,71,73,2,5,2.0,86.8
2013/2014,Franck Signorino,Défenseur,Stade de Reims,32,65,69,4,0,4.0,63.2
2013/2014,Steeve Yago,Défenseur,Toulouse FC,21,63,67,4,11,3.0,47.4
2013/2014,Cedric Cambon,Défenseur,Évian Thonon Gaillard FC,27,68,68,0,5,0.0,36.8
2013/2014,Pape Modou Sougou,Milieu,Évian Thonon Gaillard FC,29,71,71,0,,0.0,55.3
2013/2014,Ladislas Douniama,Attaquant,En Avant de Guingamp,27,70,70,0,,0.0,15.8
2013/2014,Gregory Sertic,Milieu,Girondins de Bordeaux,24,74,75,1,3,1.0,76.3
2013/2014,Sylvio Ronny Rodelin,Attaquant,LOSC Lille,24,70,71,1,1,1.0,31.6
2013/2014,Jeremy Menez,Attaquant,Paris Saint-Germain,26,79,78,-1,1,-1.0,18.4
2013/2014,Romaric,Milieu,SC Bastia,30,73,73,0,-2,0.0,84.2
2013/2014,Serge Aurier,Défenseur,Toulouse FC,21,75,74,-1,10,-1.0,89.5
2013/2014,Sylvain Armand,Défenseur,Stade Rennais FC,33,74,74,0,0,0.0,84.2
2013/2014,Foued Kadir,Milieu,Stade Rennais FC,30,75,73,-2,,-2.0,55.3
2013/2014,Marco Da Silva,Milieu,Valenciennes FC,21,56,56,0,,-1.0,39.5
2013/2014,Maxime Baca,Défenseur,FC Lorient,30,68,69,1,-2,1.0,42.1
2013/2014,Andrea Raggi,Défenseur,AS Monaco,29,72,74,2,,2.0,57.9
2013/2014,Diego Rolan,Milieu,Girondins de Bordeaux,20,69,71,2,,2.0,34.2
2013/2014,Dennis Oliech,Attaquant,AC Ajaccio,28,69,70,1,-3,1.0,13.2
2013/2014,Abel Aguilar,Milieu,Toulouse FC,28,76,74,-2,2,-2.0,71.1
2013/2014,Samuel Umtiti,Défenseur,Olympique Lyonnais,20,74,75,1,7,1.0,71.1
2013/2014,Julien Faubert,Milieu,Girondins de Bordeaux,30,69,69,0,2,0.0,31.6
2013/2014,Lionel Zouma,Défenseur,FC Sochaux-Montbéliard,20,57,63,6,,5.0,31.6
2013/2014,Adrien Hunou,Milieu,Stade Rennais FC,19,60,65,5,,4.0,10.5
2013/2014,Adrien Trebel,Milieu,FC Nantes,22,66,69,3,,3.0,7.9
2013/2014,Djakaridja Kone,Milieu,Évian Thonon Gaillard FC,27,71,71,0,,0.0,36.8
2013/2014,Gregory Bourillon,Milieu,FC Lorient,29,73,69,-4,0,-4.0,63.2
2013/2014,Guillaume Hoarau,Attaquant,Girondins de Bordeaux,29,75,72,-3,0,-3.0,23.7
2013/2014,Maxime Blanc,Attaquant,Évian Thonon Gaillard FC,21,60,59,-1,,-2.0,2.6
2014/2015,Diego,Milieu,Stade de Reims,26,70,72,2,-2,2.0,73.7
2014/2015,Lucas Digne,Défenseur,Paris Saint-Germain,21,75,75,0,0,0.0,36.8
2014/2015,Lucas Moura,Attaquant,Paris Saint-Germain,22,83,82,-1,1,-1.0,57.9
2014/2015,Giannelli Imbula Wanga,Milieu,Olympique de Marseille,22,72,77,5,1,5.0,97.4
2014/2015,Florian Thauvin,Milieu,Olympique de Marseille,21,77,77,0,7,0.0,84.2
2014/2015,Remy Vercoutre,Gardien,SM Caen,34,71,71,0,-3,0.0,100.0
2014/2015,Emmanuel Imorou,Défenseur,SM Caen,26,66,68,2,,2.0,78.9
2014/2015,Max-Alain Gradel,Attaquant,AS Saint-Étienne,27,74,77,3,2,3.0,60.5
2014/2015,Vincent Enyeama,Gardien,LOSC Lille,32,79,81,2,,2.0,100.0
2014/2015,Nabil Fekir,Attaquant,Olympique Lyonnais,21,64,79,15,,14.0,89.5
2014/2015,Joao Moutinho,Milieu,AS Monaco,28,83,83,0,0,0.0,92.1
2014/2015,Anthony Mounier,Milieu,Montpellier Hérault SC,27,75,77,2,-2,2.0,94.7
2014/2015,Nicolas Maurice-Belay,Milieu,Girondins de Bordeaux,29,74,74,0,3,0.0,39.5
2014/2015,Alejandro Bedoya,Milieu,FC Nantes,27,72,74,2,1,2.0,52.6
2014/2015,Mouez Hassen,Gardien,OGC Nice,19,61,71,10,4,9.0,78.9
2014/2015,Gregoire Puel,Défenseur,OGC Nice,22,61,64,3,2,2.0,68.4
2014/2015,Jordan Amavi,Défenseur,OGC Nice,20,60,72,12,,11.0,94.7
2014/2015,Nampalys Mendy,Milieu,OGC Nice,22,70,71,1,6,1.0,94.7
2014/2015,Valentin Eysseric,Milieu,OGC Nice,22,73,73,0,0,0.0,63.2
2014/2015,Issiaga Sylla,Milieu,Toulouse FC,20,66,68,2,9,2.0,23.7
2014/2015,Wissam Ben Yedder,Attaquant,Toulouse FC,24,76,77,1,3,1.0,89.5
2014/2015,Bengali-Fode Koita,Milieu,SM Caen,24,65,68,3,,3.0,57.9
2014/2015,Ahmed Kashi,Milieu,FC Metz,26,69,69,0,,0.0,39.5
2014/2015,Remy Riou,Gardien,FC Nantes,27,74,78,4,5,4.0,84.2
2014/2015,Milan Bisevac,Défenseur,Olympique Lyonnais,31,77,77,0,-2,0.0,34.2
2014/2015,Jonas Martin,Milieu,Montpellier Hérault SC,24,64,70,6,4,5.0,71.1
2014/2015,Lloyd Palun,Défenseur,OGC Nice,26,66,68,2,2,2.0,50.0
2014/2015,Marcos Lopes,Milieu,LOSC Lille,19,65,72,7,,7.0,47.4
2014/2015,Marvin Martin,Attaquant,LOSC Lille,26,75,74,-1,-1,-1.0,13.2
2014/2015,Clarck Nsikulu,Milieu,Évian Thonon Gaillard FC,22,58,67,9,0,8.0,52.6
2014/2015,Alaeddine Yahia,Défenseur,SM Caen,33,69,69,0,,0.0,36.8
2014/2015,Simon Pouplin,Gardien,OGC Nice,29,73,72,-1,0,-1.0,21.1
2014/2015,Florian Marange,Défenseur,SC Bastia,28,68,68,0,-2,0.0,39.5
2014/2015,Younes Kaabouni,Milieu,Girondins de Bordeaux,19,62,64,2,,1.0,5.3
2014/2015,Benjamin Boulenger,Défenseur,RC Lens,24,56,64,8,,7.0,23.7
2014/2015,Abdoulaye Keita,Milieu,SC Bastia,20,60,60,0,0,-1.0,5.3
2014/2015,Tiago Ilori,Défenseur,Girondins de Bordeaux,21,73,72,-1,2,-1.0,31.6
2015/2016,Sebastien Squillaci,Défenseur,SC Bastia,35,73,74,1,0,-1.0,76.3
2015/2016,Floyd Ayite,Attaquant,SC Bastia,27,73,75,2,0,0.0,78.9
2015/2016,Pedro Mendes,Défenseur,Stade Rennais FC,25,70,73,3,0,1.0,55.3
2015/2016,Frederic Guilbert,Défenseur,Girondins de Bordeaux,21,69,68,-1,,-3.0,76.3
2015/2016,Andre Biyogo Poko,Milieu,Girondins de Bordeaux,22,70,71,1,0,-1.0,50.0
2015/2016,Hamari Traore,Défenseur,Stade de Reims,23,64,75,11,3,8.0,84.2
2015/2016,Nicolas De Preville,Attaquant,Stade de Reims,24,71,74,3,2,1.0,89.5
2015/2016,Florent Balmont,Milieu,LOSC Lille,35,76,75,-1,0,-2.0,65.8
2015/2016,David Luiz,Défenseur,Paris Saint-Germain,28,83,83,0,1,-1.0,60.5
2015/2016,Steed Malbranque,Milieu,Olympique Lyonnais,35,71,69,-2,-2,-4.0,13.2
2015/2016,Raphael Guerreiro,Défenseur,FC Lorient,22,74,75,1,6,-1.0,71.1
2015/2016,Brice Dja Djedje,Défenseur,Olympique de Marseille,25,74,76,2,2,0.0,44.7
2015/2016,Benjamin Mendy,Défenseur,Olympique de Marseille,21,73,74,1,3,-1.0,57.9
2015/2016,Damien Da Silva,Défenseur,SM Caen,27,70,75,5,8,3.0,73.7
2015/2016,Julien Feret,Milieu,SM Caen,33,74,74,0,0,-2.0,97.4
2015/2016,Yoann Andreu,Défenseur,Angers SCO,26,63,71,8,,5.0,81.6
2015/2016,Thomas Mangani,Milieu,Angers SCO,28,69,73,4,4,2.0,81.6
2015/2016,Adrien Thomasson,Milieu,FC Nantes,22,66,73,7,7,5.0,78.9
2015/2016,Nill De Pauw,Milieu,En Avant de Guingamp,25,70,70,0,0,-2.0,7.9
2015/2016,Ivan Cavaleiro,Milieu,AS Monaco,22,73,76,3,2,1.0,15.8
2015/2016,Uros Spajic,Défenseur,Toulouse FC,22,73,69,-4,0,-6.0,28.9
2015/2016,William Matheus,Défenseur,Toulouse FC,25,69,72,3,1,1.0,36.8
2015/2016,Fabien Camus,Milieu,ES Troyes AC,30,72,74,2,0,0.0,73.7
2015/2016,Gilles Cioni,Défenseur,SC Bastia,31,66,69,3,4,1.0,44.7
2015/2016,Axel N'Gando,Milieu,SC Bastia,22,68,69,1,,-1.0,39.5
2015/2016,Marquinhos,Défenseur,Paris Saint-Germain,21,80,81,1,2,0.0,52.6
2015/2016,Hilton,Défenseur,Montpellier Hérault SC,38,76,78,2,-1,1.0,94.7
2015/2016,Marcus Regis Coco,Milieu,En Avant de Guingamp,19,61,64,3,,0.0,52.6
2015/2016,Sloan Privat,Attaquant,En Avant de Guingamp,26,68,71,3,0,1.0,36.8
2015/2016,Adama Soumaoro,Défenseur,LOSC Lille,23,61,68,7,0,4.0,65.8
2015/2016,Lucas Silva,Milieu,Olympique de Marseille,22,75,74,-1,0,-2.0,28.9
2015/2016,Yann Jouffre,Milieu,FC Lorient,31,73,75,2,-2,0.0,55.3
2015/2016,Elderson,Défenseur,AS Monaco,27,73,75,2,-1,0.0,47.4
2015/2016,Thomas Lemar,Milieu,AS Monaco,20,65,74,9,4,7.0,52.6
2015/2016,Mickael Tacalfred,Défenseur,Stade de Reims,34,72,70,-2,1,-4.0,36.8
2015/2016,Odair Fortes,Milieu,Stade de Reims,28,69,68,-1,1,-3.0,10.5
2015/2016,Stephane Darbion,Milieu,ES Troyes AC,31,66,66,0,,-2.0,47.4
2015/2016,Georges N'Koudou,Milieu,Olympique de Marseille,20,66,75,9,5,7.0,57.9
2015/2016,Jeremy Morel,Défenseur,Olympique Lyonnais,31,74,75,1,2,-1.0,71.1
2015/2016,Thiago Motta,Milieu,Paris Saint-Germain,33,81,82,1,-2,0.0,68.4
2015/2016,Helder Costa,Milieu,AS Monaco,21,67,69,2,,0.0,39.5
2015/2016,Chaker Alhadhur,Défenseur,SM Caen,24,64,67,3,1,0.0,21.1
2015/2016,Gaetan Charbonnier,Attaquant,Stade de Reims,27,72,68,-4,1,-6.0,42.1
2015/2016,Almamy Toure,Défenseur,AS Monaco,19,66,69,3,,1.0,23.7
2015/2016,Yassine Jebbour,Défenseur,SC Bastia,24,66,66,0,,-2.0,5.3
2015/2016,Bouna Sarr,Milieu,Olympique de Marseille,23,68,69,1,5,-1.0,23.7
2015/2016,Karim Azamoum,Milieu,ES Troyes AC,25,63,64,1,,-2.0,23.7
2015/2016,Jean-Christophe Bahebeck,Attaquant,AS Saint-Étienne,22,71,73,2,3,0.0,28.9
2015/2016,Jonathan Correia,Défenseur,OGC Nice,21,62,62,0,,-3.0,5.3
2015/2016,Benjamin Corgnet,Milieu,AS Saint-Étienne,28,74,73,-1,0,-3.0,13.2
2015/2016,Julien Romain,Attaquant,SC Bastia,19,62,64,2,,-1.0,2.6
2015/2016,Babacar Gueye,Attaquant,ES Troyes AC,21,54,60,6,,3.0,15.8
2012/2013,Robert Lewandowski,Attaquant,Borussia Dortmund,24,80,85,5,,5.0,85.3
2012/2013,Sebastian Proedl,Défenseur,SV Werder Bremen,25,74,74,0,,0.0,67.6
2012/2013,Aleksandar Ignjovski,Défenseur,SV Werder Bremen,21,72,72,0,,0.0,50.0
2012/2013,Sergio Pinto,Milieu,Hannover 96,32,76,75,-1,,-1.0,82.4
2012/2013,Kyriakos Papadopoulos,Défenseur,FC Schalke 04,20,76,78,2,,2.0,26.5
2012/2013,Joel Matip,Défenseur,FC Schalke 04,21,75,76,1,,1.0,94.1
2012/2013,Marcel Schaefer,Défenseur,VfL Wolfsburg,28,76,76,0,,0.0,64.7
2012/2013,Karim Guede,Attaquant,SC Freiburg,27,61,70,9,,7.0,35.3
2012/2013,Max Kruse,Attaquant,SC Freiburg,24,71,76,5,,5.0,97.1
2012/2013,Elkin Soto,Milieu,1. FSV Mainz 05,32,74,74,0,,0.0,70.6
2012/2013,Tobias Levels,Défenseur,Fortuna Düsseldorf,26,69,68,-1,,-1.0,50.0
2012/2013,Marcell Jansen,Défenseur,Hamburger SV,27,77,74,-3,,-3.0,82.4
2012/2013,Kevin Trapp,Gardien,Eintracht Frankfurt,22,77,79,2,,2.0,76.5
2012/2013,Pirmin Schwegler,Milieu,Eintracht Frankfurt,25,75,76,1,,1.0,73.5
2012/2013,Stephan Fuerstner,Milieu,SpVgg Greuther Fürth,25,69,71,2,,2.0,88.2
2012/2013,Filip Daems,Défenseur,Borussia Mönchengladbach,34,73,73,0,,0.0,47.1
2012/2013,Mike Hanke,Attaquant,Borussia Mönchengladbach,29,72,74,2,,2.0,38.2
2012/2013,Fabian Johnson,Défenseur,TSG 1899 Hoffenheim,25,72,73,1,,1.0,88.2
2012/2013,Sebastian Freis,Attaquant,SC Freiburg,27,70,70,0,,0.0,17.6
2012/2013,Gonzalo Castro,Attaquant,Bayer 04 Leverkusen,25,77,80,3,,3.0,85.3
2012/2013,Konstantin Rausch,Défenseur,Hannover 96,22,75,72,-3,,-3.0,73.5
2012/2013,Simon Kjaer,Défenseur,VfL Wolfsburg,23,76,76,0,,0.0,58.8
2012/2013,Maximillian Beister,Attaquant,Hamburger SV,22,73,73,0,,0.0,23.5
2012/2013,Zoltan Stieber,Milieu,SpVgg Greuther Fürth,24,71,71,0,,0.0,41.2
2012/2013,Jan-Ingwer Callsen-Bracker,Défenseur,FC Augsburg,28,69,72,3,,3.0,67.6
2012/2013,Cristian Molinaro,Défenseur,VfB Stuttgart,29,74,73,-1,,-1.0,55.9
2012/2013,Christian Traesch,Milieu,VfL Wolfsburg,25,78,75,-3,,-3.0,32.4
2012/2013,Shawn Parker,Attaquant,1. FSV Mainz 05,19,60,67,7,,5.0,29.4
2012/2013,Vieirinha,Milieu,VfL Wolfsburg,26,78,77,-1,,-1.0,64.7
2012/2013,Johan Djourou,Défenseur,Hannover 96,25,76,75,-1,,-1.0,41.2
2012/2013,Alex Manninger,Gardien,FC Augsburg,35,72,74,2,,2.0,35.3
2012/2013,Marco Russ,Milieu,Eintracht Frankfurt,27,72,72,0,,0.0,20.6
2012/2013,Jaroslav Drobny,Gardien,Hamburger SV,33,78,77,-1,,-1.0,5.9
2012/2013,Diego Contento,Défenseur,FC Bayern Munich,22,70,71,1,,1.0,11.8
2012/2013,Ivan Klasnic,Attaquant,1. FSV Mainz 05,32,73,73,0,,0.0,2.9
2013/2014,Thomas Mueller,Milieu,FC Bayern Munich,24,84,85,1,1,1.0,73.5
2013/2014,Nicolai Mueller,Milieu,1. FSV Mainz 05,26,74,77,3,2,3.0,64.7
2013/2014,Niki Zimling,Milieu,1. FSV Mainz 05,28,73,73,0,,0.0,38.2
2013/2014,Shinji Okazaki,Attaquant,1. FSV Mainz 05,27,75,76,1,0,1.0,91.2
2013/2014,Sven Ulreich,Gardien,VfB Stuttgart,25,80,79,-1,3,-1.0,91.2
2013/2014,Daniel Schwaab,Défenseur,VfB Stuttgart,25,74,74,0,0,0.0,94.1
2013/2014,Moritz Leitner,Milieu,VfB Stuttgart,21,74,74,0,0,0.0,50.0
2013/2014,Benedikt Hoewedes,Défenseur,FC Schalke 04,25,82,81,-1,2,-1.0,52.9
2013/2014,Bernd Leno,Gardien,Bayer 04 Leverkusen,21,80,82,2,2,2.0,100.0
2013/2014,Hendrick Zuck,Milieu,SC Freiburg,23,66,66,0,,0.0,2.9
2013/2014,Ricardo Rodriguez,Défenseur,VfL Wolfsburg,21,74,79,5,4,5.0,100.0
2013/2014,Daniel Baier,Milieu,FC Augsburg,29,74,76,2,3,2.0,100.0
2013/2014,Mats Hummels,Défenseur,Borussia Dortmund,25,85,85,0,1,0.0,67.6
2013/2014,Ilkay Guendogan,Milieu,Borussia Dortmund,23,82,83,1,6,1.0,2.9
2013/2014,Norman Theuerkauf,Milieu,Eintracht Braunschweig,26,69,70,1,,1.0,76.5
2013/2014,Theodor Gebre Selassie,Défenseur,SV Werder Bremen,27,74,72,-2,,-2.0,52.9
2013/2014,Marcel Ndjeng,Milieu,Hertha BSC Berlin,31,69,67,-2,,-2.0,47.1
2013/2014,Johannes van den Bergh,Défenseur,Hertha BSC Berlin,27,71,72,1,5,1.0,73.5
2013/2014,Anis Ben-Hatira,Milieu,Hertha BSC Berlin,25,72,74,2,,2.0,55.9
2013/2014,Sebastian Jung,Défenseur,Eintracht Frankfurt,23,76,76,0,3,0.0,88.2
2013/2014,Johannes Flum,Milieu,Eintracht Frankfurt,26,74,74,0,2,0.0,67.6
2013/2014,Alexander Meier,Milieu,Eintracht Frankfurt,30,76,76,0,3,0.0,52.9
2013/2014,Rafinha,Défenseur,FC Bayern Munich,28,76,77,1,-2,1.0,73.5
2013/2014,Adam Szalai,Attaquant,FC Schalke 04,26,77,76,-1,4,-1.0,41.2
2013/2014,Marcel De Jong,Défenseur,FC Augsburg,27,69,69,0,0,0.0,2.9
2013/2014,Tobias Werner,Milieu,FC Augsburg,28,71,73,2,2,2.0,73.5
2013/2014,Alexandru Maxim,Milieu,VfB Stuttgart,23,72,77,5,,5.0,52.9
2013/2014,Marvin Plattenhardt,Défenseur,1. FC Nürnberg,21,69,73,4,2,4.0,88.2
2013/2014,Makoto Hasebe,Milieu,1. FC Nürnberg,29,75,74,-1,1,-1.0,41.2
2013/2014,Felix Klaus,Milieu,SC Freiburg,21,68,69,1,3,1.0,41.2
2013/2014,Nicolas Hoefler,Milieu,SC Freiburg,23,65,66,1,,1.0,20.6
2013/2014,Yunus Malli,Milieu,1. FSV Mainz 05,21,70,70,0,1,0.0,32.4
2013/2014,Takashi Inui,Milieu,Eintracht Frankfurt,25,75,74,-1,4,-1.0,29.4
2013/2014,Vaclav Pilar,Milieu,SC Freiburg,25,75,74,-1,,-1.0,14.7
2013/2014,Ralf Faehrmann,Gardien,FC Schalke 04,25,73,77,4,,4.0,64.7
2013/2014,Torsten Oehrl,Milieu,Eintracht Braunschweig,27,68,68,0,2,0.0,11.8
2013/2014,Sebastian Kehl,Milieu,Borussia Dortmund,33,79,78,-1,1,-1.0,35.3
2013/2014,Marcel Correia,Défenseur,Eintracht Braunschweig,24,69,70,1,,1.0,47.1
2013/2014,Haavard Nielsen,Attaquant,Eintracht Braunschweig,20,67,68,1,,1.0,44.1
2013/2014,Bas Dost,Attaquant,VfL Wolfsburg,24,77,76,-1,3,-1.0,17.6
2013/2014,Claudio Pizarro,Attaquant,FC Bayern Munich,35,81,79,-2,-3,-2.0,17.6
2013/2014,Marc-Oliver Kempf,Défenseur,Eintracht Frankfurt,18,59,60,1,,0.0,2.9
2013/2014,Dani Schahin,Attaquant,1. FSV Mainz 05,24,70,68,-2,7,-2.0,5.9
2013/2014,Martin Kobylanski,Milieu,SV Werder Bremen,19,61,62,1,,0.0,2.9
2014/2015,Marco Reus,Milieu,Borussia Dortmund,25,85,86,1,1,1.0,52.9
2014/2015,Pierre-Emerick Aubameyang,Attaquant,Borussia Dortmund,25,80,81,1,0,1.0,91.2
2014/2015,Omer Toprak,Défenseur,Bayer 04 Leverkusen,25,79,79,0,3,0.0,79.4
2014/2015,Simon Rolfes,Milieu,Bayer 04 Leverkusen,32,78,78,0,-1,0.0,38.2
2014/2015,Granit Xhaka,Milieu,Borussia Mönchengladbach,22,76,79,3,2,3.0,88.2
2014/2015,Eugen Polanski,Milieu,TSG 1899 Hoffenheim,28,75,76,1,1,1.0,85.3
2014/2015,Kevin Volland,Milieu,TSG 1899 Hoffenheim,22,79,79,0,5,0.0,88.2
2014/2015,Ron-Robert Zieler,Gardien,Hannover 96,25,78,79,1,0,1.0,100.0
2014/2015,Edgar Prib,Milieu,Hannover 96,25,74,74,0,1,0.0,32.4
2014/2015,Sead Kolasinac,Défenseur,FC Schalke 04,21,72,73,1,4,1.0,17.6
2014/2015,Franco Di Santo,Attaquant,SV Werder Bremen,25,73,77,4,1,4.0,76.5
2014/2015,Anderson,Défenseur,Eintracht Frankfurt,26,75,75,0,2,0.0,55.9
2014/2015,Martin Lanig,Milieu,Eintracht Frankfurt,30,72,72,0,-1,0.0,2.9
2014/2015,Roman Buerki,Gardien,SC Freiburg,24,74,79,5,4,5.0,100.0
2014/2015,Oliver Sorg,Défenseur,SC Freiburg,24,71,71,0,-1,0.0,70.6
2014/2015,Matthias Lehmann,Milieu,1. FC Köln,31,72,73,1,,1.0,94.1
2014/2015,Tolgay Arslan,Milieu,Hamburger SV,24,72,76,4,1,4.0,23.5
2014/2015,Patrick Ziegler,Milieu,SC Paderborn 07,24,65,67,2,,2.0,67.6
2014/2015,Mario Vrancic,Milieu,SC Paderborn 07,25,67,69,2,,2.0,67.6
2014/2015,Niko Bungert,Défenseur,1. FSV Mainz 05,28,73,75,2,0,2.0,67.6
2014/2015,Johannes Geis,Milieu,1. FSV Mainz 05,21,74,78,4,12,4.0,97.1
2014/2015,Xabi Alonso,Milieu,FC Bayern Munich,33,85,85,0,-1,0.0,70.6
2014/2015,Tobias Strobl,Défenseur,TSG 1899 Hoffenheim,24,69,72,3,4,3.0,76.5
2014/2015,Fin Bartels,Attaquant,SV Werder Bremen,27,71,74,3,,3.0,79.4
2014/2015,Timothy Chandler,Défenseur,Eintracht Frankfurt,24,73,72,-1,-1,-1.0,73.5
2014/2015,Ivan Perisic,Milieu,VfL Wolfsburg,25,77,79,2,0,2.0,61.8
2014/2015,Matthias Ostrzolek,Défenseur,Hamburger SV,24,72,73,1,1,1.0,67.6
2014/2015,Felipe Santana,Défenseur,FC Schalke 04,28,76,74,-2,-1,-2.0,8.8
2014/2015,Gonzalo Jara,Défenseur,1. FSV Mainz 05,29,68,70,2,,2.0,26.5
2014/2015,Roel Brouwers,Défenseur,Borussia Mönchengladbach,33,74,74,0,-1,0.0,44.1
2014/2015,Philipp Bargfrede,Milieu,SV Werder Bremen,25,72,73,1,0,1.0,44.1
2014/2015,Junior Malanda-Adje,Milieu,VfL Wolfsburg,20,72,73,1,3,1.0,11.8
2014/2015,Matija Nastasic,Défenseur,FC Schalke 04,21,77,77,0,0,0.0,47.1
2014/2015,Josip Drmic,Attaquant,Bayer 04 Leverkusen,22,75,76,1,11,1.0,14.7
2015/2016,David Alaba,Défenseur,FC Bayern Munich,23,83,85,2,1,1.0,79.4
2015/2016,Arturo Vidal,Milieu,FC Bayern Munich,28,85,85,0,-1,-1.0,70.6
2015/2016,Sven Schipplock,Attaquant,Hamburger SV,27,72,73,1,0,-1.0,26.5
2015/2016,Julian Weigl,Milieu,Borussia Dortmund,20,65,75,10,,8.0,73.5
2015/2016,Yann Sommer,Gardien,Borussia Mönchengladbach,27,81,82,1,2,0.0,94.1
2015/2016,Ibrahima Traore,Milieu,Borussia Mönchengladbach,27,77,79,2,1,1.0,50.0
2015/2016,Raffael,Attaquant,Borussia Mönchengladbach,30,79,81,2,-1,1.0,88.2
2015/2016,Wendell,Défenseur,Bayer 04 Leverkusen,22,71,77,6,4,4.0,76.5
2015/2016,Stefan Kiessling,Attaquant,Bayer 04 Leverkusen,31,80,79,-1,-1,-2.0,55.9
2015/2016,Pavel Kaderabek,Défenseur,TSG 1899 Hoffenheim,23,69,74,5,,3.0,73.5
2015/2016,Koen Casteels,Gardien,VfL Wolfsburg,23,70,74,4,-1,2.0,38.2
2015/2016,Lucas Hradecky,Gardien,Eintracht Frankfurt,26,69,75,6,,4.0,100.0
2015/2016,Marcel Risse,Milieu,1. FC Köln,26,73,75,2,1,0.0,97.1
2015/2016,Markus Feulner,Défenseur,FC Augsburg,33,74,73,-1,0,-3.0,29.4
2015/2016,Thomas Kraft,Gardien,Hertha BSC Berlin,27,76,76,0,0,-1.0,17.6
2015/2016,Fabian Lustenberger,Milieu,Hertha BSC Berlin,27,75,75,0,-1,-1.0,88.2
2015/2016,Vladimir Darida,Milieu,Hertha BSC Berlin,25,76,78,2,0,1.0,88.2
2015/2016,Jens Hegeler,Milieu,Hertha BSC Berlin,27,74,73,-1,-1,-3.0,8.8
2015/2016,Assani Lukimya-Mulongoti,Défenseur,SV Werder Bremen,29,72,73,1,0,-1.0,29.4
2015/2016,Florian Niederlechner,Attaquant,1. FSV Mainz 05,25,69,72,3,,1.0,2.9
2015/2016,Pascal Gross,Milieu,FC Ingolstadt 04,24,73,75,2,,0.0,94.1
2015/2016,Roger,Milieu,FC Ingolstadt 04,30,69,74,5,,3.0,82.4
2015/2016,Alfredo Morales,Milieu,FC Ingolstadt 04,25,68,71,3,,1.0,52.9
2015/2016,Miiko Albornoz,Défenseur,Hannover 96,25,70,71,1,3,-1.0,67.6
2015/2016,Manuel Schmiedebach,Milieu,Hannover 96,27,75,75,0,1,-1.0,64.7
2015/2016,Ja-Cheol Koo,Milieu,FC Augsburg,26,75,76,1,-1,0.0,70.6
2015/2016,Eduardo Vargas,Attaquant,TSG 1899 Hoffenheim,26,76,78,2,-2,1.0,47.1
2015/2016,Cleber,Défenseur,Hamburger SV,25,72,74,2,0,0.0,44.1
2015/2016,Max Christiansen,Milieu,FC Ingolstadt 04,19,58,69,11,,8.0,35.3
2015/2016,Mitchell Weiser,Défenseur,Hertha BSC Berlin,21,67,72,5,1,3.0,79.4
2015/2016,Diego Benaglio,Gardien,VfL Wolfsburg,32,80,80,0,0,-1.0,61.8
2015/2016,Dong-Won Ji,Milieu,FC Augsburg,24,71,71,0,0,-2.0,20.6
2015/2016,Caiuby,Milieu,FC Augsburg,27,71,73,2,0,0.0,73.5
2015/2016,Javier Martinez,Défenseur,FC Bayern Munich,27,84,84,0,0,-1.0,32.4
2015/2016,Sebastian Rudy,Milieu,TSG 1899 Hoffenheim,25,76,76,0,1,-1.0,64.7
2015/2016,Mark Uth,Attaquant,TSG 1899 Hoffenheim,24,69,74,5,3,3.0,47.1
2015/2016,Ceyhun Gulselam,Milieu,Hannover 96,28,70,71,1,-4,-1.0,26.5
2015/2016,Robert Bauer,Défenseur,FC Ingolstadt 04,20,62,66,4,,1.0,52.9
2015/2016,Tobias Kempe,Milieu,SV Darmstadt 98,26,67,70,3,,1.0,26.5
2015/2016,Allan Saint-Maximin,Attaquant,Hannover 96,18,65,66,1,4,-1.0,2.9
2015/2016,Kevin Grosskreutz,Défenseur,VfB Stuttgart,27,75,76,1,-1,0.0,29.4
2015/2016,Tin Jedvaj,Défenseur,Bayer 04 Leverkusen,20,70,73,3,4,1.0,32.4
2015/2016,Eric Durm,Défenseur,Borussia Dortmund,23,74,77,3,3,1.0,29.4
2015/2016,Adrian Ramos,Attaquant,Borussia Dortmund,29,78,78,0,-1,-1.0,26.5
2015/2016,Maximilian Eggestein,Attaquant,SV Werder Bremen,19,57,59,2,,-1.0,5.9
2015/2016,Marlon Frey,Milieu,Bayer 04 Leverkusen,19,59,61,2,,-1.0,5.9
2015/2016,Felix Kroos,Milieu,SV Werder Bremen,24,71,71,0,2,-2.0,5.9
2012/2013,Mathieu Coutadeur,Milieu,FC Lorient,26,74,73,-1,,-1.0,5.3
2012/2013,Teddy Mezague,Défenseur,Montpellier Hérault SC,22,61,61,0,,-2.0,13.2
2012/2013,Abdoulaye Doucoure,Milieu,Stade Rennais FC,19,55,61,6,,4.0,10.5
2012/2013,Yassine Benzia,Milieu,Olympique Lyonnais,18,63,66,3,,1.0,7.9
2012/2013,Alphonse Areola,Gardien,Paris Saint-Germain,19,65,65,0,,0.0,2.6
2013/2014,John Boye,Défenseur,Stade Rennais FC,26,72,71,-1,7,-1.0,18.4
2013/2014,Koffi Djidji,Défenseur,FC Nantes,21,57,64,7,,6.0,23.7
2013/2014,Bocundji Ca,Attaquant,Stade de Reims,27,67,66,-1,1,-1.0,2.6
2013/2014,Rafidine Abdullah,Milieu,FC Lorient,19,62,62,0,,-1.0,2.6
2014/2015,Enzo Crivelli,Attaquant,Girondins de Bordeaux,19,60,64,4,,3.0,2.6
2015/2016,Mike Maignan,Gardien,LOSC Lille,20,56,66,10,,7.0,7.9
2012/2013,Ivan Santini,Attaquant,SC Freiburg,23,68,67,-1,,-1.0,2.9
2012/2013,Constant Djakpa,Défenseur,Eintracht Frankfurt,26,69,69,0,,0.0,2.9
2013/2014,Kaan Ayhan,Défenseur,FC Schalke 04,19,59,63,4,,3.0,26.5
2013/2014,Oliver Kirch,Milieu,Borussia Dortmund,31,68,69,1,-1,1.0,11.8
2013/2014,Rune Almenning Jarstein,Gardien,Hertha BSC Berlin,29,71,71,0,,0.0,2.9
2013/2014,Max Gruen,Gardien,VfL Wolfsburg,26,71,71,0,-1,0.0,14.7
2014/2015,Baard Finne,Attaquant,1. FC Köln,19,65,67,2,,2.0,5.9
2014/2015,Pepe Reina,Gardien,FC Bayern Munich,32,82,80,-2,-1,-2.0,8.8
2014/2015,Kazuki Nagasawa,Milieu,1. FC Köln,23,65,69,4,,4.0,14.7
2014/2015,Julian Green,Milieu,Hamburger SV,19,65,67,2,,2.0,2.9
2014/2015,Mensur Mujdza,Défenseur,SC Freiburg,30,73,72,-1,1,-1.0,14.7
2014/2015,Gian-Luca Waldschmidt,Milieu,Eintracht Frankfurt,18,58,59,1,,0.0,2.9
2015/2016,Andre Hahn,Attaquant,Borussia Mönchengladbach,25,76,77,1,3,0.0,20.6
2015/2016,Martin Stranzl,Défenseur,Borussia Mönchengladbach,35,79,80,1,0,0.0,5.9
2012/2013,Tarantini,Milieu,Rio Ave FC,29,63,70,7,,5.0,93.3
2012/2013,Rafael Miranda,Milieu,CS Marítimo,28,66,73,7,,7.0,90.0
2012/2013,Ney Santos,Milieu,Vitória Setúbal,31,68,68,0,,0.0,83.3
2012/2013,Albert Meyong Ze,Attaquant,Vitória Setúbal,32,72,72,0,,0.0,53.3
2012/2013,Luisao,Défenseur,SL Benfica,31,82,80,-2,,-2.0,60.0
2012/2013,Ezequiel Garay,Défenseur,SL Benfica,26,79,82,3,,3.0,90.0
2012/2013,Axel Witsel,Milieu,SL Benfica,23,79,81,2,,2.0,10.0
2012/2013,Hugo Viana,Milieu,SC Braga,29,78,78,0,,0.0,90.0
2012/2013,Marcio Mossoro,Milieu,SC Braga,29,77,78,1,,1.0,76.7
2012/2013,Javier Balboa,Attaquant,SC Beira Mar,27,67,65,-2,,-2.0,56.7
2012/2013,David Fleurival,Milieu,SC Beira Mar,28,63,66,3,,1.0,80.0
2012/2013,Abel Issa Camara,Attaquant,SC Beira Mar,22,64,69,5,,3.0,33.3
2012/2013,Luis Filipe,Défenseur,S.C. Olhanense,33,65,64,-1,,-1.0,56.7
2012/2013,Domingos Alexandre Martins da Costa Alex,Défenseur,Vitória Guimarães,33,69,68,-1,,-1.0,56.7
2012/2013,Eliaquim Mangala,Défenseur,FC Porto,21,77,79,2,,2.0,73.3
2012/2013,Vladan Giljen,Gardien,CD Nacional,23,61,67,6,,4.0,30.0
2012/2013,Andre Micael,Défenseur,S.C. Olhanense,23,59,66,7,,5.0,76.7
2012/2013,David Mendes,Milieu,S.C. Olhanense,26,63,64,1,,-1.0,23.3
2012/2013,Freire,Défenseur,Vitória Guimarães,23,63,64,1,,-1.0,30.0
2012/2013,David Simao,Milieu,CS Marítimo,22,70,72,2,,2.0,73.3
2012/2013,"John Ogu,27",Milieu,Académica de Coimbra,24,64,65,1,,-1.0,36.7
2012/2013,Ruben Micael,Milieu,SC Braga,26,73,75,2,,2.0,33.3
2012/2013,Alex Sandro,Défenseur,FC Porto,21,73,77,4,,4.0,80.0
2012/2013,Bruno Turco,Milieu,Vitória Setúbal,21,62,63,1,,-1.0,10.0
2012/2013,Tiago Targino,Milieu,S.C. Olhanense,26,72,70,-2,,-2.0,60.0
2012/2013,Helder Barbosa,Milieu,SC Braga,25,74,75,1,,1.0,40.0
2012/2013,Igor Rossi,Défenseur,CS Marítimo,23,61,63,2,,0.0,16.7
2012/2013,Yazalde,Attaquant,SC Beira Mar,24,71,69,-2,,-2.0,43.3
2012/2013,Hyun-Jun Suk,Attaquant,CS Marítimo,21,66,69,3,,3.0,40.0
2012/2013,Nuno Lopes,Défenseur,SC Beira Mar,26,63,63,0,,-2.0,46.7
2012/2013,Artur,Milieu,CS Marítimo,28,73,73,0,,0.0,43.3
2012/2013,Jose Ze Pedro,Milieu,Vitória Setúbal,34,70,67,-3,,-3.0,33.3
2012/2013,Mauro,Milieu,SC Braga,22,62,65,3,,1.0,13.3
2012/2013,Bura,Défenseur,SC Beira Mar,24,64,65,1,,-1.0,46.7
2012/2013,Paulo Cesar,Milieu,SC Braga,32,72,72,0,,0.0,3.3
2013/2014,Nuno Campos,Défenseur,CD Nacional,20,60,62,2,,1.0,10.0
2013/2014,Claudemir,Milieu,CD Nacional,29,70,69,-1,3,-1.0,66.7
2013/2014,Adriano Facchini,Gardien,Gil Vicente FC,30,68,69,1,2,1.0,100.0
2013/2014,Ricardo,Gardien,Académica de Coimbra,31,73,75,2,8,2.0,100.0
2013/2014,David Addy,Défenseur,Vitória Guimarães,23,67,67,0,,0.0,53.3
2013/2014,Andre Andre,Milieu,Vitória Guimarães,24,68,71,3,,3.0,76.7
2013/2014,Rafael Crivellaro,Milieu,Vitória Guimarães,24,63,68,5,,4.0,56.7
2013/2014,Ricardo Ferreira,Défenseur,S.C. Olhanense,21,59,62,3,,2.0,20.0
2013/2014,Briguel,Défenseur,CS Marítimo,34,65,63,-2,0,-2.0,23.3
2013/2014,Maximiliano Pereira,Défenseur,SL Benfica,29,77,76,-1,-2,-1.0,80.0
2013/2014,Nuno Andre Coelho,Défenseur,SC Braga,27,72,71,-1,-2,-1.0,66.7
2013/2014,Marcos Rojo,Défenseur,Sporting CP,23,74,77,3,3,3.0,83.3
2013/2014,Adrien Silva,Milieu,Sporting CP,24,76,78,2,6,2.0,93.3
2013/2014,Nicolas Otamendi,Défenseur,FC Porto,25,80,79,-1,1,-1.0,43.3
2013/2014,Silvio,Défenseur,SL Benfica,26,76,75,-1,,-1.0,26.7
2013/2014,Aderlan Santos,Défenseur,SC Braga,24,68,72,4,,4.0,80.0
2013/2014,Joao Aurelio,Milieu,CD Nacional,25,64,66,2,-4,1.0,53.3
2013/2014,Luan,Milieu,Gil Vicente FC,25,61,66,5,,4.0,56.7
2013/2014,Mano,Défenseur,Estoril Praia,26,65,68,3,0,3.0,83.3
2013/2014,Miguel Pedro,Milieu,Vitória Setúbal,30,68,67,-1,1,-1.0,33.3
2013/2014,Tiago Rodrigues,Milieu,Vitória Guimarães,21,69,70,1,,1.0,36.7
2013/2014,Rodrigo,Attaquant,SL Benfica,22,77,79,2,1,2.0,73.3
2013/2014,Eggert Jonsson,Milieu,CF Os Belenenses,25,63,64,1,,0.0,16.7
2013/2014,Miguel Rosa,Milieu,CF Os Belenenses,24,70,69,-1,,-1.0,70.0
2013/2014,Raul Rusescu,Attaquant,SC Braga,25,72,72,0,,0.0,40.0
2013/2014,Vitor Vinha,Défenseur,Gil Vicente FC,27,65,64,-1,0,-1.0,26.7
2013/2014,Pedro Santos,Milieu,Rio Ave FC,25,71,70,-1,,-1.0,23.3
2013/2014,Nuno Piloto,Milieu,Académica de Coimbra,31,66,65,-1,-3,-1.0,16.7
2013/2014,Ozeia,Défenseur,Vitória Setúbal,31,69,67,-2,,-2.0,20.0
2013/2014,Ricardo Pereira,Défenseur,FC Porto,20,70,69,-1,,-1.0,23.3
2013/2014,Nii Plange,Défenseur,Vitória Guimarães,24,64,64,0,,-1.0,10.0
2013/2014,Oscar Cardozo,Attaquant,SL Benfica,30,82,80,-2,0,-2.0,20.0
2013/2014,Christian Irobiso,Attaquant,FC Paços de Ferreira,20,62,63,1,,0.0,10.0
2014/2015,Mahamadou-Naby Sarr,Défenseur,Sporting CP,21,61,64,3,,2.0,23.5
2014/2015,William Carvalho,Milieu,Sporting CP,22,78,79,1,14,1.0,82.4
2014/2015,Andre Carrillo,Attaquant,Sporting CP,23,77,78,1,0,1.0,76.5
2014/2015,Miguel Oliveira,Défenseur,FC Arouca,31,65,66,1,,1.0,50.0
2014/2015,Emidio Rafael,Défenseur,Estoril Praia,28,66,66,0,0,0.0,47.1
2014/2015,Artur,Gardien,SL Benfica,33,76,75,-1,-3,-1.0,32.4
2014/2015,Alphousseyni Keita,Milieu,Gil Vicente FC,29,65,66,1,0,1.0,2.9
2014/2015,Joao Moreno,Défenseur,Vitória Guimarães,33,70,69,-1,2,-1.0,29.4
2014/2015,Marcelo,Défenseur,Rio Ave FC,25,71,74,3,0,3.0,41.2
2014/2015,Rafa Silva,Milieu,SC Braga,21,76,76,0,,0.0,97.1
2014/2015,Alan,Milieu,SC Braga,35,76,73,-3,-1,-3.0,23.5
2014/2015,Bruno Martins Indi,Défenseur,FC Porto,22,73,78,5,1,5.0,64.7
2014/2015,Fernando Ferreira,Milieu,CS Marítimo,28,67,67,0,,0.0,32.4
2014/2015,Miguel Rodrigues,Défenseur,CD Nacional,21,71,71,0,8,0.0,47.1
2014/2015,Saleh Gomaa,Milieu,CD Nacional,21,69,71,2,,2.0,61.8
2014/2015,Giovanaz Assis,Gardien,Vitória Guimarães,25,64,68,4,0,3.0,44.1
2014/2015,Baiano,Défenseur,SC Braga,27,71,72,1,-1,1.0,85.3
2014/2015,Ivanildo,Milieu,Académica de Coimbra,28,69,68,-1,0,-1.0,38.2
2014/2015,Andre Almeida,Défenseur,SL Benfica,24,72,73,1,1,1.0,35.3
2014/2015,Cristian Tello Herrera,Attaquant,FC Porto,23,79,78,-1,1,-1.0,47.1
2014/2015,Jonathan Cristian Silva,Défenseur,Sporting CP,20,68,71,3,,3.0,32.4
2014/2015,Djavan,Défenseur,SC Braga,27,71,70,-1,,-1.0,50.0
2014/2015,Bruno Nascimento,Défenseur,Estoril Praia,23,68,67,-1,,-1.0,14.7
2014/2015,Ola John,Milieu,SL Benfica,22,75,75,0,-2,0.0,26.5
2014/2015,Lisandro Lopez,Défenseur,SL Benfica,25,74,74,0,,0.0,14.7
2014/2015,Ruben Ribeiro,Milieu,Gil Vicente FC,27,68,70,2,,2.0,44.1
2014/2015,Fabris Fokobo,Milieu,FC Arouca,20,68,66,-2,,-2.0,2.9
2014/2015,Salvador Agra,Attaquant,SC Braga,23,73,73,0,,0.0,5.9
2014/2015,Iuri Medeiros,Milieu,FC Arouca,20,68,69,1,,1.0,35.3
2014/2015,Salim Cisse,Attaquant,Académica de Coimbra,22,68,68,0,0,0.0,11.8
2014/2015,Joao Camacho,Milieu,CD Nacional,20,61,61,0,,-1.0,2.9
2014/2015,Evandro Goebel,Milieu,FC Porto,28,75,75,0,6,0.0,20.6
2014/2015,Diogo Valente,Attaquant,Gil Vicente FC,30,70,66,-4,,-4.0,11.8
2014/2015,Markus Berger,Défenseur,Gil Vicente FC,29,68,67,-1,,-1.0,32.4
2014/2015,Diogo Rosado,Milieu,FC Paços de Ferreira,24,66,64,-2,,-2.0,8.8
2014/2015,Derley,Attaquant,SL Benfica,27,73,74,1,,1.0,2.9
2015/2016,Goncalo Brandao,Défenseur,CF Os Belenenses,29,68,72,4,2,2.0,85.3
2015/2016,Anibal Capela,Défenseur,Rio Ave FC,24,67,70,3,0,1.0,32.4
2015/2016,Julio Cesar,Gardien,SL Benfica,36,82,82,0,0,-1.0,70.6
2015/2016,Eliseu,Défenseur,SL Benfica,32,75,77,2,-3,1.0,91.2
2015/2016,Nicolas Gaitan,Milieu,SL Benfica,27,83,83,0,1,-1.0,70.6
2015/2016,Anderson Luis,Défenseur,Estoril Praia,27,67,71,4,0,2.0,97.1
2015/2016,Nuno Sequeira,Défenseur,CD Nacional,25,62,67,5,0,2.0,91.2
2015/2016,Tiquinho,Attaquant,CD Nacional,24,62,70,8,,5.0,82.4
2015/2016,Fernando Alexandre,Milieu,Académica de Coimbra,30,72,69,-3,2,-5.0,79.4
2015/2016,Nwankwo Obiorah,Milieu,Académica de Coimbra,24,66,68,2,2,0.0,29.4
2015/2016,Gideao,Gardien,Boavista FC,28,65,67,2,,0.0,23.5
2015/2016,Afonso,Défenseur,Boavista FC,22,62,74,12,,9.0,70.6
2015/2016,Idrissa Mandiang,Milieu,Boavista FC,31,66,69,3,,1.0,85.3
2015/2016,Michael Uchebo,Attaquant,Boavista FC,25,66,68,2,2,0.0,20.6
2015/2016,Maicon,Défenseur,FC Porto,27,77,79,2,-1,1.0,32.4
2015/2016,Joao Diogo,Défenseur,CS Marítimo,27,66,70,4,2,2.0,76.5
2015/2016,Gevorg Ghazaryan,Milieu,CS Marítimo,27,60,71,11,,8.0,41.2
2015/2016,Joao Pereira,Défenseur,Sporting CP,31,75,76,1,-4,0.0,50.0
2015/2016,Islam Slimani,Attaquant,Sporting CP,27,77,80,3,3,2.0,97.1
2015/2016,Andreas Samaris,Milieu,SL Benfica,26,78,78,0,6,-1.0,55.9
2015/2016,Goncalo Guedes,Milieu,SL Benfica,19,67,73,6,,4.0,29.4
2015/2016,Anderson Carvalho,Milieu,Boavista FC,25,64,66,2,1,-1.0,55.9
2015/2016,Willyan,Milieu,CD Nacional,21,64,68,4,,1.0,47.1
2015/2016,Christopher Oualembo,Défenseur,Académica de Coimbra,28,60,67,7,0,4.0,35.3
2015/2016,Ewerton,Défenseur,Sporting CP,26,72,75,3,2,1.0,20.6
2015/2016,Nelson Barbosa,Défenseur,FC Arouca,27,65,67,2,,0.0,8.8
2015/2016,Jose Sa,Gardien,CS Marítimo,22,67,75,8,-1,6.0,8.8
2015/2016,Wilson Eduardo,Attaquant,SC Braga,25,73,73,0,0,-2.0,26.5
2015/2016,Ernest Ohemeng,Attaquant,Moreirense FC,19,59,69,10,,7.0,29.4
2015/2016,Carlos Mane,Milieu,Sporting CP,21,73,75,2,-1,0.0,5.9
2015/2016,Fabio Nunes,Défenseur,CF Os Belenenses,23,63,65,2,0,-1.0,26.5
2015/2016,Manuel Jose,Milieu,FC Paços de Ferreira,34,68,69,1,0,-1.0,11.8
2015/2016,Jose Angel,Défenseur,FC Porto,26,72,71,-1,0,-3.0,17.6
2015/2016,Alejandro Grimaldo Garcia,Défenseur,SL Benfica,20,68,70,2,,0.0,5.9
2015/2016,Paolo Hurtado,Attaquant,Vitória Guimarães,25,71,72,1,1,-1.0,14.7
2015/2016,Sergio Oliveira,Milieu,FC Porto,23,71,75,4,3,2.0,23.5
2015/2016,Helton,Gardien,FC Porto,37,79,78,-1,-1,-2.0,5.9
2015/2016,Samu,Milieu,Boavista FC,19,58,61,3,,0.0,2.9
2015/2016,Ramon Cardozo,Attaquant,Moreirense FC,29,70,72,2,1,0.0,5.9
2012/2013,Fraser Forster,Gardien,Celtic,24,72,76,4,,4.0,89.5
2012/2013,Emilio Izaguirre,Défenseur,Celtic,26,74,71,-3,,-3.0,76.3
2012/2013,Kris Commons,Milieu,Celtic,29,75,74,-1,,-1.0,65.8
2012/2013,Ryan McGowan,Défenseur,Heart of Midlothian,23,64,68,4,,2.0,52.6
2012/2013,Alan Mannus,Gardien,St. Johnstone FC,30,61,66,5,,3.0,100.0
2012/2013,Lee Johnson,Milieu,Kilmarnock,31,63,63,0,,-2.0,18.4
2012/2013,Shaun Hutchinson,Défenseur,Motherwell,22,65,68,3,,3.0,81.6
2012/2013,Simon Ramsden,Défenseur,Motherwell,31,60,62,2,,0.0,73.7
2012/2013,Craig Samson,Gardien,St. Mirren,28,68,64,-4,,-4.0,100.0
2012/2013,Darren McGregor,Défenseur,St. Mirren,27,67,65,-2,,-2.0,7.9
2012/2013,Lewis Guy,Attaquant,St. Mirren,27,60,60,0,,-2.0,44.7
2012/2013,Graeme Shinnie,Défenseur,Inverness Caledonian Thistle,21,61,67,6,,4.0,97.4
2012/2013,Shane Sutherland,Milieu,Inverness Caledonian Thistle,22,61,61,0,,-2.0,13.2
2012/2013,Sean Dillon,Défenseur,Dundee United,29,67,62,-5,,-5.0,81.6
2012/2013,David Wotherspoon,Milieu,Hibernian,21,64,63,-1,,-3.0,68.4
2012/2013,Mark Reynolds,Défenseur,Aberdeen,25,62,65,3,,1.0,89.5
2012/2013,Charles Mulgrew,Défenseur,Celtic,26,73,72,-1,,-1.0,78.9
2012/2013,David Robertson,Milieu,St. Johnstone FC,26,64,62,-2,,-4.0,2.6
2012/2013,Lewis Toshney,Défenseur,Dundee FC,20,54,59,5,,3.0,52.6
2012/2013,Gordon Smith,Attaquant,Heart of Midlothian,21,60,60,0,,-2.0,10.5
2012/2013,Daniel Devine,Défenseur,Inverness Caledonian Thistle,20,59,59,0,,-2.0,21.1
2012/2013,Kris Boyd,Attaquant,Kilmarnock,29,72,66,-6,,-6.0,15.8
2012/2013,Ibrahim Rabiu,Attaquant,Kilmarnock,21,66,65,-1,,-1.0,5.3
2013/2014,Willo Flood,Milieu,Aberdeen,28,64,65,1,1,0.0,81.6
2013/2014,Kevin Luckassen,Attaquant,Ross County FC,20,63,56,-7,,-8.0,23.7
2013/2014,Thomas Reilly,Attaquant,St. Mirren,19,56,56,0,4,-1.0,2.6
2013/2014,Radoslaw Cierzniak,Gardien,Dundee United,30,64,62,-2,,-3.0,97.4
2013/2014,Keith Watson,Défenseur,Dundee United,24,62,61,-1,-1,-2.0,63.2
2013/2014,Ryan Dow,Milieu,Dundee United,22,61,64,3,2,2.0,42.1
2013/2014,Danny Wilson,Défenseur,Heart of Midlothian,22,66,63,-3,-4,-3.0,84.2
2013/2014,Fraser Mullen,Défenseur,Hibernian,20,55,55,0,,-1.0,7.9
2013/2014,Yann Songo'o,Défenseur,Ross County FC,22,57,57,0,,-1.0,44.7
2013/2014,Evangelos Ikonomou,Défenseur,Ross County FC,26,60,60,0,,-1.0,39.5
2013/2014,Adam Cummins,Défenseur,Motherwell,20,58,59,1,,0.0,2.6
2013/2014,Sammy Clingan,Milieu,Kilmarnock,29,67,63,-4,-1,-4.0,34.2
2013/2014,Craig Slater,Milieu,Kilmarnock,19,51,53,2,,1.0,52.6
2013/2014,Paul Gallacher,Gardien,Partick Thistle F.C.,34,63,61,-2,-2,-3.0,44.7
2013/2014,Adam King,Attaquant,Heart of Midlothian,18,50,57,7,,6.0,5.3
2014/2015,Ryan Jack,Milieu,Aberdeen,22,65,68,3,3,3.0,78.9
2014/2015,Peter Pawlett,Milieu,Aberdeen,23,66,68,2,3,2.0,73.7
2014/2015,Nadir Ciftci,Attaquant,Dundee United,22,67,68,1,3,1.0,89.5
2014/2015,Virgil van Dijk,Défenseur,Celtic,23,74,75,1,3,1.0,92.1
2014/2015,Abdul Osman,Milieu,Partick Thistle F.C.,27,58,64,6,,5.0,89.5
2014/2015,Kallum Higginbotham,Milieu,Partick Thistle F.C.,25,65,67,2,2,2.0,63.2
2014/2015,Paul McGowan,Milieu,Dundee FC,27,65,64,-1,-2,-1.0,78.9
2014/2015,Danny Williams,Milieu,Inverness Caledonian Thistle,26,56,60,4,,3.0,71.1
2014/2015,James Vincent,Milieu,Inverness Caledonian Thistle,25,61,61,0,,-1.0,34.2
2014/2015,Lionel Ainsworth,Milieu,Motherwell,27,65,68,3,5,3.0,50.0
2014/2015,John McGinn,Milieu,St. Mirren,20,64,65,1,2,0.0,78.9
2014/2015,Richard Brittain,Milieu,Ross County FC,31,66,65,-1,1,-1.0,47.4
2014/2015,Murray Davidson,Milieu,St. Johnstone FC,26,66,65,-1,-4,-1.0,44.7
2014/2015,Conor Brennan,Gardien,Kilmarnock,20,50,50,0,,-1.0,7.9
2014/2015,Scott Brown,Gardien,Aberdeen,29,63,63,0,,-1.0,65.8
2014/2015,Mark Ridgers,Gardien,St. Mirren,24,56,60,4,0,3.0,60.5
2014/2015,Steven Saunders,Défenseur,Ross County FC,23,63,61,-2,-4,-3.0,15.8
2014/2015,Leigh Griffiths,Attaquant,Celtic,24,69,72,3,0,3.0,36.8
2014/2015,Craig Murray,Défenseur,Aberdeen,20,53,53,0,,-1.0,2.6
2014/2015,Daniel Swanson,Milieu,St. Johnstone FC,28,64,65,1,,0.0,21.1
2014/2015,Dominic Thomas,Milieu,Motherwell,18,54,54,0,,-1.0,5.3
2014/2015,Alan Gow,Attaquant,St. Mirren,32,63,63,0,,-1.0,13.2
2014/2015,Adam Morgan,Attaquant,St. Johnstone FC,20,64,61,-3,,-4.0,2.6
2014/2015,Lawrence Shankland,Attaquant,Aberdeen,19,57,57,0,,-1.0,5.3
2014/2015,Darnell Fisher,Défenseur,Celtic,20,57,57,0,3,-1.0,2.6
2014/2015,Nicky Low,Milieu,Aberdeen,22,58,59,1,0,0.0,7.9
2015/2016,James Forrest,Milieu,Celtic,24,70,70,0,0,-2.0,26.3
2015/2016,Richard Foster,Défenseur,Ross County FC,30,59,62,3,,0.0,73.7
2015/2016,Rocco Quinn,Milieu,Ross County FC,29,59,61,2,0,-1.0,13.2
2015/2016,Luis Maria Zwick,Gardien,Dundee United,21,54,60,6,,3.0,34.2
2015/2016,Andrew Considine,Défenseur,Aberdeen,28,61,64,3,-2,0.0,68.4
2015/2016,Michael McGovern,Gardien,Hamilton Academical FC,31,64,66,2,3,-1.0,97.4
2015/2016,Sean Welsh,Milieu,Partick Thistle F.C.,25,60,62,2,0,-1.0,84.2
2015/2016,David Raven,Défenseur,Inverness Caledonian Thistle,30,62,65,3,2,0.0,47.4
2015/2016,Connor Ripley,Gardien,Motherwell,22,60,62,2,,-1.0,94.7
2015/2016,Stephen McManus,Défenseur,Motherwell,33,65,66,1,-2,-1.0,97.4
2015/2016,Josh Law,Défenseur,Motherwell,26,57,61,4,,1.0,73.7
2015/2016,Scott McDonald,Attaquant,Motherwell,32,68,68,0,0,-2.0,89.5
2015/2016,Josh Magennis,Attaquant,Kilmarnock,25,61,63,2,2,-1.0,84.2
2015/2016,Thomas Konrad,Défenseur,Dundee FC,26,56,59,3,,0.0,52.6
2015/2016,Liam Boyce,Attaquant,Ross County FC,24,64,66,2,,-1.0,76.3
2015/2016,Gary Woods,Gardien,Ross County FC,25,64,65,1,,-2.0,28.9
2015/2016,Michal Szromnik,Gardien,Dundee United,22,50,50,0,,-3.0,23.7
2015/2016,Christopher Kane,Attaquant,St. Johnstone FC,21,61,60,-1,2,-4.0,26.3
2015/2016,Patrick Roberts,Milieu,Celtic,18,65,66,1,,-1.0,23.7
2015/2016,Simon Church,Attaquant,Aberdeen,27,64,66,2,,-1.0,34.2
2015/2016,Lee Hodson,Défenseur,Kilmarnock,24,63,66,3,,0.0,34.2
2015/2016,Scott Brown,Milieu,St. Johnstone FC,21,54,54,0,0,-3.0,5.3
2015/2016,Michael Rose,Milieu,Aberdeen,21,53,55,2,,-1.0,2.6
2015/2016,Calvin Colquhoun,Milieu,Dundee FC,19,52,53,1,,-2.0,5.3
2015/2016,Luke Watt,Défenseur,Motherwell,18,49,53,4,,1.0,2.6
2012/2013,Oscar de Marcos,Milieu,Athletic Club de Bilbao,23,70,75,5,,5.0,94.7
2012/2013,Ander Herrera,Milieu,Athletic Club de Bilbao,23,76,77,1,,1.0,76.3
2012/2013,Inigo Perez,Défenseur,Athletic Club de Bilbao,24,70,72,2,,2.0,13.2
2012/2013,Benat Etxebarria,Milieu,Real Betis Balompié,25,74,82,8,,8.0,86.8
2012/2013,Iker Casillas,Gardien,Real Madrid CF,31,89,88,-1,,-1.0,47.4
2012/2013,Pepe,Défenseur,Real Madrid CF,29,85,84,-1,,-1.0,68.4
2012/2013,Fabio Coentrao,Défenseur,Real Madrid CF,24,81,80,-1,,-1.0,42.1
2012/2013,Lassana Diarra,Milieu,Real Madrid CF,27,81,80,-1,,-1.0,5.3
2012/2013,Jonas,Milieu,Valencia CF,28,80,81,1,,1.0,78.9
2012/2013,Lionel Messi,Attaquant,FC Barcelona,25,94,94,0,,0.0,73.7
2012/2013,Gary Medel,Milieu,Sevilla FC,25,78,78,0,,0.0,81.6
2012/2013,Adrian Lopez,Milieu,Atlético Madrid,24,77,79,2,,2.0,39.5
2012/2013,Arda Turan,Milieu,Atlético Madrid,25,83,84,1,,1.0,68.4
2012/2013,Abraham Minero,Défenseur,Real Zaragoza,26,68,73,5,,5.0,92.1
2012/2013,Alvaro Gonzalez Soberon,Défenseur,Real Zaragoza,22,72,74,2,,2.0,86.8
2012/2013,Jesus Rueda,Défenseur,Real Valladolid,25,69,73,4,,4.0,68.4
2012/2013,Marc Valiente,Défenseur,Real Valladolid,25,69,74,5,,5.0,73.7
2012/2013,Julian Ramos Omar,Milieu,Real Valladolid,24,66,74,8,,8.0,76.3
2012/2013,Gustavo Cabral,Défenseur,RC Celta de Vigo,27,69,70,1,,1.0,68.4
2012/2013,Weligton,Défenseur,Málaga CF,33,72,78,6,,6.0,86.8
2012/2013,Pedro Bigas,Défenseur,RCD Mallorca,22,63,69,6,,4.0,63.2
2012/2013,Antonio Lopez,Défenseur,RCD Mallorca,31,72,70,-2,,-2.0,18.4
2012/2013,Juan Forlin,Milieu,RCD Espanyol,24,77,75,-2,,-2.0,84.2
2012/2013,Tito,Défenseur,Rayo Vallecano,27,69,74,5,,5.0,81.6
2012/2013,Javi Fuego,Milieu,Rayo Vallecano,28,74,78,4,,4.0,94.7
2012/2013,Manuel Lucena,Milieu,Granada CF,30,66,64,-2,,-2.0,5.3
2012/2013,Iriney,Milieu,Granada CF,31,76,76,0,,0.0,55.3
2012/2013,Alejandro Arribas,Défenseur,CA Osasuna,23,72,76,4,,4.0,84.2
2012/2013,Enaut Zubikarai,Gardien,Real Sociedad,28,66,68,2,,2.0,18.4
2012/2013,Damien Perquis,Défenseur,Real Betis Balompié,28,75,75,0,,0.0,18.4
2012/2013,Aritz Aduriz,Attaquant,Athletic Club de Bilbao,31,78,79,1,,1.0,86.8
2012/2013,Laure,Défenseur,RC Deportivo de La Coruña,27,71,68,-3,,-3.0,26.3
2012/2013,Michael Krohn-Dehli,Milieu,RC Celta de Vigo,29,74,73,-1,,-1.0,84.2
2012/2013,Cristian Stuani,Milieu,RCD Espanyol,26,71,74,3,,3.0,55.3
2012/2013,Carlos Pena,Défenseur,Real Valladolid,29,67,70,3,,3.0,28.9
2012/2013,Ever Banega,Milieu,Valencia CF,24,80,79,-1,,-1.0,57.9
2012/2013,Gerard Pique,Défenseur,FC Barcelona,25,88,86,-2,,-2.0,71.1
2012/2013,Jonathan Viera,Milieu,Valencia CF,23,75,74,-1,,-1.0,18.4
2012/2013,Alberto Lopo,Défenseur,Getafe CF,32,77,75,-2,,-2.0,44.7
2012/2013,Adam Pinter,Milieu,Real Zaragoza,24,66,72,6,,6.0,42.1
2012/2013,Rui Fonte,Milieu,RCD Espanyol,22,67,67,0,,0.0,13.2
2012/2013,Henrique Sereno,Défenseur,Real Valladolid,27,75,73,-2,,-2.0,50.0
2012/2013,Alexis Sanchez,Attaquant,FC Barcelona,24,85,83,-2,,-2.0,47.4
2012/2013,Roque Santa Cruz,Attaquant,Málaga CF,31,77,75,-2,,-2.0,39.5
2012/2013,Manu del Moral,Milieu,Sevilla FC,28,78,75,-3,,-3.0,18.4
2012/2013,Hurtado Perez Moises,Milieu,Granada CF,31,69,65,-4,,-4.0,2.6
2013/2014,Sergio Rodri,Défenseur,Rayo Vallecano,29,71,71,0,1,0.0,2.6
2014/2015,Luiz Carlos,Milieu,SC Braga,29,73,71,-2,1,-2.0,26.5
2014/2015,Cesar Peixoto,Milieu,Gil Vicente FC,34,71,69,-2,1,-2.0,8.8
2014/2015,Matheus,Milieu,Estoril Praia,20,65,65,0,,0.0,5.9
2013/2014,Adam Rooney,Attaquant,Aberdeen,25,65,65,0,,0.0,34.2
2013/2014,Shaleum Logan,Défenseur,Aberdeen,25,62,62,0,,-1.0,34.2
2013/2014,Ryan Esson,Gardien,Inverness Caledonian Thistle,33,60,59,-1,0,-2.0,2.6
2013/2014,Daniel Boateng,Défenseur,Hibernian,21,59,58,-1,,-2.0,2.6
2013/2014,Ross Barbour,Défenseur,Kilmarnock,20,56,56,0,,-1.0,15.8
2012/2013,Loukas Vyntra,Défenseur,Levante UD,31,73,74,1,,1.0,39.5
2012/2013,Keylor Navas,Gardien,Levante UD,26,69,71,2,,2.0,23.7
2012/2013,Ruben Rochina,Milieu,Real Zaragoza,21,66,68,2,,2.0,13.2
2012/2013,Simao,Milieu,Levante UD,24,71,70,-1,,-1.0,5.3
2012/2013,Jorge Orti,Milieu,Real Zaragoza,19,61,61,0,,-2.0,2.6
2013/2014,Francisco Casilla,Gardien,RCD Espanyol,27,75,77,2,7,2.0,97.4
2013/2014,Javi Lopez,Défenseur,RCD Espanyol,27,71,72,1,1,1.0,86.8
2013/2014,Victor Sanchez Mata,Milieu,RCD Espanyol,26,74,74,0,3,0.0,84.2
2013/2014,Roberto Fernandez,Gardien,Granada CF,34,73,73,0,-1,0.0,84.2
2013/2014,Jeison Murillo,Défenseur,Granada CF,21,73,73,0,,0.0,84.2
2013/2014,Aymeric Laporte,Défenseur,Athletic Club de Bilbao,19,72,74,2,,2.0,86.8
2013/2014,Iker Muniain,Milieu,Athletic Club de Bilbao,21,77,78,1,-3,1.0,84.2
2013/2014,Sergio Asenjo,Gardien,Villarreal CF,24,74,75,1,-1,1.0,92.1
2013/2014,Marc Bertran,Défenseur,CA Osasuna,31,74,71,-3,3,-3.0,73.7
2013/2014,Raoul Loe,Milieu,CA Osasuna,24,70,70,0,,0.0,36.8
2013/2014,Rafa Lopez,Défenseur,Getafe CF,28,72,72,0,-2,0.0,68.4
2013/2014,Edu Albacar,Défenseur,Elche CF,34,72,72,0,,0.0,47.4
2013/2014,Ruben Perez,Milieu,Elche CF,24,74,75,1,3,1.0,81.6
2013/2014,Esteban,Gardien,UD Almería,38,68,72,4,,4.0,100.0
2013/2014,Suso,Milieu,UD Almería,20,73,74,1,16,1.0,68.4
2013/2014,Aleix Vidal,Milieu,UD Almería,24,69,71,2,,2.0,94.7
2013/2014,Diego Godin,Défenseur,Atlético Madrid,27,82,82,0,3,0.0,89.5
2013/2014,Jose Angel,Défenseur,Real Sociedad,24,72,72,0,-2,0.0,57.9
2013/2014,David Zurutuza,Milieu,Real Sociedad,27,74,74,0,0,0.0,50.0
2013/2014,Pedro Lopez,Défenseur,Levante UD,30,73,73,0,2,0.0,73.7
2013/2014,Pape Kouli Diop,Milieu,Levante UD,27,76,76,0,2,0.0,86.8
2013/2014,Joaquin Larrivey,Attaquant,Rayo Vallecano,29,72,71,-1,0,-1.0,63.2
2013/2014,Eliseu,Milieu,Málaga CF,30,76,78,2,3,2.0,47.4
2013/2014,Fernando Navarro,Défenseur,Sevilla FC,31,76,74,-2,0,-2.0,55.3
2013/2014,Alberto Moreno,Défenseur,Sevilla FC,21,68,76,8,7,8.0,71.1
2013/2014,Pedro Rodriguez,Attaquant,FC Barcelona,26,84,84,0,0,0.0,73.7
2013/2014,Antonio Barragan,Défenseur,Valencia CF,26,71,71,0,-2,0.0,44.7
2013/2014,Ricardo Costa,Défenseur,Valencia CF,32,76,76,0,1,0.0,52.6
2013/2014,Pablo Piatti,Milieu,Valencia CF,24,73,76,3,-1,3.0,34.2
2013/2014,Eduardo Vargas,Milieu,Valencia CF,24,75,78,3,,3.0,34.2
2013/2014,Juanfran,Défenseur,Real Betis Balompié,25,72,72,0,,0.0,73.7
2013/2014,Sebastian Dubarbier,Défenseur,UD Almería,27,70,70,0,,0.0,68.4
2013/2014,Gonzalo Castro,Milieu,Real Sociedad,29,78,79,1,2,1.0,31.6
2013/2014,Pedro Morales,Milieu,Málaga CF,28,75,75,0,,0.0,21.1
2013/2014,Nono,Milieu,Real Betis Balompié,20,67,68,1,,1.0,36.8
2013/2014,Jorge Molina,Attaquant,Real Betis Balompié,31,75,74,-1,3,-1.0,65.8
2013/2014,Abraham Gonzalez,Milieu,RCD Espanyol,28,71,71,0,,0.0,34.2
2013/2014,Juan Carlos,Gardien,Villarreal CF,26,70,70,0,,0.0,7.9
2013/2014,Alvaro Arbeloa,Défenseur,Real Madrid CF,30,78,77,-1,-2,-1.0,36.8
2013/2014,Sergi Darder,Milieu,Málaga CF,20,65,67,2,,2.0,65.8
2013/2014,Pablo Sarabia,Milieu,Getafe CF,21,70,70,0,-3,0.0,55.3
2013/2014,Raphael Varane,Défenseur,Real Madrid CF,20,81,81,0,8,0.0,31.6
2013/2014,Sidnei,Défenseur,RCD Espanyol,24,72,72,0,,0.0,28.9
2013/2014,Piotr Trochowski,Milieu,Sevilla FC,29,75,75,0,-3,0.0,23.7
2013/2014,Michel Herrero,Milieu,Valencia CF,25,75,70,-5,3,-5.0,15.8
2013/2014,Joao Pereira,Défenseur,Valencia CF,29,80,79,-1,1,-1.0,60.5
2013/2014,Jordi Codina,Gardien,Getafe CF,31,71,71,0,-2,0.0,18.4
2013/2014,Sergio Escudero,Défenseur,Getafe CF,24,71,70,-1,0,-1.0,47.4
2013/2014,Isco,Milieu,Real Madrid CF,21,83,84,1,6,1.0,60.5
2013/2014,Guillermo,Attaquant,Athletic Club de Bilbao,20,64,65,1,,0.0,10.5
2013/2014,Oscar Diaz,Attaquant,UD Almería,29,68,68,0,,0.0,34.2
2013/2014,Dorlan Pabon,Milieu,Valencia CF,25,76,75,-1,,-1.0,28.9
2013/2014,Alberto Perea,Milieu,Rayo Vallecano,23,64,68,4,0,3.0,13.2
2013/2014,Pablo Iniguez,Défenseur,Villarreal CF,19,59,64,5,,4.0,7.9
2013/2014,Felipe Mattioni Rohde,Défenseur,RCD Espanyol,25,69,69,0,-1,0.0,5.3
2014/2015,Jose Gaya,Défenseur,Valencia CF,19,65,76,11,4,11.0,84.2
2014/2015,David Barral,Attaquant,Levante UD,31,72,74,2,,2.0,84.2
2014/2015,Giovani dos Santos,Attaquant,Villarreal CF,25,80,82,2,1,2.0,39.5
2014/2015,Ze Castro,Défenseur,Rayo Vallecano,31,72,72,0,0,0.0,73.7
2014/2015,Alberto Bueno,Milieu,Rayo Vallecano,26,74,76,2,5,2.0,92.1
2014/2015,Jonathan Pereira,Attaquant,Rayo Vallecano,27,68,73,5,-2,5.0,2.6
2014/2015,Gabi,Milieu,Atlético Madrid,31,81,82,1,1,1.0,84.2
2014/2015,Andoni Iraola,Défenseur,Athletic Club de Bilbao,32,78,78,0,1,0.0,42.1
2014/2015,Markel Susaeta,Milieu,Athletic Club de Bilbao,27,78,78,0,-2,0.0,52.6
2014/2015,Andreu Fontas,Défenseur,RC Celta de Vigo,25,72,73,1,1,1.0,86.8
2014/2015,Juan Rodriguez,Milieu,Getafe CF,32,71,71,0,0,0.0,84.2
2014/2015,Diego Castro,Milieu,Getafe CF,32,76,77,1,-1,1.0,65.8
2014/2015,Angel Lafita,Attaquant,Getafe CF,30,75,75,0,0,0.0,31.6
2014/2015,Jon Errasti,Milieu,SD Eibar,26,64,71,7,,6.0,50.0
2014/2015,Dani Garcia,Milieu,SD Eibar,24,64,73,9,,8.0,89.5
2014/2015,Ander Capa,Milieu,SD Eibar,22,64,71,7,,6.0,71.1
2014/2015,Mikel Arruabarrena,Milieu,SD Eibar,31,62,71,9,,8.0,76.3
2014/2015,Gorka Elustondo,Défenseur,Real Sociedad,27,74,74,0,3,0.0,31.6
2014/2015,Daniel Alves,Défenseur,FC Barcelona,31,84,83,-1,0,-1.0,76.3
2014/2015,Javier Mascherano,Défenseur,FC Barcelona,30,84,83,-1,-1,-1.0,68.4
2014/2015,Damian Suarez,Défenseur,Elche CF,26,71,73,2,0,2.0,89.5
2014/2015,David Lomban,Défenseur,Elche CF,27,70,71,1,3,1.0,86.8
2014/2015,Mike Havenaar,Attaquant,Córdoba CF,27,71,72,1,-1,1.0,10.5
2014/2015,Ruben,Gardien,UD Almería,30,72,74,2,0,2.0,60.5
2014/2015,Felipe Caicedo,Attaquant,RCD Espanyol,26,75,76,1,,1.0,65.8
2014/2015,Victor Romero Rodriguez,Milieu,Elche CF,25,73,75,2,,2.0,86.8
2014/2015,Daniel Carvajal,Défenseur,Real Madrid CF,22,77,79,2,0,2.0,65.8
2014/2015,Borja Ekiza,Défenseur,SD Eibar,26,74,73,-1,0,-1.0,28.9
2014/2015,Manuel Lillo Castellano,Défenseur,SD Eibar,25,62,71,9,,8.0,73.7
2014/2015,Saul Berjon,Milieu,SD Eibar,28,68,74,6,,6.0,78.9
2014/2015,Gerard Deulofeu,Milieu,Sevilla FC,20,76,76,0,1,0.0,26.3
2014/2015,Ramon Azeez,Milieu,UD Almería,22,64,70,6,3,5.0,26.3
2014/2015,Arthur Boka,Défenseur,Málaga CF,31,74,74,0,0,0.0,47.4
2014/2015,Wellington Silva,Milieu,UD Almería,21,67,73,6,,6.0,60.5
2014/2015,Jose Recio,Milieu,Málaga CF,23,71,71,0,0,0.0,39.5
2014/2015,Jose Antonio Reyes,Milieu,Sevilla FC,31,76,77,1,-1,1.0,39.5
2014/2015,Rodrigo De Paul,Attaquant,Valencia CF,20,70,72,2,,2.0,15.8
2014/2015,Kevin Gameiro,Attaquant,Sevilla FC,27,78,78,0,0,0.0,18.4
2014/2015,Oriol Riera,Attaquant,RC Deportivo de La Coruña,28,71,70,-1,0,-1.0,47.4
2014/2015,Robert Ibanez,Milieu,Granada CF,21,69,69,0,,0.0,31.6
2014/2015,Txema Anibarro,Défenseur,SD Eibar,35,62,70,8,,7.0,31.6
2014/2015,Jon Gaztanaga,Milieu,Real Sociedad,23,66,66,0,1,0.0,2.6
2014/2015,Dani Nieto,Milieu,SD Eibar,23,67,69,2,,2.0,2.6
2015/2016,Angel Trujillo,Défenseur,Levante UD,28,70,74,4,1,2.0,21.1
2015/2016,Tono,Défenseur,Levante UD,26,71,75,4,8,2.0,68.4
2015/2016,Verza,Milieu,Levante UD,29,74,75,1,4,-1.0,60.5
2015/2016,Daniel Wass,Milieu,RC Celta de Vigo,26,76,77,1,3,0.0,81.6
2015/2016,Iago Aspas,Attaquant,RC Celta de Vigo,28,76,78,2,0,1.0,81.6
2015/2016,Koke,Milieu,Atlético Madrid,23,82,83,1,0,0.0,89.5
2015/2016,Javi Castellano,Milieu,UD Las Palmas,28,70,72,2,,0.0,2.6
2015/2016,Roberto Rosales,Défenseur,Málaga CF,27,73,76,3,0,1.0,92.1
2015/2016,Coke,Défenseur,Sevilla FC,28,78,80,2,4,1.0,52.6
2015/2016,Vicente Iborra,Milieu,Sevilla FC,27,78,81,3,1,2.0,55.3
2015/2016,Gorka Iraizoz Moreno,Gardien,Athletic Club de Bilbao,34,77,79,2,1,1.0,97.4
2015/2016,Rafinha,Attaquant,FC Barcelona,22,78,79,1,3,0.0,7.9
2015/2016,Diego Mainz,Défenseur,Granada CF,33,70,72,2,-2,0.0,10.5
2015/2016,Adrian Gonzalez,Milieu,SD Eibar,27,72,73,1,3,-1.0,68.4
2015/2016,Pau Sabata,Gardien,RCD Espanyol,21,63,71,8,6,5.0,92.1
2015/2016,Paco Montanes,Milieu,RCD Espanyol,29,75,74,-1,1,-2.0,5.3
2015/2016,Salva Sevilla,Milieu,RCD Espanyol,31,74,75,1,0,-1.0,13.2
2015/2016,Bruno Soriano,Milieu,Villarreal CF,31,79,81,2,-1,1.0,73.7
2015/2016,Roberto Soldado,Attaquant,Villarreal CF,30,79,79,0,-3,-1.0,71.1
2015/2016,Luis Hernandez,Défenseur,Real Sporting de Gijón,26,70,74,4,,2.0,94.7
2015/2016,Cani,Milieu,RC Deportivo de La Coruña,34,74,74,0,-1,-2.0,31.6
2015/2016,Alberto De la Bella,Défenseur,Real Sociedad,30,75,77,2,0,1.0,36.8
2015/2016,Ruben Pardo,Milieu,Real Sociedad,23,76,77,1,0,0.0,50.0
2015/2016,Nacho Martinez,Défenseur,Rayo Vallecano,26,73,75,2,0,0.0,57.9
2015/2016,Roberto Trashorras,Milieu,Rayo Vallecano,34,76,79,3,0,2.0,92.1
2015/2016,Danilo,Milieu,Valencia CF,19,72,78,6,,4.0,42.1
2015/2016,Santi Mina,Milieu,Valencia CF,20,70,75,5,4,3.0,47.4
2015/2016,Manuel Trigueros,Milieu,Villarreal CF,24,74,80,6,4,4.0,63.2
2015/2016,Sergio Rico,Gardien,Sevilla FC,22,73,77,4,15,2.0,89.5
2015/2016,David Navarro,Défenseur,Levante UD,35,74,75,1,-1,-1.0,52.6
2015/2016,Federico Nicolas Cartabia,Milieu,RC Deportivo de La Coruña,22,74,74,0,2,-2.0,39.5
2015/2016,Juan Carlos,Milieu,Málaga CF,25,70,72,2,-2,0.0,36.8
2015/2016,Joaquin,Milieu,Real Betis Balompié,34,79,79,0,0,-1.0,57.9
2015/2016,Jose Canas,Milieu,RCD Espanyol,28,75,77,2,-2,1.0,18.4
2015/2016,Rene Krhin,Milieu,Granada CF,25,70,75,5,-2,3.0,42.1
2015/2016,Tana,Milieu,UD Las Palmas,25,64,70,6,,3.0,68.4
2015/2016,Karim Benzema,Attaquant,Real Madrid CF,28,85,86,1,0,0.0,68.4
2015/2016,Momo,Milieu,UD Las Palmas,33,68,70,2,,0.0,39.5
2015/2016,Esteban Granero,Milieu,Real Sociedad,28,77,77,0,-1,-1.0,23.7
2015/2016,Carles Planas,Défenseur,RC Celta de Vigo,24,68,71,3,1,1.0,47.4
2015/2016,Antonio Amaya,Défenseur,Rayo Vallecano,32,76,76,0,1,-1.0,26.3
2015/2016,Wanderson,Milieu,Getafe CF,21,63,71,8,0,5.0,15.8
2015/2016,Carlos Castro,Attaquant,Real Sporting de Gijón,20,60,69,9,,6.0,18.4
2015/2016,Luis Alberto,Attaquant,RC Deportivo de La Coruña,23,73,75,2,1,0.0,65.8
2015/2016,Jordi Feliu Xumetra,Milieu,Levante UD,30,72,71,-1,-1,-3.0,13.2
2015/2016,Nicolas Lopez,Milieu,Granada CF,22,72,74,2,-1,0.0,2.6
2015/2016,Edgar Antonio Mendez,Milieu,Granada CF,24,70,73,3,9,1.0,18.4
2015/2016,Rodrigo,Attaquant,Valencia CF,24,80,78,-2,1,-3.0,39.5
2015/2016,Manu Fernandez,Gardien,RC Deportivo de La Coruña,29,67,68,1,,-1.0,18.4
2015/2016,Christian Atsu,Milieu,Málaga CF,23,76,76,0,1,-1.0,7.9
2015/2016,Michael Ciani,Défenseur,RCD Espanyol,31,74,76,2,-2,0.0,5.3
2015/2016,Denis Cheryshev,Milieu,Valencia CF,25,77,79,2,5,1.0,15.8
2015/2016,Ion Ansotegi,Défenseur,SD Eibar,33,74,74,0,0,-2.0,15.8
2015/2016,Stipe Pletikosa,Gardien,RC Deportivo de La Coruña,36,74,73,-1,,-3.0,5.3
2012/2013,David Gonzalez,Gardien,Servette FC,26,57,59,2,,0.0,30.6
2012/2013,"Chistopher Mfuyi,25",Défenseur,Servette FC,23,57,56,-1,,-3.0,69.4
2012/2013,Marco Schneuwly,Attaquant,FC Thun,27,63,63,0,,-2.0,80.6
2012/2013,Guillaume Katz,Défenseur,FC Lausanne-Sports,23,59,60,1,,-1.0,91.7
2012/2013,Dario Lezcano,Attaquant,FC Luzern,22,68,66,-2,,-2.0,36.1
2012/2013,Marco Woelfli,Gardien,BSC Young Boys,30,70,67,-3,,-3.0,100.0
2012/2013,Christian Schneuwly,Milieu,BSC Young Boys,24,68,68,0,,0.0,55.6
2012/2013,Philipp Degen,Défenseur,FC Basel,29,68,68,0,,0.0,52.8
2012/2013,Vincent Ruefli,Défenseur,Servette FC,24,66,65,-1,,-1.0,72.2
2012/2013,Juhani Ojala,Défenseur,BSC Young Boys,23,61,60,-1,,-3.0,30.6
2012/2013,Gonzalo Zarate,Milieu,BSC Young Boys,28,67,66,-1,,-1.0,33.3
2012/2013,Matt Moussilou,Attaquant,FC Lausanne-Sports,30,61,63,2,,0.0,58.3
2012/2013,Mathieu Manset,Attaquant,FC Sion,23,64,63,-1,,-3.0,5.6
2012/2013,Antonio de Azevedo,Milieu,Servette FC,31,65,66,1,,1.0,50.0
2012/2013,Stjepan Kukuruzovic,Milieu,FC Zürich,23,63,63,0,,-2.0,50.0
2013/2014,Yann Sommer,Gardien,FC Basel,25,76,79,3,4,3.0,97.2
2013/2014,Steve von Bergen,Défenseur,BSC Young Boys,30,72,71,-1,-2,-1.0,94.4
2013/2014,Raphael Nuzzolo,Milieu,BSC Young Boys,30,66,67,1,0,1.0,77.8
2013/2014,Andris Vanins,Gardien,FC Sion,33,72,71,-1,1,-1.0,97.2
2013/2014,Beg Ferati,Défenseur,FC Sion,27,68,66,-2,,-2.0,86.1
2013/2014,Ishmael Yartey,Milieu,FC Sion,23,68,68,0,2,0.0,33.3
2013/2014,Benjamin Luethi,Défenseur,FC Thun,25,63,63,0,-1,-1.0,94.4
2013/2014,Tomislav Puljic,Défenseur,FC Luzern,30,65,62,-3,-2,-3.0,94.4
2013/2014,Michel Renggli,Milieu,FC Luzern,33,64,63,-1,-1,-2.0,61.1
2013/2014,Dimitar Rangelov,Attaquant,FC Luzern,30,62,66,4,-9,3.0,69.4
2013/2014,Sebastian Meoli,Défenseur,FC Lausanne-Sports,33,80,77,-3,-1,-3.0,27.8
2013/2014,Stephane Besle,Défenseur,FC St. Gallen,29,60,60,0,1,-1.0,80.6
2013/2014,Ermir Lenjani,Défenseur,FC St. Gallen,24,53,57,4,,3.0,80.6
2013/2014,Michael Lang,Défenseur,Grasshopper Club Zürich,22,57,67,10,-4,9.0,91.7
2013/2014,Shkelzen Gashi,Milieu,Grasshopper Club Zürich,25,61,67,6,4,5.0,66.7
2013/2014,Taulant Xhaka,Milieu,FC Basel,22,61,65,4,-1,3.0,52.8
2013/2014,Marco Buerki,Défenseur,BSC Young Boys,20,51,55,4,,3.0,8.3
2013/2014,Alain Rochat,Défenseur,BSC Young Boys,30,68,67,-1,,-1.0,58.3
2013/2014,Jorge Teixeira,Défenseur,FC Zürich,27,64,64,0,,-1.0,63.9
2013/2014,Stefan Glarner,Défenseur,FC Zürich,26,58,58,0,0,-1.0,25.0
2013/2014,Alain Wiss,Milieu,FC Luzern,23,60,59,-1,-1,-2.0,55.6
2013/2014,Rolf Feltscher,Défenseur,FC Lausanne-Sports,23,64,65,1,,0.0,16.7
2013/2014,Samuel Afum,Attaquant,BSC Young Boys,23,59,61,2,,1.0,22.2
2013/2014,Giovanni Sio,Attaquant,FC Basel,24,73,74,1,-2,1.0,55.6
2013/2014,Arnaud Buhler,Défenseur,FC Sion,28,64,64,0,0,-1.0,36.1
2013/2014,Michael Dingsdag,Défenseur,Grasshopper Club Zürich,31,68,68,0,-3,0.0,47.2
2013/2014,Germano Vailati,Gardien,FC Basel,33,64,62,-2,,-3.0,2.8
2013/2014,Numa Lavanchy,Milieu,FC Lausanne-Sports,20,55,59,4,,3.0,8.3
2013/2014,Ahmet Ozcan,Défenseur,FC Lausanne-Sports,18,50,50,0,,-1.0,2.8
2013/2014,Adrian Nikci,Milieu,FC Thun,24,68,68,0,2,0.0,36.1
2013/2014,Michel Avanzini,Milieu,FC Lausanne-Sports,24,58,58,0,1,-1.0,8.3
2013/2014,Davide Taini,Gardien,Grasshopper Club Zürich,37,55,55,0,-2,-1.0,5.6
2013/2014,Gabri,Milieu,FC Lausanne-Sports,34,60,60,0,1,-1.0,8.3
2014/2015,Matias Emilio Delgado,Milieu,FC Basel,32,71,72,1,,1.0,52.8
2014/2015,Milan Gajic,Milieu,BSC Young Boys,28,59,60,1,0,0.0,80.6
2014/2015,Yuya Kubo,Milieu,BSC Young Boys,21,69,69,0,,0.0,38.9
2014/2015,Lukas Schenkel,Défenseur,FC Thun,30,58,58,0,,-1.0,11.1
2014/2015,Andreas Wittwer,Défenseur,FC Thun,24,62,62,0,1,-1.0,69.4
2014/2015,Michele Polverino,Milieu,FC Vaduz,30,58,58,0,,-1.0,8.3
2014/2015,David Da Costa,Gardien,FC Zürich,28,63,62,-1,-1,-2.0,69.4
2014/2015,Amir Abrashi,Milieu,Grasshopper Club Zürich,24,64,68,4,7,3.0,69.4
2014/2015,Yoric Ravet,Milieu,Grasshopper Club Zürich,25,65,69,4,0,4.0,80.6
2014/2015,Fulvio Sulmoni,Défenseur,FC Thun,28,55,56,1,,0.0,77.8
2014/2015,Sekou Junior Sanogo,Milieu,BSC Young Boys,25,66,67,1,3,1.0,61.1
2014/2015,Bryan Rabello,Milieu,FC Luzern,20,72,71,-1,0,-1.0,11.1
2014/2015,Yannis Tafer,Milieu,FC St. Gallen,23,65,65,0,0,0.0,75.0
2014/2015,Steven Lang,Attaquant,FC Vaduz,27,62,64,2,1,1.0,58.3
2014/2015,Leo Lacroix,Défenseur,FC Sion,22,65,64,-1,0,-1.0,72.2
2014/2015,Kevin Bigler,Défenseur,FC Thun,22,54,54,0,0,-1.0,8.3
2014/2015,Milan Vilotic,Défenseur,BSC Young Boys,28,71,70,-1,,-1.0,55.6
2014/2015,Fidan Aliti,Défenseur,FC Luzern,21,50,53,3,,2.0,19.4
2014/2015,Armin Alesevic,Défenseur,FC Zürich,20,52,52,0,,-1.0,2.8
2014/2015,Armando Sadiku,Attaquant,FC Zürich,23,61,59,-2,,-3.0,8.3
2015/2016,David Zibung,Gardien,FC Luzern,31,60,65,5,-3,2.0,100.0
2015/2016,Francois Affolter,Défenseur,FC Luzern,24,62,64,2,-8,-1.0,88.9
2015/2016,Nick von Niederhausern,Défenseur,FC Vaduz,26,57,59,2,,-1.0,50.0
2015/2016,Pavel Pergl,Défenseur,FC Vaduz,38,63,65,2,,-1.0,5.6
2015/2016,Thomas Reinmann,Défenseur,FC Thun,32,62,61,-1,0,-4.0,47.2
2015/2016,Dennis Hediger,Milieu,FC Thun,29,64,63,-1,1,-4.0,91.7
2015/2016,Nelson Ferreira,Milieu,FC Thun,33,64,65,1,-1,-2.0,36.1
2015/2016,Enrico Schirinzi,Milieu,FC Thun,31,58,61,3,0,0.0,63.9
2015/2016,Moritz Bauer,Défenseur,Grasshopper Club Zürich,23,58,60,2,1,-1.0,88.9
2015/2016,Patrick Rossini,Attaquant,Lugano,27,57,59,2,,-1.0,41.7
2015/2016,Yanick Brecher,Gardien,FC Zürich,22,61,61,0,1,-3.0,61.1
2015/2016,Philippe Koch,Défenseur,FC Zürich,24,64,66,2,-2,-1.0,94.4
2015/2016,Davide Chiumiento,Attaquant,FC Zürich,31,71,73,2,-1,0.0,41.7
2015/2016,Guillaume Hoarau,Attaquant,BSC Young Boys,31,73,74,1,1,-1.0,58.3
2015/2016,Sandro Wieser,Milieu,FC Thun,22,64,64,0,1,-3.0,58.3
2015/2016,Danijel Aleksic,Milieu,FC St. Gallen,24,62,66,4,,1.0,83.3
2015/2016,Laglais Xavier Kouassi,Milieu,FC Sion,26,63,64,1,1,-2.0,27.8
2015/2016,Gregory Wuethrich,Défenseur,BSC Young Boys,21,56,62,6,,3.0,30.6
2015/2016,Loris Benito,Défenseur,BSC Young Boys,23,67,70,3,4,1.0,27.8
2015/2016,Behrang Safari,Défenseur,FC Basel,30,68,72,4,0,2.0,44.4
2015/2016,Gianluca Gaudino,Milieu,FC St. Gallen,19,64,68,4,,1.0,38.9
2015/2016,Alexander Fransson,Milieu,FC Basel,21,62,69,7,,4.0,38.9
2015/2016,Leo Itaperuna,Milieu,FC Sion,26,68,68,0,-4,-2.0,16.7
2015/2016,Christos Donis,Milieu,Lugano,21,64,65,1,,-2.0,2.8
2015/2016,Lucas Cueto,Milieu,FC St. Gallen,19,58,58,0,,-3.0,5.6
2015/2016,Michael Siegfried,Milieu,FC Thun,27,57,58,1,-1,-2.0,22.2
2015/2016,Oliver Klaus,Gardien,FC Vaduz,25,54,55,1,,-2.0,5.6
2014/2015,Didac Vila,Défenseur,SD Eibar,25,74,72,-2,1,-2.0,31.6
2014/2015,Daniel Candeias,Milieu,Granada CF,26,75,74,-1,4,-1.0,13.2
2014/2015,Jaime,Gardien,SD Eibar,34,73,72,-1,1,-1.0,13.2
2014/2015,Jose Mari,Milieu,Levante UD,27,69,68,-1,,-1.0,15.8
2014/2015,David Cobeno,Gardien,Rayo Vallecano,32,73,75,2,3,2.0,5.3
2014/2015,Fran Serrano,Défenseur,Córdoba CF,19,58,58,0,,-1.0,2.6
2015/2016,Oier Olazabal,Gardien,Real Sociedad,26,70,70,0,4,-2.0,5.3
2015/2016,Marc Bartra,Défenseur,FC Barcelona,24,76,80,4,0,3.0,10.5
2012/2013,Mike Gomes,Défenseur,Servette FC,24,55,55,0,,-2.0,8.3
2012/2013,Marcel Herzog,Gardien,FC St. Gallen,32,55,55,0,,-2.0,2.8
2015/2016,Sangone Sarr,Milieu,FC Zürich,23,53,55,2,,-1.0,16.7
2015/2016,Philipp Zulechner,Attaquant,BSC Young Boys,25,66,66,0,,-2.0,2.8
2012/2013,Nebojsa Pavlovic,Milieu,KV Kortrijk,31,66,67,1,,1.0,80.0
2012/2013,Ernest Webnje Nfor,Attaquant,KV Kortrijk,26,68,69,1,,1.0,83.3
2012/2013,Lucas Biglia,Milieu,RSC Anderlecht,26,76,76,0,,0.0,90.0
2012/2013,Guillaume Gillet,Défenseur,RSC Anderlecht,28,72,72,0,,0.0,93.3
2012/2013,Jeremy Taravel,Défenseur,Sporting Lokeren,25,68,70,2,,2.0,53.3
2012/2013,Killan Overmeire,Milieu,Sporting Lokeren,27,69,70,1,,1.0,96.7
2012/2013,Tim Matthijs,Milieu,RAEC Mons,29,67,68,1,,1.0,26.7
2012/2013,Aloys Nong,Attaquant,RAEC Mons,29,70,67,-3,,-3.0,83.3
2012/2013,Karel D'Haene,Défenseur,SV Zulte-Waregem,32,67,69,2,,2.0,100.0
2012/2013,Hernan Hinostroza,Milieu,SV Zulte-Waregem,19,61,64,3,,1.0,13.3
2012/2013,Seth De Witte,Milieu,KV Mechelen,25,64,67,3,,1.0,63.3
2012/2013,Mads Junker,Attaquant,KV Mechelen,31,73,70,-3,,-3.0,46.7
2012/2013,Ahmed Samir Farag,Défenseur,Lierse SK,26,64,63,-1,,-3.0,23.3
2012/2013,Thomas Buffel,Milieu,KRC Genk,31,73,73,0,,0.0,96.7
2012/2013,Maxime Lestienne,Attaquant,Club Brugge KV,20,67,74,7,,7.0,70.0
2012/2013,Reginald Goreux,Défenseur,Standard de Liège,25,68,69,1,,1.0,63.3
2012/2013,David Destorme,Milieu,KV Mechelen,33,68,67,-1,,-1.0,80.0
2012/2013,Jeremy Perbet,Attaquant,RAEC Mons,28,70,72,2,,2.0,50.0
2012/2013,Mohammed Tchite,Attaquant,Club Brugge KV,28,74,71,-3,,-3.0,46.7
2012/2013,Marcel Gecov,Milieu,KAA Gent,24,62,65,3,,1.0,16.7
2012/2013,Yaya Soumahoro,Attaquant,KAA Gent,23,73,68,-5,,-5.0,30.0
2012/2013,Daniel Cruz,Milieu,Waasland-Beveren,31,67,65,-2,,-2.0,20.0
2012/2013,Michy Batshuayi,Attaquant,Standard de Liège,19,66,70,4,,4.0,56.7
2012/2013,Dino Arslanagic,Défenseur,Standard de Liège,19,59,65,6,,4.0,16.7
2012/2013,David Pollet,Attaquant,Sporting Charleroi,24,62,68,6,,4.0,26.7
2012/2013,Reza Ghoochannejhad,Attaquant,Standard de Liège,25,66,66,0,,0.0,10.0
2012/2013,Giel Deferm,Défenseur,Beerschot AC,24,63,63,0,,-2.0,16.7
2012/2013,Frederik Frans,Défenseur,Lierse SK,23,62,64,2,,0.0,6.7
2012/2013,Lens Annab,Attaquant,Lierse SK,24,64,63,-1,,-3.0,6.7
2012/2013,Jason Adesanya,Attaquant,Lierse SK,19,51,62,11,,9.0,3.3
2012/2013,Thomas Kaminski,Gardien,RSC Anderlecht,20,67,67,0,,0.0,3.3
2013/2014,Mijusko Bojovic,Défenseur,Waasland-Beveren,25,64,64,0,,-1.0,83.3
2013/2014,Rami Gershon,Défenseur,Waasland-Beveren,25,67,70,3,,3.0,100.0
2013/2014,Hernan Losada,Milieu,Lierse SK,31,70,70,0,-2,0.0,100.0
2013/2014,Rafinha,Défenseur,KAA Gent,31,67,66,-1,-2,-1.0,50.0
2013/2014,Cedric D'Ulivo,Défenseur,Waasland-Beveren,24,64,66,2,6,1.0,50.0
2014/2015,Francisco Javier Martos,Défenseur,Sporting Charleroi,30,66,68,2,,2.0,100.0
2014/2015,Neeskens Kebano,Milieu,Sporting Charleroi,22,67,71,4,,4.0,63.3
2014/2015,Colin Coosemans,Gardien,Waasland-Beveren,22,68,68,0,1,0.0,73.3
2014/2015,Ibrahima Cisse,Milieu,KV Mechelen,20,66,67,1,,1.0,73.3
2014/2015,Bram Nuytinck,Défenseur,RSC Anderlecht,24,72,72,0,,0.0,23.3
2014/2015,Pierrick Cros,Gardien,Royal Excel Mouscron,23,70,69,-1,0,-1.0,70.0
2014/2015,Zarko Tomasevic,Défenseur,KV Kortrijk,24,67,66,-1,,-1.0,96.7
2014/2015,Timothy Castagne,Défenseur,KRC Genk,19,59,69,10,,9.0,63.3
2014/2015,Faysel Kasmi,Milieu,Lierse SK,19,59,64,5,,4.0,33.3
2014/2015,Nana Asare,Défenseur,KAA Gent,28,68,71,3,-4,3.0,93.3
2014/2015,Jordi Vanlerberghe,Milieu,KV Mechelen,18,59,58,-1,,-2.0,3.3
2014/2015,Faris Haroun,Milieu,KSV Cercle Brugge,29,66,65,-1,,-1.0,30.0
2014/2015,Anthony Watt,Attaquant,Standard de Liège,21,68,68,0,2,0.0,10.0
2014/2015,Hannes van der Bruggen,Milieu,KAA Gent,21,65,68,3,-2,3.0,36.7
2014/2015,Mbaye Diagne,Milieu,KVC Westerlo,23,62,62,0,,-1.0,10.0
2014/2015,Djamel Abdoun,Attaquant,Sporting Lokeren,28,73,69,-4,,-4.0,6.7
2014/2015,Sebastien Locigno,Défenseur,KV Oostende,19,63,61,-2,,-3.0,10.0
2014/2015,Manuel Benson,Défenseur,Lierse SK,17,58,60,2,,1.0,3.3
2015/2016,Ruben Fernandes,Défenseur,Sint-Truidense VV,29,73,72,-1,3,-3.0,76.7
2015/2016,Sebastien Bruzzese,Gardien,Club Brugge KV,26,66,69,3,,1.0,60.0
2015/2016,Adrien Trebel,Milieu,Standard de Liège,24,70,74,4,1,2.0,93.3
2015/2016,Jens Naessens,Attaquant,KV Mechelen,24,70,70,0,1,-2.0,30.0
2015/2016,Cyriel Dessers,Attaquant,Sporting Lokeren,21,63,65,2,4,-1.0,6.7
2015/2016,Maxime Annys,Milieu,KVC Westerlo,29,65,65,0,,-2.0,43.3
2015/2016,Matz Sels,Gardien,KAA Gent,23,70,76,6,1,4.0,100.0
2015/2016,Lasse Nielsen,Défenseur,KAA Gent,27,68,73,5,4,3.0,96.7
2015/2016,Brecht Dejaeghere,Milieu,KAA Gent,24,71,74,3,3,1.0,70.0
2015/2016,Silvio Proto,Gardien,RSC Anderlecht,32,74,75,1,0,-1.0,100.0
2015/2016,Olivier Deschacht,Défenseur,RSC Anderlecht,34,72,73,1,3,-1.0,90.0
2015/2016,Matias Suarez,Attaquant,RSC Anderlecht,27,75,74,-1,-3,-2.0,53.3
2015/2016,Steeven Langil,Milieu,Waasland-Beveren,27,68,72,4,2,2.0,93.3
2015/2016,Tristan Dingome,Milieu,Royal Excel Mouscron,24,67,68,1,4,-1.0,46.7
2015/2016,Imoh Ezekiel,Milieu,RSC Anderlecht,22,74,74,0,1,-2.0,36.7
2015/2016,Glenn Claes,Milieu,KV Mechelen,21,65,67,2,8,0.0,53.3
2015/2016,Samuel Gigot,Défenseur,KV Kortrijk,22,59,65,6,,3.0,56.7
2015/2016,Lucas van Eenoo,Milieu,KV Kortrijk,24,65,66,1,-2,-1.0,23.3
2015/2016,Deni Milosevic,Milieu,Waasland-Beveren,20,57,65,8,0,5.0,40.0
2015/2016,Julien De Sart,Milieu,Standard de Liège,21,69,70,1,1,-1.0,23.3
2015/2016,Nikola Storm,Attaquant,SV Zulte-Waregem,21,68,68,0,10,-2.0,23.3
2015/2016,Karim Essikal,Milieu,SV Zulte-Waregem,19,55,65,10,,7.0,46.7
2015/2016,Guillaume Hubert,Gardien,Standard de Liège,21,61,67,6,,3.0,46.7
2015/2016,Cristophe Diandy,Milieu,Sporting Charleroi,25,66,68,2,1,0.0,56.7
2015/2016,Christian Bruels,Milieu,Standard de Liège,27,72,70,-2,1,-4.0,16.7
2015/2016,Marin Jakolis,Attaquant,Royal Excel Mouscron,19,54,56,2,,-1.0,3.3
2015/2016,Victor Valdes,Gardien,Standard de Liège,33,83,81,-2,0,-3.0,16.7
2012/2013,Abou Diaby,Milieu,Arsenal,26,76,77,1,,1.0,26.3
2012/2013,Theo Walcott,Milieu,Arsenal,23,82,81,-1,,-1.0,63.2
2012/2013,Simon Mignolet,Gardien,Sunderland,24,74,78,4,,4.0,100.0
2012/2013,Jack Colback,Milieu,Sunderland,23,72,71,-1,,-1.0,78.9
2012/2013,Paul Scholes,Milieu,Manchester United,38,81,80,-1,,-1.0,21.1
2012/2013,Shinji Kagawa,Milieu,Manchester United,23,82,83,1,,1.0,44.7
2012/2013,Danny Welbeck,Milieu,Manchester United,22,79,79,0,,0.0,34.2
2012/2013,John Arne Riise,Défenseur,Fulham,32,76,75,-1,,-1.0,76.3
2012/2013,John Ruddy,Gardien,Norwich City,26,74,78,4,,4.0,39.5
2012/2013,Marc Tierney,Défenseur,Norwich City,27,68,68,0,,0.0,2.6
2012/2013,Jonathan Howson,Milieu,Norwich City,24,71,72,1,,1.0,57.9
2012/2013,Bradley Johnson,Milieu,Norwich City,25,71,72,1,,1.0,97.4
2012/2013,David Silva,Milieu,Manchester City,26,88,88,0,,0.0,76.3
2012/2013,Carlos Tevez,Attaquant,Manchester City,28,86,86,0,,0.0,73.7
2012/2013,Sergio Aguero,Attaquant,Manchester City,24,87,87,0,,0.0,57.9
2012/2013,Tim Krul,Gardien,Newcastle United,24,78,79,1,,1.0,63.2
2012/2013,James Perch,Milieu,Newcastle United,27,68,69,1,,1.0,50.0
2012/2013,Hatem Ben Arfa,Attaquant,Newcastle United,25,79,81,2,,2.0,42.1
2012/2013,Jonas Gutierrez,Milieu,Newcastle United,29,78,76,-2,,-2.0,89.5
2012/2013,Leon Britton,Milieu,Swansea City,30,73,75,2,,2.0,78.9
2012/2013,Adam Federici,Gardien,Reading,27,69,72,3,,3.0,55.3
2012/2013,Alex Pearce,Défenseur,Reading,24,70,72,2,,2.0,47.4
2012/2013,Ian Harte,Défenseur,Reading,35,66,68,2,,2.0,39.5
2012/2013,Jobi McAnuff,Milieu,Reading,31,70,69,-1,,-1.0,100.0
2012/2013,Mikele Leigertwood,Milieu,Reading,30,66,69,3,,3.0,76.3
2012/2013,Andy Wilkinson,Défenseur,Stoke City,28,74,74,0,,0.0,50.0
2012/2013,Ryan Shawcross,Défenseur,Stoke City,25,77,78,1,,1.0,97.4
2012/2013,Matthew Etherington,Milieu,Stoke City,31,80,77,-3,,-3.0,55.3
2012/2013,Gareth McAuley,Défenseur,West Bromwich Albion,33,71,73,2,,2.0,94.7
2012/2013,Mark Noble,Milieu,West Ham United,25,76,75,-1,,-1.0,65.8
2012/2013,Mohamed Diame,Milieu,West Ham United,25,69,73,4,,4.0,81.6
2012/2013,Darren Bent,Attaquant,Aston Villa,28,82,81,-1,,-1.0,21.1
2012/2013,James McArthur,Milieu,Wigan Athletic,25,68,70,2,,2.0,63.2
2012/2013,Johnny Heitinga,Défenseur,Everton,29,76,78,2,,2.0,44.7
2012/2013,Bradley Jones,Gardien,Liverpool,30,64,71,7,,5.0,18.4
2012/2013,Ashley Young,Milieu,Manchester United,27,83,82,-1,,-1.0,44.7
2012/2013,Andre Santos,Défenseur,Arsenal,29,74,74,0,,0.0,7.9
2012/2013,Jack Wilshere,Milieu,Arsenal,20,82,82,0,,0.0,52.6
2012/2013,Steven Whittaker,Défenseur,Norwich City,28,71,71,0,,0.0,31.6
2012/2013,Sebastien Bassong,Défenseur,Norwich City,26,75,75,0,,0.0,89.5
2012/2013,Javier Garrido,Défenseur,Norwich City,27,74,74,0,,0.0,89.5
2012/2013,Jose Bosingwa,Défenseur,Queens Park Rangers,30,79,74,-5,,-5.0,57.9
2012/2013,Phil Bardsley,Défenseur,Sunderland,27,73,73,0,,0.0,28.9
2012/2013,Ashley R. Westwood,Milieu,Aston Villa,22,60,70,10,,8.0,73.7
2012/2013,Billy Jones,Défenseur,West Bromwich Albion,25,68,68,0,,0.0,63.2
2012/2013,Rickie Lambert,Attaquant,Southampton,30,71,75,4,,4.0,92.1
2012/2013,Kolo Toure,Défenseur,Manchester City,31,82,80,-2,,-2.0,26.3
2012/2013,Edin Dzeko,Attaquant,Manchester City,26,83,83,0,,0.0,42.1
2012/2013,Laurent Koscielny,Défenseur,Arsenal,27,80,81,1,,1.0,52.6
2012/2013,Emmanuel Adebayor,Attaquant,Tottenham Hotspur,28,82,80,-2,,-2.0,47.4
2012/2013,Boaz Myhill,Gardien,West Bromwich Albion,30,73,72,-1,,-1.0,21.1
2012/2013,Kyle Naughton,Défenseur,Tottenham Hotspur,24,72,73,1,,1.0,34.2
2012/2013,Alex Oxlade-Chamberlain,Milieu,Arsenal,19,74,77,3,,3.0,28.9
2012/2013,Michael Dawson,Défenseur,Tottenham Hotspur,29,80,79,-1,,-1.0,60.5
2012/2013,Anderson,Milieu,Manchester United,24,78,77,-1,,-1.0,23.7
2012/2013,Kenwyne Jones,Attaquant,Stoke City,28,77,75,-2,,-2.0,26.3
2012/2013,Marc-Antoine Fortune,Milieu,West Bromwich Albion,31,68,68,0,,0.0,23.7
2012/2013,Simeon Jackson,Attaquant,Norwich City,25,68,71,3,,3.0,13.2
2012/2013,Daniel Carrico,Milieu,Reading,24,76,74,-2,,-2.0,2.6
2012/2013,Elliott Bennett,Milieu,Norwich City,24,69,71,2,,2.0,23.7
2012/2013,Jordan Bowery,Milieu,Aston Villa,21,54,59,5,,3.0,7.9
2012/2013,Kei Ansu Kamara,Attaquant,Norwich City,28,67,70,3,,3.0,18.4
2012/2013,Andrew Johnson,Attaquant,Queens Park Rangers,31,76,74,-2,,-2.0,5.3
2012/2013,Lukasz Fabianski,Gardien,Arsenal,27,76,76,0,,0.0,10.5
2013/2014,Ron Vlaar,Défenseur,Aston Villa,28,78,78,0,4,0.0,84.2
2013/2014,Antonio Luna,Défenseur,Aston Villa,22,71,71,0,,0.0,42.1
2013/2014,Ashley Cole,Défenseur,Chelsea,33,84,83,-1,-1,-1.0,39.5
2013/2014,Jose Enrique,Défenseur,Liverpool,27,79,79,0,-1,0.0,15.8
2013/2014,Erik Pieters,Défenseur,Stoke City,25,72,72,0,-2,0.0,89.5
2013/2014,Joleon Lescott,Défenseur,Manchester City,31,81,79,-2,-1,-2.0,21.1
2013/2014,Cheik Tiote,Milieu,Newcastle United,27,80,78,-2,2,-2.0,81.6
2013/2014,Moussa Sissoko,Milieu,Newcastle United,24,75,75,0,,0.0,92.1
2013/2014,Nathan Redmond,Milieu,Norwich City,19,67,73,6,,6.0,60.5
2013/2014,Leon Osman,Milieu,Everton,32,78,76,-2,1,-2.0,71.1
2013/2014,Brede Hangeland,Défenseur,Fulham,32,81,77,-4,0,-4.0,60.5
2013/2014,Michel Vorm,Gardien,Swansea City,30,81,80,-1,0,-1.0,68.4
2013/2014,Ben Davies,Défenseur,Swansea City,20,67,72,5,,5.0,84.2
2013/2014,Jonjo Shelvey,Milieu,Swansea City,21,74,74,0,3,0.0,76.3
2013/2014,Nemanja Vidic,Défenseur,Manchester United,32,87,85,-2,-2,-2.0,60.5
2013/2014,Tom Cleverley,Milieu,Manchester United,24,78,74,-4,1,-4.0,47.4
2013/2014,Liam Ridgewell,Défenseur,West Bromwich Albion,29,70,68,-2,-3,-2.0,86.8
2013/2014,Graham Dorrans,Milieu,West Bromwich Albion,26,73,73,0,-2,0.0,31.6
2013/2014,James Morrison,Milieu,West Bromwich Albion,27,75,73,-2,4,-2.0,60.5
2013/2014,Jay Rodriguez,Milieu,Southampton,24,70,74,4,-1,4.0,78.9
2013/2014,Matt Jarvis,Milieu,West Ham United,27,76,76,0,-1,0.0,60.5
2013/2014,Santi Cazorla,Milieu,Arsenal,29,85,84,-1,1,-1.0,78.9
2013/2014,Neil Taylor,Défenseur,Swansea City,24,73,72,-1,4,-1.0,15.8
2013/2014,Steve Harper,Gardien,Hull City,38,69,69,0,-3,0.0,28.9
2013/2014,Liam Rosenior,Défenseur,Hull City,29,67,67,0,,0.0,57.9
2013/2014,Lee Cattermole,Milieu,Sunderland,25,76,74,-2,1,-2.0,55.3
2013/2014,Anthony Pilkington,Milieu,Norwich City,25,73,73,0,2,0.0,26.3
2013/2014,Davide Santon,Défenseur,Newcastle United,22,75,76,1,0,1.0,68.4
2013/2014,David Luiz,Défenseur,Chelsea,26,80,82,2,0,2.0,39.5
2013/2014,Cesar Azpilicueta,Défenseur,Chelsea,24,77,79,2,,2.0,68.4
2013/2014,Johan Elmander,Attaquant,Norwich City,32,77,73,-4,,-4.0,42.1
2013/2014,Aleksandar Kolarov,Défenseur,Manchester City,28,78,78,0,-1,0.0,55.3
2013/2014,Roland Lamah,Milieu,Swansea City,26,75,73,-2,,-2.0,10.5
2013/2014,Goran Popov,Défenseur,West Bromwich Albion,29,68,66,-2,,-2.0,2.6
2013/2014,Raheem Sterling,Milieu,Liverpool,19,76,79,3,15,3.0,63.2
2013/2014,Dwight Tiendalli,Défenseur,Swansea City,28,69,70,1,0,1.0,23.7
2013/2014,Alvaro Vazquez,Attaquant,Swansea City,22,73,71,-2,,-2.0,13.2
2013/2014,Carl Jenkinson,Défenseur,Arsenal,21,70,71,1,6,1.0,18.4
2013/2014,Paulo Gazzaniga,Gardien,Southampton,21,65,64,-1,11,-1.0,18.4
2013/2014,Matej Vydra,Attaquant,West Bromwich Albion,21,72,73,1,,1.0,18.4
2013/2014,Ezekiel Fryers,Défenseur,Tottenham Hotspur,21,61,64,3,5,2.0,7.9
2014/2015,Wojciech Szczesny,Gardien,Arsenal,24,80,78,-2,0,-2.0,44.7
2014/2015,Mikel Arteta,Milieu,Arsenal,32,80,79,-1,-2,-1.0,15.8
2014/2015,Julian Speroni,Gardien,Crystal Palace,35,74,75,1,1,1.0,94.7
2014/2015,Scott Dann,Défenseur,Crystal Palace,27,71,76,5,-1,5.0,89.5
2014/2015,Branislav Ivanovic,Défenseur,Chelsea,30,81,81,0,-2,0.0,100.0
2014/2015,Gary Cahill,Défenseur,Chelsea,29,80,81,1,0,1.0,86.8
2014/2015,Cesc Fabregas,Milieu,Chelsea,27,86,85,-1,0,-1.0,86.8
2014/2015,Anthony Knockaert,Milieu,Leicester City,23,71,70,-1,,-1.0,7.9
2014/2015,Jose Leonardo Ulloa,Attaquant,Leicester City,28,72,73,1,,1.0,76.3
2014/2015,Steven Pienaar,Milieu,Everton,32,80,78,-2,0,-2.0,7.9
2014/2015,David De Gea,Gardien,Manchester United,24,83,86,3,2,3.0,97.4
2014/2015,Chris Smalling,Défenseur,Manchester United,25,76,78,2,-2,2.0,55.3
2014/2015,Phil Jones,Défenseur,Manchester United,22,79,78,-1,1,-1.0,57.9
2014/2015,Daryl Janmaat,Défenseur,Newcastle United,25,75,76,1,1,1.0,97.4
2014/2015,Martin Demichelis,Défenseur,Manchester City,34,79,79,0,-1,0.0,73.7
2014/2015,Samir Nasri,Milieu,Manchester City,27,84,84,0,0,0.0,47.4
2014/2015,Stephen Ireland,Milieu,Stoke City,28,75,75,0,-2,0.0,28.9
2014/2015,Victor Anichebe,Attaquant,West Bromwich Albion,26,72,72,0,0,0.0,28.9
2014/2015,Wes Brown,Défenseur,Sunderland,35,75,74,-1,-1,-1.0,60.5
2014/2015,Sebastian Larsson,Milieu,Sunderland,29,72,72,0,-2,0.0,94.7
2014/2015,Steven Fletcher,Attaquant,Sunderland,27,76,76,0,0,0.0,52.6
2014/2015,James Collins,Défenseur,West Ham United,31,74,74,0,0,0.0,55.3
2014/2015,Winston Reid,Défenseur,West Ham United,26,75,75,0,1,0.0,76.3
2014/2015,Stewart Downing,Milieu,West Ham United,30,77,76,-1,-1,-1.0,97.4
2014/2015,Danny Rose,Défenseur,Tottenham Hotspur,24,73,74,1,1,1.0,71.1
2014/2015,Marvin Sordell,Attaquant,Burnley,23,66,66,0,,0.0,5.3
2014/2015,Jan Vertonghen,Défenseur,Tottenham Hotspur,27,82,82,0,0,0.0,81.6
2014/2015,Leroy Fer,Milieu,Queens Park Rangers,24,76,76,0,0,0.0,71.1
2014/2015,Ross Barkley,Milieu,Everton,21,77,78,1,6,1.0,57.9
2014/2015,Pablo Zabaleta,Défenseur,Manchester City,29,82,83,1,1,1.0,76.3
2014/2015,Jesus Navas,Milieu,Manchester City,29,83,81,-2,-2,-2.0,60.5
2014/2015,Joe Allen,Milieu,Liverpool,24,77,76,-1,0,-1.0,42.1
2014/2015,Geoff Cameron,Défenseur,Stoke City,29,72,74,2,0,2.0,55.3
2014/2015,Sone Aluko,Attaquant,Hull City,25,71,71,0,4,0.0,34.2
2014/2015,Liam Bridcutt,Milieu,Sunderland,25,73,72,-1,2,-1.0,26.3
2014/2015,Ciaran Clark,Défenseur,Aston Villa,25,73,74,1,-1,1.0,57.9
2014/2015,Ryan Taylor,Défenseur,Newcastle United,30,73,73,0,,0.0,28.9
2014/2015,Vlad Chiriches,Défenseur,Tottenham Hotspur,25,76,76,0,3,0.0,21.1
2014/2015,Peter Crouch,Attaquant,Stoke City,33,76,76,0,-1,0.0,44.7
2014/2015,Mamadou Sakho,Défenseur,Liverpool,24,81,80,-1,0,-1.0,39.5
2014/2015,Lazar Markovic,Milieu,Liverpool,20,77,78,1,,1.0,28.9
2014/2015,Tomas Rosicky,Milieu,Arsenal,34,81,80,-1,1,-1.0,13.2
2014/2015,Florin Gardos,Défenseur,Southampton,26,73,74,1,,1.0,13.2
2014/2015,Guy Demel,Défenseur,West Ham United,33,70,70,0,0,0.0,7.9
2014/2015,Ross Wallace,Milieu,Burnley,29,70,68,-2,,-2.0,2.6
2015/2016,Petr Cech,Gardien,Arsenal,33,85,86,1,0,0.0,89.5
2015/2016,Olivier Giroud,Attaquant,Arsenal,29,80,82,2,1,1.0,68.4
2015/2016,James Tomkins,Défenseur,West Ham United,26,73,75,2,0,0.0,60.5
2015/2016,Angelo Obinze Ogbonna,Défenseur,West Ham United,27,77,79,2,0,1.0,71.1
2015/2016,Simon Francis,Défenseur,Bournemouth,30,69,72,3,,1.0,100.0
2015/2016,Marc Pugh,Milieu,Bournemouth,28,68,71,3,,1.0,39.5
2015/2016,Thibaut Courtois,Gardien,Chelsea,23,86,86,0,2,-1.0,60.5
2015/2016,Oscar,Milieu,Chelsea,24,84,82,-2,0,-3.0,52.6
2015/2016,Diego Costa,Attaquant,Chelsea,27,85,85,0,1,-1.0,71.1
2015/2016,Gareth Barry,Milieu,Everton,34,79,79,0,-1,-1.0,84.2
2015/2016,Romelu Lukaku,Attaquant,Everton,22,80,82,2,0,1.0,94.7
2015/2016,Allan Nyom,Défenseur,Watford,27,75,77,2,2,1.0,76.3
2015/2016,Wes Morgan,Défenseur,Leicester City,31,71,78,7,0,5.0,100.0
2015/2016,Shinji Okazaki,Attaquant,Leicester City,29,77,76,-1,1,-2.0,73.7
2015/2016,Jermain Defoe,Attaquant,Sunderland,33,80,78,-2,-1,-3.0,73.7
2015/2016,Matteo Darmian,Défenseur,Manchester United,26,74,81,7,4,5.0,63.2
2015/2016,Moussa Dembele,Milieu,Tottenham Hotspur,28,79,80,1,-1,0.0,71.1
2015/2016,Vurnon Anita,Milieu,Newcastle United,26,74,73,-1,-1,-3.0,63.2
2015/2016,Steven Davis,Milieu,Southampton,30,76,76,0,1,-1.0,81.6
2015/2016,Glenn Whelan,Milieu,Stoke City,31,75,76,1,2,0.0,97.4
2015/2016,Jonathan Walters,Milieu,Stoke City,32,70,74,4,0,2.0,47.4
2015/2016,James Milner,Milieu,Liverpool,29,79,80,1,-1,0.0,73.7
2015/2016,Chris Brunt,Défenseur,West Bromwich Albion,31,73,68,-5,-1,-7.0,52.6
2015/2016,Bacary Sagna,Défenseur,Manchester City,32,79,80,1,-1,0.0,71.1
2015/2016,Hector Bellerin,Défenseur,Arsenal,20,68,77,9,10,7.0,94.7
2015/2016,Hugo Lloris,Gardien,Tottenham Hotspur,29,85,85,0,1,-1.0,97.4
2015/2016,Yannick Bolasie,Milieu,Crystal Palace,26,75,77,2,3,1.0,60.5
2015/2016,Antonio Valencia,Défenseur,Manchester United,30,80,75,-5,-1,-6.0,21.1
2015/2016,Marcos Rojo,Défenseur,Manchester United,25,79,78,-1,2,-2.0,39.5
2015/2016,Nicolas Otamendi,Défenseur,Manchester City,27,83,84,1,4,0.0,78.9
2015/2016,Robert Elliot,Gardien,Newcastle United,29,68,69,1,0,-1.0,55.3
2015/2016,Bryan Oviedo,Défenseur,Everton,25,69,71,2,1,0.0,31.6
2015/2016,Adam Smith,Défenseur,Bournemouth,24,67,70,3,,1.0,57.9
2015/2016,Carlos Sanchez,Milieu,Aston Villa,29,76,76,0,2,-1.0,42.1
2015/2016,Kyle Bartley,Défenseur,Swansea City,24,67,68,1,2,-1.0,7.9
2015/2016,Wayne Routledge,Milieu,Swansea City,30,75,75,0,0,-1.0,57.9
2015/2016,Angel Rangel,Défenseur,Swansea City,33,75,76,1,-1,0.0,52.6
2015/2016,Michail Antonio,Milieu,West Ham United,25,69,75,6,,4.0,60.5
2015/2016,Karl Darlow,Gardien,Newcastle United,25,67,68,1,,-1.0,23.7
2015/2016,Adnan Januzaj,Milieu,Manchester United,20,75,75,0,2,-1.0,5.3
2015/2016,Muhamed Besic,Milieu,Everton,23,73,75,2,,0.0,18.4
2015/2016,Steven Taylor,Défenseur,Newcastle United,29,75,76,1,0,0.0,23.7
2015/2016,Daniel Sturridge,Attaquant,Liverpool,26,83,83,0,0,-1.0,28.9
2015/2016,Dame N'Doye,Attaquant,Sunderland,30,79,76,-3,-1,-4.0,13.2
2015/2016,Charlie Austin,Attaquant,Southampton,26,77,77,0,4,-1.0,5.3
2015/2016,David Ospina,Gardien,Arsenal,27,77,78,1,1,0.0,10.5
2015/2016,Marc Wilson,Défenseur,Stoke City,28,72,73,1,1,-1.0,2.6
2015/2016,Kevin Mbabu,Défenseur,Newcastle United,20,54,54,0,,-3.0,5.3
2015/2016,Tortol Lumanza Lembi,Attaquant,Waasland-Beveren,21,62,62,0,,-3.0,6.7
2015/2016,Arno Verschueren,Attaquant,KVC Westerlo,18,56,58,2,,-1.0,3.3
2012/2013,Scott Sinclair,Milieu,Manchester City,23,73,75,2,,2.0,5.3
2013/2014,Connor Wickham,Attaquant,Sunderland,20,69,72,3,-1,3.0,26.3
2014/2015,Marc Albrighton,Milieu,Leicester City,25,71,71,0,-1,0.0,26.3
2014/2015,Nelson Oliveira,Attaquant,Swansea City,23,73,73,0,1,0.0,10.5
2014/2015,Daniel Graham,Attaquant,Sunderland,29,71,70,-1,-3,-1.0,18.4
2014/2015,Chung-Yong Lee,Attaquant,Crystal Palace,26,74,72,-2,,-2.0,2.6
2014/2015,Brendon Galloway,Défenseur,Everton,18,48,60,12,,11.0,5.3
2015/2016,Kevin Nolan,Milieu,West Ham United,33,70,71,1,0,-1.0,2.6
2015/2016,Patrick Bamford,Attaquant,Norwich City,22,65,70,5,,3.0,5.3
2012/2013,Giuseppe Biava,Défenseur,Lazio,35,75,77,2,,2.0,78.9
2012/2013,Christian Daniel Ledesma,Milieu,Lazio,30,80,82,2,,2.0,92.1
2012/2013,Diego Perez,Milieu,Bologna,32,75,74,-1,,-1.0,60.5
2012/2013,Facundo Sebastian Roncaglia,Défenseur,Fiorentina,25,72,78,6,,6.0,63.2
2012/2013,Michael Agazzi,Gardien,Cagliari,28,74,75,1,,1.0,89.5
2012/2013,Afriyie Acquah,Milieu,Parma,20,73,73,0,,0.0,10.5
2012/2013,Massimo Gobbi,Milieu,Parma,32,73,74,1,,1.0,86.8
2012/2013,Daniele Gastaldello,Défenseur,Sampdoria,29,73,74,1,,1.0,86.8
2012/2013,Andrea Poli,Milieu,Sampdoria,23,75,76,1,,1.0,81.6
2012/2013,Edgar Barreto,Milieu,Palermo,28,74,74,0,,0.0,78.9
2012/2013,Miguel Britos,Défenseur,Napoli,27,76,77,1,,1.0,57.9
2012/2013,Gokhan Inler,Milieu,Napoli,28,80,82,2,,2.0,65.8
2012/2013,Edinson Cavani,Attaquant,Napoli,25,86,87,1,,1.0,86.8
2012/2013,Leandro Castan,Défenseur,Roma,26,73,77,4,,4.0,81.6
2012/2013,Pablo Osvaldo,Attaquant,Roma,26,79,80,1,,1.0,65.8
2012/2013,Giuseppe Bellusci,Défenseur,Catania,23,73,76,3,,3.0,57.9
2012/2013,Nicola Legrottaglie,Défenseur,Catania,36,75,78,3,,3.0,68.4
2012/2013,Daniele Mannini,Milieu,Siena,29,73,72,-1,,-1.0,7.9
2012/2013,Jean-Francois Gillet,Gardien,Torino,33,76,79,3,,3.0,97.4
2012/2013,Alen Stevanovic,Milieu,Torino,21,71,72,1,,1.0,21.1
2012/2013,Thiago Ribeiro,Attaquant,Cagliari,26,75,75,0,,0.0,47.4
2012/2013,Walter Samuel,Défenseur,Inter,34,84,83,-1,,-1.0,39.5
2012/2013,Mauricio Isla,Milieu,Juventus,24,80,79,-1,,-1.0,21.1
2012/2013,Alexandre Pato,Attaquant,Milan,23,84,82,-2,,-2.0,7.9
2012/2013,Luis Pedro Cavanda,Défenseur,Lazio,21,70,74,4,,4.0,21.1
2012/2013,Luca Toni,Attaquant,Fiorentina,35,75,74,-1,,-1.0,39.5
2012/2013,Daniel Tozser,Milieu,Genoa,27,72,72,0,,0.0,42.1
2012/2013,Alberto Aquilani,Milieu,Fiorentina,28,80,81,1,,1.0,52.6
2012/2013,Takayuki Morimoto,Attaquant,Catania,24,71,71,0,,0.0,2.6
2012/2013,Isaac Cofie,Milieu,Chievo Verona,21,66,71,5,,5.0,60.5
2012/2013,Alessandro Matri,Attaquant,Juventus,28,80,78,-2,,-2.0,26.3
2012/2013,Michele Ferri,Défenseur,Atalanta,31,67,68,1,,1.0,18.4
2012/2013,Francelino Matuzalem,Milieu,Genoa,32,74,74,0,,0.0,39.5
2012/2013,Rinaldo Cruzado,Milieu,Chievo Verona,28,72,72,0,,0.0,2.6
2012/2013,Rolando,Défenseur,Napoli,27,80,78,-2,,-2.0,10.5
2012/2013,Per Kroeldrup,Défenseur,Pescara,33,75,71,-4,,-4.0,13.2
2012/2013,Tommaso Berni,Gardien,Sampdoria,29,70,70,0,,0.0,5.3
2013/2014,Daniele Dessena,Milieu,Cagliari,26,74,71,-3,3,-3.0,78.9
2013/2014,Matias Cabrera,Milieu,Cagliari,27,72,73,1,,1.0,26.3
2013/2014,Mauricio Pinilla,Attaquant,Cagliari,29,77,76,-1,-1,-1.0,42.1
2013/2014,Carlos Carmona,Milieu,Atalanta,26,75,74,-1,1,-1.0,78.9
2013/2014,Giacomo Bonaventura,Milieu,Atalanta,24,79,79,0,6,0.0,76.3
2013/2014,Mariano Andujar,Gardien,Catania,30,76,72,-4,0,-4.0,63.2
2013/2014,Pablo Sebastian Alvarez,Défenseur,Catania,29,72,69,-3,0,-3.0,39.5
2013/2014,Pablo Barrientos,Attaquant,Catania,28,79,74,-5,6,-5.0,71.1
2013/2014,Vangelis Moras,Défenseur,Hellas Verona,32,69,73,4,,4.0,76.3
2013/2014,Andrea Bertolacci,Milieu,Genoa,22,73,73,0,3,0.0,60.5
2013/2014,Diego Novaretti,Défenseur,Lazio,28,70,70,0,,0.0,23.7
2013/2014,Alvaro Gonzalez,Milieu,Lazio,29,78,76,-2,2,-2.0,42.1
2013/2014,Danilo,Défenseur,Udinese,29,81,75,-6,3,-6.0,94.7
2013/2014,Giampiero Pinzi,Milieu,Udinese,32,76,74,-2,-1,-2.0,50.0
2013/2014,Francesco Bardi,Gardien,Livorno,21,69,75,6,,6.0,92.1
2013/2014,Maicon,Défenseur,Roma,32,79,80,1,-6,1.0,73.7
2013/2014,Gennaro Sardo,Défenseur,Chievo Verona,34,72,71,-1,0,-1.0,63.2
2013/2014,Angelo Palombo,Milieu,Sampdoria,32,73,72,-1,-1,-1.0,84.2
2013/2014,Lorenzo De Silvestri,Défenseur,Sampdoria,25,74,75,1,0,1.0,92.1
2013/2014,Arturo Vidal,Milieu,Juventus,26,85,86,1,2,1.0,73.7
2013/2014,Andrea Pirlo,Milieu,Juventus,34,87,84,-3,2,-3.0,76.3
2013/2014,Alexander Farnerud,Milieu,Torino,29,73,73,0,-2,0.0,39.5
2013/2014,Reto Ziegler,Milieu,Sassuolo,27,72,69,-3,,-3.0,34.2
2013/2014,Archimede Morleo,Milieu,Bologna,30,72,70,-2,2,-2.0,73.7
2013/2014,Federico Fernandez,Défenseur,Napoli,24,75,75,0,,0.0,65.8
2013/2014,Walter Gargano,Milieu,Parma,29,77,72,-5,-2,-5.0,50.0
2013/2014,Simon Laner,Milieu,Hellas Verona,29,66,67,1,,1.0,2.6
2013/2014,Sergio Bernardo Almiron,Milieu,Catania,33,77,70,-7,2,-7.0,28.9
2013/2014,Innocent Emeghara,Attaquant,Livorno,24,70,73,3,4,3.0,44.7
2013/2014,Nicola Bellomo,Milieu,Torino,22,68,68,0,,0.0,7.9
2013/2014,Nigel de Jong,Milieu,Milan,29,81,78,-3,,-3.0,84.2
2013/2014,Dodo,Défenseur,Roma,21,68,71,3,2,3.0,39.5
2013/2014,Sergio Pellissier,Attaquant,Chievo Verona,34,77,70,-7,-2,-7.0,13.2
2013/2014,Zeljko Brkic,Gardien,Udinese,27,78,76,-2,7,-2.0,31.6
2013/2014,Gabriel Silva,Milieu,Udinese,22,73,72,-1,3,-1.0,76.3
2013/2014,Massimo Ambrosini,Milieu,Fiorentina,36,77,74,-3,-2,-3.0,42.1
2013/2014,Ciro Capuano,Défenseur,Catania,32,69,66,-3,-3,-3.0,10.5
2013/2014,Sebastian Giovinco,Attaquant,Juventus,26,80,77,-3,-1,-3.0,15.8
2013/2014,Savvas Gentsoglou,Milieu,Sampdoria,23,67,64,-3,,-3.0,7.9
2013/2014,Barreto,Attaquant,Torino,28,73,72,-1,,-1.0,13.2
2013/2014,Saphir Taider,Milieu,Inter,21,72,75,3,5,3.0,34.2
2013/2014,Daniele Bonera,Défenseur,Milan,32,78,76,-2,1,-2.0,39.5
2013/2014,Abdoulay Konko,Défenseur,Lazio,29,79,78,-1,1,-1.0,55.3
2013/2014,Riccardo Cazzola,Défenseur,Atalanta,28,71,69,-2,3,-2.0,5.3
2013/2014,Gino Peruzzi,Défenseur,Catania,21,54,70,16,,15.0,52.6
2013/2014,Alessandro Gamberini,Défenseur,Genoa,32,78,73,-5,0,-5.0,18.4
2013/2014,Mattia Destro,Attaquant,Roma,22,76,78,2,4,2.0,39.5
2013/2014,Riccardo Saponara,Milieu,Milan,22,68,71,3,,3.0,5.3
2013/2014,Diego Milito,Attaquant,Inter,34,83,79,-4,1,-4.0,15.8
2013/2014,Stefano Okaka Chuka,Attaquant,Sampdoria,24,69,71,2,,2.0,23.7
2013/2014,Robert Acquafresca,Attaquant,Bologna,26,72,69,-3,,-3.0,15.8
2013/2014,Rafal Wolski,Attaquant,Fiorentina,21,69,70,1,,1.0,13.2
2013/2014,Erik Friberg,Milieu,Bologna,27,63,63,0,,-1.0,13.2
2014/2015,German Denis,Attaquant,Atalanta,33,79,77,-2,-1,-2.0,71.1
2014/2015,Stefano Lucchini,Défenseur,Cesena,34,75,71,-4,-1,-4.0,68.4
2014/2015,Raul Albiol,Défenseur,Napoli,29,80,80,0,0,0.0,89.2
2014/2015,Lorenzo Insigne,Milieu,Napoli,23,79,79,0,2,0.0,35.1
2014/2015,Ignazio Abate,Défenseur,Milan,28,77,75,-2,-2,-2.0,55.3
2014/2015,Cristian Zapata,Défenseur,Milan,28,78,76,-2,-1,-2.0,21.1
2014/2015,Marco Parolo,Milieu,Lazio,29,77,78,1,2,1.0,89.2
2014/2015,Senad Lulic,Milieu,Lazio,28,79,77,-2,0,-2.0,56.8
2014/2015,Balde Diao Keita,Attaquant,Lazio,19,75,75,0,,0.0,16.2
2014/2015,Paulo Dybala,Attaquant,Palermo,21,70,77,7,,7.0,89.5
2014/2015,Pedro Mba Obiang,Milieu,Sampdoria,22,74,73,-1,0,-1.0,84.2
2014/2015,Davide Astori,Défenseur,Roma,27,79,78,-1,-1,-1.0,57.9
2014/2015,Francesco Totti,Attaquant,Roma,38,81,80,-1,-1,-1.0,63.2
2014/2015,Marcello Gazzola,Défenseur,Sassuolo,29,65,64,-1,1,-1.0,36.8
2014/2015,Francesco Magnanelli,Milieu,Sassuolo,30,70,70,0,4,0.0,73.7
2014/2015,Jonathan,Milieu,Inter,28,77,73,-4,5,-4.0,5.3
2014/2015,Emmanuel Agyemang-Badu,Milieu,Udinese,24,73,72,-1,-1,-1.0,52.6
2014/2015,Stefano Mauri,Milieu,Lazio,34,79,79,0,-1,0.0,67.6
2014/2015,Mapou Yanga-Mbiwa,Défenseur,Roma,25,76,77,1,-2,1.0,57.9
2014/2015,Guglielmo Stendardo,Défenseur,Atalanta,33,75,74,-1,-1,-1.0,60.5
2014/2015,Cyril Thereau,Attaquant,Udinese,31,76,75,-1,-2,-1.0,65.8
2014/2015,Lazaros Christodoulopoulos,Attaquant,Hellas Verona,28,75,73,-2,1,-2.0,31.6
2014/2015,Hugo Campagnaro,Défenseur,Inter,34,81,74,-7,0,-7.0,21.1
2014/2015,Cristiano Del Grosso,Défenseur,Atalanta,31,68,66,-2,-3,-2.0,23.7
2014/2015,Simone Benedetti,Défenseur,Cagliari,22,64,67,3,,2.0,10.5
2014/2015,Dries Mertens,Milieu,Napoli,27,82,82,0,2,0.0,43.2
2014/2015,Constantin Nica,Défenseur,Cesena,21,62,62,0,,-1.0,10.5
2014/2015,Rafael Marques,Défenseur,Hellas Verona,31,73,72,-1,1,-1.0,34.2
2014/2015,Marco D'Alessandro,Milieu,Atalanta,23,70,68,-2,,-2.0,23.7
2014/2015,Ciprian Tatarusanu,Gardien,Fiorentina,28,74,74,0,,0.0,23.7
2014/2015,Lukas Podolski,Attaquant,Inter,29,77,77,0,-4,0.0,21.1
2014/2015,Santiago Gentiletti,Défenseur,Lazio,29,70,70,0,,0.0,10.8
2014/2015,Ruben Botta,Attaquant,Chievo Verona,24,74,71,-3,,-3.0,13.2
2014/2015,Salvatore Bocchetti,Défenseur,Milan,28,77,74,-3,,-3.0,15.8
2014/2015,Pawel Wszolek,Défenseur,Sampdoria,22,69,66,-3,3,-3.0,5.3
2014/2015,Andrea Barzagli,Défenseur,Juventus,33,84,83,-1,-1,-1.0,23.7
2014/2015,Salih Ucan,Milieu,Roma,20,71,71,0,,0.0,5.3
2014/2015,Lucas Evangelista,Milieu,Udinese,19,63,69,6,,5.0,2.6
2015/2016,Albano Benjamin Bizzarri,Gardien,Chievo Verona,38,72,75,3,-2,1.0,92.1
2015/2016,Valter Birsa,Milieu,Chievo Verona,29,75,75,0,1,-1.0,84.2
2015/2016,Diego Lopez,Gardien,Milan,34,81,79,-2,-3,-3.0,21.1
2015/2016,Keisuke Honda,Milieu,Milan,29,77,77,0,-2,-1.0,60.5
2015/2016,Luca Paganini,Milieu,Frosinone,22,56,65,9,,6.0,55.3
2015/2016,Miralem Pjanic,Milieu,Roma,25,83,84,1,0,0.0,78.9
2015/2016,Juan,Défenseur,Inter,24,77,75,-2,-2,-3.0,42.1
2015/2016,Assane Demoya Gnoukouri,Milieu,Inter,19,60,69,9,,6.0,2.6
2015/2016,Marco Sportiello,Gardien,Atalanta,23,70,78,8,16,6.0,94.7
2015/2016,Boukari Drame,Défenseur,Atalanta,30,72,74,2,-1,0.0,65.8
2015/2016,Maxi Moralez,Attaquant,Atalanta,28,73,76,3,-3,1.0,42.1
2015/2016,Paul Pogba,Milieu,Juventus,22,84,86,2,3,1.0,86.8
2015/2016,Orestis Karnezis,Gardien,Udinese,30,77,79,2,3,1.0,100.0
2015/2016,Thomas Heurtaux,Défenseur,Udinese,27,76,77,1,-1,0.0,26.3
2015/2016,Bruno Fernandes,Milieu,Udinese,21,74,75,1,-3,-1.0,63.2
2015/2016,Ali Adnan,Milieu,Udinese,22,68,72,4,,2.0,55.3
2015/2016,Antonio Di Natale,Attaquant,Udinese,38,78,77,-1,-2,-2.0,31.6
2015/2016,Dusan Basta,Défenseur,Lazio,31,76,79,3,2,2.0,55.3
2015/2016,Stefan Daniel Radu,Défenseur,Lazio,29,77,79,2,-1,1.0,34.2
2015/2016,Luca Rossettini,Défenseur,Bologna,30,73,74,1,-1,-1.0,73.7
2015/2016,Matteo Brighi,Milieu,Bologna,34,69,70,1,-1,-1.0,36.8
2015/2016,Sebastian De Maio,Défenseur,Genoa,28,74,76,2,2,0.0,65.8
2015/2016,Nicolas Burdisso,Défenseur,Genoa,34,74,76,2,-2,0.0,73.7
2015/2016,Giovanni Marchese,Défenseur,Genoa,31,72,74,2,-1,0.0,18.4
2015/2016,Matias Silvestre,Défenseur,Sampdoria,31,72,73,1,0,-1.0,55.3
2015/2016,Vasco Regini,Défenseur,Sampdoria,25,70,71,1,2,-1.0,36.8
2015/2016,Fernando,Milieu,Sampdoria,23,76,77,1,,0.0,89.5
2015/2016,Andrea Lazzari,Milieu,Carpi,31,72,72,0,-2,-2.0,7.9
2015/2016,Elseid Hysaj,Défenseur,Napoli,21,72,77,5,5,3.0,97.4
2015/2016,Ogenyi Onazi,Milieu,Lazio,23,74,75,1,-1,-1.0,36.8
2015/2016,Artur Ionita,Milieu,Hellas Verona,25,69,74,5,5,3.0,71.1
2015/2016,Sinisa Andjelkovic,Défenseur,Palermo,29,73,74,1,6,-1.0,55.3
2015/2016,Enzo Maresca,Milieu,Palermo,35,73,74,1,4,-1.0,26.3
2015/2016,Silvan Widmer,Milieu,Udinese,22,72,75,3,-1,1.0,55.3
2015/2016,Vincent Laurini,Défenseur,Empoli,26,67,71,4,-1,2.0,63.2
2015/2016,Godfred Donsah,Milieu,Bologna,19,66,73,7,11,5.0,47.4
2015/2016,Giampaolo Pazzini,Attaquant,Hellas Verona,31,75,74,-1,-3,-2.0,52.6
2015/2016,Fabrizio Cacciatore,Défenseur,Chievo Verona,29,69,72,3,-1,1.0,65.8
2015/2016,Riccardo Meggiorini,Attaquant,Chievo Verona,30,73,75,2,2,0.0,50.0
2015/2016,Fredy Guarin,Milieu,Inter,29,79,80,1,-1,0.0,28.9
2015/2016,Alvaro Morata,Attaquant,Juventus,23,78,80,2,2,1.0,42.1
2015/2016,Maurizio Domizzi,Défenseur,Udinese,35,73,73,0,-2,-2.0,7.9
2015/2016,Pontus Jansson,Défenseur,Torino,24,68,75,7,-1,5.0,15.8
2015/2016,Kamil Wilczek,Attaquant,Carpi,27,67,70,3,6,1.0,2.6
2015/2016,Urby Emanuelson,Milieu,Hellas Verona,29,75,74,-1,1,-2.0,15.8
2012/2013,Tim Gilissen,Milieu,NAC Breda,30,67,65,-2,,-2.0,58.8
2012/2013,Florian Jozefzoon,Attaquant,RKC Waalwijk,21,65,69,4,,4.0,94.1
2012/2013,Teddy Chevalier,Attaquant,RKC Waalwijk,25,67,69,2,,2.0,73.5
2012/2013,Mark van Bommel,Milieu,PSV,35,82,79,-3,,-3.0,82.4
2012/2013,Remko Pasveer,Gardien,Heracles Almelo,29,68,71,3,,3.0,97.1
2012/2013,Ben Rienstra,Défenseur,Heracles Almelo,22,66,68,2,,2.0,91.2
2012/2013,Luis Pedro,Attaquant,Heracles Almelo,22,65,67,2,,2.0,23.5
2012/2013,Douglas,Défenseur,FC Twente,24,79,75,-4,,-4.0,91.2
2012/2013,Kees Kwakman,Défenseur,FC Groningen,29,70,68,-2,,-2.0,97.1
2012/2013,Emil Johansson,Défenseur,FC Groningen,26,67,64,-3,,-3.0,8.8
2012/2013,Oluwafemi Ajilore,Milieu,FC Groningen,27,69,67,-2,,-2.0,26.5
2012/2013,Jonathan Reis,Attaquant,Vitesse,23,75,72,-3,,-3.0,73.5
2012/2013,Gabor Horvath,Défenseur,ADO Den Haag,27,67,66,-1,,-1.0,5.9
2012/2013,Jeffrey Gouweleeuw,Défenseur,SC Heerenveen,21,70,69,-1,,-1.0,76.5
2012/2013,Gabor Babos,Gardien,N.E.C.,38,71,66,-5,,-5.0,82.4
2012/2013,Michel Breuer,Défenseur,N.E.C.,32,64,67,3,,1.0,79.4
2012/2013,Geert Arend Roorda,Milieu,N.E.C.,24,68,67,-1,,-1.0,17.6
2012/2013,Daley Blind,Défenseur,Ajax,22,67,74,7,,7.0,94.1
2012/2013,Donny Gorter,Défenseur,AZ,24,67,67,0,,0.0,61.8
2012/2013,Jozy Altidore,Attaquant,AZ,23,72,76,4,,4.0,97.1
2012/2013,Marc van de Maarel,Défenseur,FC Utrecht,23,65,67,2,,2.0,91.2
2012/2013,Marcel Meeuwis,Milieu,VVV-Venlo,32,66,66,0,,0.0,20.6
2012/2013,Joris Mathijsen,Défenseur,Feyenoord,32,78,75,-3,,-3.0,85.3
2012/2013,Graziano Pelle,Attaquant,Feyenoord,27,73,78,5,,5.0,85.3
2012/2013,Marcel Ritzmaier,Défenseur,PSV,19,63,65,2,,0.0,8.8
2012/2013,Thomas Bruns,Défenseur,Heracles Almelo,20,61,68,7,,5.0,67.6
2012/2013,Sven Kums,Milieu,SC Heerenveen,24,71,69,-2,,-2.0,91.2
2012/2013,Alfred Finnbogason,Attaquant,SC Heerenveen,23,63,75,12,,10.0,91.2
2012/2013,Edson Braafheid,Défenseur,FC Twente,29,73,71,-2,,-2.0,64.7
2012/2013,Stefano Denswil,Défenseur,Ajax,19,64,67,3,,1.0,5.9
2012/2013,Steven Berghuis,Attaquant,AZ,21,67,68,1,,1.0,29.4
2012/2013,Gaby Jallo,Défenseur,Willem II,23,60,62,2,,0.0,38.2
2012/2013,Mathias Joergensen,Défenseur,PSV,22,73,71,-2,,-2.0,11.8
2012/2013,Bart Schenkeveld,Défenseur,Heracles Almelo,21,66,66,0,,0.0,35.3
2012/2013,Arnaud Sutchuin Djoum,Milieu,Roda JC Kerkrade,23,65,65,0,,0.0,26.5
2012/2013,Dico Koppers,Défenseur,ADO Den Haag,20,64,65,1,,-1.0,41.2
2012/2013,Ruben Ligeon,Défenseur,Ajax,20,64,64,0,,-2.0,2.9
2013/2014,Viktor Fischer,Attaquant,Ajax,19,74,75,1,,1.0,55.9
2013/2014,Kees Luijckx,Défenseur,Roda JC Kerkrade,27,68,64,-4,1,-4.0,76.5
2013/2014,Arnold Kruiswijk,Défenseur,SC Heerenveen,29,68,69,1,1,1.0,79.4
2013/2014,Victor Palsson,Milieu,N.E.C.,22,69,67,-2,7,-2.0,58.8
2013/2014,Youri Loen,Milieu,N.E.C.,22,62,61,-1,,-2.0,5.9
2013/2014,David Texeira,Attaquant,FC Groningen,22,67,66,-1,-2,-1.0,8.8
2013/2014,Jerson Cabral,Attaquant,ADO Den Haag,22,69,68,-1,-1,-1.0,38.2
2013/2014,Jeroen Zoet,Gardien,PSV,22,75,77,2,6,2.0,85.3
2013/2014,Jetro Willems,Défenseur,PSV,19,71,72,1,7,1.0,82.4
2013/2014,Jelle ten Rouwelaar,Gardien,NAC Breda,33,70,70,0,-2,0.0,100.0
2013/2014,Kenny van der Weg,Défenseur,NAC Breda,22,63,62,-1,,-2.0,58.8
2013/2014,Jeffrey Sarpong,Attaquant,NAC Breda,25,68,68,0,,0.0,73.5
2013/2014,Ruud Vormer,Milieu,Feyenoord,25,72,71,-1,-3,-1.0,23.5
2013/2014,Patrick van Aanholt,Défenseur,Vitesse,23,72,71,-1,2,-1.0,79.4
2013/2014,Jan-Arie van der Heijden,Défenseur,Vitesse,25,69,72,3,1,3.0,94.1
2013/2014,Timothy Derijck,Défenseur,FC Utrecht,26,71,68,-3,-3,-3.0,41.2
2013/2014,Tommy Oar,Milieu,FC Utrecht,22,71,70,-1,4,-1.0,88.2
2013/2014,Stefano Magnasco,Défenseur,FC Groningen,21,65,65,0,,0.0,32.4
2013/2014,Lucas Andersen,Attaquant,Ajax,19,68,70,2,,2.0,11.8
2013/2014,Mats Seuntjes,Milieu,NAC Breda,21,64,63,-1,4,-2.0,55.9
2013/2014,Kenny van Hoevelen,Défenseur,RKC Waalwijk,30,65,65,0,0,0.0,76.5
2013/2014,Maarten Martens,Milieu,AZ,29,75,74,-1,0,-1.0,35.3
2013/2014,Mark Uth,Attaquant,Heracles Almelo,22,65,66,1,2,1.0,76.5
2013/2014,Danny Bakker,Milieu,ADO Den Haag,18,58,63,5,,4.0,55.9
2013/2014,Ryan Koolwijk,Milieu,N.E.C.,28,68,68,0,-1,0.0,55.9
2013/2014,Leon van Dijk,Défenseur,Heracles Almelo,21,58,58,0,,-1.0,5.9
2013/2014,Guyon Fernandez,Attaquant,PEC Zwolle,27,66,67,1,-1,1.0,44.1
2013/2014,Frank Demouge,Attaquant,Roda JC Kerkrade,31,66,66,0,0,0.0,5.9
2013/2014,Adam Sarota,Milieu,FC Utrecht,25,68,68,0,4,0.0,38.2
2013/2014,Mitchell Paulissen,Milieu,Roda JC Kerkrade,20,60,67,7,,6.0,26.5
2013/2014,Sekou Cisse,Attaquant,Feyenoord,28,68,69,1,2,1.0,2.9
2013/2014,Lorenzo Burnet,Défenseur,FC Groningen,22,67,65,-2,-1,-2.0,44.1
2013/2014,Samir Fazli,Attaquant,SC Heerenveen,22,64,64,0,,-1.0,2.9
2014/2015,Robbin Ruiter,Gardien,FC Utrecht,27,75,74,-1,1,-1.0,91.2
2014/2015,Nacer Barazite,Attaquant,FC Utrecht,24,70,69,-1,,-1.0,14.7
2014/2015,Jordy Buijs,Défenseur,SC Heerenveen,26,67,67,0,2,0.0,35.3
2014/2015,Marten De Roon,Milieu,SC Heerenveen,23,69,68,-1,1,-1.0,94.1
2014/2015,Marlon Pereira,Défenseur,SC Cambuur,27,62,62,0,,-1.0,50.0
2014/2015,Erik Bakker,Milieu,SC Cambuur,24,66,67,1,,1.0,64.7
2014/2015,Cuco Martina,Défenseur,FC Twente,25,68,68,0,1,0.0,91.2
2014/2015,Robbert Schilder,Défenseur,FC Twente,28,69,69,0,-1,0.0,85.3
2014/2015,Luc Castaignos,Attaquant,FC Twente,22,73,74,1,1,1.0,79.4
2014/2015,Mark-Jan Fledderus,Milieu,Heracles Almelo,32,68,68,0,1,0.0,91.2
2014/2015,Esteban Alvarado,Gardien,AZ,25,73,72,-1,-1,-1.0,76.5
2014/2015,Thomas Kristensen,Milieu,ADO Den Haag,31,69,69,0,,0.0,82.4
2014/2015,Jean-Paul Boetius,Attaquant,Feyenoord,20,75,73,-2,2,-2.0,58.8
2014/2015,Xandro Schenk,Défenseur,Go Ahead Eagles,21,63,63,0,,-1.0,61.8
2014/2015,Yoell van Nieff,Défenseur,FC Groningen,21,65,65,0,0,0.0,55.9
2014/2015,Rasmus Lindgren,Défenseur,FC Groningen,30,67,66,-1,0,-1.0,58.8
2014/2015,Tjaronn Chery,Milieu,FC Groningen,26,69,72,3,-1,3.0,100.0
2014/2015,Jarchinio Antonia,Milieu,FC Groningen,24,68,69,1,,1.0,64.7
2014/2015,Nicolai Boilesen,Défenseur,Ajax,22,72,72,0,4,0.0,64.7
2014/2015,Thulani Serero,Milieu,Ajax,24,75,74,-1,3,-1.0,61.8
2014/2015,Arkadiusz Milik,Attaquant,Ajax,20,68,74,6,0,6.0,41.2
2014/2015,Marko Vejinovic,Milieu,Vitesse,24,72,75,3,1,3.0,91.2
2014/2015,Kostas Lamprou,Gardien,Willem II,23,65,66,1,0,1.0,97.1
2014/2015,Jonas Heymans,Défenseur,Willem II,21,65,64,-1,,-1.0,17.6
2014/2015,Joey Pelupessy,Milieu,Heracles Almelo,21,61,64,3,,2.0,29.4
2014/2015,Sander van de Streek,Milieu,SC Cambuur,21,60,65,5,,4.0,73.5
2014/2015,Karim El Ahmadi,Milieu,Feyenoord,29,74,75,1,0,1.0,85.3
2014/2015,Jeroen Verhoeven,Gardien,FC Utrecht,34,66,65,-1,0,-1.0,8.8
2014/2015,Viktor Elm,Milieu,AZ,29,71,70,-1,0,-1.0,17.6
2014/2015,Rasmus Bengtsson,Défenseur,FC Twente,28,73,73,0,1,0.0,44.1
2014/2015,Sam Larsson,Attaquant,SC Heerenveen,21,68,70,2,,2.0,61.8
2014/2015,Daan Bovenberg,Défenseur,Excelsior,26,62,62,0,-4,-1.0,52.9
2014/2015,Ninos Gouriye,Attaquant,Excelsior,23,67,65,-2,-1,-2.0,29.4
2014/2015,Wout Brama,Milieu,PEC Zwolle,28,72,71,-1,-1,-1.0,44.1
2014/2015,Jeff Hardeveld,Défenseur,FC Utrecht,19,59,63,4,,3.0,44.1
2014/2015,Menno Koch,Défenseur,NAC Breda,20,63,66,3,,2.0,26.5
2014/2015,Mawouna Amevor,Défenseur,Go Ahead Eagles,23,62,62,0,,-1.0,20.6
2014/2015,Nicolas Issimat Mirin,Défenseur,PSV,23,71,72,1,-2,1.0,29.4
2014/2015,Anthony Biekman,Attaquant,FC Dordrecht,20,59,60,1,,0.0,17.6
2015/2016,Pele van Anholt,Défenseur,SC Heerenveen,24,68,69,1,-1,-1.0,64.7
2015/2016,Simon Thern,Milieu,SC Heerenveen,23,68,73,5,2,3.0,26.5
2015/2016,Luciano Slagveer,Attaquant,SC Heerenveen,22,66,70,4,-1,2.0,61.8
2015/2016,Bart van Hintum,Défenseur,PEC Zwolle,28,67,70,3,3,1.0,67.6
2015/2016,Xander Houtkoop,Attaquant,SC Cambuur,26,67,67,0,1,-2.0,23.5
2015/2016,Arjan Swinkels,Défenseur,Roda JC Kerkrade,31,67,67,0,0,-2.0,91.2
2015/2016,Dion Malone,Défenseur,ADO Den Haag,26,66,68,2,2,0.0,61.8
2015/2016,Vito Wormgoor,Défenseur,ADO Den Haag,27,66,69,3,0,1.0,67.6
2015/2016,Aaron Meijers,Défenseur,ADO Den Haag,28,67,69,2,0,0.0,88.2
2015/2016,Roland Alberg,Milieu,ADO Den Haag,25,70,71,1,2,-1.0,23.5
2015/2016,Jeffrey Bruma,Défenseur,PSV,24,74,78,4,1,2.0,88.2
2015/2016,Adam Maher,Milieu,PSV,22,76,74,-2,1,-3.0,23.5
2015/2016,Timo Letschert,Défenseur,FC Utrecht,22,65,74,9,0,7.0,100.0
2015/2016,Jairo Riedewald,Défenseur,Ajax,19,67,75,8,4,6.0,61.8
2015/2016,Daley Sinkgraven,Attaquant,Ajax,20,71,74,3,,1.0,29.4
2015/2016,Wojciech Golla,Défenseur,N.E.C.,23,65,68,3,2,1.0,85.3
2015/2016,Bart Buysse,Défenseur,N.E.C.,29,66,66,0,0,-2.0,11.8
2015/2016,Janio Bikel,Milieu,N.E.C.,20,61,68,7,,4.0,94.1
2015/2016,Kevin van Diermen,Défenseur,Excelsior,26,63,67,4,,1.0,11.8
2015/2016,Albert Rusnak,Milieu,FC Groningen,21,70,73,3,,1.0,79.4
2015/2016,Erik Falkenburg,Milieu,Willem II,27,67,69,2,-2,0.0,100.0
2015/2016,Eloy Room,Gardien,Vitesse,26,69,74,5,3,3.0,100.0
2015/2016,Guram Kashia,Défenseur,Vitesse,28,74,77,3,0,1.0,76.5
2015/2016,Kelvin Leerdam,Défenseur,Vitesse,25,69,70,1,-2,-1.0,41.2
2015/2016,Valeri Kazaishvili,Milieu,Vitesse,22,72,75,3,4,1.0,91.2
2015/2016,Lewis Baker,Milieu,Vitesse,20,61,72,11,,8.0,67.6
2015/2016,Denis Oliynyk,Attaquant,Vitesse,28,70,69,-1,,-3.0,52.9
2015/2016,Hector Moreno,Défenseur,PSV,27,78,79,1,0,0.0,85.3
2015/2016,Jurgen Locadia,Attaquant,PSV,22,73,75,2,1,0.0,67.6
2015/2016,Djavan Anderson,Défenseur,SC Cambuur,20,61,63,2,,-1.0,23.5
2015/2016,Martijn van der Laan,Défenseur,SC Cambuur,27,65,67,2,0,0.0,52.9
2015/2016,Gino Coutinho,Gardien,AZ,33,66,68,2,-2,0.0,32.4
2015/2016,Lasse Schoene,Attaquant,Ajax,29,76,75,-1,1,-2.0,35.3
2015/2016,Daniel De Silva,Attaquant,Roda JC Kerkrade,18,58,60,2,,-1.0,2.9
2015/2016,Freek Heerkens,Défenseur,Willem II,26,60,65,5,,2.0,23.5
2015/2016,Ugur Inceman,Milieu,Roda JC Kerkrade,34,69,68,-1,,-3.0,47.1
2013/2014,Marek Zienczuk,Milieu,Ruch Chorzów,35,67,67,0,3,0.0,53.3
2013/2014,Mateusz Mozdzen,Défenseur,Lech Poznań,22,66,64,-2,4,-2.0,73.3
2013/2014,Jakub Szumski,Gardien,Piast Gliwice,21,51,60,9,3,8.0,40.0
2013/2014,Ruben Jurado,Attaquant,Piast Gliwice,27,66,67,1,,1.0,80.0
2013/2014,Deleu,Défenseur,Lechia Gdańsk,29,62,65,3,1,2.0,76.7
2013/2014,Christopher Oualembo,Défenseur,Lechia Gdańsk,26,60,60,0,,-1.0,53.3
2013/2014,Blazej Telichowski,Défenseur,Podbeskidzie Bielsko-Biała,29,57,60,3,1,2.0,80.0
2013/2014,Anton Sloboda,Milieu,Podbeskidzie Bielsko-Biała,26,52,59,7,,6.0,70.0
2013/2014,Thomas Phibel,Défenseur,Widzew Łódź,27,64,65,1,,0.0,13.3
2013/2014,Pawel Stolarski,Défenseur,Wisła Kraków,17,56,62,6,,5.0,16.7
2013/2014,Radoslaw Sobolewski,Milieu,Polonia Bytom,37,64,67,3,-5,2.0,90.0
2013/2014,Mariusz Pawelec,Défenseur,Śląsk Wrocław,27,62,65,3,-2,2.0,53.3
2013/2014,Igor Lewczuk,Défenseur,Zawisza Bydgoszcz,28,63,66,3,1,2.0,96.7
2013/2014,Mateusz Lewandowski,Défenseur,Pogoń Szczecin,20,52,62,10,,9.0,66.7
2013/2014,Mateusz Kwiatkowski,Attaquant,Ruch Chorzów,21,55,55,0,,-1.0,20.0
2013/2014,Pawel Brozek,Attaquant,Wisła Kraków,30,64,66,2,,1.0,90.0
2013/2014,Dawid Nowak,Attaquant,Cracovia,29,64,67,3,-2,2.0,53.3
2013/2014,Wojciech Skaba,Gardien,Legia Warszawa,29,62,59,-3,,-4.0,36.7
2013/2014,David Salomon Abwo,Milieu,Zagłębie Lubin,27,63,61,-2,-3,-3.0,43.3
2013/2014,Piotr Malinowski,Milieu,Podbeskidzie Bielsko-Biała,29,56,60,4,-2,3.0,66.7
2013/2014,Mateusz Matras,Milieu,Piast Gliwice,22,61,62,1,,0.0,83.3
2013/2014,Barry Douglas,Défenseur,Lech Poznań,24,61,65,4,-3,3.0,53.3
2013/2014,Daniel Lukasik,Milieu,Legia Warszawa,22,67,67,0,,0.0,13.3
2013/2014,Daylon Claasen,Milieu,Lech Poznań,23,67,66,-1,3,-1.0,30.0
2013/2014,Przemyslaw Frankowski,Milieu,Lechia Gdańsk,18,57,61,4,,3.0,70.0
2013/2014,Adrian Blad,Milieu,Zagłębie Lubin,22,58,62,4,,3.0,20.0
2013/2014,Luis Alfonso Henriquez,Défenseur,Lech Poznań,32,68,65,-3,1,-3.0,40.0
2013/2014,Karol Mackiewicz,Milieu,Jagiellonia Białystok,21,52,55,3,,2.0,10.0
2013/2014,Matko Perdijic,Gardien,Cracovia,31,61,61,0,0,-1.0,3.3
2013/2014,Tom Hateley,Milieu,Śląsk Wrocław,24,66,66,0,-3,0.0,26.7
2013/2014,Marcin Kikut,Défenseur,Widzew Łódź,30,63,62,-1,-4,-2.0,20.0
2013/2014,Dariusz Dudka,Milieu,Wisła Kraków,30,67,67,0,-5,0.0,16.7
2013/2014,Zaur Sadaev,Attaquant,Lechia Gdańsk,24,63,63,0,,-1.0,6.7
2013/2014,Wojciech Szymanek,Défenseur,Podbeskidzie Bielsko-Biała,31,61,59,-2,,-3.0,3.3
2014/2015,Lukasz Tralka,Milieu,Lech Poznań,30,67,68,1,2,1.0,83.3
2014/2015,Bartosz Bereszynski,Défenseur,Legia Warszawa,22,67,67,0,2,0.0,46.7
2014/2015,Krzysztof Pilarz,Gardien,Cracovia,34,62,63,1,,0.0,100.0
2014/2015,Bartosz Rymaniak,Défenseur,Cracovia,25,58,58,0,-4,-1.0,76.7
2014/2015,Krzysztof Baran,Gardien,Jagiellonia Białystok,24,61,63,2,5,1.0,20.0
2014/2015,Marek Wasiluk,Défenseur,Jagiellonia Białystok,27,59,63,4,-2,3.0,63.3
2014/2015,Povilas Leimonas,Milieu,Jagiellonia Białystok,27,58,59,1,,0.0,10.0
2014/2015,Alvarinho,Milieu,Zawisza Bydgoszcz,24,62,63,1,,0.0,56.7
2014/2015,Tomasz Holota,Défenseur,Śląsk Wrocław,23,60,63,3,1,2.0,86.7
2014/2015,Lukas Droppa,Milieu,Śląsk Wrocław,25,50,63,13,,12.0,63.3
2014/2015,Robert Pich,Milieu,Śląsk Wrocław,26,53,61,8,,7.0,93.3
2014/2015,Krzysztof Kaminski,Gardien,Ruch Chorzów,24,57,63,6,0,5.0,63.3
2014/2015,Jakub Kowalski,Milieu,Ruch Chorzów,27,57,57,0,0,-1.0,70.0
2014/2015,Damian Hops Chmiel,Milieu,Podbeskidzie Bielsko-Biała,27,63,63,0,3,-1.0,90.0
2014/2015,Takuya Murayama,Milieu,Pogoń Szczecin,25,65,65,0,2,0.0,46.7
2014/2015,Adam Fraczczak,Milieu,Pogoń Szczecin,27,63,65,2,1,1.0,90.0
2014/2015,Dominik Kun,Milieu,Pogoń Szczecin,21,57,60,3,,2.0,36.7
2014/2015,Arkadiusz Glowacki,Défenseur,Wisła Kraków,35,68,69,1,3,1.0,90.0
2014/2015,Maciej Jankowski,Milieu,Wisła Kraków,24,67,65,-2,0,-2.0,50.0
2014/2015,Semir Stilic,Milieu,Wisła Kraków,27,72,74,2,,2.0,96.7
2014/2015,Andrzej Witan,Gardien,Zawisza Bydgoszcz,24,55,59,4,,3.0,30.0
2014/2015,Piotr Grzelczak,Milieu,Lechia Gdańsk,26,64,61,-3,5,-4.0,33.3
2014/2015,Radek Dejmek,Défenseur,Korona Kielce,26,63,63,0,,-1.0,80.0
2014/2015,Kamil Sylwestrzak,Défenseur,Korona Kielce,26,58,58,0,0,-1.0,73.3
2014/2015,Sergey Khizhnichenko,Attaquant,Korona Kielce,23,57,57,0,,-1.0,10.0
2014/2015,Gergo Lovrencsics,Milieu,Lech Poznań,26,70,71,1,5,1.0,66.7
2014/2015,Mariusz Stepinski,Milieu,Wisła Kraków,19,62,61,-1,,-2.0,20.0
2014/2015,Maciej Dabrowski,Milieu,Pogoń Szczecin,27,67,67,0,2,0.0,20.0
2014/2015,Guilherme,Milieu,Legia Warszawa,23,66,66,0,1,0.0,33.3
2014/2015,Jonatan Straus,Défenseur,Jagiellonia Białystok,20,60,59,-1,12,-2.0,30.0
2014/2015,Sreten Sretenovic,Défenseur,Cracovia,29,62,63,1,,0.0,36.7
2014/2015,Dominik Furman,Milieu,Legia Warszawa,22,69,67,-2,,-2.0,10.0
2014/2015,Pawel Oleksy,Défenseur,Ruch Chorzów,23,64,62,-2,4,-3.0,30.0
2014/2015,Michal Efir,Attaquant,Ruch Chorzów,22,59,59,0,,-1.0,3.3
2015/2016,Marko Maric,Gardien,Lechia Gdańsk,19,57,65,8,,5.0,80.0
2015/2016,Rafal Janicki,Défenseur,Lechia Gdańsk,23,61,66,5,1,2.0,96.7
2015/2016,Jakub Wojcicki,Milieu,Cracovia,27,62,67,5,-2,2.0,60.0
2015/2016,Bartosz Kapustka,Milieu,Cracovia,19,55,69,14,5,11.0,73.3
2015/2016,Dudu Paraiba,Défenseur,Śląsk Wrocław,30,65,69,4,0,2.0,63.3
2015/2016,Maciej Iwanski,Milieu,Ruch Chorzów,34,59,62,3,-3,0.0,63.3
2015/2016,Robert Demjan,Attaquant,Podbeskidzie Bielsko-Biała,33,64,65,1,-1,-2.0,76.7
2015/2016,Hebert,Défenseur,Piast Gliwice,24,61,68,7,-2,4.0,93.3
2015/2016,Radoslaw Murawski,Milieu,Piast Gliwice,21,60,67,7,9,4.0,96.7
2015/2016,Sebastian Ziajka,Défenseur,Termalica Bruk-Bet Nieciecza,33,62,63,1,-1,-2.0,53.3
2015/2016,Radoslaw Cierzniak,Gardien,Wisła Kraków,32,60,66,6,-2,3.0,70.0
2015/2016,Richard Guzmics,Défenseur,Wisła Kraków,28,65,68,3,0,1.0,86.7
2015/2016,Rafael Crivellaro,Milieu,Wisła Kraków,26,68,66,-2,0,-4.0,23.3
2015/2016,Mariusz Magiera,Défenseur,Polonia Bytom,31,61,64,3,-4,0.0,26.7
2015/2016,Rafal Kosznik,Défenseur,Polonia Bytom,32,63,64,1,-2,-2.0,53.3
2015/2016,Sebastian Rudol,Défenseur,Pogoń Szczecin,20,61,64,3,1,0.0,56.7
2015/2016,Sebastian Madera,Défenseur,Jagiellonia Białystok,30,65,69,4,0,2.0,73.3
2015/2016,Marek Szyndrowski,Défenseur,Ruch Chorzów,35,61,60,-1,-3,-4.0,33.3
2015/2016,Kamil Mazek,Milieu,Ruch Chorzów,21,53,64,11,,8.0,83.3
2015/2016,Pavol Stano,Défenseur,Termalica Bruk-Bet Nieciecza,38,65,64,-1,0,-3.0,53.3
2015/2016,Marcin Listkowski,Milieu,Pogoń Szczecin,17,53,60,7,,4.0,40.0
2015/2016,Piotr Wisniewski,Attaquant,Lechia Gdańsk,33,64,65,1,0,-2.0,10.0
2015/2016,Tomasz Podgorski,Milieu,Ruch Chorzów,30,66,65,-1,0,-3.0,23.3
2015/2016,Marcin Budzinski,Milieu,Cracovia,25,65,66,1,1,-1.0,73.3
2015/2016,Dominik Sadzawicki,Défenseur,Polonia Bytom,21,57,57,0,,-3.0,13.3
2015/2016,Mateusz Wdowiak,Milieu,Cracovia,19,55,58,3,,0.0,3.3
2015/2016,Adrian Basta,Milieu,Górnik Łęczna,27,62,65,3,,0.0,10.0
2012/2013,"Alberto Frison,18",Gardien,Catania,24,73,72,-1,,-1.0,10.5
2012/2013,Daniele Capelli,Défenseur,Atalanta,26,73,70,-3,,-3.0,2.6
2012/2013,Sebastian Eriksson,Milieu,Cagliari,23,68,70,2,,2.0,2.6
2014/2015,Michu,Milieu,Napoli,28,80,76,-4,2,-4.0,5.4
2015/2016,Jeremy Menez,Attaquant,Milan,28,78,81,3,0,2.0,5.3
2012/2013,Memphis Depay,Attaquant,PSV,18,64,70,6,,4.0,5.9
2012/2013,Martijn de Swart,Gardien,ADO Den Haag,22,60,60,0,,-2.0,5.9
2012/2013,Peter Jungschlaeger,Milieu,RKC Waalwijk,28,63,63,0,,-2.0,8.8
2013/2014,Mike van der Hoorn,Défenseur,Ajax,21,73,70,-3,10,-3.0,5.9
2014/2015,Yannick Cortie,Défenseur,FC Utrecht,21,60,60,0,,-1.0,5.9
2015/2016,Kevin Vermeulen,Milieu,Excelsior,25,61,62,1,,-2.0,8.8
2015/2016,Robert Braber,Attaquant,Willem II,33,64,64,0,-2,-3.0,5.9
2015/2016,Robert Zwinkels,Gardien,ADO Den Haag,32,65,65,0,0,-2.0,2.9
2015/2016,Hector Hevel,Milieu,ADO Den Haag,19,59,61,2,,-1.0,2.9
2012/2013,John Utaka,Milieu,Montpellier Hérault SC,30,75,74,-1,,-1.0,68.4
2012/2013,Jonathan Zebina,Défenseur,Toulouse FC,34,75,75,0,,0.0,44.7
2012/2013,Aldo Angoula,Défenseur,Évian Thonon Gaillard FC,31,68,69,1,,1.0,47.4
2012/2013,Mariano,Défenseur,Girondins de Bordeaux,26,71,76,5,,5.0,84.2
2012/2013,Marc Planus,Défenseur,Girondins de Bordeaux,30,74,73,-1,,-1.0,71.1
2012/2013,Alexis Thebaux,Gardien,Stade Brestois 29,27,76,74,-2,,-2.0,94.7
2012/2013,Kamel Chafni,Milieu,Stade Brestois 29,30,70,70,0,,0.0,63.2
2012/2013,Romain Genevois,Défenseur,OGC Nice,25,67,68,1,,1.0,57.9
2012/2013,Fousseni Diawara,Défenseur,AC Ajaccio,32,66,61,-5,,-5.0,47.4
2012/2013,Nicolas Douchez,Gardien,Paris Saint-Germain,32,78,76,-2,,-2.0,10.5
2012/2013,Kamel Ghilas,Milieu,Stade de Reims,28,68,68,0,,0.0,23.7
2012/2013,Rod Fanni,Défenseur,Olympique de Marseille,31,75,76,1,,1.0,86.8
2012/2013,Andre-Pierre Gignac,Attaquant,Olympique de Marseille,27,77,77,0,,0.0,73.7
2012/2013,Bakary Kone,Défenseur,Olympique Lyonnais,24,77,74,-3,,-3.0,36.8
2012/2013,Maxime Gonalons,Milieu,Olympique Lyonnais,23,78,78,0,,0.0,92.1
2012/2013,Stephane Ruffier,Gardien,AS Saint-Étienne,26,79,82,3,,3.0,100.0
2012/2013,Loic Perrin,Défenseur,AS Saint-Étienne,27,75,77,2,,2.0,89.5
2012/2013,Alejandro Alonso,Milieu,AS Saint-Étienne,30,73,71,-2,,-2.0,2.6
2012/2013,Franck Beria,Défenseur,LOSC Lille,29,76,75,-1,,-1.0,63.2
2012/2013,Nolan Roux,Attaquant,LOSC Lille,24,76,76,0,,0.0,57.9
2012/2013,Sebastien Corchia,Défenseur,FC Sochaux-Montbéliard,22,73,74,1,,1.0,89.5
2012/2013,Loic Poujol,Défenseur,FC Sochaux-Montbéliard,23,56,67,11,,9.0,55.3
2012/2013,Abdoul Razzagui Camara,Milieu,FC Sochaux-Montbéliard,22,69,69,0,,0.0,26.3
2012/2013,Maka Mary,Défenseur,SC Bastia,23,60,64,4,,2.0,13.2
2012/2013,Francois Marque,Défenseur,SC Bastia,29,64,62,-2,,-4.0,13.2
2012/2013,Yannick Cahuzac,Milieu,SC Bastia,27,64,67,3,,1.0,47.4
2012/2013,Anthony Modeste,Attaquant,SC Bastia,24,73,73,0,,0.0,92.1
2012/2013,Fabrice N'Sakala,Défenseur,ES Troyes AC,22,64,68,4,,2.0,55.3
2012/2013,Pape Abdou Camara,Milieu,Valenciennes FC,21,66,70,4,,4.0,5.3
2012/2013,Remy Gomis,Milieu,Valenciennes FC,28,72,71,-1,,-1.0,60.5
2012/2013,Gael Danic,Milieu,Valenciennes FC,31,75,74,-1,,-1.0,76.3
2012/2013,Gaetan Bong,Défenseur,Valenciennes FC,24,69,70,1,,1.0,68.4
2012/2013,Anthony Le Tallec,Attaquant,Valenciennes FC,28,74,74,0,,0.0,44.7
2012/2013,Wesley Lautoa,Milieu,FC Lorient,25,64,68,4,,2.0,68.4
2012/2013,Garry Bocaly,Défenseur,Montpellier Hérault SC,24,74,73,-1,,-1.0,15.8
2012/2013,Javier Pastore,Milieu,Paris Saint-Germain,23,83,81,-2,,-2.0,78.9
2012/2013,Aissa Mandi,Défenseur,Stade de Reims,21,61,66,5,,3.0,71.1
2012/2013,Jean Makoun,Milieu,Stade Rennais FC,29,76,75,-1,,-1.0,73.7
2012/2013,Jerome Roussillon,Défenseur,FC Sochaux-Montbéliard,19,58,67,9,,7.0,65.8
2012/2013,Mario Licka,Milieu,Stade Brestois 29,30,71,61,-10,,-10.0,44.7
2012/2013,Clement Grenier,Milieu,Olympique Lyonnais,21,73,77,4,,4.0,52.6
2012/2013,Morgan Amalfitano,Milieu,Olympique de Marseille,27,77,74,-3,,-3.0,52.6
2012/2013,Maxime Barthelme,Milieu,FC Lorient,24,57,70,13,,11.0,81.6
2012/2013,Jonathan Mensah,Défenseur,Évian Thonon Gaillard FC,22,65,65,0,,0.0,15.8
2012/2013,Cedric Barbosa,Milieu,Évian Thonon Gaillard FC,36,68,74,6,,6.0,71.1
2012/2013,Kevin Gomis,Défenseur,OGC Nice,23,64,64,0,,-2.0,31.6
2012/2013,Mustapha Bayal Sall,Défenseur,AS Saint-Étienne,27,72,73,1,,1.0,55.3
2012/2013,Romain Alessandrini,Milieu,Stade Rennais FC,23,74,76,2,,2.0,52.6
2012/2013,Julien Sable,Milieu,SC Bastia,32,70,70,0,,0.0,36.8
2012/2013,Pavle Ninkov,Défenseur,Toulouse FC,27,71,70,-1,,-1.0,47.4
2012/2013,Marco Estrada,Milieu,Montpellier Hérault SC,29,75,72,-3,,-3.0,55.3
2012/2013,Landry Bonnefoi,Gardien,SC Bastia,29,66,66,0,,0.0,18.4
2012/2013,Olivier Blondel,Gardien,Toulouse FC,33,64,70,6,,4.0,7.9
2012/2013,Helder,Défenseur,AS Nancy-Lorraine,24,66,64,-2,,-2.0,10.5
2012/2013,Jonathan Ligali,Gardien,Montpellier Hérault SC,21,60,65,5,,3.0,2.6
2012/2013,Jonathan Ayite,Attaquant,Stade Brestois 29,27,69,70,1,,1.0,23.7
2012/2013,Damien Gregorini,Gardien,AS Nancy-Lorraine,33,70,66,-4,,-4.0,60.5
2012/2013,Idrissa Gana Gueye,Milieu,LOSC Lille,23,71,72,1,,1.0,55.3
2012/2013,Younousse Sankhare,Milieu,Valenciennes FC,23,70,69,-1,,-1.0,28.9
2012/2013,Alexy Bosetti,Attaquant,OGC Nice,19,55,64,9,,7.0,10.5
2013/2014,Andre Biyogo Poko,Milieu,Girondins de Bordeaux,20,68,70,2,8,2.0,28.9
2013/2014,Souleymane Diawara,Défenseur,Olympique de Marseille,35,75,71,-4,-5,-4.0,50.0
2013/2014,Benjamin Mendy,Défenseur,Olympique de Marseille,19,65,70,5,,5.0,47.4
2013/2014,Florent Balmont,Milieu,LOSC Lille,33,78,76,-2,-1,-2.0,89.5
2013/2014,Raphael Guerreiro,Défenseur,FC Lorient,20,66,68,2,,2.0,89.5
2013/2014,Yann Jouffre,Milieu,FC Lorient,29,74,75,1,0,1.0,71.1
2013/2014,Fabrice Abriel,Milieu,OGC Nice,34,71,71,0,0,0.0,47.4
2013/2014,Jeremy Pied,Milieu,OGC Nice,24,72,72,0,-1,0.0,34.2
2013/2014,Hilton,Défenseur,Montpellier Hérault SC,36,77,77,0,2,0.0,78.9
2013/2014,Yohann Eudeline,Milieu,FC Nantes,31,66,66,0,,0.0,5.3
2013/2014,Serge Gakpe,Milieu,FC Nantes,26,70,73,3,,3.0,84.2
2013/2014,Sebastien Squillaci,Défenseur,SC Bastia,33,73,73,0,,0.0,81.6
2013/2014,Mickael Tacalfred,Défenseur,Stade de Reims,32,71,71,0,7,0.0,89.5
2013/2014,Odair Fortes,Attaquant,Stade de Reims,26,67,68,1,3,1.0,73.7
2013/2014,Floyd Ayite,Attaquant,Stade de Reims,25,67,73,6,1,6.0,57.9
2013/2014,Nicolas Penneteau,Gardien,Valenciennes FC,32,74,74,0,-1,0.0,73.7
2013/2014,Rudy Mater,Défenseur,Valenciennes FC,33,72,71,-1,0,-1.0,63.2
2013/2014,Maor Melikson,Attaquant,Valenciennes FC,29,72,73,1,,1.0,63.2
2013/2014,Pantxi Sirieix,Milieu,Toulouse FC,33,66,65,-1,1,-1.0,13.2
2013/2014,Alessandro Crescenzi,Défenseur,AC Ajaccio,22,61,61,0,,-1.0,23.7
2013/2014,Chaker Alhadhur,Défenseur,FC Nantes,22,61,63,2,,1.0,36.8
2013/2014,Baissama Sankoh,Défenseur,En Avant de Guingamp,21,57,60,3,,2.0,26.3
2013/2014,Steed Malbranque,Milieu,Olympique Lyonnais,33,76,73,-3,,-3.0,42.1
2013/2014,Jussie,Attaquant,Girondins de Bordeaux,30,73,74,1,-1,1.0,39.5
2013/2014,David Rozehnal,Défenseur,LOSC Lille,33,71,72,1,-3,1.0,26.3
2013/2014,Jeremy Morel,Défenseur,Olympique de Marseille,29,74,72,-2,1,-2.0,52.6
2013/2014,Marquinhos,Défenseur,Paris Saint-Germain,19,76,78,2,12,2.0,44.7
2013/2014,Gilles Cioni,Défenseur,SC Bastia,29,62,62,0,2,-1.0,21.1
2013/2014,Mads Albaek,Milieu,Stade de Reims,23,67,68,1,,1.0,44.7
2013/2014,Nicolas De Preville,Attaquant,Stade de Reims,22,66,69,3,11,3.0,63.2
2013/2014,Gaetan Charbonnier,Attaquant,Stade de Reims,25,71,71,0,4,0.0,39.5
2013/2014,Julien Feret,Milieu,Stade Rennais FC,31,79,74,-5,3,-5.0,28.9
2013/2014,Jean-Christophe Bahebeck,Attaquant,Valenciennes FC,20,68,68,0,0,0.0,28.9
2013/2014,Benjamin Corgnet,Milieu,AS Saint-Étienne,26,74,74,0,-2,0.0,60.5
2013/2014,Rafael Dias,Milieu,FC Sochaux-Montbéliard,22,65,65,0,7,0.0,13.2
2013/2014,Thiago Motta,Milieu,Paris Saint-Germain,31,81,83,2,0,2.0,81.6
2013/2014,Souahilo Meite,Milieu,LOSC Lille,19,63,68,5,,4.0,10.5
2013/2014,Claude Dielna,Défenseur,AC Ajaccio,26,65,65,0,,0.0,47.4
2013/2014,Sloan Privat,Attaquant,FC Sochaux-Montbéliard,24,70,68,-2,-1,-2.0,2.6
2013/2014,Adama Soumaoro,Défenseur,LOSC Lille,21,59,61,2,,1.0,10.5
2014/2015,Gregory van der Wiel,Défenseur,Paris Saint-Germain,26,75,77,2,0,2.0,57.9
2014/2015,Olivier Sorlin,Milieu,Évian Thonon Gaillard FC,35,73,71,-2,0,-2.0,68.4
2014/2015,Lars Jacobsen,Défenseur,En Avant de Guingamp,35,71,71,0,,0.0,63.2
2014/2015,Mustapha Yatabare,Attaquant,En Avant de Guingamp,28,75,73,-2,6,-2.0,5.3
2014/2015,Francois Clerc,Défenseur,AS Saint-Étienne,31,75,74,-1,1,-1.0,39.5
2014/2015,Renaud Cohade,Milieu,AS Saint-Étienne,30,75,75,0,0,0.0,28.9
2014/2015,Jordan Ferri,Milieu,Olympique Lyonnais,22,71,74,3,8,3.0,78.9
2014/2015,Romain Danze,Défenseur,Stade Rennais FC,28,73,74,1,-1,1.0,76.3
2014/2015,Ricardo Carvalho,Défenseur,AS Monaco,36,77,76,-1,0,-1.0,60.5
2014/2015,Geoffrey Kondogbia,Milieu,AS Monaco,21,75,77,2,-2,2.0,57.9
2014/2015,Yannick Ferreira-Carrasco,Attaquant,AS Monaco,21,73,78,5,1,5.0,86.8
2014/2015,Lamine Kone,Défenseur,FC Lorient,25,72,72,0,0,0.0,78.9
2014/2015,Siaka Tiene,Défenseur,Montpellier Hérault SC,32,73,69,-4,0,-4.0,39.5
2014/2015,Paul Bastien Lasne,Milieu,Montpellier Hérault SC,25,66,71,5,3,5.0,55.3
2014/2015,Morgan Sanson,Milieu,Montpellier Hérault SC,20,71,74,3,8,3.0,78.9
2014/2015,Ludovic Lamine Sane,Défenseur,Girondins de Bordeaux,27,74,76,2,-2,2.0,57.9
2014/2015,Abdou Traore,Milieu,Girondins de Bordeaux,26,70,70,0,3,0.0,21.1
2014/2015,Wahbi Khazri,Milieu,Girondins de Bordeaux,23,75,77,2,3,2.0,76.3
2014/2015,Maxime Dupe,Gardien,FC Nantes,21,62,69,7,6,6.0,15.8
2014/2015,Oswaldo Vizcarrondo,Défenseur,FC Nantes,30,75,76,1,,1.0,94.7
2014/2015,Jordan Veretout,Milieu,FC Nantes,21,71,76,5,3,5.0,94.7
2014/2015,Jerome Le Moigne,Milieu,RC Lens,31,60,67,7,,6.0,81.6
2014/2015,Dario Cvitanich,Attaquant,OGC Nice,30,75,74,-1,0,-1.0,13.2
2014/2015,Etienne Didot,Milieu,Toulouse FC,31,75,75,0,0,0.0,42.1
2014/2015,Nicolas Pallois,Défenseur,Girondins de Bordeaux,27,69,74,5,,5.0,86.8
2014/2015,Zoumana Camara,Défenseur,Paris Saint-Germain,35,73,73,0,-1,0.0,15.8
2014/2015,Maxwell,Défenseur,Paris Saint-Germain,33,77,77,0,0,0.0,63.2
2014/2015,Djibril Sidibe,Défenseur,LOSC Lille,22,70,71,1,3,1.0,60.5
2014/2015,Lamine Gassama,Défenseur,FC Lorient,25,69,70,1,4,1.0,81.6
2014/2015,Benjamin Jeannot,Attaquant,FC Lorient,22,66,71,5,,5.0,65.8
2014/2015,Andre Ayew,Milieu,Olympique de Marseille,25,78,79,1,-3,1.0,71.1
2014/2015,Anthony Mfa Meuzi,Gardien,FC Metz,23,63,66,3,,2.0,42.1
2014/2015,Cheick Doukoure,Milieu,FC Metz,22,60,64,4,,3.0,31.6
2014/2015,Valere Germain,Attaquant,AS Monaco,24,74,74,0,3,0.0,23.7
2014/2015,Lacina Traore,Attaquant,AS Monaco,24,78,76,-2,,-2.0,7.9
2014/2015,Cedric Mongongu,Défenseur,Évian Thonon Gaillard FC,25,71,71,0,1,0.0,50.0
2014/2015,Antoine Conte,Défenseur,Stade de Reims,20,65,70,5,6,5.0,76.3
2014/2015,Carlos Eduardo,Milieu,OGC Nice,25,73,73,0,3,0.0,76.3
2014/2015,Mathieu Philippe Peybernes,Défenseur,SC Bastia,24,70,70,0,0,0.0,63.2
2014/2015,Hervin Ongenda,Milieu,SC Bastia,19,64,67,3,5,2.0,15.8
2014/2015,Henri Bedimo,Défenseur,Olympique Lyonnais,30,76,75,-1,1,-1.0,65.8
2014/2015,Reynald Lemaitre,Défenseur,En Avant de Guingamp,31,68,68,0,0,0.0,31.6
2014/2015,Mathieu Deplagne,Défenseur,Montpellier Hérault SC,23,67,67,0,2,0.0,60.5
2014/2015,Deme N'Diaye,Attaquant,RC Lens,29,62,64,2,,1.0,7.9
2014/2015,Mustapha Diallo,Milieu,En Avant de Guingamp,28,66,70,4,3,4.0,52.6
2014/2015,Vincent Le Goff,Défenseur,FC Lorient,25,61,69,8,,7.0,65.8
2014/2015,Ezequiel Lavezzi,Attaquant,Paris Saint-Germain,29,83,79,-4,-1,-4.0,50.0
2014/2015,Jose Luis Palomino,Défenseur,FC Metz,24,66,67,1,,1.0,55.3
2014/2015,Kevin Lejeune,Milieu,FC Metz,29,68,67,-1,,-1.0,71.1
2014/2015,Florentin Pogba,Défenseur,AS Saint-Étienne,24,68,72,4,,4.0,31.6
2014/2015,Thibaut Vion,Attaquant,FC Metz,21,64,65,1,,0.0,2.6
2014/2015,Wallace,Défenseur,AS Monaco,21,63,72,9,,8.0,28.9
2014/2015,Nicolas Seube,Milieu,SM Caen,35,66,67,1,,1.0,57.9
2014/2015,Mouhamadou Dabo,Défenseur,Olympique Lyonnais,28,72,70,-2,0,-2.0,34.2
2014/2015,Kossi Agassa,Gardien,Stade de Reims,36,78,74,-4,2,-4.0,42.1
2014/2015,Sofiane Boufal,Attaquant,LOSC Lille,21,61,74,13,,12.0,28.9
2014/2015,Landry N'Guemo,Milieu,AS Saint-Étienne,29,75,75,0,2,0.0,28.9
2014/2015,Romain Philippoteaux,Milieu,FC Lorient,26,65,72,7,,7.0,34.2
2015/2016,Alexander Djiku,Défenseur,SC Bastia,21,56,60,4,0,1.0,50.0
2015/2016,Benoit Costil,Gardien,Stade Rennais FC,28,79,81,2,1,1.0,81.6
2015/2016,Sylvain Armand,Défenseur,Stade Rennais FC,35,74,75,1,0,-1.0,86.8
2015/2016,Gregory Sertic,Défenseur,Girondins de Bordeaux,26,75,76,1,0,0.0,2.6
2015/2016,Anthony Weber,Défenseur,Stade de Reims,28,72,72,0,-1,-2.0,50.0
2015/2016,Franck Signorino,Défenseur,Stade de Reims,34,71,70,-1,2,-3.0,76.3
2015/2016,Ibrahim Amadou,Milieu,LOSC Lille,22,64,68,4,,1.0,47.4
2015/2016,Rio Mavuba,Milieu,LOSC Lille,31,79,79,0,-2,-1.0,81.6
2015/2016,Eric Bautheac,Attaquant,LOSC Lille,28,74,75,1,-1,-1.0,65.8
2015/2016,Serge Aurier,Défenseur,Paris Saint-Germain,23,77,81,4,3,3.0,55.3
2015/2016,Thiago Silva,Défenseur,Paris Saint-Germain,31,87,88,1,-1,0.0,76.3
2015/2016,Marco Verratti,Milieu,Paris Saint-Germain,23,83,84,1,4,0.0,28.9
2015/2016,Anthony Lopes,Gardien,Olympique Lyonnais,25,80,82,2,5,1.0,97.4
2015/2016,Samuel Umtiti,Défenseur,Olympique Lyonnais,22,77,80,3,2,2.0,78.9
2015/2016,Corentin Tolisso,Milieu,Olympique Lyonnais,21,73,76,3,12,1.0,73.7
2015/2016,Benjamin Moukandjo,Attaquant,FC Lorient,27,74,77,3,5,1.0,68.4
2015/2016,Steve Mandanda,Gardien,Olympique de Marseille,30,82,83,1,0,0.0,94.7
2015/2016,Bryan Dabo,Milieu,Montpellier Hérault SC,23,70,73,3,7,1.0,84.2
2015/2016,Romain Saiss,Milieu,Angers SCO,25,64,75,11,,8.0,92.1
2015/2016,Koffi Djidji,Défenseur,FC Nantes,23,64,72,8,0,5.0,52.6
2015/2016,Jonas Loessl,Gardien,En Avant de Guingamp,26,73,76,3,8,1.0,97.4
2015/2016,Christophe Kerbrat,Défenseur,En Avant de Guingamp,29,74,74,0,3,-2.0,76.3
2015/2016,Vincent Koziello,Milieu,OGC Nice,20,58,72,14,,11.0,84.2
2015/2016,Danijel Subasic,Gardien,AS Monaco,31,80,81,1,5,0.0,94.7
2015/2016,Fabinho,Défenseur,AS Monaco,22,75,78,3,2,2.0,89.5
2015/2016,Andrea Raggi,Défenseur,AS Monaco,31,76,79,3,2,2.0,76.3
2015/2016,Marcel Tisserand,Défenseur,Toulouse FC,22,69,72,3,6,1.0,84.2
2015/2016,Jean-Armel Kana-Biyik,Défenseur,Toulouse FC,26,75,74,-1,0,-2.0,44.7
2015/2016,Damjan Djokovic,Milieu,GFC Ajaccio,25,64,66,2,,-1.0,68.4
2015/2016,Yoan Cardinale,Gardien,OGC Nice,21,58,70,12,,9.0,65.8
2015/2016,Ricardo Pereira,Défenseur,OGC Nice,22,70,74,4,1,2.0,68.4
2015/2016,Clement Maury,Gardien,GFC Ajaccio,30,61,70,9,,6.0,89.5
2015/2016,Steeve Yago,Défenseur,Toulouse FC,23,68,68,0,1,-2.0,42.1
2015/2016,Diego Rolan,Attaquant,Girondins de Bordeaux,22,74,77,3,3,1.0,57.9
2015/2016,Lorik Cana,Défenseur,FC Nantes,32,76,76,0,-1,-1.0,52.6
2015/2016,Alexandre Raineau,Défenseur,SM Caen,29,64,65,1,,-2.0,7.9
2015/2016,Herve Bazile,Milieu,SM Caen,25,68,70,2,,0.0,28.9
2015/2016,Michael Jordan N'Kololo,Milieu,SM Caen,23,62,66,4,,1.0,13.2
2015/2016,Arnold Bouka Moutou,Défenseur,Angers SCO,27,65,70,5,,3.0,31.6
2015/2016,Niklas Hult,Milieu,OGC Nice,25,68,72,4,0,2.0,23.7
2015/2016,Valentin Lavigne,Attaquant,FC Lorient,21,67,69,2,7,0.0,2.6
2015/2016,Christopher Maboulou,Attaquant,SC Bastia,25,70,71,1,6,-1.0,5.3
2015/2016,Jean-Kevin Augustin,Attaquant,Paris Saint-Germain,18,61,69,8,,5.0,10.5
2015/2016,Kevin Berigaud,Attaquant,Montpellier Hérault SC,27,71,70,-1,0,-3.0,26.3
2015/2016,Pierrick Capelle,Milieu,Angers SCO,28,64,69,5,,2.0,39.5
2015/2016,Rachid Ghezzal,Attaquant,Olympique Lyonnais,23,70,74,4,1,2.0,42.1
2015/2016,Hamadou Karamoko,Défenseur,FC Lorient,20,56,58,2,,-1.0,7.9
2015/2016,Rafidine Abdullah,Milieu,FC Lorient,21,67,68,1,5,-1.0,15.8
2015/2016,Mickael Le Bihan,Attaquant,OGC Nice,25,68,71,3,,1.0,2.6
2012/2013,Sebastian Mielitz,Gardien,SV Werder Bremen,23,72,73,1,,1.0,100.0
2012/2013,Sokratis Papastathopoulos,Défenseur,SV Werder Bremen,24,76,79,3,,3.0,85.3
2012/2013,Julian Draxler,Milieu,FC Schalke 04,19,74,78,4,,4.0,70.6
2012/2013,Christian Gentner,Milieu,VfB Stuttgart,27,74,76,2,,2.0,100.0
2012/2013,Fagner,Défenseur,VfL Wolfsburg,23,69,72,3,,3.0,70.6
2012/2013,Matthias Ginter,Défenseur,SC Freiburg,18,62,72,10,,8.0,61.8
2012/2013,Fallou Diagne,Défenseur,SC Freiburg,23,69,76,7,,7.0,85.3
2012/2013,Jan Kirchhoff,Milieu,1. FSV Mainz 05,22,71,73,2,,2.0,26.5
2012/2013,Marco Caligiuri,Milieu,1. FSV Mainz 05,28,71,71,0,,0.0,38.2
2012/2013,Julian Baumgartlinger,Milieu,1. FSV Mainz 05,24,71,75,4,,4.0,91.2
2012/2013,Simon Jentzsch,Gardien,FC Augsburg,36,74,74,0,,0.0,14.7
2012/2013,Andreas Ottl,Milieu,FC Augsburg,27,73,71,-2,,-2.0,29.4
2012/2013,Per Nilsson,Défenseur,1. FC Nürnberg,30,71,73,2,,2.0,85.3
2012/2013,Olivier Occean,Attaquant,Eintracht Frankfurt,31,70,70,0,,0.0,29.4
2012/2013,Michal Kadlec,Défenseur,Bayer 04 Leverkusen,28,76,76,0,,0.0,41.2
2012/2013,Stefan Reinartz,Milieu,Bayer 04 Leverkusen,23,76,77,1,,1.0,85.3
2012/2013,Andre Schuerrle,Attaquant,Bayer 04 Leverkusen,22,79,80,1,,1.0,100.0
2012/2013,Sebastian Tyrala,Milieu,SpVgg Greuther Fürth,24,67,64,-3,,-3.0,2.9
2012/2013,Jerome Boateng,Défenseur,FC Bayern Munich,24,79,79,0,,0.0,73.5
2012/2013,Luiz Gustavo,Milieu,FC Bayern Munich,25,80,81,1,,1.0,47.1
2012/2013,Arjen Robben,Milieu,FC Bayern Munich,28,89,87,-2,,-2.0,32.4
2012/2013,Haavard Nordtveit,Milieu,Borussia Mönchengladbach,22,73,75,2,,2.0,88.2
2012/2013,Luuk de Jong,Attaquant,Borussia Mönchengladbach,22,78,79,1,,1.0,50.0
2012/2013,Matthieu Delpierre,Défenseur,TSG 1899 Hoffenheim,31,76,73,-3,,-3.0,64.7
2012/2013,Roberto Firmino,Milieu,TSG 1899 Hoffenheim,21,77,77,0,,0.0,85.3
2012/2013,Gotoku Sakai,Défenseur,VfB Stuttgart,21,67,74,7,,7.0,79.4
2012/2013,Georg Niedermaier,Défenseur,VfB Stuttgart,26,73,75,2,,2.0,73.5
2012/2013,Oscar Wendt,Défenseur,Borussia Mönchengladbach,27,73,74,1,,1.0,61.8
2012/2013,Juanan,Défenseur,Fortuna Düsseldorf,25,65,66,1,,1.0,38.2
2012/2013,Christian Schulz,Défenseur,Hannover 96,29,75,75,0,,0.0,52.9
2012/2013,Szabolcs Huszti,Milieu,Hannover 96,29,76,78,2,,2.0,55.9
2012/2013,Kevin Vogt,Milieu,FC Augsburg,21,65,69,4,,4.0,58.8
2012/2013,Timo Gebhart,Milieu,1. FC Nürnberg,23,76,75,-1,,-1.0,35.3
2012/2013,Josue,Milieu,VfL Wolfsburg,33,76,75,-1,,-1.0,38.2
2012/2013,Jannik Vestergaard,Défenseur,TSG 1899 Hoffenheim,20,67,72,5,,5.0,41.2
2012/2013,Franck Ribery,Milieu,FC Bayern Munich,29,89,90,1,,1.0,70.6
2012/2013,Lasse Sobiech,Défenseur,SpVgg Greuther Fürth,21,67,69,2,,2.0,50.0
2012/2013,Mohamed Amsif,Gardien,FC Augsburg,23,68,71,3,,3.0,50.0
2012/2013,Stefan Reisinger,Milieu,Fortuna Düsseldorf,31,71,72,1,,1.0,44.1
2012/2013,Christopher Noethe,Milieu,SpVgg Greuther Fürth,24,70,68,-2,,-2.0,14.7
2012/2013,Christoph Moritz,Milieu,FC Schalke 04,22,72,72,0,,0.0,5.9
2012/2013,Andre Hoffmann,Milieu,Hannover 96,19,62,69,7,,5.0,41.2
2012/2013,Ivo Ilicevic,Milieu,Hamburger SV,26,77,74,-3,,-3.0,11.8
2012/2013,Felipe,Défenseur,VfB Stuttgart,25,74,73,-1,,-1.0,8.8
2012/2013,Heurelho Gomes,Gardien,TSG 1899 Hoffenheim,31,77,77,0,,0.0,26.5
2012/2013,Tranquillo Barnetta,Milieu,FC Schalke 04,27,79,76,-3,,-3.0,5.9
2012/2013,Slobodan Rajkovic,Défenseur,Hamburger SV,23,73,73,0,,0.0,17.6
2012/2013,Michael Parkhurst,Défenseur,FC Augsburg,28,66,67,1,,1.0,2.9
2012/2013,Julian Schieber,Attaquant,Borussia Dortmund,23,76,76,0,,0.0,17.6
2012/2013,Tayfun Pektuerk,Milieu,SpVgg Greuther Fürth,24,64,65,1,,-1.0,2.9
2012/2013,Stephan Hain,Attaquant,FC Augsburg,24,67,67,0,,0.0,8.8
2013/2014,David Alaba,Défenseur,FC Bayern Munich,21,79,82,3,3,3.0,76.5
2013/2014,Martin Stranzl,Défenseur,Borussia Mönchengladbach,33,78,79,1,2,1.0,88.2
2013/2014,Raffael,Attaquant,Borussia Mönchengladbach,28,77,80,3,0,3.0,100.0
2013/2014,Ibrahima Traore,Milieu,VfB Stuttgart,25,76,76,0,4,0.0,58.8
2013/2014,Koen Casteels,Gardien,TSG 1899 Hoffenheim,21,66,71,5,2,5.0,67.6
2013/2014,Sebastian Rudy,Milieu,TSG 1899 Hoffenheim,23,75,75,0,-2,0.0,76.5
2013/2014,Markus Feulner,Milieu,1. FC Nürnberg,31,74,74,0,0,0.0,58.8
2013/2014,Hanno Balitsch,Milieu,1. FC Nürnberg,32,74,72,-2,0,-2.0,32.4
2013/2014,Timo Hildebrand,Gardien,FC Schalke 04,34,75,73,-2,1,-2.0,35.3
2013/2014,Atsuto Uchida,Défenseur,FC Schalke 04,25,74,74,0,2,0.0,50.0
2013/2014,Christian Clemens,Milieu,FC Schalke 04,22,73,73,0,,0.0,17.6
2013/2014,Milan Badelj,Milieu,Hamburger SV,24,76,76,0,1,0.0,85.3
2013/2014,Stefan Kiessling,Attaquant,Bayer 04 Leverkusen,29,80,81,1,2,1.0,88.2
2013/2014,Diego Benaglio,Gardien,VfL Wolfsburg,30,80,80,0,2,0.0,85.3
2013/2014,Timm Klose,Défenseur,VfL Wolfsburg,25,76,74,-2,5,-2.0,14.7
2013/2014,Jan Polak,Milieu,VfL Wolfsburg,32,74,72,-2,0,-2.0,23.5
2013/2014,Ivica Olic,Attaquant,VfL Wolfsburg,34,78,79,1,-1,1.0,82.4
2013/2014,Andre Hahn,Milieu,FC Augsburg,23,65,73,8,,8.0,88.2
2013/2014,Raphael Holzhauser,Milieu,FC Augsburg,20,69,69,0,7,0.0,20.6
2013/2014,Kevin Grosskreutz,Défenseur,Borussia Dortmund,25,75,76,1,-2,1.0,91.2
2013/2014,Felix Kroos,Milieu,SV Werder Bremen,22,64,69,5,-2,4.0,38.2
2013/2014,Cedric Makiadi,Milieu,SV Werder Bremen,29,75,74,-1,2,-1.0,76.5
2013/2014,Aaron Hunt,Attaquant,SV Werder Bremen,27,79,78,-1,4,-1.0,91.2
2013/2014,Thomas Kraft,Gardien,Hertha BSC Berlin,25,75,76,1,,1.0,94.1
2013/2014,Fabian Lustenberger,Défenseur,Hertha BSC Berlin,25,73,76,3,,3.0,55.9
2013/2014,Sami Allagui,Milieu,Hertha BSC Berlin,27,72,73,1,,1.0,67.6
2013/2014,Adrian Ramos,Attaquant,Hertha BSC Berlin,27,75,79,4,,4.0,88.2
2013/2014,Jan Rosenthal,Milieu,Eintracht Frankfurt,27,74,73,-1,0,-1.0,20.6
2013/2014,Vladimir Darida,Milieu,SC Freiburg,23,77,76,-1,,-1.0,61.8
2013/2014,Mirko Boland,Milieu,Eintracht Braunschweig,26,72,72,0,,0.0,85.3
2013/2014,Assani Lukimya-Mulongoti,Défenseur,SV Werder Bremen,27,74,72,-2,2,-2.0,52.9
2013/2014,Javier Martinez,Milieu,FC Bayern Munich,25,83,84,1,1,1.0,41.2
2013/2014,Jens Hegeler,Attaquant,Bayer 04 Leverkusen,25,73,75,2,0,2.0,17.6
2013/2014,Eric Durm,Défenseur,Borussia Dortmund,21,62,71,9,,8.0,41.2
2013/2014,Tomas Rincon,Milieu,Hamburger SV,25,74,73,-1,-1,-1.0,50.0
2013/2014,Manuel Schmiedebach,Milieu,Hannover 96,25,75,74,-1,-1,-1.0,55.9
2013/2014,Jan Schlaudraff,Milieu,Hannover 96,30,77,76,-1,-1,-1.0,11.8
2013/2014,Sven Schipplock,Attaquant,TSG 1899 Hoffenheim,25,70,72,2,3,2.0,20.6
2013/2014,Michael Mancienne,Défenseur,Hamburger SV,25,72,71,-1,1,-1.0,35.3
2013/2014,Jens Grahl,Gardien,TSG 1899 Hoffenheim,25,64,68,4,,3.0,32.4
2013/2014,Frantisek Rajtoral,Défenseur,Hannover 96,27,76,73,-3,,-3.0,20.6
2013/2014,Branimir Hrgota,Milieu,Borussia Mönchengladbach,20,67,68,1,,1.0,8.8
2013/2014,Robert Tesche,Milieu,Hamburger SV,26,71,70,-1,-1,-1.0,8.8
2013/2014,Sebastian Kerk,Milieu,SC Freiburg,19,60,64,4,,3.0,5.9
2013/2014,Christian Wetklo,Gardien,1. FSV Mainz 05,33,73,71,-2,-1,-2.0,2.9
2014/2015,Dante,Défenseur,FC Bayern Munich,31,84,81,-3,0,-3.0,61.8
2014/2015,Joshua Guilavogui,Milieu,VfL Wolfsburg,24,74,77,3,1,3.0,61.8
2014/2015,Milos Jojic,Milieu,Borussia Dortmund,22,74,74,0,,0.0,14.7
2014/2015,Emir Spahic,Défenseur,Bayer 04 Leverkusen,34,79,79,0,2,0.0,64.7
2014/2015,Tony Jantschke,Défenseur,Borussia Mönchengladbach,24,76,78,2,2,2.0,91.2
2014/2015,Oliver Baumann,Gardien,TSG 1899 Hoffenheim,24,78,78,0,0,0.0,100.0
2014/2015,Ermin Bicakcic,Défenseur,TSG 1899 Hoffenheim,24,73,75,2,1,2.0,70.6
2014/2015,Niklas Suele,Défenseur,TSG 1899 Hoffenheim,19,69,75,6,11,6.0,44.1
2014/2015,Tim Matavz,Attaquant,FC Augsburg,25,73,72,-1,-1,-1.0,11.8
2014/2015,Marcelo,Défenseur,Hannover 96,27,71,73,2,-1,2.0,100.0
2014/2015,Leon Andreasen,Milieu,Hannover 96,31,74,75,1,1,1.0,32.4
2014/2015,Sidney Sam,Milieu,FC Schalke 04,26,81,78,-3,4,-3.0,20.6
2014/2015,Peter Pekarik,Défenseur,Hertha BSC Berlin,28,74,74,0,2,0.0,88.2
2014/2015,Nico Schulz,Défenseur,Hertha BSC Berlin,21,71,72,1,3,1.0,70.6
2014/2015,Peter Niemeyer,Milieu,Hertha BSC Berlin,31,71,70,-1,-1,-1.0,26.5
2014/2015,Raphael Wolf,Gardien,SV Werder Bremen,26,71,70,-1,3,-1.0,79.4
2014/2015,Zlatko Junuzovic,Milieu,SV Werder Bremen,27,75,77,2,0,2.0,94.1
2014/2015,Izet Hajrovic,Attaquant,SV Werder Bremen,23,75,73,-2,1,-2.0,23.5
2014/2015,Julian Schuster,Milieu,SC Freiburg,29,74,72,-2,-1,-2.0,52.9
2014/2015,Dominic Maroh,Défenseur,1. FC Köln,27,72,73,1,,1.0,76.5
2014/2015,Suleyman Koc,Milieu,SC Paderborn 07,25,64,69,5,,4.0,67.6
2014/2015,Marvin Bakalorz,Milieu,SC Paderborn 07,25,68,69,1,,1.0,76.5
2014/2015,Stefan Kutschke,Attaquant,SC Paderborn 07,26,63,65,2,,1.0,20.6
2014/2015,Marco Hoeger,Milieu,FC Schalke 04,25,76,77,1,0,1.0,76.5
2014/2015,Christoph Kramer,Milieu,Borussia Mönchengladbach,23,75,77,2,8,2.0,82.4
2014/2015,Patrick Herrmann,Milieu,Borussia Mönchengladbach,23,77,78,1,1,1.0,76.5
2014/2015,Junior Diaz,Défenseur,1. FSV Mainz 05,31,71,72,1,0,1.0,50.0
2014/2015,Jimmy Briand,Milieu,Hannover 96,29,75,73,-2,0,-2.0,73.5
2014/2015,Slobodan Medojevic,Milieu,Eintracht Frankfurt,24,72,72,0,4,0.0,29.4
2014/2015,Dusan Svento,Milieu,1. FC Köln,29,62,69,7,,6.0,35.3
2014/2015,Neven Subotic,Défenseur,Borussia Dortmund,26,82,81,-1,0,-1.0,70.6
2014/2015,Stefan Thesker,Défenseur,Hannover 96,23,66,66,0,1,0.0,2.9
2014/2015,Yannick Gerhardt,Milieu,1. FC Köln,20,68,70,2,,2.0,26.5
2014/2015,Michael Heinloth,Défenseur,SC Paderborn 07,22,62,67,5,,4.0,55.9
2014/2015,Carlos Gruezo,Milieu,VfB Stuttgart,19,69,70,1,,1.0,17.6
2014/2015,Marcel Schmelzer,Défenseur,Borussia Dortmund,26,78,78,0,0,0.0,64.7
2014/2015,Petr Jiracek,Milieu,Hamburger SV,28,72,73,1,-3,1.0,26.5
2014/2015,Sebastian Rode,Milieu,FC Bayern Munich,24,77,78,1,1,1.0,23.5
2014/2015,Melvyn Lorenzen,Attaquant,SV Werder Bremen,20,60,61,1,,0.0,5.9
2014/2015,Slawomir Peszko,Milieu,1. FC Köln,29,71,71,0,,0.0,29.4
2014/2015,Christoph Janker,Défenseur,FC Augsburg,29,68,66,-2,-1,-2.0,2.9
2014/2015,Mats Moeller Daehli,Attaquant,SC Freiburg,19,68,71,3,,3.0,5.9
2015/2016,Thomas Mueller,Milieu,FC Bayern Munich,26,86,86,0,1,-1.0,76.5
2015/2016,Mats Hummels,Défenseur,Borussia Dortmund,27,86,86,0,1,-1.0,85.3
2015/2016,Ilkay Guendogan,Milieu,Borussia Dortmund,25,82,84,2,-1,1.0,64.7
2015/2016,Bernd Leno,Gardien,Bayer 04 Leverkusen,23,83,83,0,1,-1.0,97.1
2015/2016,Ricardo Rodriguez,Défenseur,VfL Wolfsburg,23,81,82,1,2,0.0,67.6
2015/2016,Bas Dost,Attaquant,VfL Wolfsburg,26,77,79,2,1,1.0,41.2
2015/2016,Makoto Hasebe,Milieu,Eintracht Frankfurt,31,74,74,0,0,-2.0,91.2
2015/2016,Daniel Baier,Milieu,FC Augsburg,31,78,79,1,2,0.0,82.4
2015/2016,Tobias Werner,Milieu,FC Augsburg,30,74,73,-1,1,-3.0,20.6
2015/2016,Raul Marcelo Bobadilla,Attaquant,FC Augsburg,28,75,78,3,1,2.0,55.9
2015/2016,Marvin Plattenhardt,Défenseur,Hertha BSC Berlin,23,72,76,4,-1,2.0,97.1
2015/2016,Valentin Stocker,Milieu,Hertha BSC Berlin,26,78,76,-2,-1,-3.0,29.4
2015/2016,Theodor Gebre Selassie,Défenseur,SV Werder Bremen,29,73,75,2,1,0.0,97.1
2015/2016,Ulisses Garcia,Milieu,SV Werder Bremen,19,61,63,2,,-1.0,20.6
2015/2016,Ralf Faehrmann,Gardien,FC Schalke 04,27,79,83,4,2,3.0,100.0
2015/2016,Fabian Frei,Milieu,1. FSV Mainz 05,26,73,75,2,-1,0.0,32.4
2015/2016,Yunus Malli,Milieu,1. FSV Mainz 05,23,72,78,6,2,4.0,97.1
2015/2016,Konstantin Engel,Défenseur,FC Ingolstadt 04,27,65,67,2,,0.0,5.9
2015/2016,Moritz Hartmann,Attaquant,FC Ingolstadt 04,29,66,70,4,,2.0,70.6
2015/2016,Marcel Heller,Milieu,SV Darmstadt 98,29,69,74,5,,3.0,97.1
2015/2016,Felix Klaus,Milieu,Hannover 96,23,71,72,1,2,-1.0,26.5
2015/2016,Rafinha,Défenseur,FC Bayern Munich,30,77,78,1,0,0.0,52.9
2015/2016,Daniel Schwaab,Défenseur,VfB Stuttgart,27,74,74,0,0,-2.0,76.5
2015/2016,Benedikt Hoewedes,Défenseur,FC Schalke 04,27,82,83,1,1,0.0,29.4
2015/2016,Alexander Meier,Attaquant,Eintracht Frankfurt,32,78,78,0,2,-1.0,55.9
2015/2016,Nicolai Mueller,Milieu,Hamburger SV,28,75,75,0,-2,-1.0,79.4
2015/2016,Rune Almenning Jarstein,Gardien,Hertha BSC Berlin,31,70,76,6,-1,4.0,82.4
2015/2016,Sebastian Jung,Défenseur,VfL Wolfsburg,25,76,76,0,0,-1.0,14.7
2015/2016,Joshua Kimmich,Défenseur,FC Bayern Munich,20,67,74,7,,5.0,44.1
2015/2016,Odisseas Vlachodimos,Gardien,VfB Stuttgart,21,63,64,1,,-2.0,5.9
2015/2016,Alexandru Maxim,Milieu,VfB Stuttgart,25,76,76,0,-1,-1.0,26.5
2015/2016,Claudio Pizarro,Attaquant,SV Werder Bremen,37,78,77,-1,-1,-2.0,50.0
2015/2016,Holger Badstuber,Défenseur,FC Bayern Munich,26,80,80,0,-1,-1.0,14.7
2015/2016,Thorgan Hazard,Attaquant,Borussia Mönchengladbach,22,77,78,1,1,0.0,55.9
2015/2016,Hugo Almeida,Attaquant,Hannover 96,31,76,75,-1,0,-2.0,14.7
2015/2016,Gaetan Bussmann,Défenseur,1. FSV Mainz 05,24,70,73,3,3,1.0,38.2
2015/2016,Mergim Mavraj,Défenseur,1. FC Köln,29,71,73,2,2,0.0,32.4
2015/2016,Marco Fabian,Milieu,Eintracht Frankfurt,26,72,73,1,,-1.0,26.5
2015/2016,Kaan Ayhan,Défenseur,Eintracht Frankfurt,21,68,71,3,5,1.0,2.9
2015/2016,Juan Bernat,Défenseur,FC Bayern Munich,22,77,79,2,6,1.0,38.2
2015/2016,Sandro Sirigu,Milieu,SV Darmstadt 98,27,63,67,4,,1.0,2.9
2015/2016,Moritz Leitner,Milieu,Borussia Dortmund,23,73,73,0,-1,-2.0,5.9
2012/2013,Victor Hugo Montano,Attaquant,Stade Rennais FC,28,77,72,-5,,-5.0,7.9
2012/2013,John Mensah,Défenseur,Stade Rennais FC,30,73,71,-2,,-2.0,7.9
2012/2013,Johann Durand,Gardien,Évian Thonon Gaillard FC,31,58,59,1,,-1.0,2.6
2012/2013,Sebastien Grax,Attaquant,ES Troyes AC,28,64,64,0,,-2.0,7.9
2012/2013,Ryan Mendes,Attaquant,LOSC Lille,22,71,70,-1,,-1.0,7.9
2013/2014,Florent Ghisolfi,Milieu,Stade de Reims,28,63,64,1,4,0.0,2.6
2015/2016,Gregory Bourillon,Milieu,Angers SCO,31,69,66,-3,0,-5.0,15.8
2015/2016,Maxime Baca,Défenseur,En Avant de Guingamp,32,69,70,1,0,-1.0,5.3
2015/2016,Johan Carrasso,Gardien,Stade de Reims,27,70,66,-4,1,-6.0,26.3
2015/2016,Yrondu Musavu-King,Défenseur,FC Lorient,23,63,69,6,,3.0,5.3
2015/2016,Hugo Rodriguez,Milieu,Stade de Reims,24,62,63,1,,-2.0,5.3
2015/2016,Anthony Walongwa,Défenseur,FC Nantes,22,60,62,2,,-1.0,2.6
2015/2016,Quentin Cornette,Milieu,Montpellier Hérault SC,21,61,64,3,,0.0,2.6
2012/2013,Sotirios Kyrgiakos,Défenseur,VfL Wolfsburg,33,74,71,-3,,-3.0,2.9
2012/2013,Leonardo Bittencourt,Milieu,Borussia Dortmund,19,64,69,5,,3.0,5.9
2013/2014,Tom Starke,Gardien,FC Bayern Munich,32,76,76,0,-1,0.0,5.9
2013/2014,Sandro Wagner,Attaquant,Hertha BSC Berlin,26,69,69,0,,0.0,14.7
2013/2014,Mitchell Weiser,Défenseur,FC Bayern Munich,19,66,66,0,,0.0,5.9
2014/2015,Srdjan Lakic,Attaquant,SC Paderborn 07,31,72,72,0,,0.0,29.4
2014/2015,Stefanos Kapinos,Gardien,1. FSV Mainz 05,20,72,72,0,,0.0,2.9
2014/2015,Leon Goretzka,Milieu,FC Schalke 04,19,71,73,2,4,2.0,8.8
2014/2015,Oezkan Yildirim,Attaquant,SV Werder Bremen,21,67,66,-1,1,-1.0,2.9
2015/2016,Anis Ben-Hatira,Milieu,Eintracht Frankfurt,27,72,74,2,-2,0.0,20.6
2015/2016,Johannes van den Bergh,Milieu,Hertha BSC Berlin,29,70,70,0,-2,-2.0,2.9
2015/2016,Thomas Kessler,Gardien,1. FC Köln,29,69,69,0,0,-2.0,2.9
2012/2013,Amoreirinha,Défenseur,Vitória Setúbal,28,67,65,-2,,-2.0,23.3
2012/2013,Eduardo Salvio,Milieu,SL Benfica,22,77,78,1,,1.0,96.7
2012/2013,Ismaily,Défenseur,SC Braga,22,66,71,5,,5.0,33.3
2012/2013,Cassio,Gardien,FC Paços de Ferreira,32,67,71,4,,4.0,100.0
2012/2013,Tony,Défenseur,FC Paços de Ferreira,32,67,67,0,,0.0,70.0
2012/2013,Ricardo,Défenseur,FC Paços de Ferreira,32,69,72,3,,3.0,96.7
2012/2013,Goldim Diego Gaucho,Défenseur,Moreirense FC,31,67,64,-3,,-3.0,40.0
2012/2013,Nildo Petrolina,Milieu,SC Beira Mar,26,65,72,7,,7.0,93.3
2012/2013,Joao Real,Défenseur,Académica de Coimbra,29,63,66,3,,1.0,43.3
2012/2013,Jean Paul Yontcha,Attaquant,S.C. Olhanense,29,66,65,-1,,-1.0,26.7
2012/2013,Mahamadou N'Diaye,Défenseur,Vitória Guimarães,22,71,72,1,,1.0,43.3
2012/2013,Jean Barrientos,Milieu,Vitória Guimarães,22,68,69,1,,1.0,36.7
2012/2013,Cedric Soares,Défenseur,Sporting CP,21,66,71,5,,5.0,43.3
2012/2013,Claudio,Défenseur,Gil Vicente FC,35,66,70,4,,4.0,76.7
2012/2013,Jackson Martinez,Attaquant,FC Porto,26,74,80,6,,6.0,100.0
2012/2013,Ukra,Attaquant,Rio Ave FC,24,74,74,0,,0.0,76.7
2012/2013,Eric Dier,Milieu,Sporting CP,18,72,70,-2,,-2.0,40.0
2012/2013,Stijn Schaars,Milieu,Sporting CP,28,77,76,-1,,-1.0,23.3
2012/2013,Mateus,Attaquant,CD Nacional,28,70,74,4,,4.0,53.3
2012/2013,Ricardo Silva,Défenseur,Vitória Setúbal,37,70,65,-5,,-5.0,10.0
2012/2013,Vitor Gomes,Milieu,Rio Ave FC,25,67,69,2,,2.0,3.3
2012/2013,Bruno China,Milieu,Académica de Coimbra,30,70,68,-2,,-2.0,53.3
2012/2013,Joao Vilela,Milieu,Gil Vicente FC,27,65,65,0,,0.0,46.7
2012/2013,Nuno Santos,Défenseur,FC Paços de Ferreira,32,60,62,2,,0.0,23.3
2012/2013,Hugo Vieira,Attaquant,Gil Vicente FC,24,72,74,2,,2.0,43.3
2012/2013,Valentine Viola,Attaquant,Sporting CP,21,67,70,3,,3.0,10.0
2013/2014,Paulo Jorge,Défenseur,CF Os Belenenses,32,64,64,0,,-1.0,13.3
2013/2014,Anderson Luis,Défenseur,Estoril Praia,25,67,67,0,,0.0,20.0
2013/2014,Joao Pedro,Attaquant,Estoril Praia,26,64,65,1,,0.0,3.3
2013/2014,Marco Matias,Attaquant,Vitória Guimarães,24,65,71,6,,6.0,66.7
2013/2014,Jander,Défenseur,S.C. Olhanense,25,69,69,0,6,0.0,66.7
2013/2014,Agon Mehmeti,Attaquant,S.C. Olhanense,24,66,65,-1,,-1.0,46.7
2013/2014,Jose Sa,Gardien,CS Marítimo,20,67,68,1,,1.0,26.7
2013/2014,Marcio Nascimento Rozario,Défenseur,CS Marítimo,30,70,69,-1,1,-1.0,70.0
2013/2014,Bruno Cortez,Défenseur,SL Benfica,26,72,70,-2,,-2.0,20.0
2013/2014,Ruben Amorim,Milieu,SL Benfica,28,74,76,2,-2,2.0,13.3
2013/2014,Nicolas Gaitan,Milieu,SL Benfica,25,81,82,1,-2,1.0,80.0
2013/2014,Sergio Oliveira,Milieu,FC Paços de Ferreira,21,69,68,-1,,-1.0,63.3
2013/2014,Manuel Jose,Milieu,FC Paços de Ferreira,32,70,68,-2,1,-2.0,36.7
2013/2014,Mauricio,Défenseur,Sporting CP,25,72,76,4,,4.0,93.3
2013/2014,Wilson Eduardo,Attaquant,Sporting CP,23,73,73,0,0,0.0,40.0
2013/2014,Nuno Henrique,Défenseur,FC Arouca,27,70,70,0,0,0.0,3.3
2013/2014,Helton,Gardien,FC Porto,35,81,80,-1,-1,-1.0,76.7
2013/2014,Eder,Attaquant,SC Braga,26,78,76,-2,6,-2.0,33.3
2013/2014,Maicon,Défenseur,FC Porto,25,78,78,0,4,0.0,50.0
2013/2014,Joao Diogo,Défenseur,CS Marítimo,25,63,64,1,5,0.0,70.0
2013/2014,Joao Ribeiro,Milieu,S.C. Olhanense,26,69,66,-3,,-3.0,26.7
2013/2014,Anibal Capela,Défenseur,Académica de Coimbra,22,67,67,0,,0.0,53.3
2013/2014,Fernando Alexandre,Milieu,Académica de Coimbra,28,69,70,1,-1,1.0,76.7
2013/2014,Joao Pedro,Milieu,CF Os Belenenses,27,70,69,-1,,-1.0,60.0
2013/2014,Serginho,Attaquant,FC Arouca,22,66,66,0,8,0.0,20.0
2013/2014,Paolo Hurtado,Attaquant,FC Paços de Ferreira,23,72,70,-2,,-2.0,16.7
2013/2014,Ivan Piris,Défenseur,Sporting CP,24,71,70,-1,1,-1.0,20.0
2013/2014,Goncalo Brandao,Défenseur,CF Os Belenenses,27,69,66,-3,,-3.0,26.7
2013/2014,Rudy,Milieu,CF Os Belenenses,24,68,68,0,-1,0.0,10.0
2013/2014,Miralem Sulejmani,Attaquant,SL Benfica,25,74,74,0,,0.0,6.7
2014/2015,Rafael Lopes,Attaquant,Académica de Coimbra,23,65,66,1,-1,1.0,73.5
2014/2015,Diego Galo,Défenseur,FC Arouca,30,66,69,3,,3.0,88.2
2014/2015,Andre Claro,Attaquant,FC Arouca,23,66,67,1,,1.0,50.0
2014/2015,Vagner,Gardien,Estoril Praia,28,72,73,1,1,1.0,29.4
2014/2015,Cafu,Milieu,Vitória Guimarães,21,64,66,2,,1.0,64.7
2014/2015,Prince Desir Gouano,Défenseur,Rio Ave FC,21,62,68,6,7,5.0,76.5
2014/2015,Filipe Ferreira,Défenseur,CF Os Belenenses,24,65,66,1,,1.0,64.7
2014/2015,Stanislav Kritsyuk,Gardien,SC Braga,24,63,68,5,0,4.0,32.4
2014/2015,Andre Pinto,Défenseur,SC Braga,25,68,73,5,0,5.0,97.1
2014/2015,Marcelo Goiano,Défenseur,SC Braga,27,66,68,2,,2.0,14.7
2014/2015,Tiago Gomes,Défenseur,SC Braga,28,68,70,2,3,2.0,47.1
2014/2015,Custodio,Milieu,SC Braga,31,74,71,-3,-1,-3.0,14.7
2014/2015,Oliver Torres,Milieu,FC Porto,20,74,76,2,,2.0,64.7
2014/2015,Hector Herrera,Milieu,FC Porto,24,74,78,4,0,4.0,82.4
2014/2015,Ricardo Quaresma,Attaquant,FC Porto,31,80,80,0,1,0.0,58.8
2014/2015,Yacine Brahimi,Attaquant,FC Porto,24,75,79,4,1,4.0,73.5
2014/2015,Patrick Bauer,Défenseur,CS Marítimo,22,66,67,1,2,1.0,85.3
2014/2015,Ruben Ferreira,Défenseur,CS Marítimo,24,72,73,1,1,1.0,82.4
2014/2015,Zainadine Junior,Défenseur,CD Nacional,26,69,70,1,,1.0,94.1
2014/2015,Ali Ghazal,Milieu,CD Nacional,22,72,74,2,10,2.0,82.4
2014/2015,Mario Rondon,Attaquant,CD Nacional,28,73,73,0,1,0.0,50.0
2014/2015,Pawel Kieszek,Gardien,Estoril Praia,30,70,71,1,0,1.0,70.6
2014/2015,Ahmed Hassan Koka,Attaquant,Rio Ave FC,21,68,73,5,1,5.0,50.0
2014/2015,Paulo Oliveira,Défenseur,Sporting CP,22,73,77,4,7,4.0,76.5
2014/2015,Adama Francois,Défenseur,Vitória Setúbal,25,65,65,0,,0.0,76.5
2014/2015,Kleber Pinheiro,Attaquant,Estoril Praia,24,69,70,1,,1.0,55.9
2014/2015,Kiko,Défenseur,Vitória Setúbal,21,61,64,3,-2,2.0,29.4
2014/2015,Bryan Cristante,Milieu,SL Benfica,19,67,71,4,4,4.0,2.9
2014/2015,Rodrigo Andres Battaglia,Milieu,Moreirense FC,23,65,68,3,,3.0,55.9
2014/2015,Ricardo Gomes,Attaquant,Vitória Guimarães,23,62,64,2,,1.0,5.9
2014/2015,Marinho,Milieu,Académica de Coimbra,31,70,69,-1,-2,-1.0,20.6
2014/2015,Hugo Ventura,Gardien,CF Os Belenenses,26,67,69,2,-1,2.0,55.9
2014/2015,Nelson Monte,Défenseur,Rio Ave FC,19,60,62,2,,1.0,14.7
2014/2015,Juan Quintero,Milieu,FC Porto,21,78,76,-2,2,-2.0,20.6
2014/2015,Breno,Défenseur,Vitória Guimarães,19,62,63,1,,0.0,14.7
2014/2015,Bruno Miguel,Défenseur,Estoril Praia,32,66,66,0,1,0.0,20.6
2014/2015,Ustaritz,Défenseur,FC Penafiel,31,66,65,-1,,-1.0,20.6
2014/2015,Andres Fernandez,Gardien,FC Porto,28,76,74,-2,-3,-2.0,2.9
2015/2016,Ruben Pinto,Milieu,CF Os Belenenses,23,66,71,5,,3.0,73.5
2015/2016,Mano,Défenseur,Estoril Praia,28,70,73,3,2,1.0,67.6
2015/2016,Pedro Santos,Milieu,SC Braga,27,72,74,2,2,0.0,47.1
2015/2016,Joao Aurelio,Défenseur,CD Nacional,27,70,74,4,4,2.0,91.2
2015/2016,Rui Correia,Défenseur,CD Nacional,25,67,70,3,,1.0,94.1
2015/2016,Luis Aurelio,Milieu,CD Nacional,27,65,69,4,,2.0,32.4
2015/2016,Pele,Milieu,FC Paços de Ferreira,24,69,75,6,3,4.0,76.5
2015/2016,Aderlan,Défenseur,Académica de Coimbra,25,63,67,4,,1.0,67.6
2015/2016,Nii Plange,Milieu,Académica de Coimbra,26,65,69,4,1,2.0,82.4
2015/2016,Marcelo Jose Oliveira,Défenseur,Moreirense FC,34,69,71,2,,0.0,82.4
2015/2016,Patrick Andrade,Attaquant,Moreirense FC,22,57,64,7,,4.0,5.9
2015/2016,Reuben Gabriel,Milieu,Boavista FC,25,64,66,2,1,-1.0,50.0
2015/2016,Maximiliano Pereira,Défenseur,FC Porto,31,78,79,1,2,0.0,94.1
2015/2016,Romain Salin,Gardien,CS Marítimo,31,71,75,4,2,2.0,82.4
2015/2016,Briguel,Défenseur,CS Marítimo,36,61,64,3,-2,0.0,26.5
2015/2016,Tiago Rodrigues,Milieu,CS Marítimo,23,69,74,5,-1,3.0,32.4
2015/2016,Tinoco,Défenseur,Tondela,29,66,68,2,0,0.0,32.4
2015/2016,Naldo,Défenseur,Sporting CP,27,70,76,6,0,4.0,50.0
2015/2016,Adrien Silva,Milieu,Sporting CP,26,78,80,2,0,1.0,82.4
2015/2016,Tiago Silva,Milieu,CF Os Belenenses,22,69,71,2,-2,0.0,26.5
2015/2016,Bruno Gaspar,Défenseur,Vitória Guimarães,22,69,72,3,,1.0,82.4
2015/2016,Dyego Sousa,Attaquant,CS Marítimo,26,66,69,3,,1.0,61.8
2015/2016,Iago Santos,Défenseur,Académica de Coimbra,23,63,66,3,,0.0,50.0
2015/2016,Richard Ofori,Défenseur,Académica de Coimbra,22,64,67,3,,0.0,11.8
2015/2016,Ricardo Ferreira,Défenseur,SC Braga,23,63,73,10,1,7.0,58.8
2015/2016,Nuno Piloto,Milieu,Académica de Coimbra,33,64,66,2,-1,-1.0,38.2
2015/2016,Nuno Campos,Défenseur,CD Nacional,22,61,64,3,-1,0.0,26.5
2015/2016,Witi,Attaquant,CD Nacional,19,62,64,2,,-1.0,38.2
2015/2016,Andre Andre,Milieu,FC Porto,26,79,80,1,8,0.0,58.8
2015/2016,Edgar Abreu,Milieu,CD Nacional,21,60,62,2,1,-1.0,5.9
2015/2016,Otavio,Milieu,Vitória Guimarães,20,69,75,6,1,4.0,61.8
2015/2016,Rafa Sousa,Milieu,Moreirense FC,27,65,66,1,0,-1.0,5.9
2015/2016,Miguel Rosa,Attaquant,CF Os Belenenses,26,72,76,4,3,2.0,47.1
2015/2016,Leozinho,Attaquant,Boavista FC,27,66,67,1,,-1.0,5.9
2015/2016,Juanto,Attaquant,CF Os Belenenses,23,62,64,2,,-1.0,26.5
2015/2016,Rafael Defendi,Gardien,FC Paços de Ferreira,32,68,69,1,,-1.0,44.1
2015/2016,Abel Aguilar,Milieu,CF Os Belenenses,30,73,73,0,-1,-2.0,26.5
2015/2016,Alireza Haghighi,Gardien,CS Marítimo,27,66,66,0,,-2.0,8.8
2015/2016,Minhoca,Milieu,FC Paços de Ferreira,27,71,72,1,7,-1.0,17.6
2015/2016,Alef,Milieu,SC Braga,20,62,68,6,,3.0,2.9
2015/2016,Tobias Figueiredo,Défenseur,Sporting CP,21,72,73,1,,-1.0,2.9
2012/2013,Thomas Rogne,Défenseur,Celtic,22,68,68,0,,0.0,21.1
2012/2013,Gary Naysmith,Défenseur,Aberdeen,34,64,61,-3,,-5.0,18.4
2012/2013,Scott Robinson,Milieu,Heart of Midlothian,20,60,61,1,,-1.0,18.4
2012/2013,Patrick Cregg,Milieu,St. Johnstone FC,26,62,63,1,,-1.0,50.0
2012/2013,Ross Tokely,Défenseur,Ross County FC,33,59,58,-1,,-3.0,34.2
2012/2013,Omar Daley,Milieu,Motherwell,31,61,63,2,,0.0,5.3
2012/2013,Ross Draper,Milieu,Inverness Caledonian Thistle,24,55,62,7,,5.0,86.8
2012/2013,John Rankin,Milieu,Dundee United,29,67,63,-4,,-4.0,92.1
2012/2013,Stuart Armstrong,Milieu,Dundee United,20,66,65,-1,,-1.0,78.9
2012/2013,Arvydas Novikovas,Milieu,Heart of Midlothian,22,60,66,6,,4.0,42.1
2012/2013,Alan Maybury,Défenseur,Hibernian,34,66,62,-4,,-4.0,63.2
2012/2013,Ryan McGivern,Défenseur,Hibernian,22,64,64,0,,-2.0,65.8
2012/2013,Cillian Sheridan,Attaquant,Kilmarnock,23,65,65,0,,0.0,50.0
2012/2013,Steven Thompson,Attaquant,St. Mirren,34,68,68,0,,0.0,86.8
2012/2013,Kelvin Wilson,Défenseur,Celtic,27,69,71,2,,2.0,81.6
2012/2013,Scott Brown,Milieu,Celtic,27,72,73,1,,1.0,36.8
2012/2013,Mark Brown,Gardien,Ross County FC,31,61,62,1,,-1.0,34.2
2012/2013,Callum Tapping,Milieu,Heart of Midlothian,19,57,58,1,,-1.0,26.3
2012/2013,Shefki Kuqi,Attaquant,Hibernian,36,63,63,0,,-2.0,2.6
2012/2013,Nick Ross,Milieu,Inverness Caledonian Thistle,21,64,64,0,,-2.0,21.1
2012/2013,Stewart Carswell,Milieu,Motherwell,19,49,55,6,,4.0,18.4
2013/2014,Russell Anderson,Défenseur,Aberdeen,35,66,66,0,1,0.0,71.1
2013/2014,Darren Barr,Défenseur,Kilmarnock,28,63,63,0,0,-1.0,31.6
2013/2014,James Forrest,Attaquant,Celtic,22,72,70,-2,-1,-2.0,26.3
2013/2014,Rocco Quinn,Milieu,Ross County FC,27,63,59,-4,,-5.0,52.6
2013/2014,Branislav Micic,Défenseur,Ross County FC,23,55,55,0,,-1.0,21.1
2013/2014,David Raven,Défenseur,Inverness Caledonian Thistle,28,59,60,1,1,0.0,65.8
2013/2014,Danny Grainger,Défenseur,St. Mirren,27,65,63,-2,3,-2.0,26.3
2013/2014,Jim Goodwin,Milieu,St. Mirren,32,64,63,-1,3,-2.0,81.6
2013/2014,Gary Teale,Milieu,St. Mirren,35,63,62,-1,-2,-2.0,15.8
2013/2014,James Collins,Attaquant,Hibernian,23,64,62,-2,,-3.0,71.1
2013/2014,Stephen McManus,Défenseur,Motherwell,31,66,67,1,,1.0,97.4
2013/2014,Andrew Considine,Défenseur,Aberdeen,26,65,63,-2,3,-2.0,55.3
2013/2014,Sean Clohessy,Défenseur,Kilmarnock,27,59,60,1,,0.0,63.2
2013/2014,Zaine Francis-Angol,Milieu,Motherwell,20,55,57,2,,1.0,55.3
2013/2014,Mark Wilson,Défenseur,Dundee United,29,64,60,-4,,-5.0,36.8
2013/2014,Alex Cooper,Milieu,Ross County FC,22,58,57,-1,,-2.0,13.2
2013/2014,Amidio Balde,Attaquant,Celtic,22,68,66,-2,4,-2.0,7.9
2013/2014,Steve Banks,Gardien,St. Johnstone FC,41,58,58,0,,-1.0,10.5
2013/2014,Lee Croft,Milieu,St. Johnstone FC,28,63,63,0,,-1.0,26.3
2013/2014,Adam Matthews,Défenseur,Celtic,21,72,72,0,0,0.0,55.3
2013/2014,Rowan Vine,Attaquant,Hibernian,31,63,61,-2,1,-3.0,10.5
2013/2014,Scott Brown,Milieu,St. Johnstone FC,19,49,54,5,,4.0,5.3
2013/2014,Tom Rogic,Milieu,Celtic,21,67,66,-1,11,-1.0,2.6
2014/2015,Ashton Taylor,Défenseur,Aberdeen,24,62,64,2,,1.0,81.6
2014/2015,Niall McGinn,Milieu,Aberdeen,27,69,68,-1,-1,-1.0,89.5
2014/2015,Paul Paton,Milieu,Dundee United,27,62,63,1,,0.0,57.9
2014/2015,Anthony Stokes,Milieu,Celtic,26,71,70,-1,-2,-1.0,47.4
2014/2015,Gary Fraser,Milieu,Partick Thistle F.C.,20,57,61,4,,3.0,34.2
2014/2015,James McPake,Défenseur,Dundee FC,30,62,62,0,-4,-1.0,89.5
2014/2015,Ryan Christie,Attaquant,Inverness Caledonian Thistle,19,53,61,8,0,7.0,68.4
2014/2015,John Sutton,Attaquant,Motherwell,31,67,65,-2,3,-2.0,71.1
2014/2015,Marc McAusland,Défenseur,St. Mirren,26,61,61,0,-2,-1.0,73.7
2014/2015,Jeroen Tesselaar,Défenseur,St. Mirren,25,63,62,-1,-1,-2.0,84.2
2014/2015,Filip Kiss,Milieu,Ross County FC,24,63,63,0,1,-1.0,55.3
2014/2015,Scott Fox,Gardien,Partick Thistle F.C.,27,61,61,0,,-1.0,57.9
2014/2015,Christie Elliot,Milieu,Partick Thistle F.C.,23,56,60,4,,3.0,47.4
2014/2015,Jonathan Hayes,Milieu,Aberdeen,27,66,66,0,-3,0.0,84.2
2014/2015,Iain Vigurs,Milieu,Motherwell,26,66,67,1,3,1.0,26.3
2014/2015,Terry Dunfield,Milieu,Ross County FC,32,63,63,0,,-1.0,10.5
2014/2015,Gary Miller,Défenseur,St. Johnstone FC,27,61,61,0,-2,-1.0,21.1
2014/2015,James McFadden,Attaquant,St. Johnstone FC,31,68,66,-2,-4,-2.0,21.1
2014/2015,Jamie Hamill,Milieu,Kilmarnock,28,63,62,-1,-4,-2.0,52.6
2014/2015,Paul Quinn,Défenseur,Ross County FC,29,64,64,0,,-1.0,73.7
2014/2015,Lukasz Zaluska,Gardien,Celtic,32,66,66,0,0,0.0,13.2
2014/2015,Tony Dingwall,Milieu,Ross County FC,20,50,56,6,,5.0,26.3
2014/2015,John Souttar,Défenseur,Dundee United,18,60,61,1,,0.0,34.2
2014/2015,Nir Bitton,Milieu,Celtic,23,62,70,8,,7.0,63.2
2014/2015,Raffaele De Vita,Milieu,Ross County FC,27,61,61,0,,-1.0,34.2
2014/2015,George Long,Gardien,Motherwell,21,63,63,0,,-1.0,34.2
2014/2015,Louis Laing,Défenseur,Motherwell,21,62,63,1,,0.0,28.9
2014/2015,Nigel Hasselbaink,Attaquant,Hamilton Academical FC,24,64,64,0,-1,-1.0,10.5
2014/2015,Craig Moore,Attaquant,Motherwell,20,53,54,1,0,0.0,5.3
2014/2015,Melvin de Leeuw,Milieu,Ross County FC,26,60,62,2,,1.0,7.9
2014/2015,Beram Kayal,Milieu,Celtic,26,66,67,1,-4,1.0,5.3
2014/2015,Paul Lawson,Milieu,Motherwell,30,62,62,0,-2,-1.0,7.9
2014/2015,Robert McHugh,Attaquant,Motherwell,23,61,61,0,0,-1.0,2.6
2015/2016,Craig Gordon,Gardien,Celtic,33,74,74,0,,-2.0,92.1
2015/2016,Dedryck Boyata,Défenseur,Celtic,25,67,72,5,-1,3.0,65.8
2015/2016,Andrew Davies,Défenseur,Ross County FC,31,65,67,2,,0.0,81.6
2015/2016,Jackson Irvine,Milieu,Ross County FC,22,60,61,1,4,-2.0,89.5
2015/2016,Craig Curran,Attaquant,Ross County FC,26,59,62,3,2,0.0,39.5
2015/2016,Shaleum Logan,Défenseur,Aberdeen,27,63,68,5,1,2.0,92.1
2015/2016,Willo Flood,Milieu,Aberdeen,30,65,65,0,0,-2.0,47.4
2015/2016,Adam Rooney,Attaquant,Aberdeen,27,69,71,2,4,0.0,57.9
2015/2016,Callum Booth,Défenseur,Partick Thistle F.C.,24,61,65,4,,1.0,89.5
2015/2016,David Amoo,Milieu,Partick Thistle F.C.,24,60,66,6,,3.0,71.1
2015/2016,Blazey Augustyn,Défenseur,Heart of Midlothian,27,67,64,-3,3,-5.0,55.3
2015/2016,Simon Lappin,Milieu,St. Johnstone FC,32,63,63,0,2,-3.0,36.8
2015/2016,Wes Fletcher,Attaquant,Motherwell,24,60,61,1,,-2.0,13.2
2015/2016,Graham Cummins,Attaquant,St. Johnstone FC,28,57,60,3,,0.0,60.5
2015/2016,Craig Slater,Milieu,Kilmarnock,21,60,62,2,7,-1.0,60.5
2015/2016,Ryan Dow,Milieu,Dundee United,24,65,64,-1,1,-3.0,31.6
2015/2016,Chris Robertson,Défenseur,Ross County FC,29,61,63,2,,-1.0,55.3
2015/2016,Martin Woods,Milieu,Ross County FC,29,64,65,1,0,-2.0,60.5
2015/2016,Paul Gallacher,Gardien,Partick Thistle F.C.,36,63,62,-1,2,-4.0,2.6
2015/2016,Callum McGregor,Milieu,Celtic,22,66,67,1,2,-1.0,39.5
2015/2016,Ben Hall,Défenseur,Motherwell,18,53,53,0,,-3.0,42.1
2015/2016,Ross Barbour,Défenseur,Kilmarnock,22,58,61,3,2,0.0,2.6
2015/2016,Aaron Splaine,Milieu,Kilmarnock,19,54,55,1,,-2.0,2.6
2015/2016,Edward Ofere,Attaquant,Dundee United,29,66,65,-1,-3,-3.0,15.8
2015/2016,Julien Faubert,Milieu,Kilmarnock,32,70,71,1,1,-1.0,18.4
2015/2016,Miles Addison,Défenseur,Kilmarnock,26,63,63,0,,-3.0,15.8
2015/2016,Adam Collin,Gardien,Aberdeen,31,65,66,1,,-1.0,7.9
2015/2016,Steven Boyd,Milieu,Hamilton Academical FC,18,51,51,0,,-3.0,5.3
2015/2016,Greg Taylor,Défenseur,Kilmarnock,18,51,53,2,,-1.0,2.6
2012/2013,Ruben Castro,Attaquant,Real Betis Balompié,31,75,79,4,,4.0,84.2
2012/2013,Sergio Ramos,Défenseur,Real Madrid CF,26,87,86,-1,,-1.0,68.4
2012/2013,Mesut Oezil,Milieu,Real Madrid CF,24,86,87,1,,1.0,60.5
2012/2013,Cristiano Ronaldo,Milieu,Real Madrid CF,27,92,92,0,,0.0,78.9
2012/2013,Gonzalo Higuain,Attaquant,Real Madrid CF,25,85,84,-1,,-1.0,50.0
2012/2013,Diego Alves,Gardien,Valencia CF,27,80,81,1,,1.0,63.2
2012/2013,Claudio Bravo,Gardien,Real Sociedad,29,78,80,2,,2.0,81.6
2012/2013,Xabier Prieto,Milieu,Real Sociedad,29,77,80,3,,3.0,86.8
2012/2013,Antoine Griezmann,Milieu,Real Sociedad,21,76,79,3,,3.0,84.2
2012/2013,Federico Fazio,Défenseur,Sevilla FC,25,78,77,-1,,-1.0,65.8
2012/2013,Juan Valera,Défenseur,Getafe CF,28,72,75,3,,3.0,78.9
2012/2013,Michel,Milieu,Getafe CF,27,73,73,0,,0.0,34.2
2012/2013,Pedro Leon,Milieu,Getafe CF,26,76,79,3,,3.0,68.4
2012/2013,Gustavo Adolfo Munua,Gardien,Levante UD,34,74,74,0,,0.0,76.3
2012/2013,Jose Javier Barkero,Milieu,Levante UD,33,76,77,1,,1.0,65.8
2012/2013,Angel Rodriguez,Attaquant,Levante UD,25,73,70,-3,,-3.0,5.3
2012/2013,Cata Diaz,Défenseur,Atlético Madrid,33,79,79,0,,0.0,18.4
2012/2013,Radamel Falcao,Attaquant,Atlético Madrid,26,85,90,5,,5.0,89.5
2012/2013,Victor Perez,Milieu,Real Valladolid,24,65,75,10,,10.0,63.2
2012/2013,Alex Lopez,Milieu,RC Celta de Vigo,24,69,71,2,,2.0,78.9
2012/2013,Wilfredo Caballero,Gardien,Málaga CF,31,75,80,5,,5.0,94.7
2012/2013,Jeremy Toulalan,Milieu,Málaga CF,29,82,83,1,,1.0,47.4
2012/2013,Ignacio Camacho,Milieu,Málaga CF,22,73,78,5,,5.0,78.9
2012/2013,Sebastian Fernandez,Milieu,Málaga CF,27,73,72,-1,,-1.0,13.2
2012/2013,Ximo Navarro,Défenseur,RCD Mallorca,22,60,69,9,,7.0,34.2
2012/2013,Javi Moreno Marquez,Milieu,RCD Mallorca,26,78,72,-6,,-6.0,50.0
2012/2013,Cristian Alvarez,Gardien,RCD Espanyol,27,77,74,-3,,-3.0,47.4
2012/2013,Christian Gomez,Milieu,RCD Espanyol,23,66,70,4,,4.0,21.1
2012/2013,Joan Verdu,Milieu,RCD Espanyol,29,79,80,1,,1.0,94.7
2012/2013,Jose Carlos,Milieu,Rayo Vallecano,25,69,74,5,,5.0,55.3
2012/2013,Evaldo,Défenseur,RC Deportivo de La Coruña,30,73,68,-5,,-5.0,36.8
2012/2013,Miguel Flano,Défenseur,CA Osasuna,28,73,74,1,,1.0,57.9
2012/2013,Abella Perez Damia,Défenseur,CA Osasuna,30,71,74,3,,3.0,76.3
2012/2013,Carlos Martinez,Défenseur,Real Sociedad,26,73,76,3,,3.0,76.3
2012/2013,Sergio Garcia,Attaquant,RCD Espanyol,29,76,75,-1,,-1.0,71.1
2012/2013,Manucho,Attaquant,Real Valladolid,29,65,73,8,,8.0,50.0
2012/2013,Juanfran,Défenseur,Atlético Madrid,27,78,79,1,,1.0,92.1
2012/2013,Filipe Luis,Défenseur,Atlético Madrid,27,77,81,4,,4.0,84.2
2012/2013,Abdelaziz Barrada,Milieu,Getafe CF,23,76,74,-2,,-2.0,78.9
2012/2013,Joel Campbell,Milieu,Real Betis Balompié,20,67,74,7,,7.0,55.3
2012/2013,Ibai Gomez,Milieu,Athletic Club de Bilbao,23,65,75,10,,10.0,44.7
2012/2013,Juanfran Garcia,Défenseur,Levante UD,36,71,74,3,,3.0,73.7
2012/2013,Cristian Sapunaru,Défenseur,Real Zaragoza,28,76,76,0,,0.0,76.3
2012/2013,Jose Movilla,Milieu,Real Zaragoza,37,73,72,-1,,-1.0,60.5
2012/2013,Adriano,Défenseur,FC Barcelona,28,77,76,-1,,-1.0,47.4
2012/2013,Mario Suarez,Milieu,Atlético Madrid,25,76,78,2,,2.0,60.5
2012/2013,Jose Maria Callejon,Milieu,Real Madrid CF,25,80,76,-4,,-4.0,39.5
2012/2013,Mario Alvarez,Défenseur,Real Betis Balompié,30,73,76,3,,3.0,50.0
2012/2013,Martin Montoya,Défenseur,FC Barcelona,21,72,75,3,,3.0,28.9
2012/2013,Carlos Lorens Bellvis,Défenseur,RC Celta de Vigo,27,62,67,5,,3.0,21.1
2012/2013,Oier,Milieu,CA Osasuna,26,67,71,4,,4.0,65.8
2012/2013,Baba,Attaquant,Sevilla FC,24,76,71,-5,,-5.0,13.2
2012/2013,Nacho Fernandez,Défenseur,Real Madrid CF,22,64,71,7,,5.0,15.8
2012/2013,Lluis Sastre,Milieu,Real Valladolid,26,63,70,7,,5.0,34.2
2012/2013,Thiago Alcantara,Milieu,FC Barcelona,21,79,78,-1,,-1.0,39.5
2012/2013,Domingo Cisma,Défenseur,Atlético Madrid,30,72,70,-2,,-2.0,5.3
2012/2013,Jaime,Milieu,Granada CF,22,67,67,0,,0.0,5.3
2012/2013,Paulo Assuncao,Milieu,RC Deportivo de La Coruña,32,74,71,-3,,-3.0,18.4
2012/2013,Diego Lugano,Défenseur,Málaga CF,32,81,77,-4,,-4.0,26.3
2012/2013,Julian,Gardien,Sevilla FC,21,57,62,5,,3.0,2.6
2012/2013,Sergio Alvarez,Gardien,RC Celta de Vigo,26,62,68,6,,4.0,5.3
2014/2015,Luis Rocha,Défenseur,Vitória Guimarães,21,64,64,0,3,-1.0,20.6
2014/2015,Rui Sacramento,Gardien,FC Arouca,29,63,63,0,,-1.0,2.9
2013/2014,Vitalijs Maksimenko,Défenseur,Kilmarnock,23,55,62,7,,6.0,21.1
2013/2014,Billy King,Milieu,Heart of Midlothian,19,58,64,6,,5.0,18.4
2012/2013,Julio Baptista,Milieu,Málaga CF,31,79,78,-1,,-1.0,28.9
2012/2013,Sergio Canales,Milieu,Valencia CF,21,77,78,1,,1.0,18.4
2012/2013,Masoud Shojaei,Attaquant,CA Osasuna,28,73,71,-2,,-2.0,5.3
2012/2013,Carlos Kameni,Gardien,Málaga CF,28,80,77,-3,,-3.0,5.3
2012/2013,Liassine Cadamuro,Défenseur,Real Sociedad,24,65,70,5,,5.0,5.3
2013/2014,Simao,Milieu,RCD Espanyol,34,76,74,-2,,-2.0,78.9
2013/2014,Brayan Angulo,Défenseur,Granada CF,24,66,68,2,,2.0,86.8
2013/2014,Yoel Rodriguez,Gardien,RC Celta de Vigo,25,64,72,8,,7.0,92.1
2013/2014,Hugo Mallo,Défenseur,RC Celta de Vigo,22,74,75,1,2,1.0,84.2
2013/2014,Carlos Gurpegi,Défenseur,Athletic Club de Bilbao,33,75,75,0,0,0.0,71.1
2013/2014,Luka Modric,Milieu,Real Madrid CF,28,84,86,2,-2,2.0,76.3
2013/2014,Tomas Pina,Milieu,Villarreal CF,26,75,75,0,5,0.0,55.3
2013/2014,Miguel Angel Moya,Gardien,Getafe CF,29,76,77,1,1,1.0,68.4
2013/2014,Alvaro Arroyo,Défenseur,Getafe CF,25,63,68,5,,4.0,42.1
2013/2014,Roberto Lago,Défenseur,Getafe CF,28,73,73,0,4,0.0,42.1
2013/2014,Tono,Gardien,Elche CF,34,73,73,0,-3,0.0,23.7
2013/2014,Carles Gil,Milieu,Elche CF,21,70,73,3,,3.0,76.3
2013/2014,Carlos Vela,Milieu,Real Sociedad,24,81,82,1,7,1.0,92.1
2013/2014,Nabil El Zhar,Milieu,Levante UD,27,73,74,1,3,1.0,34.2
2013/2014,Jesus Gamez,Défenseur,Málaga CF,28,79,79,0,2,0.0,73.7
2013/2014,Nordin Amrabat,Milieu,Málaga CF,26,78,76,-2,,-2.0,39.5
2013/2014,Ivan Rakitic,Milieu,Sevilla FC,25,79,81,2,0,2.0,76.3
2013/2014,Carlos Bacca,Attaquant,Sevilla FC,27,75,78,3,5,3.0,71.1
2013/2014,Jordi Alba,Défenseur,FC Barcelona,24,82,82,0,4,0.0,36.8
2013/2014,Jeremy Mathieu,Défenseur,Valencia CF,30,77,78,1,1,1.0,84.2
2013/2014,Francisco Alcacer,Attaquant,Valencia CF,20,71,75,4,3,4.0,44.7
2013/2014,Jordi Figueras,Défenseur,Real Betis Balompié,26,72,73,1,,1.0,52.6
2013/2014,Alfred N'Diaye,Milieu,Real Betis Balompié,23,65,65,0,,0.0,42.1
2013/2014,Asier Illarramendi,Milieu,Real Madrid CF,23,75,80,5,3,5.0,39.5
2013/2014,Mateo Pablo Musacchio,Défenseur,Villarreal CF,23,74,76,2,,2.0,84.2
2013/2014,Fernando Soriano,Milieu,UD Almería,34,71,72,1,,1.0,63.2
2013/2014,Daniel Aranzubia,Gardien,Atlético Madrid,34,75,74,-1,-4,-1.0,2.6
2013/2014,Nikos Karabelas,Défenseur,Levante UD,29,69,71,2,2,2.0,39.5
2013/2014,Alex Song,Milieu,FC Barcelona,26,83,83,0,1,0.0,31.6
2013/2014,Andres Iniesta,Milieu,FC Barcelona,29,90,89,-1,-1,-1.0,71.1
2013/2014,Bojan Jokic,Défenseur,Villarreal CF,27,74,74,0,2,0.0,36.8
2013/2014,Alexis,Défenseur,Getafe CF,28,76,75,-1,0,-1.0,71.1
2013/2014,Jaime Gavilan,Milieu,Getafe CF,28,73,73,0,-2,0.0,13.2
2013/2014,Fidel,Milieu,Elche CF,24,73,72,-1,,-1.0,52.6
2013/2014,Roberto Torres,Milieu,CA Osasuna,24,64,67,3,6,2.0,65.8
2013/2014,Kike Sola,Attaquant,Athletic Club de Bilbao,27,72,72,0,0,0.0,5.3
2013/2014,Alberto Rivera,Milieu,Elche CF,35,74,73,-1,,-1.0,15.8
2013/2014,Valdet Rama,Milieu,Real Valladolid,26,63,66,3,-6,2.0,23.7
2013/2014,Mikel Gonzalez,Défenseur,Real Sociedad,28,75,79,4,2,4.0,52.6
2013/2014,Jairo,Milieu,Sevilla FC,20,69,69,0,,0.0,42.1
2013/2014,Rodri,Attaquant,UD Almería,23,68,72,4,1,4.0,55.3
2013/2014,Alejandro Galvez,Défenseur,Rayo Vallecano,24,72,74,2,11,2.0,68.4
2013/2014,Victor Ruiz,Défenseur,Valencia CF,24,77,77,0,-2,0.0,21.1
2013/2014,Stephane M'Bia,Milieu,Sevilla FC,27,73,75,2,,2.0,47.4
2013/2014,Xavier Torres,Milieu,Real Betis Balompié,27,76,76,0,1,0.0,23.7
2013/2014,Vicente Guaita,Gardien,Valencia CF,26,80,79,-1,1,-1.0,28.9
2013/2014,Borja Lopez,Défenseur,Rayo Vallecano,19,68,70,2,,2.0,7.9
2013/2014,German,Gardien,RCD Espanyol,20,61,61,0,,-1.0,2.6
2013/2014,Marcelo Silva,Défenseur,UD Almería,24,68,68,0,,0.0,2.6
2013/2014,Julio Cesar,Gardien,Getafe CF,27,70,70,0,,0.0,13.2
2013/2014,Manu Lanzarote,Milieu,RCD Espanyol,29,72,72,0,,0.0,13.2
2014/2015,Nicolas Pareja,Défenseur,Sevilla FC,30,75,78,3,2,3.0,68.4
2014/2015,Daniel Carrico,Défenseur,Sevilla FC,26,74,79,5,0,5.0,73.7
2014/2015,Diego Alves,Gardien,Valencia CF,29,81,82,1,0,1.0,97.4
2014/2015,Jaume Costa,Défenseur,Villarreal CF,26,70,72,2,0,2.0,73.7
2014/2015,Javier Aquino,Milieu,Rayo Vallecano,24,73,73,0,0,0.0,34.2
2014/2015,Juanfran,Défenseur,Atlético Madrid,29,79,79,0,0,0.0,89.5
2014/2015,Antoine Griezmann,Attaquant,Atlético Madrid,23,82,82,0,3,0.0,76.3
2014/2015,Mario Suarez,Milieu,Atlético Madrid,27,78,79,1,0,1.0,28.9
2014/2015,Ignacio Camacho,Milieu,Málaga CF,24,78,80,2,0,2.0,65.8
2014/2015,Sergio Alvarez,Gardien,RC Celta de Vigo,28,68,74,6,0,6.0,100.0
2014/2015,Johny,Défenseur,RC Celta de Vigo,20,70,72,2,3,2.0,84.2
2014/2015,Alex Lopez,Milieu,RC Celta de Vigo,26,73,75,2,2,2.0,31.6
2014/2015,Juan Valera,Défenseur,Getafe CF,30,75,76,1,0,1.0,31.6
2014/2015,Xabi Irureta,Gardien,SD Eibar,28,65,75,10,,10.0,86.8
2014/2015,Eneko Boveda,Défenseur,SD Eibar,26,66,73,7,,7.0,92.1
2014/2015,Raul Albentosa,Défenseur,SD Eibar,26,64,70,6,,5.0,44.7
2014/2015,Angel Rodriguez,Attaquant,SD Eibar,27,68,71,3,-2,3.0,15.8
2014/2015,Carlos Martinez,Défenseur,Real Sociedad,28,77,76,-1,1,-1.0,34.2
2014/2015,Yuri Berchiche,Défenseur,Real Sociedad,24,64,70,6,,5.0,44.7
2014/2015,Xabier Prieto,Milieu,Real Sociedad,31,80,79,-1,0,-1.0,86.8
2014/2015,Toche,Attaquant,RC Deportivo de La Coruña,31,68,71,3,,3.0,23.7
2014/2015,Claudio Bravo,Gardien,FC Barcelona,31,81,83,2,1,2.0,97.4
2014/2015,Sergio Ramos,Défenseur,Real Madrid CF,28,86,87,1,0,1.0,71.1
2014/2015,Cristiano Ronaldo,Attaquant,Real Madrid CF,29,92,92,0,0,0.0,92.1
2014/2015,Aritz Lopez Garai,Milieu,Córdoba CF,34,66,71,5,,5.0,13.2
2014/2015,Jose Maria Lopez Silva,Milieu,Córdoba CF,31,66,70,4,,4.0,10.5
2014/2015,Sergio Garcia,Attaquant,RCD Espanyol,31,76,79,3,1,3.0,89.5
2014/2015,Nabil Ghilas,Attaquant,Córdoba CF,24,75,75,0,1,0.0,60.5
2014/2015,Domingo Cisma,Défenseur,Elche CF,32,70,71,1,0,1.0,63.2
2014/2015,Juan Rafael Fuentes,Défenseur,RCD Espanyol,24,68,68,0,0,0.0,55.3
2014/2015,Moi Gomez,Milieu,Villarreal CF,20,70,77,7,1,7.0,44.7
2014/2015,Diego Marino,Gardien,Levante UD,24,71,72,1,2,1.0,84.2
2014/2015,Juanfran Garcia,Défenseur,Levante UD,38,74,71,-3,0,-3.0,42.1
2014/2015,Pablo Hernandez,Milieu,RC Celta de Vigo,28,73,74,1,,1.0,39.5
2014/2015,Adriano,Défenseur,FC Barcelona,30,77,76,-1,1,-1.0,26.3
2014/2015,Nacho Fernandez,Défenseur,Real Madrid CF,24,71,72,1,0,1.0,13.2
2014/2015,Deivid,Milieu,Córdoba CF,25,65,70,5,,5.0,55.3
2014/2015,Borja Garcia,Milieu,Córdoba CF,24,68,69,1,,1.0,57.9
2014/2015,Baba,Attaquant,Getafe CF,26,73,74,1,2,1.0,13.2
2014/2015,Javi Moreno Marquez,Milieu,Granada CF,28,68,72,4,-4,4.0,39.5
2014/2015,Alfred Finnbogason,Attaquant,Real Sociedad,25,76,75,-1,1,-1.0,15.8
2014/2015,Martin Montoya,Défenseur,FC Barcelona,23,77,77,0,2,0.0,15.8
2014/2015,Ibai Gomez,Milieu,Athletic Club de Bilbao,25,76,77,1,1,1.0,23.7
2014/2015,Pedro Leon,Milieu,Getafe CF,28,79,79,0,0,0.0,42.1
2014/2015,Manucho,Attaquant,Rayo Vallecano,31,73,74,1,0,1.0,31.6
2014/2015,Mariano Damian Barbosa,Gardien,Sevilla FC,30,70,74,4,,4.0,2.6
2014/2015,Victor Perez,Milieu,Levante UD,26,75,72,-3,0,-3.0,5.3
2015/2016,Victor Camarasa,Milieu,Levante UD,21,71,75,4,8,2.0,55.3
2015/2016,Nolito,Milieu,RC Celta de Vigo,29,79,82,3,3,2.0,71.1
2015/2016,Jan Oblak,Gardien,Atlético Madrid,22,77,82,5,0,4.0,100.0
2015/2016,Jose Gimenez,Défenseur,Atlético Madrid,20,75,81,6,4,5.0,71.1
2015/2016,Antolin Alcaraz,Défenseur,UD Las Palmas,33,74,73,-1,0,-3.0,15.8
2015/2016,Sergio Ezequiel Araujo,Attaquant,UD Las Palmas,23,73,76,3,,1.0,52.6
2015/2016,Fernando Damian Tissone,Milieu,Málaga CF,29,73,75,2,-1,0.0,31.6
2015/2016,Charles,Attaquant,Málaga CF,31,76,76,0,1,-1.0,86.8
2015/2016,Beto,Gardien,Sevilla FC,33,80,78,-2,2,-3.0,10.5
2015/2016,Adil Rami,Défenseur,Sevilla FC,30,77,79,2,-3,1.0,73.7
2015/2016,Steven Nzonzi,Milieu,Sevilla FC,27,78,79,1,0,0.0,57.9
2015/2016,Mikel Balenziaga,Défenseur,Athletic Club de Bilbao,27,77,79,2,2,1.0,86.8
2015/2016,Thomas Vermaelen,Défenseur,FC Barcelona,30,79,80,1,0,0.0,15.8
2015/2016,Sergio Busquets,Milieu,FC Barcelona,27,85,86,1,0,0.0,89.5
2015/2016,Luis Suarez,Attaquant,FC Barcelona,28,89,90,1,0,0.0,92.1
2015/2016,Anaitz Arbilla,Défenseur,RCD Espanyol,28,70,72,2,0,0.0,18.4
2015/2016,Lora,Défenseur,Real Sporting de Gijón,28,73,76,3,,1.0,68.4
2015/2016,Jese Rodriguez,Attaquant,Real Madrid CF,22,76,80,4,0,3.0,18.4
2015/2016,Pedro Mosquera,Milieu,RC Deportivo de La Coruña,27,74,78,4,4,2.0,97.4
2015/2016,Diego Reyes,Défenseur,Real Sociedad,23,72,75,3,-1,1.0,68.4
2015/2016,Markel Bergara,Milieu,Real Sociedad,29,73,76,3,-3,1.0,39.5
2015/2016,Jonathas,Attaquant,Real Sociedad,26,75,79,4,4,3.0,44.7
2015/2016,Bebe,Milieu,Rayo Vallecano,25,73,72,-1,3,-3.0,71.1
2015/2016,Aleksandar Pantic,Défenseur,SD Eibar,23,71,73,2,1,0.0,47.4
2015/2016,Jozabed,Milieu,Rayo Vallecano,24,65,71,6,4,4.0,63.2
2015/2016,Casemiro,Milieu,Real Madrid CF,23,76,79,3,1,2.0,44.7
2015/2016,Willian Jose,Attaquant,UD Las Palmas,24,69,71,2,,0.0,50.0
2015/2016,Imanol Agirretxe,Attaquant,Real Sociedad,28,78,77,-1,1,-2.0,36.8
2015/2016,Sergi Gomez,Défenseur,RC Celta de Vigo,23,69,73,4,4,2.0,76.3
2015/2016,Jefferson Lerma,Milieu,Levante UD,21,64,72,8,,5.0,81.6
2015/2016,Omar Mascarell,Milieu,Real Sporting de Gijón,22,68,71,3,,1.0,52.6
2015/2016,Pablo Fornals,Milieu,Málaga CF,19,53,71,18,,15.0,31.6
2015/2016,Francisco Molinero,Défenseur,Real Betis Balompié,30,67,72,5,,3.0,39.5
2015/2016,Inaki Williams,Milieu,Athletic Club de Bilbao,21,73,76,3,13,1.0,55.3
2015/2016,Raul Garcia,Milieu,Athletic Club de Bilbao,29,79,81,2,0,1.0,71.1
2015/2016,Sergi Roberto,Milieu,FC Barcelona,23,75,78,3,1,2.0,55.3
2015/2016,Daniel Parejo,Milieu,Valencia CF,26,81,82,1,4,0.0,78.9
2015/2016,Cala,Défenseur,Getafe CF,26,71,73,2,-2,0.0,55.3
2015/2016,Juan Carlos,Gardien,Rayo Vallecano,27,69,70,1,9,-1.0,50.0
2015/2016,Jose Dorado,Défenseur,Rayo Vallecano,33,73,74,1,2,-1.0,10.5
2015/2016,Aymen Abdennour,Défenseur,Valencia CF,26,78,81,3,-3,2.0,57.9
2015/2016,Alejandro Bergantinos,Milieu,RC Deportivo de La Coruña,30,70,74,4,0,2.0,52.6
2015/2016,Mateo Kovacic,Milieu,Real Madrid CF,21,76,78,2,0,1.0,21.1
2015/2016,Fernando Llorente,Attaquant,Sevilla FC,30,80,80,0,-2,-1.0,36.8
2015/2016,Ander Iturraspe,Milieu,Athletic Club de Bilbao,26,78,81,3,0,2.0,18.4
2015/2016,Lucas Vazquez,Attaquant,Real Madrid CF,24,72,78,6,7,4.0,26.3
2015/2016,Antonio Rukavina,Défenseur,Villarreal CF,31,72,77,5,-3,3.0,36.8
2015/2016,"Juanpi,20",Milieu,Málaga CF,21,69,75,6,12,4.0,47.4
2015/2016,Angel Montoro,Milieu,UD Las Palmas,27,69,70,1,,-1.0,13.2
2015/2016,Borja Mayoral,Attaquant,Real Madrid CF,18,60,66,6,,3.0,7.9
2015/2016,Ikechukwu Uche,Attaquant,Málaga CF,31,78,77,-1,4,-2.0,2.6
2015/2016,Alberto Garcia,Gardien,Real Sporting de Gijón,30,67,67,0,,-2.0,15.8
2012/2013,Steven Lang,Milieu,Servette FC,25,60,61,1,,-1.0,55.6
2012/2013,Radoslav Kovac,Défenseur,FC Basel,33,59,60,1,,-1.0,11.1
2012/2013,David Degen,Milieu,FC Basel,29,69,69,0,,0.0,47.2
2012/2013,Saif Ghezal,Défenseur,FC Thun,31,69,68,-1,,-1.0,61.1
2012/2013,Andreas Wittwer,Milieu,FC Thun,22,62,61,-1,,-3.0,72.2
2012/2013,Sekou Junior Sanogo,Milieu,FC Lausanne-Sports,23,63,63,0,,-2.0,69.4
2012/2013,David Da Costa,Gardien,FC Zürich,26,66,64,-2,,-2.0,97.2
2012/2013,Burim Kukeli,Milieu,FC Zürich,28,62,61,-1,,-3.0,33.3
2012/2013,Izet Hajrovic,Milieu,Grasshopper Club Zürich,21,59,72,13,,11.0,86.1
2012/2013,Joao Paiva,Attaquant,Grasshopper Club Zürich,29,59,59,0,,-2.0,5.6
2012/2013,Stefan Nater,Milieu,FC St. Gallen,28,57,58,1,,-1.0,91.7
2012/2013,Moreno Costanzo,Milieu,BSC Young Boys,24,64,64,0,,-2.0,58.3
2012/2013,Kay Voser,Défenseur,FC Basel,25,65,65,0,,0.0,30.6
2012/2013,Anthony Sauthier,Défenseur,FC Sion,21,61,62,1,,-1.0,27.8
2012/2013,Elsad Zverotic,Milieu,BSC Young Boys,26,66,61,-5,,-5.0,72.2
2012/2013,Amir Abrashi,Milieu,Grasshopper Club Zürich,22,56,54,-2,,-4.0,61.1
2012/2013,Yannis Tafer,Milieu,FC Lausanne-Sports,21,69,65,-4,,-4.0,41.7
2012/2013,Milan Gajic,Milieu,FC Zürich,26,59,59,0,,-2.0,41.7
2012/2013,Davide Mariani,Milieu,FC Zürich,21,49,50,1,,-1.0,19.4
2012/2013,Nico Siegrist,Attaquant,FC Luzern,21,64,64,0,,-2.0,2.8
2012/2013,Leo Lacroix,Défenseur,FC Sion,20,54,63,9,,7.0,25.0
2012/2013,Pascal Doubai,Milieu,BSC Young Boys,20,56,56,0,,-2.0,22.2
2013/2014,Fabian Schaer,Défenseur,FC Basel,22,70,74,4,,4.0,55.6
2013/2014,Arlind Ajeti,Défenseur,FC Basel,20,62,66,4,-2,3.0,41.7
2013/2014,Scott Lee Sutter,Défenseur,BSC Young Boys,27,64,64,0,-1,-1.0,80.6
2013/2014,Mario Gavranovic,Attaquant,FC Zürich,24,69,71,2,0,2.0,83.3
2013/2014,Florian Stahel,Défenseur,FC Luzern,28,60,60,0,-3,-1.0,86.1
2013/2014,Selim Khelifi,Milieu,FC Lausanne-Sports,19,58,65,7,2,6.0,44.4
2013/2014,Patrick Ekeng Ekeng,Milieu,FC Lausanne-Sports,23,59,59,0,,-1.0,61.1
2013/2014,Mario Mutsch,Défenseur,FC St. Gallen,29,61,59,-2,0,-3.0,75.0
2013/2014,Martin Stocklasa,Défenseur,FC St. Gallen,34,64,61,-3,,-4.0,33.3
2013/2014,Matias Vitkieviez,Milieu,FC St. Gallen,28,65,65,0,,0.0,55.6
2013/2014,Daniel Pavlovic,Défenseur,Grasshopper Club Zürich,25,62,61,-1,,-2.0,86.1
2013/2014,Ivan Ivanov,Défenseur,FC Basel,25,72,70,-2,,-2.0,30.6
2013/2014,Toko Nzuzi,Milieu,Grasshopper Club Zürich,23,66,66,0,-1,0.0,75.0
2013/2014,Caio,Milieu,Grasshopper Club Zürich,27,70,69,-1,,-1.0,72.2
2013/2014,Yassine Chikhaoui,Milieu,FC Zürich,27,73,74,1,2,1.0,33.3
2013/2014,Guillaume Faivre,Gardien,FC Thun,26,56,61,5,,4.0,86.1
2013/2014,Franck Etoundi,Attaquant,FC Zürich,23,58,64,6,1,5.0,38.9
2013/2014,Damien Plessis,Milieu,FC Lausanne-Sports,25,63,63,0,,-1.0,27.8
2013/2014,Cassio Magalhaes,Milieu,FC Thun,23,60,61,1,,0.0,22.2
2013/2014,Dzengis Cavusevic,Attaquant,FC St. Gallen,26,62,61,-1,,-2.0,5.6
2013/2014,Jan Lecjaks,Milieu,BSC Young Boys,23,62,63,1,0,0.0,16.7
2014/2015,Luca Zuffi,Milieu,FC Basel,24,56,69,13,3,12.0,69.4
2014/2015,Davide Calla,Milieu,FC Basel,30,63,63,0,,-1.0,41.7
2014/2015,Marcel Herzog,Gardien,FC St. Gallen,34,58,61,3,3,2.0,52.8
2014/2015,Marco Schneuwly,Attaquant,FC Luzern,29,65,67,2,2,2.0,91.7
2014/2015,Vincent Ruefli,Défenseur,FC Sion,26,69,67,-2,4,-2.0,69.4
2014/2015,Dario Vidosic,Milieu,FC Sion,27,68,68,0,1,0.0,33.3
2014/2015,Daniel Davari,Gardien,Grasshopper Club Zürich,26,68,64,-4,0,-4.0,25.0
2014/2015,Ognjen Mudrinski,Attaquant,FC Aarau,23,66,64,-2,,-2.0,11.1
2014/2015,Steven Deana,Gardien,FC Sion,24,58,60,2,2,1.0,30.6
2014/2015,Moussa Konate,Attaquant,FC Sion,21,65,70,5,-2,5.0,72.2
2014/2015,Dario Lezcano,Attaquant,FC Luzern,24,66,67,1,0,1.0,77.8
2014/2015,Dante Adrian Senger,Attaquant,FC Aarau,31,61,61,0,,-1.0,47.2
2014/2015,Philipp Degen,Défenseur,FC Basel,31,65,62,-3,-3,-3.0,41.7
2014/2015,Kwang-Ryong Pak,Attaquant,FC Vaduz,22,62,62,0,,-1.0,30.6
2014/2015,Bruno Martignoni,Défenseur,FC Aarau,22,63,63,0,,-1.0,11.1
2014/2015,Juan Pablo Garat,Défenseur,FC Aarau,31,59,58,-1,,-2.0,55.6
2014/2015,Gonzalo Zarate,Milieu,BSC Young Boys,30,68,64,-4,2,-4.0,16.7
2014/2015,Walter Samuel,Défenseur,FC Basel,36,80,70,-10,-3,-10.0,22.2
2014/2015,Daniel Follonier,Milieu,FC Sion,20,53,64,11,,10.0,41.7
2014/2015,Alexander Gerndt,Milieu,BSC Young Boys,28,71,70,-1,1,-1.0,41.7
2014/2015,Krisztian Vadocz,Milieu,Grasshopper Club Zürich,29,66,68,2,,2.0,33.3
2014/2015,Marco Woelfli,Gardien,BSC Young Boys,32,64,64,0,-2,-1.0,2.8
2014/2015,Shani Tarashaj,Attaquant,Grasshopper Club Zürich,19,51,58,7,,6.0,5.6
2015/2016,Ebenezer Assifuah,Milieu,FC Sion,22,65,67,2,-2,0.0,77.8
2015/2016,Philipp Muntwiler,Milieu,FC Vaduz,28,61,62,1,,-2.0,69.4
2015/2016,Munas Dabbur,Attaquant,Grasshopper Club Zürich,23,70,74,4,9,2.0,97.2
2015/2016,Roy Gelmi,Défenseur,FC St. Gallen,20,57,60,3,,0.0,75.0
2015/2016,Albert Bunjaku,Milieu,FC St. Gallen,32,68,67,-1,-4,-3.0,52.8
2015/2016,Alain Nef,Défenseur,FC Zürich,33,62,64,2,-3,-1.0,83.3
2015/2016,Yvon Mvogo,Gardien,BSC Young Boys,21,71,72,1,12,-1.0,94.4
2015/2016,Florent Hadergjonaj,Défenseur,BSC Young Boys,21,57,69,12,6,9.0,80.6
2015/2016,Marc Janko,Attaquant,FC Basel,32,72,74,2,,0.0,50.0
2015/2016,Niko Datkovic,Défenseur,Lugano,22,64,66,2,,-1.0,75.0
2015/2016,Jahmir Hyka,Milieu,FC Luzern,27,64,67,3,-6,0.0,63.9
2015/2016,Samed Yesil,Attaquant,FC Luzern,21,63,64,1,,-2.0,8.3
2015/2016,Cedric Brunner,Défenseur,FC Zürich,21,52,59,7,,4.0,63.9
2015/2016,Edgar Salli,Attaquant,FC St. Gallen,23,68,73,5,0,3.0,61.1
2015/2016,Daniel Kaufmann,Défenseur,FC Vaduz,25,54,57,3,,0.0,13.9
2015/2016,Axel Borgmann,Défenseur,FC Vaduz,21,59,59,0,,-3.0,52.8
2015/2016,Vinicius,Milieu,FC Zürich,22,62,67,5,,2.0,41.7
2015/2016,Ridge Munsy,Attaquant,FC Thun,26,56,65,9,,6.0,52.8
2015/2016,Franz Burgmeier,Attaquant,FC Vaduz,33,55,58,3,,0.0,13.9
2015/2016,Florent Hanin,Défenseur,FC St. Gallen,25,64,68,4,,1.0,47.2
2015/2016,Nicolas Schindelholz,Défenseur,FC Thun,27,63,64,1,0,-2.0,33.3
2014/2015,Celso Borges,Milieu,RC Deportivo de La Coruña,26,72,73,1,,1.0,44.7
2014/2015,Alfredo Ortuno,Attaquant,Granada CF,23,60,64,4,,3.0,5.3
2014/2015,David Costas,Défenseur,RC Celta de Vigo,19,68,67,-1,,-1.0,2.6
2015/2016,Gael Kakuta,Milieu,Sevilla FC,24,74,76,2,2,0.0,2.6
2015/2016,Henok Goitom,Attaquant,Getafe CF,31,71,73,2,,0.0,2.6
2015/2016,Juan Munoz,Attaquant,Sevilla FC,20,59,72,13,,10.0,7.9
2015/2016,Borja Viguera,Attaquant,Athletic Club de Bilbao,28,74,71,-3,8,-5.0,7.9
2015/2016,Sherko Gubari,Milieu,Grasshopper Club Zürich,19,56,59,3,,0.0,2.8
2015/2016,Nikola Gjorgjev,Milieu,Grasshopper Club Zürich,18,52,61,9,,6.0,5.6
2015/2016,Alexander Gonzalez,Milieu,BSC Young Boys,23,65,66,1,2,-1.0,8.3
2015/2016,Chadrac Akolo,Milieu,FC Sion,20,55,56,1,0,-2.0,5.6
2012/2013,Jimmy Kamghain,Milieu,KV Kortrijk,20,62,63,1,,-1.0,13.3
2012/2013,Wim De Decker,Milieu,Beerschot AC,30,65,65,0,,0.0,80.0
2012/2013,Jugoslav Lazic,Gardien,Sporting Lokeren,33,63,63,0,,-2.0,33.3
2012/2013,Mijat Maric,Défenseur,Sporting Lokeren,28,66,70,4,,4.0,100.0
2012/2013,Ivan Leko,Milieu,Sporting Lokeren,34,68,68,0,,0.0,60.0
2012/2013,Koen Persoons,Milieu,Sporting Lokeren,29,68,68,0,,0.0,96.7
2012/2013,Ayanda Patosi,Attaquant,Sporting Lokeren,20,63,70,7,,5.0,63.3
2012/2013,Tom van Imschoot,Milieu,RAEC Mons,31,64,64,0,,-2.0,36.7
2012/2013,Derick Chuka Ogbu,Attaquant,Oud-Heverlee Leuven,22,62,66,4,,2.0,83.3
2012/2013,Ignacio Gonzalez,Milieu,Standard de Liège,30,70,69,-1,,-1.0,33.3
2012/2013,Franck Berrier,Milieu,SV Zulte-Waregem,28,72,74,2,,2.0,96.7
2012/2013,Alesandro Cordaro,Attaquant,KV Mechelen,26,66,68,2,,2.0,96.7
2012/2013,Thomas Enevoldsen,Milieu,KV Mechelen,25,71,69,-2,,-2.0,43.3
2012/2013,Ryan Donk,Défenseur,Club Brugge KV,26,72,73,1,,1.0,76.7
2012/2013,Thomas Meunier,Milieu,Club Brugge KV,21,67,69,2,,2.0,20.0
2012/2013,Lior Rafaelov,Milieu,Club Brugge KV,26,71,72,1,,1.0,53.3
2012/2013,Hannes van der Bruggen,Milieu,KAA Gent,19,63,67,4,,2.0,56.7
2012/2013,Stef Wils,Défenseur,KSV Cercle Brugge,30,69,65,-4,,-4.0,63.3
2012/2013,Arnar Vidarsson,Milieu,KSV Cercle Brugge,34,66,64,-2,,-2.0,93.3
2012/2013,Tom De Sutter,Attaquant,RSC Anderlecht,27,71,71,0,,0.0,60.0
2012/2013,Funso Ojo,Milieu,Beerschot AC,21,66,68,2,,2.0,60.0
2012/2013,Francis N'Ganga,Défenseur,Sporting Charleroi,27,63,64,1,,-1.0,76.7
2012/2013,Mahamadou Habib Habibou,Attaquant,SV Zulte-Waregem,25,66,66,0,,0.0,23.3
2012/2013,Kristof D'Haene,Milieu,KSV Cercle Brugge,22,62,63,1,,-1.0,36.7
2012/2013,Mustapha Oussalah,Défenseur,KV Kortrijk,30,66,65,-1,,-1.0,86.7
2012/2013,Kanu,Défenseur,Standard de Liège,28,72,72,0,,0.0,56.7
2012/2013,Nicklas Pedersen,Attaquant,KV Mechelen,25,66,71,5,,5.0,50.0
2012/2013,Benjamin Mokulu Tembe,Attaquant,Sporting Lokeren,23,66,67,1,,1.0,36.7
2012/2013,Colin Coosemans,Gardien,Waasland-Beveren,20,67,67,0,,0.0,60.0
2012/2013,Elyaniv Barda,Attaquant,KRC Genk,31,73,71,-2,,-2.0,26.7
2012/2013,Luis Seijas,Milieu,Standard de Liège,26,68,68,0,,0.0,26.7
2012/2013,Ismaila N'Diaye,Milieu,KV Kortrijk,24,60,64,4,,2.0,23.3
2012/2013,Arnor Angeli,Milieu,RAEC Mons,21,61,63,2,,0.0,40.0
2012/2013,Jonas Ivens,Défenseur,Waasland-Beveren,28,68,66,-2,,-2.0,26.7
2012/2013,Quentin Pottiez,Milieu,RAEC Mons,21,61,61,0,,-2.0,3.3
2012/2013,Adrian Cristea,Milieu,Standard de Liège,29,65,65,0,,0.0,6.7
2012/2013,Stefan Deloose,Gardien,Beerschot AC,22,59,59,0,,-2.0,6.7
2012/2013,Niels Vandenbroucke,Milieu,SV Zulte-Waregem,21,51,59,8,,6.0,6.7
2013/2014,Zie Diabate,Défenseur,KAA Gent,24,61,62,1,-1,0.0,33.3
2013/2014,Didier Ovono,Gardien,KV Oostende,30,66,68,2,,2.0,50.0
2013/2014,Fernando Canesin Matos,Milieu,KV Oostende,21,66,68,2,-5,2.0,83.3
2013/2014,Herve Kage,Milieu,KAA Gent,24,69,69,0,,0.0,66.7
2013/2014,Jasper van der Heyden,Milieu,Lierse SK,18,52,56,4,,3.0,16.7
2014/2015,Guillaume Francois,Défenseur,Sporting Charleroi,24,63,64,1,,0.0,70.0
2014/2015,Wouter Corstjens,Défenseur,Waasland-Beveren,27,63,64,1,,0.0,56.7
2014/2015,Sven Kums,Milieu,KAA Gent,26,69,71,2,0,2.0,50.0
2014/2015,Fredric Brillant,Défenseur,KV Oostende,29,65,65,0,1,0.0,93.3
2014/2015,Milos Kosanovic,Défenseur,KV Mechelen,24,63,68,5,,4.0,93.3
2014/2015,Marco Bizot,Gardien,KRC Genk,23,71,70,-1,4,-1.0,13.3
2014/2015,Idrissa Sylla,Attaquant,SV Zulte-Waregem,24,66,69,3,,3.0,53.3
2014/2015,Maxime Chanot,Défenseur,KV Kortrijk,25,64,67,3,,2.0,70.0
2014/2015,Bjorn Engels,Défenseur,Club Brugge KV,20,70,72,2,,2.0,23.3
2014/2015,Darwin Andrade,Défenseur,Standard de Liège,23,66,68,2,,2.0,40.0
2014/2015,Eyong Enoh,Milieu,Standard de Liège,28,71,71,0,,0.0,23.3
2014/2015,Ricardo Faty,Milieu,Standard de Liège,28,67,68,1,1,1.0,53.3
2014/2015,Pieter Gerkens,Milieu,KRC Genk,19,64,67,3,,2.0,50.0
2014/2015,John Jairo Ruiz,Milieu,KV Oostende,20,61,65,4,,3.0,80.0
2014/2015,Yarouba Cissako,Défenseur,SV Zulte-Waregem,19,64,65,1,,0.0,80.0
2014/2015,Charni Ekangamene,Milieu,SV Zulte-Waregem,20,53,60,7,,6.0,30.0
2014/2015,Bruno Godeau,Défenseur,KVC Westerlo,22,66,64,-2,,-2.0,53.3
2014/2015,Yaya Soumahoro,Milieu,KAA Gent,25,69,68,-1,1,-1.0,6.7
2014/2015,Laurent Depoitre,Attaquant,KAA Gent,26,65,70,5,,5.0,90.0
2014/2015,Ante Vukusic,Attaquant,Waasland-Beveren,23,69,65,-4,-3,-4.0,30.0
2014/2015,Michiel Jonckheere,Milieu,KV Oostende,24,61,62,1,,0.0,36.7
2014/2015,Renaud Emond,Attaquant,Waasland-Beveren,23,60,67,7,,6.0,70.0
2014/2015,Willy Overtoom,Attaquant,SV Zulte-Waregem,28,72,69,-3,,-3.0,3.3
2014/2015,Gato Silva,Milieu,Club Brugge KV,28,71,71,0,0,0.0,6.7
2014/2015,Yuji Ono,Milieu,Standard de Liège,22,67,67,0,,0.0,20.0
2014/2015,Dennes de Kegel,Défenseur,KSV Cercle Brugge,20,54,59,5,,4.0,23.3
2014/2015,Jordan Mustoe,Défenseur,KVC Westerlo,23,57,60,3,,2.0,26.7
2014/2015,Etien Velikonja,Attaquant,Lierse SK,26,63,64,1,-2,0.0,16.7
2014/2015,Alexandre Coeff,Défenseur,Royal Excel Mouscron,22,70,69,-1,8,-1.0,6.7
2014/2015,Rolando,Défenseur,RSC Anderlecht,29,78,76,-2,0,-2.0,10.0
2014/2015,Anas Tahiri,Attaquant,Lierse SK,19,57,57,0,,-1.0,3.3
2014/2015,Apostolos Vellios,Attaquant,Lierse SK,22,68,66,-2,,-2.0,6.7
2015/2016,Boli Bolingoli-Mbombo,Milieu,Club Brugge KV,20,66,68,2,3,0.0,23.3
2015/2016,Anthony van Loo,Défenseur,KV Kortrijk,27,64,66,2,0,-1.0,46.7
2015/2016,Gertjan De Mets,Milieu,KV Kortrijk,28,70,71,1,2,-1.0,90.0
2015/2016,Jonathan Legear,Attaquant,Standard de Liège,28,69,67,-2,,-4.0,16.7
2015/2016,Igor de Camargo,Attaquant,KRC Genk,32,73,71,-2,0,-4.0,53.3
2015/2016,Andile Jali,Milieu,KV Oostende,25,71,72,1,-2,-1.0,66.7
2015/2016,Joachim van Damme,Milieu,KV Mechelen,24,65,66,1,2,-1.0,33.3
2015/2016,Sverrir Ingi Ingason,Défenseur,Sporting Lokeren,22,66,70,4,10,2.0,86.7
2015/2016,Dario Melnjak,Défenseur,Sporting Lokeren,23,62,64,2,,-1.0,10.0
2015/2016,Steven Defour,Milieu,RSC Anderlecht,27,76,78,2,1,1.0,86.7
2015/2016,Dennis Praet,Milieu,RSC Anderlecht,21,75,77,2,3,1.0,86.7
2015/2016,Zinho Gano,Attaquant,Waasland-Beveren,22,62,67,5,,2.0,96.7
2015/2016,Francois Marquet,Milieu,Royal Excel Mouscron,20,62,64,2,3,-1.0,76.7
2015/2016,Stefan Mitrovic,Défenseur,KAA Gent,25,73,74,1,5,-1.0,66.7
2015/2016,Jose Izquierdo,Milieu,Club Brugge KV,23,74,74,0,2,-2.0,43.3
2015/2016,Corentin Fiore,Défenseur,Standard de Liège,20,56,68,12,,9.0,46.7
2015/2016,Mario Ticinovic,Défenseur,Sporting Lokeren,24,55,64,9,,6.0,73.3
2015/2016,Kevin Vandendriessche,Milieu,KV Oostende,26,64,69,5,,2.0,70.0
2015/2016,Houdret,Milieu,Oud-Heverlee Leuven,22,60,62,2,2,-1.0,26.7
2015/2016,Alejandro Pozuelo,Milieu,KRC Genk,24,71,72,1,0,-1.0,50.0
2015/2016,Clinton Mata,Défenseur,Sporting Charleroi,23,60,66,6,,3.0,40.0
2015/2016,Ousseynou Cisse,Milieu,Waasland-Beveren,24,66,68,2,,0.0,30.0
2015/2016,Wouter Biebauw,Gardien,KV Oostende,31,67,68,1,0,-1.0,23.3
2015/2016,Kenny Steppe,Gardien,SV Zulte-Waregem,27,63,66,3,0,0.0,20.0
2012/2013,Wojciech Szczesny,Gardien,Arsenal,22,80,80,0,,0.0,65.8
2012/2013,Mikel Arteta,Milieu,Arsenal,30,81,82,1,,1.0,89.5
2012/2013,Lukas Podolski,Milieu,Arsenal,27,83,81,-2,,-2.0,65.8
2012/2013,Sebastian Larsson,Milieu,Sunderland,27,78,74,-4,,-4.0,94.7
2012/2013,Steven Pienaar,Milieu,Everton,30,77,80,3,,3.0,92.1
2012/2013,David De Gea,Gardien,Manchester United,22,78,81,3,,3.0,73.7
2012/2013,Aaron Hughes,Défenseur,Fulham,33,75,73,-2,,-2.0,60.5
2012/2013,Andrew Surman,Milieu,Norwich City,26,70,70,0,,0.0,10.5
2012/2013,Grant Holt,Attaquant,Norwich City,31,73,75,2,,2.0,73.7
2012/2013,Pablo Zabaleta,Défenseur,Manchester City,27,77,81,4,,4.0,76.3
2012/2013,Samir Nasri,Milieu,Manchester City,25,85,84,-1,,-1.0,57.9
2012/2013,Brad Friedel,Gardien,Tottenham Hotspur,41,81,80,-1,,-1.0,28.9
2012/2013,Nedum Onuoha,Défenseur,Queens Park Rangers,26,77,73,-4,,-4.0,39.5
2012/2013,Anton Ferdinand,Défenseur,Queens Park Rangers,27,70,70,0,,0.0,26.3
2012/2013,Jamie Mackie,Milieu,Queens Park Rangers,27,67,69,2,,2.0,44.7
2012/2013,Samba Diakite,Milieu,Queens Park Rangers,23,74,73,-1,,-1.0,28.9
2012/2013,Adel Taarabt,Milieu,Queens Park Rangers,23,78,79,1,,1.0,65.8
2012/2013,Djibril Cisse,Attaquant,Queens Park Rangers,31,80,79,-1,,-1.0,31.6
2012/2013,Chico,Défenseur,Swansea City,25,75,75,0,,0.0,68.4
2012/2013,Michu,Attaquant,Swansea City,26,74,78,4,,4.0,92.1
2012/2013,Dean Whitehead,Milieu,Stoke City,30,75,72,-3,,-3.0,31.6
2012/2013,Peter Crouch,Attaquant,Stoke City,31,77,77,0,,0.0,73.7
2012/2013,Joe Allen,Milieu,Liverpool,22,73,77,4,,4.0,55.3
2012/2013,Stewart Downing,Milieu,Liverpool,28,82,78,-4,,-4.0,65.8
2012/2013,Jussi Jaaskelainen,Gardien,West Ham United,37,77,73,-4,,-4.0,100.0
2012/2013,Guy Demel,Défenseur,West Ham United,31,71,70,-1,,-1.0,73.7
2012/2013,Winston Reid,Défenseur,West Ham United,24,70,74,4,,4.0,94.7
2012/2013,James Collins,Défenseur,West Ham United,29,75,74,-1,,-1.0,76.3
2012/2013,Ciaran Clark,Défenseur,Aston Villa,23,75,74,-1,,-1.0,73.7
2012/2013,Karim El Ahmadi,Milieu,Aston Villa,27,74,74,0,,0.0,31.6
2012/2013,Charles N'Zogbia,Milieu,Aston Villa,26,77,76,-1,,-1.0,28.9
2012/2013,Stephen Ireland,Milieu,Aston Villa,26,75,77,2,,2.0,23.7
2012/2013,Ivan Ramis,Défenseur,Wigan Athletic,28,77,75,-2,,-2.0,42.1
2012/2013,Branislav Ivanovic,Défenseur,Chelsea,28,83,83,0,,0.0,86.8
2012/2013,Ryan Bertrand,Milieu,Chelsea,23,69,74,5,,5.0,36.8
2012/2013,Alexander Tettey,Milieu,Norwich City,26,72,74,2,,2.0,55.3
2012/2013,Geoff Cameron,Défenseur,Stoke City,27,69,72,3,,3.0,76.3
2012/2013,Alex McCarthy,Gardien,Reading,23,68,72,4,,4.0,34.2
2012/2013,Steven Fletcher,Attaquant,Sunderland,25,77,76,-1,,-1.0,73.7
2012/2013,Gary Cahill,Défenseur,Chelsea,27,79,80,1,,1.0,63.2
2012/2013,Jan Vertonghen,Défenseur,Tottenham Hotspur,25,79,82,3,,3.0,89.5
2012/2013,Arouna Kone,Attaquant,Wigan Athletic,29,77,78,1,,1.0,84.2
2012/2013,Chris Smalling,Défenseur,Manchester United,23,78,78,0,,0.0,26.3
2012/2013,Danny Rose,Défenseur,Sunderland,22,74,72,-2,,-2.0,65.8
2012/2013,Jack Cork,Milieu,Southampton,23,71,73,2,,2.0,73.7
2012/2013,Ryan Shotton,Défenseur,Stoke City,24,66,68,2,,2.0,52.6
2012/2013,Philippe Senderos,Défenseur,Fulham,27,72,73,1,,1.0,47.4
2012/2013,Mark Bunn,Gardien,Norwich City,28,65,69,4,,4.0,57.9
2012/2013,Phil Jones,Défenseur,Manchester United,20,78,78,0,,0.0,34.2
2012/2013,Titus Bramble,Défenseur,Sunderland,31,74,72,-2,,-2.0,31.6
2012/2013,Victor Anichebe,Attaquant,Everton,24,73,72,-1,,-1.0,50.0
2012/2013,Luke Moore,Attaquant,Swansea City,26,68,68,0,,0.0,10.5
2012/2013,David Stockdale,Gardien,Fulham,27,73,73,0,,0.0,5.3
2012/2013,George Thorne,Milieu,West Bromwich Albion,19,60,63,3,,1.0,7.9
2012/2013,Marc Albrighton,Milieu,Aston Villa,23,75,72,-3,,-3.0,10.5
2012/2013,Daniel Potts,Défenseur,West Ham United,18,55,61,6,,4.0,2.6
2012/2013,Roman Golobart,Milieu,Wigan Athletic,20,56,65,9,,7.0,5.3
2012/2013,Ross Barkley,Milieu,Everton,19,69,71,2,,2.0,5.3
2012/2013,Tomas Rosicky,Milieu,Arsenal,32,79,80,1,,1.0,18.4
2013/2014,Per Mertesacker,Défenseur,Arsenal,29,80,82,2,-1,2.0,92.1
2013/2014,Aaron Ramsey,Milieu,Arsenal,23,77,82,5,-2,5.0,52.6
2013/2014,Brad Guzan,Gardien,Aston Villa,29,77,78,1,2,1.0,100.0
2013/2014,Ramires,Milieu,Chelsea,26,81,81,0,2,0.0,76.3
2013/2014,Eden Hazard,Milieu,Chelsea,22,85,88,3,0,3.0,84.2
2013/2014,Dean Moxey,Défenseur,Crystal Palace,27,66,68,2,,2.0,47.4
2013/2014,Gylfi Sigurdsson,Milieu,Tottenham Hotspur,24,76,74,-2,1,-2.0,36.8
2013/2014,Joe Hart,Gardien,Manchester City,26,84,82,-2,1,-2.0,81.6
2013/2014,Fabricio Coloccini,Défenseur,Newcastle United,31,81,80,-1,1,-1.0,71.1
2013/2014,Ricky van Wolfswinkel,Attaquant,Norwich City,24,75,72,-3,-2,-3.0,42.1
2013/2014,Sylvain Distin,Défenseur,Everton,36,77,77,0,1,0.0,86.8
2013/2014,Valentin Roberge,Défenseur,Sunderland,26,74,73,-1,5,-1.0,18.4
2013/2014,John O'Shea,Défenseur,Sunderland,32,75,75,0,-3,0.0,86.8
2013/2014,Adam Johnson,Milieu,Sunderland,26,79,77,-2,-1,-2.0,73.7
2013/2014,Damien Duff,Milieu,Fulham,34,77,74,-3,-1,-3.0,23.7
2013/2014,Ben Foster,Gardien,West Bromwich Albion,30,78,78,0,0,0.0,63.2
2013/2014,Jose Fonte,Défenseur,Southampton,30,72,75,3,2,3.0,92.1
2013/2014,Victor Wanyama,Milieu,Southampton,22,76,76,0,6,0.0,50.0
2013/2014,Adam Lallana,Milieu,Southampton,25,77,79,2,2,2.0,97.4
2013/2014,Modibo Maiga,Attaquant,West Ham United,26,75,72,-3,-1,-3.0,28.9
2013/2014,Peter Whittingham,Milieu,Cardiff City,29,72,73,1,,1.0,78.9
2013/2014,Scott Parker,Milieu,Fulham,33,80,76,-4,-3,-4.0,71.1
2013/2014,Wayne Rooney,Milieu,Manchester United,28,87,87,0,-3,0.0,71.1
2013/2014,Paul McShane,Défenseur,Hull City,27,67,67,0,,0.0,23.7
2013/2014,Carlos Cuellar,Défenseur,Sunderland,32,74,72,-2,0,-2.0,10.5
2013/2014,Costel Pantilimon,Gardien,Manchester City,26,74,75,1,,1.0,18.4
2013/2014,Alvaro Negredo,Attaquant,Manchester City,28,83,83,0,2,0.0,55.3
2013/2014,Nathaniel Clyne,Défenseur,Southampton,22,75,74,-1,3,-1.0,52.6
2013/2014,Yacouba Sylla,Milieu,Aston Villa,23,69,68,-1,1,-1.0,13.2
2013/2014,Steven Reid,Défenseur,West Bromwich Albion,32,70,70,0,-1,0.0,42.1
2013/2014,Robert Snodgrass,Milieu,Norwich City,26,75,75,0,2,0.0,76.3
2013/2014,Wilfried Bony,Attaquant,Swansea City,25,80,81,1,4,1.0,71.1
2013/2014,Jason Puncheon,Milieu,Crystal Palace,27,73,72,-1,3,-1.0,76.3
2013/2014,Etienne Capoue,Milieu,Tottenham Hotspur,25,79,78,-1,2,-1.0,21.1
2013/2014,Carlton Cole,Attaquant,West Ham United,30,73,72,-1,-1,-1.0,23.7
2013/2014,Craig Noone,Milieu,Cardiff City,26,70,72,2,,2.0,34.2
2013/2014,Jordi Amat,Défenseur,Swansea City,21,74,74,0,5,0.0,34.2
2013/2014,Darren Fletcher,Milieu,Manchester United,29,80,75,-5,-1,-5.0,23.7
2013/2014,Steven Naismith,Milieu,Everton,27,72,75,3,-4,3.0,34.2
2013/2014,Kelvin Davis,Gardien,Southampton,37,72,70,-2,3,-2.0,5.3
2013/2014,Hugo Rodallega,Attaquant,Fulham,28,75,73,-2,1,-2.0,15.8
2013/2014,Sylvain Marveaux,Milieu,Newcastle United,27,75,73,-2,0,-2.0,5.3
2013/2014,Gaston Ramirez,Milieu,Southampton,23,80,78,-2,4,-2.0,7.9
2013/2014,Mark Hudson,Défenseur,Cardiff City,31,71,69,-2,,-2.0,5.3
2013/2014,Daniel Burn,Défenseur,Fulham,21,59,65,6,,5.0,15.8
2013/2014,Jimmy Kebe,Attaquant,Crystal Palace,29,70,68,-2,-1,-2.0,5.3
2013/2014,Ricardo Vaz Te,Attaquant,West Ham United,27,70,70,0,2,0.0,7.9
2014/2015,Laurent Koscielny,Défenseur,Arsenal,29,82,82,0,1,0.0,68.4
2014/2015,Jack Wilshere,Milieu,Arsenal,22,82,81,-1,0,-1.0,23.7
2014/2015,Mile Jedinak,Milieu,Crystal Palace,30,74,75,1,2,1.0,63.2
2014/2015,Danny Ings,Attaquant,Burnley,22,71,74,3,,3.0,92.1
2014/2015,Kasper Schmeichel,Gardien,Leicester City,28,74,74,0,,0.0,63.2
2014/2015,John Stones,Défenseur,Everton,20,69,75,6,1,6.0,60.5
2014/2015,Simon Mignolet,Gardien,Liverpool,26,82,80,-2,4,-2.0,92.1
2014/2015,Maya Yoshida,Défenseur,Southampton,26,71,72,1,-1,1.0,47.4
2014/2015,Graziano Pelle,Attaquant,Southampton,29,77,77,0,-1,0.0,97.4
2014/2015,Tyler Blackett,Défenseur,Manchester United,20,58,65,7,,6.0,15.8
2014/2015,Ashley Young,Milieu,Manchester United,29,79,78,-1,-3,-1.0,60.5
2014/2015,Lukasz Fabianski,Gardien,Swansea City,29,75,77,2,-1,2.0,97.4
2014/2015,Tim Krul,Gardien,Newcastle United,26,79,78,-1,0,-1.0,78.9
2014/2015,Jack Colback,Milieu,Newcastle United,25,70,73,3,-1,3.0,92.1
2014/2015,David Silva,Milieu,Manchester City,28,87,87,0,-1,0.0,84.2
2014/2015,Edin Dzeko,Attaquant,Manchester City,28,83,83,0,0,0.0,28.9
2014/2015,Curtis Davies,Défenseur,Hull City,29,74,75,1,4,1.0,55.3
2014/2015,Phil Bardsley,Défenseur,Stoke City,29,72,72,0,-1,0.0,63.2
2014/2015,Ryan Shawcross,Défenseur,Stoke City,27,76,78,2,-2,2.0,84.2
2014/2015,Ashley R. Westwood,Milieu,Aston Villa,24,72,72,0,2,0.0,65.8
2014/2015,Saido Berahino,Attaquant,West Bromwich Albion,21,67,73,6,8,6.0,84.2
2014/2015,Adrian,Gardien,West Ham United,27,76,77,1,0,1.0,100.0
2014/2015,Mark Noble,Milieu,West Ham United,27,75,75,0,0,0.0,71.1
2014/2015,Eric Dier,Défenseur,Tottenham Hotspur,20,73,73,0,3,0.0,65.8
2014/2015,Emmanuel Adebayor,Attaquant,Tottenham Hotspur,30,80,79,-1,0,-1.0,23.7
2014/2015,Alex Oxlade-Chamberlain,Milieu,Arsenal,21,78,78,0,1,0.0,44.7
2014/2015,Danny Welbeck,Attaquant,Arsenal,24,78,78,0,-1,0.0,47.4
2014/2015,Filipe Luis,Défenseur,Chelsea,29,82,81,-1,1,-1.0,23.7
2014/2015,Mauricio Isla,Défenseur,Queens Park Rangers,26,77,75,-2,-2,-2.0,63.2
2014/2015,Mohamed Diame,Milieu,Hull City,27,73,73,0,0,0.0,26.3
2014/2015,Hatem Ben Arfa,Attaquant,Hull City,27,79,79,0,-2,0.0,13.2
2014/2015,Sergio Aguero,Attaquant,Manchester City,26,88,87,-1,1,-1.0,78.9
2014/2015,Luke Shaw,Défenseur,Manchester United,19,74,75,1,4,1.0,39.5
2014/2015,Morgan Amalfitano,Milieu,West Ham United,29,75,75,0,1,0.0,36.8
2014/2015,Damien Delaney,Défenseur,Crystal Palace,33,71,73,2,3,2.0,73.7
2014/2015,Federico Fazio,Défenseur,Tottenham Hotspur,27,78,78,0,1,0.0,52.6
2014/2015,Dwight Gayle,Attaquant,Crystal Palace,24,70,71,1,6,1.0,28.9
2014/2015,Rickie Lambert,Attaquant,Liverpool,32,76,76,0,1,0.0,18.4
2014/2015,Michael Dawson,Défenseur,Hull City,31,79,75,-4,0,-4.0,73.7
2014/2015,Kolo Toure,Défenseur,Liverpool,33,79,77,-2,-1,-2.0,18.4
2014/2015,Niko Kranjcar,Milieu,Queens Park Rangers,30,76,75,-1,,-1.0,28.9
2014/2015,Leon Britton,Milieu,Swansea City,32,75,75,0,0,0.0,18.4
2014/2015,Gareth McAuley,Défenseur,West Bromwich Albion,35,73,73,0,0,0.0,63.2
2014/2015,Jozy Altidore,Attaquant,Sunderland,25,74,74,0,-2,0.0,5.3
2014/2015,Billy Jones,Défenseur,Sunderland,27,70,70,0,2,0.0,36.8
2014/2015,Wilfredo Caballero,Gardien,Manchester City,33,79,78,-1,-1,-1.0,5.3
2015/2016,Francis Coquelin,Milieu,Arsenal,24,75,79,4,4,3.0,55.3
2015/2016,Matt Ritchie,Milieu,Bournemouth,26,72,74,2,,0.0,86.8
2015/2016,Micah Richards,Défenseur,Aston Villa,27,75,77,2,-3,1.0,60.5
2015/2016,John Terry,Défenseur,Chelsea,35,83,84,1,0,0.0,63.2
2015/2016,Phil Jagielka,Défenseur,Everton,33,80,81,1,0,0.0,55.3
2015/2016,Jose Manuel Jurado,Milieu,Watford,29,74,75,1,,-1.0,71.1
2015/2016,Troy Deeney,Attaquant,Watford,27,72,76,4,,2.0,94.7
2015/2016,Robert Huth,Défenseur,Leicester City,31,75,78,3,-2,2.0,92.1
2015/2016,Younes Kaboul,Défenseur,Sunderland,29,77,76,-1,-2,-2.0,57.9
2015/2016,Morgan Schneiderlin,Milieu,Manchester United,26,81,82,1,3,0.0,65.8
2015/2016,Kyle Walker,Défenseur,Tottenham Hotspur,25,77,79,2,0,1.0,86.8
2015/2016,Harry Kane,Attaquant,Tottenham Hotspur,22,78,82,4,10,3.0,100.0
2015/2016,Massadio Haidara,Défenseur,Newcastle United,23,70,72,2,1,0.0,15.8
2015/2016,Maarten Stekelenburg,Gardien,Southampton,33,77,76,-1,0,-2.0,44.7
2015/2016,Glen Johnson,Défenseur,Stoke City,31,75,77,2,-3,1.0,65.8
2015/2016,Dejan Lovren,Défenseur,Liverpool,26,79,79,0,0,-1.0,57.9
2015/2016,Jordan Henderson,Milieu,Liverpool,25,79,79,0,1,-1.0,39.5
2015/2016,Christian Benteke,Attaquant,Liverpool,25,81,80,-1,0,-2.0,36.8
2015/2016,Vincent Kompany,Défenseur,Manchester City,29,86,85,-1,0,-2.0,34.2
2015/2016,Yaya Toure,Milieu,Manchester City,32,85,85,0,-1,-1.0,73.7
2015/2016,Alan Hutton,Défenseur,Aston Villa,31,72,73,1,1,-1.0,68.4
2015/2016,Kieran Richardson,Défenseur,Aston Villa,31,73,73,0,-1,-2.0,21.1
2015/2016,Jack Grealish,Attaquant,Aston Villa,20,71,71,0,8,-2.0,23.7
2015/2016,Divock Origi,Attaquant,Liverpool,20,75,76,1,4,0.0,18.4
2015/2016,Bastian Schweinsteiger,Milieu,Manchester United,31,88,85,-3,0,-4.0,34.2
2015/2016,Claudio Yacob,Milieu,West Bromwich Albion,28,77,78,1,-1,0.0,86.8
2015/2016,Marko Arnautovic,Milieu,Stoke City,26,77,79,2,1,1.0,86.8
2015/2016,Joselu,Attaquant,Stoke City,25,75,75,0,3,-1.0,26.3
2015/2016,Youssuf Mulumbu,Milieu,Norwich City,28,76,76,0,-1,-1.0,13.2
2015/2016,Victor Moses,Milieu,West Ham United,25,75,76,1,0,0.0,34.2
2015/2016,Abdul Rahman Baba,Défenseur,Chelsea,21,75,77,2,8,1.0,28.9
2015/2016,Kieran Gibbs,Défenseur,Arsenal,26,77,79,2,-1,1.0,7.9
2015/2016,Fabio Borini,Milieu,Sunderland,24,75,75,0,3,-1.0,57.9
2015/2016,Jores Okore,Défenseur,Aston Villa,23,75,77,2,2,1.0,31.6
2015/2016,Gael Clichy,Défenseur,Manchester City,30,78,79,1,-2,0.0,31.6
2015/2016,Adam Bogdan,Gardien,Liverpool,28,70,73,3,,1.0,5.3
2015/2016,Enner Valencia,Attaquant,West Ham United,26,75,76,1,5,0.0,26.3
2015/2016,Marouane Chamakh,Attaquant,Crystal Palace,31,75,74,-1,0,-2.0,2.6
2015/2016,Rolando Aarons,Défenseur,Newcastle United,20,69,71,2,,0.0,7.9
2015/2016,Andros Townsend,Milieu,Newcastle United,24,74,75,1,0,-1.0,31.6
2015/2016,Yoan Gouffran,Milieu,Newcastle United,29,74,75,1,0,-1.0,5.3
2015/2016,Kristoffer Nordfeldt,Gardien,Swansea City,26,71,72,1,0,-1.0,2.6
2015/2016,Rees Greenwood,Milieu,Sunderland,19,56,60,4,,1.0,2.6
2015/2016,Cameron Brannagan,Milieu,Liverpool,19,58,60,2,,-1.0,2.6
2015/2016,Nick Proschwitz,Attaquant,Sint-Truidense VV,29,63,65,2,,-1.0,20.0
2015/2016,Elimane Coulibaly,Attaquant,Royal Excel Mouscron,35,64,64,0,-3,-3.0,16.7
2015/2016,Sheldon Bateau,Défenseur,KV Mechelen,24,67,68,1,0,-1.0,3.3
2012/2013,Alan Tate,Défenseur,Swansea City,30,69,67,-2,,-2.0,5.3
2013/2014,Andy Carroll,Attaquant,West Ham United,24,77,77,0,-1,0.0,31.6
2013/2014,Aiden McGeady,Milieu,Everton,27,79,78,-1,,-1.0,10.5
2013/2014,Paul Dummett,Défenseur,Newcastle United,22,62,64,2,7,1.0,28.9
2013/2014,Wilfried Zaha,Milieu,Cardiff City,21,74,72,-2,,-2.0,13.2
2013/2014,Glenn Murray,Attaquant,Crystal Palace,30,71,71,0,,0.0,7.9
2013/2014,Kim Kaellstroem,Milieu,Arsenal,31,75,74,-1,,-1.0,2.6
2013/2014,Tomas Kalas,Défenseur,Chelsea,20,72,74,2,2,2.0,5.3
2013/2014,Wayne Hennessey,Gardien,Crystal Palace,26,72,72,0,,0.0,2.6
2013/2014,Joe Lewis,Gardien,Cardiff City,26,66,66,0,,0.0,2.6
2013/2014,Charalampos Mavrias,Milieu,Sunderland,19,70,69,-1,,-1.0,2.6
2014/2015,Theo Walcott,Milieu,Arsenal,25,81,80,-1,0,-1.0,10.5
2014/2015,Jordon Ibe,Milieu,Liverpool,19,67,70,3,,3.0,18.4
2014/2015,Scott Sinclair,Milieu,Aston Villa,25,72,72,0,-3,0.0,13.2
2014/2015,Jack Butland,Gardien,Stoke City,21,72,72,0,1,0.0,7.9
2015/2016,Steven Caulker,Défenseur,Southampton,24,75,76,1,-1,0.0,2.6
2015/2016,Shay Given,Gardien,Stoke City,39,74,74,0,-1,-2.0,7.9
2012/2013,Stefano Lucchini,Défenseur,Atalanta,32,75,76,1,,1.0,50.0
2012/2013,Davide Biondini,Milieu,Atalanta,29,74,74,0,,0.0,52.6
2012/2013,German Denis,Attaquant,Atalanta,31,78,80,2,,2.0,92.1
2012/2013,Andre Dias,Défenseur,Lazio,33,81,80,-1,,-1.0,65.8
2012/2013,Senad Lulic,Milieu,Lazio,26,77,79,2,,2.0,76.3
2012/2013,Stefano Mauri,Milieu,Lazio,32,80,80,0,,0.0,60.5
2012/2013,Cyril Thereau,Attaquant,Chievo Verona,29,74,78,4,,4.0,92.1
2012/2013,Tiberio Guarente,Milieu,Bologna,27,74,72,-2,,-2.0,28.9
2012/2013,Marco Davide Faraoni,Milieu,Udinese,21,74,72,-2,,-2.0,15.8
2012/2013,Emmanuel Agyemang-Badu,Milieu,Udinese,22,72,74,2,,2.0,36.8
2012/2013,Willians,Milieu,Udinese,26,77,78,1,,1.0,7.9
2012/2013,Giovanni Pasquale,Milieu,Udinese,30,73,70,-3,,-3.0,44.7
2012/2013,Sebastian Frey,Gardien,Genoa,32,82,76,-6,,-6.0,94.7
2012/2013,Andreas Granqvist,Défenseur,Genoa,27,76,76,0,,0.0,84.2
2012/2013,Davide Astori,Défenseur,Cagliari,25,78,80,2,,2.0,84.2
2012/2013,Andrea Barzagli,Défenseur,Juventus,31,82,85,3,,3.0,89.5
2012/2013,Marco Parolo,Milieu,Parma,27,75,75,0,,0.0,89.5
2012/2013,Antonio Nocerino,Milieu,Milan,27,80,79,-1,,-1.0,52.6
2012/2013,Pedro Mba Obiang,Milieu,Sampdoria,20,68,74,6,,6.0,84.2
2012/2013,Marcelo Estigarribia,Milieu,Sampdoria,25,77,74,-3,,-3.0,76.3
2012/2013,Eder Citadin Martins,Attaquant,Sampdoria,26,74,73,-1,,-1.0,63.2
2012/2013,Hugo Campagnaro,Défenseur,Napoli,32,80,81,1,,1.0,71.1
2012/2013,Lorenzo Insigne,Attaquant,Napoli,21,74,77,3,,3.0,42.1
2012/2013,Giuseppe Colucci,Milieu,Pescara,32,71,69,-2,,-2.0,23.7
2012/2013,Francesco Totti,Attaquant,Roma,36,80,82,2,,2.0,86.8
2012/2013,Marco Biagianti,Milieu,Catania,28,74,73,-1,,-1.0,44.7
2012/2013,Alejandro Daro Gomez,Attaquant,Catania,24,77,76,-1,,-1.0,89.5
2012/2013,Guglielmo Stendardo,Défenseur,Atalanta,31,74,76,2,,2.0,76.3
2012/2013,Angelo,Milieu,Siena,31,70,71,1,,1.0,71.1
2012/2013,Francesco Modesto,Défenseur,Pescara,30,73,69,-4,,-4.0,50.0
2012/2013,Marco Amelia,Gardien,Milan,30,77,75,-2,,-2.0,26.3
2012/2013,Ignazio Abate,Défenseur,Milan,26,81,79,-2,,-2.0,65.8
2012/2013,Gabriele Angella,Défenseur,Udinese,23,66,70,4,,4.0,28.9
2012/2013,Cristian Zapata,Défenseur,Milan,26,75,79,4,,4.0,57.9
2012/2013,Maxi Lopez,Attaquant,Sampdoria,28,78,75,-3,,-3.0,23.7
2012/2013,Lucas Nahuel Castro,Attaquant,Catania,23,70,76,6,,6.0,47.4
2012/2013,Ederson,Milieu,Lazio,26,76,77,1,,1.0,10.5
2012/2013,Amidu Salifu,Milieu,Catania,20,71,71,0,,0.0,10.5
2012/2013,Alessio Sestu,Attaquant,Siena,29,70,69,-1,,-1.0,34.2
2012/2013,Valerio Di Cesare,Défenseur,Torino,29,65,70,5,,5.0,18.4
2012/2013,Jonathan,Milieu,Inter,26,75,72,-3,,-3.0,21.1
2012/2013,Igor Budan,Attaquant,Palermo,32,73,71,-2,,-2.0,2.6
2012/2013,Marquinho,Milieu,Roma,26,74,75,1,,1.0,28.9
2012/2013,Sergio Floccari,Attaquant,Lazio,31,75,78,3,,3.0,28.9
2012/2013,McDonald Mariga,Milieu,Parma,25,73,73,0,,0.0,2.6
2012/2013,Lazaros Christodoulopoulos,Milieu,Bologna,26,73,74,1,,1.0,18.4
2012/2013,Sotiris Ninis,Milieu,Parma,22,76,74,-2,,-2.0,13.2
2012/2013,Mauro Zarate,Attaquant,Lazio,25,78,74,-4,,-4.0,2.6
2012/2013,Mathias Ranegie,Attaquant,Udinese,28,73,73,0,,0.0,7.9
2012/2013,James Troisi,Milieu,Atalanta,24,69,71,2,,2.0,5.3
2012/2013,Davide Moscardelli,Attaquant,Chievo Verona,32,73,73,0,,0.0,2.6
2013/2014,Mario Gomez,Attaquant,Fiorentina,28,86,84,-2,0,-2.0,13.2
2013/2014,Rafael,Gardien,Hellas Verona,31,69,75,6,,6.0,97.4
2013/2014,Bosko Jankovic,Attaquant,Hellas Verona,29,75,74,-1,-2,-1.0,36.8
2013/2014,Phillippe Mexes,Défenseur,Milan,31,81,78,-3,0,-3.0,57.9
2013/2014,Andrea Ranocchia,Défenseur,Inter,25,81,78,-3,2,-3.0,60.5
2013/2014,Mattia Perin,Gardien,Genoa,21,75,77,2,,2.0,97.4
2013/2014,Paulinho,Attaquant,Livorno,27,74,76,2,,2.0,92.1
2013/2014,Mehdi Benatia,Défenseur,Roma,26,82,85,3,2,3.0,84.2
2013/2014,Federico Balzaretti,Défenseur,Roma,32,77,73,-4,-3,-4.0,26.3
2013/2014,Daniele De Rossi,Milieu,Roma,30,85,85,0,1,0.0,81.6
2013/2014,Christian Maggio,Défenseur,Napoli,31,81,77,-4,1,-4.0,57.9
2013/2014,Juan Camilo Zuniga,Défenseur,Napoli,28,79,74,-5,2,-5.0,10.5
2013/2014,Valon Behrami,Milieu,Napoli,28,79,79,0,1,0.0,42.1
2013/2014,Alessandro Diamanti,Attaquant,Bologna,30,83,75,-8,7,-8.0,50.0
2013/2014,Bostjan Cesar,Défenseur,Chievo Verona,31,74,73,-1,-2,-1.0,78.9
2013/2014,Alberto Paloschi,Attaquant,Chievo Verona,23,77,77,0,3,0.0,76.3
2013/2014,Nenad Krsticic,Milieu,Sampdoria,23,72,73,1,10,1.0,68.4
2013/2014,Manolo Gabbiadini,Milieu,Sampdoria,22,74,76,2,3,2.0,84.2
2013/2014,Emiliano Moretti,Défenseur,Torino,32,72,76,4,-1,4.0,94.7
2013/2014,Simone Zaza,Attaquant,Sassuolo,22,72,74,2,,2.0,63.2
2013/2014,Alexis Rolin,Défenseur,Catania,24,74,71,-3,,-3.0,52.6
2013/2014,Andrea Coda,Défenseur,Livorno,28,73,74,1,,1.0,55.3
2013/2014,Gabriel,Gardien,Milan,21,67,68,1,,1.0,15.8
2013/2014,Cristian Zaccardo,Défenseur,Milan,32,76,73,-3,0,-3.0,18.4
2013/2014,Vasilios Torosidis,Défenseur,Roma,28,76,75,-1,-3,-1.0,31.6
2013/2014,Nicholas Sebastian Frey,Défenseur,Chievo Verona,29,72,71,-1,0,-1.0,78.9
2013/2014,Francesco Acerbi,Défenseur,Sassuolo,25,75,73,-2,,-2.0,28.9
2013/2014,Luis Muriel,Attaquant,Udinese,22,78,74,-4,6,-4.0,36.8
2013/2014,Felipe Anderson,Attaquant,Lazio,20,72,74,2,,2.0,18.4
2013/2014,Luca Siligardi,Attaquant,Livorno,25,70,72,2,,2.0,34.2
2013/2014,Juan Vargas,Milieu,Fiorentina,30,78,76,-2,-2,-2.0,36.8
2013/2014,Blerim Dzemaili,Milieu,Napoli,27,76,75,-1,0,-1.0,47.4
2013/2014,Nicola Pozzi,Attaquant,Sampdoria,27,72,71,-1,1,-1.0,13.2
2013/2014,Giuseppe De Luca,Attaquant,Atalanta,22,70,69,-1,6,-1.0,15.8
2013/2014,Matias Fernandez,Milieu,Fiorentina,27,76,79,3,-5,3.0,31.6
2013/2014,Adrian Ricardo Centurion,Attaquant,Genoa,20,70,74,4,,4.0,13.2
2013/2014,Javier Zanetti,Milieu,Inter,40,78,75,-3,-3,-3.0,10.5
2013/2014,Dario Del Fabro,Défenseur,Cagliari,18,63,69,6,,5.0,7.9
2013/2014,Salvatore Masiello,Milieu,Torino,31,73,72,-1,6,-1.0,15.8
2013/2014,Adrian Stoian,Attaquant,Chievo Verona,22,72,69,-3,10,-3.0,13.2
2013/2014,Henrique,Défenseur,Napoli,27,77,76,-1,,-1.0,21.1
2013/2014,Alvaro Pereira,Milieu,Inter,28,79,74,-5,-1,-5.0,5.3
2014/2015,Giuseppe Biava,Défenseur,Atalanta,37,74,73,-1,-3,-1.0,47.4
2014/2015,Emil Hallfredsson,Milieu,Hellas Verona,30,72,74,2,2,2.0,68.4
2014/2015,Luca Toni,Attaquant,Hellas Verona,37,74,74,0,0,0.0,94.7
2014/2015,Guido Marilungo,Attaquant,Cesena,25,70,69,-1,,-1.0,21.1
2014/2015,Mattia Cassani,Défenseur,Parma,31,75,73,-2,2,-2.0,34.2
2014/2015,Massimo Gobbi,Milieu,Parma,34,72,71,-1,-2,-1.0,78.9
2014/2015,Cristiano Biraghi,Défenseur,Chievo Verona,22,67,70,3,4,3.0,34.2
2014/2015,Carlos Tevez,Attaquant,Juventus,30,86,85,-1,0,-1.0,76.3
2014/2015,Gokhan Inler,Milieu,Napoli,30,79,79,0,-3,0.0,40.5
2014/2015,Jose Maria Callejon,Milieu,Napoli,27,81,80,-1,5,-1.0,86.5
2014/2015,Gonzalo Higuain,Attaquant,Napoli,27,84,84,0,0,0.0,81.1
2014/2015,Andrea Poli,Milieu,Milan,25,77,75,-2,1,-2.0,60.5
2014/2015,Lucas Biglia,Milieu,Lazio,28,77,80,3,1,3.0,73.0
2014/2015,Stefano Sorrentino,Gardien,Palermo,35,75,76,1,,1.0,92.1
2014/2015,Daniele Gastaldello,Défenseur,Sampdoria,31,74,74,0,0,0.0,34.2
2014/2015,Gianluca Sansone,Attaquant,Sampdoria,27,73,71,-2,0,-2.0,2.6
2014/2015,Luca Antei,Défenseur,Sassuolo,22,70,69,-1,9,-1.0,13.2
2014/2015,Federico Peluso,Défenseur,Sassuolo,30,71,70,-1,-6,-1.0,68.4
2014/2015,Domenico Berardi,Attaquant,Sassuolo,20,75,78,3,5,3.0,84.2
2014/2015,Daniele Croce,Milieu,Empoli,32,67,74,7,,7.0,92.1
2014/2015,Simone Verdi,Milieu,Empoli,22,67,71,4,,4.0,44.7
2014/2015,Francesco Tavano,Attaquant,Empoli,35,71,71,0,,0.0,39.5
2014/2015,Levan Mchedlidze,Attaquant,Empoli,24,68,69,1,,1.0,15.8
2014/2015,Alberto Aquilani,Milieu,Fiorentina,30,79,77,-2,-2,-2.0,44.7
2014/2015,Daniele Baselli,Milieu,Atalanta,22,70,75,5,6,5.0,39.5
2014/2015,Facundo Sebastian Roncaglia,Défenseur,Genoa,27,74,74,0,-4,0.0,84.2
2014/2015,Luis Pedro Cavanda,Défenseur,Lazio,23,75,74,-1,1,-1.0,27.0
2014/2015,Alfred Duncan,Milieu,Sampdoria,21,66,69,3,-4,3.0,34.2
2014/2015,Alessio Romagnoli,Défenseur,Sampdoria,19,70,72,2,3,2.0,73.7
2014/2015,Miguel Britos,Défenseur,Napoli,29,77,73,-4,0,-4.0,45.9
2014/2015,Christian Daniel Ledesma,Milieu,Lazio,32,78,75,-3,-4,-3.0,18.9
2014/2015,Antonio Floro Flores,Attaquant,Sassuolo,31,73,71,-2,,-2.0,28.9
2014/2015,Molla Wague,Défenseur,Udinese,23,66,70,4,,4.0,26.3
2014/2015,Isaac Cofie,Milieu,Chievo Verona,23,71,71,0,0,0.0,21.1
2014/2015,Luka Krajnc,Défenseur,Cesena,20,64,64,0,,-1.0,52.6
2014/2015,Leandro Daniel Paredes,Milieu,Roma,20,69,68,-1,,-1.0,10.5
2014/2015,Leandro Castan,Défenseur,Roma,28,82,81,-1,5,-1.0,2.6
2014/2015,Igor Bubnjic,Défenseur,Udinese,22,72,70,-2,,-2.0,13.2
2014/2015,Zakarya Bergdich,Milieu,Genoa,25,67,67,0,-1,0.0,23.7
2014/2015,Seydou Doumbia,Attaquant,Roma,27,82,80,-2,,-2.0,15.8
2014/2015,Paolo Bianco,Défenseur,Sassuolo,37,68,68,0,4,0.0,2.6
2014/2015,Souleymane Bamba,Défenseur,Palermo,29,72,71,-1,,-1.0,2.6
2015/2016,Marco Zambelli,Défenseur,Empoli,30,67,68,1,,-1.0,34.2
2015/2016,Piotr Zielinski,Milieu,Empoli,21,70,74,4,2,2.0,92.1
2015/2016,Nenad Tomovic,Défenseur,Fiorentina,28,73,75,2,-1,0.0,50.0
2015/2016,Gonzalo Rodriguez,Défenseur,Fiorentina,31,79,81,2,0,1.0,92.1
2015/2016,Josip Ilicic,Attaquant,Fiorentina,27,76,80,4,0,3.0,63.2
2015/2016,Nicola Leali,Gardien,Frosinone,22,72,72,0,2,-2.0,86.8
2015/2016,Adriano Russo,Défenseur,Frosinone,28,62,67,5,,2.0,23.7
2015/2016,Roberto Crivello,Défenseur,Frosinone,24,54,67,13,,10.0,42.1
2015/2016,Daniele Padelli,Gardien,Torino,30,75,76,1,0,0.0,92.1
2015/2016,Kamil Glik,Défenseur,Torino,27,80,82,2,2,1.0,86.8
2015/2016,Samuel Souprayen,Défenseur,Hellas Verona,26,66,70,4,,2.0,47.4
2015/2016,Juan Gomez,Attaquant,Hellas Verona,30,71,73,2,0,0.0,50.0
2015/2016,Mohamed Salah,Attaquant,Roma,23,77,80,3,0,2.0,84.2
2015/2016,Gervinho,Attaquant,Roma,28,81,80,-1,-1,-2.0,34.2
2015/2016,Samir Handanovic,Gardien,Inter,31,83,84,1,1,0.0,94.7
2015/2016,Miranda,Défenseur,Inter,31,83,85,2,2,1.0,81.6
2015/2016,Marcelo Brozovic,Milieu,Inter,23,70,78,8,,6.0,65.8
2015/2016,Mauro Icardi,Attaquant,Inter,22,77,80,3,1,2.0,84.2
2015/2016,Rodrigo Palacio,Attaquant,Inter,33,80,79,-1,-2,-2.0,39.5
2015/2016,Andrea Masiello,Défenseur,Atalanta,29,70,73,3,,1.0,71.1
2015/2016,Gianluigi Buffon,Gardien,Juventus,37,83,84,1,1,0.0,92.1
2015/2016,Leonardo Bonucci,Défenseur,Juventus,28,80,83,3,1,2.0,92.1
2015/2016,Giorgio Chiellini,Défenseur,Juventus,31,84,86,2,0,1.0,55.3
2015/2016,Edenilson,Milieu,Udinese,26,75,74,-1,0,-2.0,68.4
2015/2016,Andrea Rispoli,Milieu,Palermo,27,64,64,0,,-3.0,42.1
2015/2016,Issa Cissokho,Milieu,Genoa,30,73,74,1,2,-1.0,15.8
2015/2016,Mirko Valdifiori,Milieu,Napoli,29,76,76,0,7,-1.0,15.8
2015/2016,Federico Marchetti,Gardien,Lazio,32,79,79,0,-2,-1.0,76.3
2015/2016,Adem Ljajic,Milieu,Inter,24,77,79,2,0,1.0,42.1
2015/2016,Pierluigi Gollini,Gardien,Hellas Verona,20,54,70,16,0,13.0,65.8
2015/2016,Riccardo Montolivo,Milieu,Milan,30,78,79,1,-2,0.0,81.6
2015/2016,Dario Dainelli,Défenseur,Chievo Verona,36,73,74,1,0,-1.0,39.5
2015/2016,Jorginho,Milieu,Napoli,24,76,79,3,1,2.0,84.2
2015/2016,Alberto Gilardino,Attaquant,Palermo,33,74,74,0,1,-2.0,68.4
2015/2016,Antonio Ruediger,Défenseur,Roma,22,74,76,2,1,0.0,76.3
2015/2016,Iago Falque,Attaquant,Roma,25,75,78,3,3,2.0,34.2
2015/2016,Stipe Perica,Attaquant,Udinese,20,68,70,2,,0.0,13.2
2015/2016,Djamel Mesbah,Défenseur,Sampdoria,31,70,71,1,-1,-1.0,15.8
2015/2016,Andrea Costa,Défenseur,Empoli,29,72,74,2,-1,0.0,60.5
2015/2016,Cesare Bovo,Défenseur,Torino,32,73,75,2,-1,0.0,52.6
2015/2016,Gianpaolo Bellini,Défenseur,Atalanta,35,68,69,1,-1,-1.0,28.9
2015/2016,Massimo Zenildo Zappino,Gardien,Frosinone,34,62,66,4,,1.0,7.9
2015/2016,Kalidou Koulibaly,Défenseur,Napoli,24,76,80,4,4,3.0,84.2
2015/2016,Claudio Marchisio,Milieu,Juventus,29,83,84,1,-1,0.0,60.5
2015/2016,Miroslav Klose,Attaquant,Lazio,37,80,79,-1,-2,-2.0,36.8
2015/2016,Francesco Lodi,Milieu,Udinese,31,73,73,0,-1,-2.0,52.6
2015/2016,Cristian Raimondi,Défenseur,Atalanta,34,62,67,5,-1,2.0,15.8
2015/2016,Davide Brivio,Défenseur,Atalanta,27,72,72,0,0,-2.0,26.3
2015/2016,Davide Bassi,Gardien,Atalanta,30,69,70,1,-1,-1.0,2.6
2015/2016,Aleksandar Tonev,Milieu,Frosinone,25,66,67,1,0,-1.0,28.9
2015/2016,Daniele Rugani,Défenseur,Juventus,21,74,78,4,5,2.0,28.9
2015/2016,Andrea Seculin,Gardien,Chievo Verona,25,66,69,3,,1.0,7.9
2015/2016,Uros Cosic,Défenseur,Empoli,23,66,68,2,,0.0,23.7
2015/2016,Mario Balotelli,Attaquant,Milan,25,80,79,-1,-3,-2.0,21.1
2015/2016,Fabio Daprela,Milieu,Palermo,24,67,67,0,1,-2.0,2.6
2012/2013,Jordy Buijs,Milieu,NAC Breda,24,66,65,-1,,-1.0,94.1
2012/2013,Cuco Martina,Défenseur,RKC Waalwijk,23,61,67,6,,4.0,100.0
2012/2013,Rodney Sneijder,Attaquant,RKC Waalwijk,21,66,67,1,,1.0,35.3
2012/2013,Marcelo,Défenseur,PSV,25,74,72,-2,,-2.0,94.1
2012/2013,Dries Mertens,Attaquant,PSV,25,80,80,0,,0.0,85.3
2012/2013,Martijn Monteyne,Défenseur,Roda JC Kerkrade,28,65,65,0,,0.0,82.4
2012/2013,Mitchell Donald,Milieu,Roda JC Kerkrade,24,69,68,-1,,-1.0,76.5
2012/2013,Mark-Jan Fledderus,Milieu,Roda JC Kerkrade,30,67,67,0,,0.0,97.1
2012/2013,Dragan Paljic,Défenseur,Heracles Almelo,29,65,63,-2,,-2.0,35.3
2012/2013,Marcel Seip,Défenseur,VVV-Venlo,30,61,65,4,,2.0,91.2
2012/2013,Nana Asare,Milieu,FC Utrecht,26,71,72,1,,1.0,82.4
2012/2013,Johan Maartensson,Milieu,FC Utrecht,23,67,67,0,,0.0,32.4
2012/2013,Daryl Janmaat,Défenseur,Feyenoord,23,69,74,5,,5.0,97.1
2012/2013,Leroy Fer,Milieu,FC Twente,22,74,76,2,,2.0,73.5
2012/2013,Robbert Schilder,Défenseur,FC Twente,26,71,70,-1,,-1.0,79.4
2012/2013,Wout Brama,Milieu,FC Twente,26,74,73,-1,,-1.0,73.5
2012/2013,Tjaronn Chery,Attaquant,ADO Den Haag,24,68,70,2,,2.0,94.1
2012/2013,Thulani Serero,Milieu,Ajax,22,72,72,0,,0.0,11.8
2012/2013,Esteban Alvarado,Gardien,AZ,23,74,74,0,,0.0,100.0
2012/2013,Viktor Elm,Milieu,AZ,27,70,71,1,,1.0,88.2
2012/2013,Kostas Lamprou,Gardien,Feyenoord,21,65,65,0,,0.0,35.3
2012/2013,Jean-Paul Boetius,Attaquant,Feyenoord,18,59,73,14,,12.0,50.0
2012/2013,Christian Eriksen,Milieu,Ajax,20,79,81,2,,2.0,97.1
2012/2013,Ryan Babel,Attaquant,Ajax,26,78,74,-4,,-4.0,26.5
2012/2013,Christian Dorda,Défenseur,Heracles Almelo,24,63,65,2,,0.0,70.6
2012/2013,Ninos Gouriye,Attaquant,Heracles Almelo,21,63,68,5,,3.0,50.0
2012/2013,Frank van Mosselveld,Défenseur,RKC Waalwijk,28,62,63,1,,-1.0,38.2
2012/2013,Rasmus Bengtsson,Défenseur,FC Twente,26,70,72,2,,2.0,58.8
2012/2013,Luc Castaignos,Attaquant,FC Twente,20,73,72,-1,,-1.0,73.5
2012/2013,Mike Havenaar,Attaquant,Vitesse,25,72,72,0,,0.0,52.9
2012/2013,Marko Vejinovic,Milieu,Heracles Almelo,22,70,71,1,,1.0,55.9
2012/2013,Tim Matavz,Attaquant,PSV,23,76,74,-2,,-2.0,47.1
2012/2013,Michael Zullo,Défenseur,FC Utrecht,24,63,64,1,,-1.0,17.6
2012/2013,Khalid Sinouh,Gardien,N.E.C.,37,67,66,-1,,-1.0,17.6
2012/2013,Omar Elabdellaoui,Défenseur,Feyenoord,21,63,69,6,,4.0,2.9
2012/2013,Rasmus Lindgren,Milieu,FC Groningen,28,67,67,0,,0.0,41.2
2012/2013,Michihirio Yasuda,Défenseur,Vitesse,25,66,64,-2,,-2.0,11.8
2012/2013,Nicky Hofs,Milieu,Willem II,29,67,66,-1,,-1.0,20.6
2013/2014,Christian Poulsen,Milieu,Ajax,33,76,73,-3,2,-3.0,41.2
2013/2014,Bojan Krkic,Attaquant,Ajax,23,78,78,0,2,0.0,50.0
2013/2014,Anouar Kali,Milieu,Roda JC Kerkrade,22,71,70,-1,6,-1.0,82.4
2013/2014,Guus Hupperts,Milieu,Roda JC Kerkrade,21,67,70,3,8,3.0,91.2
2013/2014,Markus Henriksen,Milieu,AZ,21,73,72,-1,1,-1.0,41.2
2013/2014,Roy Beerens,Attaquant,AZ,26,72,73,1,-2,1.0,97.1
2013/2014,Rens van Eijden,Défenseur,N.E.C.,25,68,69,1,3,1.0,85.3
2013/2014,Michael Higdon,Attaquant,N.E.C.,30,71,70,-1,0,-1.0,82.4
2013/2014,Giliano Wijnaldum,Défenseur,FC Groningen,21,65,65,0,3,0.0,67.6
2013/2014,Mike van Duinen,Attaquant,ADO Den Haag,22,68,69,1,5,1.0,97.1
2013/2014,Andreas Bjelland,Défenseur,FC Twente,25,74,75,1,6,1.0,97.1
2013/2014,Felipe Gutierrez,Milieu,FC Twente,23,73,74,1,6,1.0,97.1
2013/2014,"Kenny Anderson,18",Milieu,RKC Waalwijk,21,62,62,0,0,-1.0,50.0
2013/2014,Romeo Castelen,Attaquant,RKC Waalwijk,30,67,69,2,,2.0,82.4
2013/2014,Ramon Leeuwin,Défenseur,SC Cambuur,26,63,69,6,-1,5.0,94.1
2013/2014,Alex Schalk,Attaquant,NAC Breda,21,65,63,-2,-1,-2.0,5.9
2013/2014,Diederik Boer,Gardien,PEC Zwolle,33,67,69,2,,2.0,61.8
2013/2014,Bram van Polen,Défenseur,PEC Zwolle,28,65,66,1,,1.0,76.5
2013/2014,Mateusz Klich,Milieu,PEC Zwolle,23,68,72,4,1,4.0,82.4
2013/2014,Fred Benson,Attaquant,PEC Zwolle,29,66,65,-1,2,-1.0,58.8
2013/2014,Erwin Mulder,Gardien,Feyenoord,24,72,72,0,4,0.0,94.1
2013/2014,Jordy Clasie,Milieu,Feyenoord,22,77,76,-1,3,-1.0,94.1
2013/2014,Lex Immers,Milieu,Feyenoord,27,71,71,0,0,0.0,94.1
2013/2014,John Goossens,Attaquant,Feyenoord,25,70,70,0,-2,0.0,14.7
2013/2014,Frank van der Struijk,Défenseur,Vitesse,28,66,66,0,0,0.0,35.3
2013/2014,Renato Ibarra,Attaquant,Vitesse,22,72,74,2,5,2.0,85.3
2013/2014,Dusan Tadic,Attaquant,FC Twente,25,79,80,1,1,1.0,97.1
2013/2014,Joel Veltman,Défenseur,Ajax,21,67,73,6,,6.0,70.6
2013/2014,Rydell Poepon,Attaquant,NAC Breda,26,67,67,0,-2,0.0,82.4
2013/2014,Joey van den Berg,Milieu,SC Heerenveen,27,67,68,1,,1.0,76.5
2013/2014,Lucas Piazon,Attaquant,Vitesse,19,73,76,3,14,3.0,70.6
2013/2014,Jason Davidson,Défenseur,Heracles Almelo,22,64,67,3,4,2.0,88.2
2013/2014,Jeffrey Leiwakabessy,Défenseur,N.E.C.,32,64,64,0,-1,-1.0,50.0
2013/2014,Darryl Lachman,Défenseur,PEC Zwolle,24,67,71,4,,4.0,64.7
2013/2014,Michael de Leeuw,Attaquant,FC Groningen,27,70,70,0,2,0.0,38.2
2013/2014,Evander Sno,Milieu,RKC Waalwijk,26,71,72,1,1,1.0,67.6
2013/2014,Davy Klaassen,Milieu,Ajax,20,66,74,8,,8.0,67.6
2013/2014,Christiaan Kum,Défenseur,SC Heerenveen,28,68,68,0,0,0.0,58.8
2013/2014,Ji-Sung Park,Milieu,PSV,32,72,78,6,-9,6.0,61.8
2013/2014,Imad Najah,Milieu,RKC Waalwijk,22,65,65,0,2,0.0,8.8
2013/2014,Daan Disveld,Défenseur,N.E.C.,19,61,60,-1,,-2.0,2.9
2013/2014,Cedric Badjeck,Attaquant,FC Utrecht,18,60,60,0,,-1.0,2.9
2013/2014,Etienne Reijnen,Défenseur,AZ,26,65,66,1,-1,1.0,23.5
2013/2014,Trent Sainsbury,Défenseur,PEC Zwolle,21,66,66,0,,0.0,2.9
2013/2014,Daniel de Ridder,Attaquant,RKC Waalwijk,29,67,67,0,-1,0.0,11.8
2013/2014,Zakaria Labyad,Milieu,Vitesse,20,76,74,-2,2,-2.0,26.5
2014/2015,Ben Rienstra,Milieu,PEC Zwolle,24,68,69,1,0,1.0,94.1
2014/2015,Mustafa Saymak,Milieu,PEC Zwolle,21,67,69,2,4,2.0,61.8
2014/2015,Jesper Drost,Milieu,PEC Zwolle,21,68,71,3,4,3.0,94.1
2014/2015,Stefan Nijland,Attaquant,PEC Zwolle,26,65,67,2,-1,2.0,44.1
2014/2015,Marc van de Maarel,Défenseur,FC Utrecht,25,67,66,-1,0,-1.0,61.8
2014/2015,Joost van Aken,Défenseur,SC Heerenveen,20,60,66,6,,5.0,88.2
2014/2015,Michiel Hemmen,Attaquant,SC Cambuur,27,65,65,0,,0.0,17.6
2014/2015,Dico Koppers,Défenseur,FC Twente,22,66,65,-1,1,-1.0,17.6
2014/2015,Adnane Tighadouini,Milieu,NAC Breda,22,65,70,5,,5.0,91.2
2014/2015,Bart Schenkeveld,Défenseur,Heracles Almelo,23,66,66,0,0,0.0,44.1
2014/2015,Fahd Aktaou,Défenseur,Heracles Almelo,21,60,60,0,,-1.0,55.9
2014/2015,Thomas Bruns,Milieu,Heracles Almelo,22,67,67,0,-1,0.0,85.3
2014/2015,Iiass Bel Hassani,Milieu,Heracles Almelo,22,67,69,2,,2.0,47.1
2014/2015,Jeffrey Gouweleeuw,Défenseur,AZ,23,71,72,1,2,1.0,100.0
2014/2015,Steven Berghuis,Attaquant,AZ,23,70,72,2,2,2.0,55.9
2014/2015,Sven van Beek,Défenseur,Feyenoord,20,65,74,9,4,9.0,91.2
2014/2015,Joris Mathijsen,Défenseur,Feyenoord,34,74,72,-2,-1,-2.0,23.5
2014/2015,Sjoerd Overgoor,Milieu,Go Ahead Eagles,28,64,66,2,,1.0,91.2
2014/2015,Danny Hoesen,Attaquant,FC Groningen,23,71,67,-4,0,-4.0,47.1
2014/2015,Ricardo Kishna,Attaquant,Ajax,19,70,74,4,,4.0,52.9
2014/2015,Ben Sahar,Attaquant,Willem II,25,67,69,2,,2.0,76.5
2014/2015,Luuk de Jong,Attaquant,PSV,24,75,77,2,-4,2.0,94.1
2014/2015,Memphis Depay,Attaquant,PSV,20,76,79,3,6,3.0,88.2
2014/2015,Rochdi Achenteh,Défenseur,Vitesse,26,66,66,0,,0.0,88.2
2014/2015,Jeroen Veldmate,Défenseur,Heracles Almelo,26,65,66,1,1,1.0,61.8
2014/2015,Hans Hateboer,Défenseur,FC Groningen,20,65,66,1,,1.0,52.9
2014/2015,Jesus Corona,Attaquant,FC Twente,21,71,75,4,1,4.0,79.4
2014/2015,Thomas Lam,Défenseur,PEC Zwolle,21,64,66,2,,1.0,64.7
2014/2015,Mart Dijkstra,Défenseur,SC Cambuur,24,62,63,1,,0.0,8.8
2014/2015,Mitchell te Vrede,Attaquant,Feyenoord,23,65,67,2,1,2.0,20.6
2014/2015,Dan Mori,Défenseur,Vitesse,26,65,65,0,0,0.0,8.8
2014/2015,Demy de Zeeuw,Milieu,NAC Breda,31,69,69,0,,0.0,35.3
2014/2015,Florian Jozefzoon,Attaquant,PSV,23,70,71,1,1,1.0,11.8
2015/2016,Lucas Bijker,Défenseur,SC Heerenveen,22,66,67,1,3,-1.0,61.8
2015/2016,Jaroslav Navratil,Attaquant,Heracles Almelo,24,65,66,1,3,-1.0,50.0
2015/2016,Brahim Darri,Attaquant,Heracles Almelo,21,65,67,2,2,0.0,55.9
2015/2016,Martin Hansen,Gardien,ADO Den Haag,25,68,71,3,12,1.0,97.1
2015/2016,Santiago Arias,Défenseur,PSV,23,74,76,2,3,0.0,94.1
2015/2016,Joshua Brenet,Défenseur,PSV,21,67,72,5,0,3.0,61.8
2015/2016,Luciano Narsingh,Attaquant,PSV,25,75,75,0,0,-1.0,73.5
2015/2016,Sean Klaiber,Défenseur,FC Utrecht,21,61,68,7,1,4.0,47.1
2015/2016,Yassine Ayoub,Milieu,FC Utrecht,21,72,73,1,2,-1.0,64.7
2015/2016,Sebastien Haller,Attaquant,FC Utrecht,21,65,76,11,1,9.0,97.1
2015/2016,Sergio Rochet,Gardien,AZ,22,67,68,1,,-1.0,67.6
2015/2016,Mattias Johansson,Défenseur,AZ,23,68,71,3,-1,1.0,76.5
2015/2016,Jasper Cillessen,Gardien,Ajax,26,80,81,1,2,0.0,97.1
2015/2016,Riechedly Bazoer,Milieu,Ajax,19,71,77,6,,4.0,79.4
2015/2016,Nemanja Gudelj,Milieu,Ajax,24,75,77,2,3,1.0,100.0
2015/2016,Bryan Linssen,Attaquant,FC Groningen,25,68,72,4,-2,2.0,55.9
2015/2016,Hidde ter Avest,Défenseur,FC Twente,18,61,66,5,,2.0,82.4
2015/2016,Bruno Andrade,Attaquant,Willem II,26,66,68,2,,0.0,17.6
2015/2016,Isaiah Brown,Attaquant,Vitesse,18,61,67,6,,3.0,35.3
2015/2016,Morten Thorsby,Milieu,SC Heerenveen,19,64,67,3,,0.0,58.8
2015/2016,Tim Hoelscher,Milieu,FC Twente,20,65,65,0,-1,-2.0,14.7
2015/2016,Jari Oosterwijk,Attaquant,FC Twente,20,62,65,3,,0.0,32.4
2015/2016,Jurgen Mattheij,Défenseur,Excelsior,22,62,66,4,,1.0,61.8
2015/2016,Kevin Jansen,Milieu,ADO Den Haag,23,66,68,2,0,0.0,70.6
2015/2016,Maikel van der Werff,Défenseur,Vitesse,26,67,72,5,1,3.0,73.5
2015/2016,Dominic Solanke,Attaquant,Vitesse,18,61,68,7,,4.0,61.8
2015/2016,Todd Kane,Défenseur,N.E.C.,22,64,69,5,,2.0,85.3
2015/2016,Johan Kappelhof,Défenseur,FC Groningen,25,67,69,2,0,0.0,52.9
2015/2016,Nick van der Velden,Attaquant,Willem II,34,67,68,1,-1,-1.0,61.8
2015/2016,Wilfried Kanon,Défenseur,ADO Den Haag,22,68,72,4,4,2.0,35.3
2015/2016,Ricardo van Rhijn,Défenseur,Ajax,24,74,73,-1,1,-3.0,5.9
2013/2014,Marcin Malinowski,Défenseur,Ruch Chorzów,38,65,63,-2,3,-2.0,93.3
2013/2014,Mateusz Bak,Gardien,Lechia Gdańsk,30,64,64,0,0,-1.0,63.3
2013/2014,Jaroslaw Bieniuk,Défenseur,Lechia Gdańsk,34,66,66,0,-1,0.0,50.0
2013/2014,Marcin Pietrowski,Milieu,Lechia Gdańsk,25,64,65,1,6,0.0,56.7
2013/2014,Adam Duda,Attaquant,Lechia Gdańsk,22,58,60,2,,1.0,6.7
2013/2014,Marcin Wodecki,Milieu,Podbeskidzie Bielsko-Biała,25,62,60,-2,-1,-3.0,30.0
2013/2014,Dusan Kuciak,Gardien,Legia Warszawa,28,71,71,0,0,0.0,63.3
2013/2014,Jakub Bartkowski,Défenseur,Widzew Łódź,22,60,60,0,7,-1.0,40.0
2013/2014,Adam Danch,Défenseur,Polonia Bytom,26,66,67,1,1,1.0,23.3
2013/2014,"Maciej Malkowski,24",Milieu,Polonia Bytom,28,62,62,0,1,-1.0,46.7
2013/2014,Tomasz Lisowski,Défenseur,Korona Kielce,28,65,65,0,-4,0.0,30.0
2013/2014,Vlastimir Jovanovic,Milieu,Korona Kielce,28,64,64,0,1,-1.0,70.0
2013/2014,Sebastian Mila,Milieu,Śląsk Wrocław,31,70,70,0,1,0.0,63.3
2013/2014,Michal Pazdan,Défenseur,Jagiellonia Białystok,26,65,66,1,2,1.0,93.3
2013/2014,Henrik Ojamaa,Milieu,Legia Warszawa,22,69,66,-3,5,-3.0,66.7
2013/2014,Maciej Gajos,Milieu,Jagiellonia Białystok,22,56,59,3,,2.0,60.0
2013/2014,Frank Adu Kwame,Défenseur,Podbeskidzie Bielsko-Biała,28,55,55,0,,-1.0,40.0
2013/2014,Karol Linetty,Milieu,Lech Poznań,18,60,67,7,,6.0,60.0
2013/2014,Szymon Pawlowski,Milieu,Lech Poznań,27,70,70,0,5,0.0,66.7
2013/2014,Adam Pazio,Défenseur,Lechia Gdańsk,21,63,63,0,,-1.0,46.7
2013/2014,Maciej Kostrzewa,Milieu,Lechia Gdańsk,22,55,56,1,,0.0,30.0
2013/2014,"Richard Zajac,28",Gardien,Podbeskidzie Bielsko-Biała,37,64,66,2,3,1.0,60.0
2013/2014,Dimitrije Injac,Milieu,Lech Poznań,33,63,63,0,-7,-1.0,10.0
2013/2014,Marek Saganowski,Attaquant,Legia Warszawa,35,67,66,-1,5,-1.0,16.7
2013/2014,Filip Modelski,Défenseur,Jagiellonia Białystok,21,61,61,0,3,-1.0,6.7
2013/2014,Seweryn Michalski,Défenseur,Jagiellonia Białystok,19,56,56,0,,-1.0,3.3
2013/2014,Alan Uryga,Milieu,Wisła Kraków,19,58,58,0,,-1.0,10.0
2013/2014,Tomasz Bandrowski,Milieu,Jagiellonia Białystok,29,64,64,0,2,-1.0,16.7
2013/2014,Lukasz Sierpina,Milieu,Korona Kielce,25,62,62,0,,-1.0,3.3
2014/2015,Marcin Kaminski,Défenseur,Lech Poznań,22,66,66,0,-1,0.0,93.3
2014/2015,Dariusz Formella,Milieu,Lech Poznań,19,55,64,9,,8.0,26.7
2014/2015,Dani Quintana,Milieu,Jagiellonia Białystok,27,69,69,0,6,0.0,20.0
2014/2015,Jacek Kielb,Milieu,Korona Kielce,26,62,61,-1,1,-2.0,66.7
2014/2015,Pawel Zielinski,Défenseur,Śląsk Wrocław,24,58,62,4,,3.0,96.7
2014/2015,Flavio Paixao,Milieu,Śląsk Wrocław,30,65,66,1,,1.0,96.7
2014/2015,Filip Starzynski,Milieu,Ruch Chorzów,23,64,68,4,7,3.0,100.0
2014/2015,Marek Sokolowski,Milieu,Podbeskidzie Bielsko-Biała,36,61,57,-4,-1,-5.0,83.3
2014/2015,Silvio Rodic,Gardien,Górnik Łęczna,27,60,60,0,,-1.0,20.0
2014/2015,Rafal Boguski,Milieu,Wisła Kraków,30,62,63,1,-1,0.0,80.0
2014/2015,Lukasz Gargula,Milieu,Wisła Kraków,33,66,66,0,3,0.0,66.7
2014/2015,Maksymilian Rogalski,Milieu,Pogoń Szczecin,31,63,63,0,1,-1.0,66.7
2014/2015,Marcin Robak,Attaquant,Pogoń Szczecin,32,71,71,0,,0.0,50.0
2014/2015,Lukasz Broz,Défenseur,Legia Warszawa,29,66,66,0,0,0.0,46.7
2014/2015,Hubert Wolakiewicz,Défenseur,Lech Poznań,29,66,63,-3,-1,-3.0,30.0
2014/2015,Martin Baran,Défenseur,Jagiellonia Białystok,26,63,63,0,3,-1.0,36.7
2014/2015,Kyrylo Petrov,Milieu,Korona Kielce,24,59,49,-10,,-11.0,40.0
2014/2015,Sergei Pylypchuk,Milieu,Korona Kielce,30,65,65,0,,0.0,43.3
2014/2015,Jakub Szmatula,Gardien,Piast Gliwice,33,61,61,0,,-1.0,33.3
2014/2015,Marcin Kus,Défenseur,Ruch Chorzów,33,61,61,0,-2,-1.0,23.3
2014/2015,Krzysztof Ostrowski,Défenseur,Śląsk Wrocław,32,59,61,2,2,1.0,16.7
2014/2015,Przemyslaw Trytko,Attaquant,Korona Kielce,27,60,60,0,,-1.0,63.3
2014/2015,Bruno Nazario,Milieu,Lechia Gdańsk,19,64,65,1,,0.0,43.3
2014/2015,Krzysztof Chrapek,Attaquant,Podbeskidzie Bielsko-Biała,29,62,62,0,,-1.0,6.7
2014/2015,Bartosz Iwan,Attaquant,Polonia Bytom,30,65,65,0,2,0.0,40.0
2014/2015,Adam Waszkiewicz,Défenseur,Jagiellonia Białystok,21,51,52,1,,0.0,10.0
2014/2015,Marco Paixao,Attaquant,Śląsk Wrocław,30,69,71,2,,2.0,43.3
2014/2015,Grzegorz Wojtkowiak,Défenseur,Lechia Gdańsk,30,66,66,0,,0.0,33.3
2014/2015,Jakub Wrabel,Gardien,Śląsk Wrocław,18,50,51,1,,0.0,20.0
2014/2015,Arnaud Sutchuin Djoum,Milieu,Lech Poznań,25,63,65,2,-2,1.0,10.0
2014/2015,Takafumi Akahoshi,Milieu,Pogoń Szczecin,28,69,68,-1,4,-1.0,6.7
2014/2015,Jean Barrientos,Milieu,Wisła Kraków,24,69,64,-5,0,-5.0,16.7
2014/2015,Kamil Kuzera,Défenseur,Korona Kielce,31,64,64,0,0,-1.0,3.3
2014/2015,Wojciech Kedziora,Attaquant,Piast Gliwice,34,64,61,-3,0,-4.0,3.3
2015/2016,Tamas Kadar,Défenseur,Lech Poznań,25,68,67,-1,0,-3.0,73.3
2015/2016,Adam Buksa,Attaquant,Lechia Gdańsk,19,51,62,11,,8.0,13.3
2015/2016,Deniss Rakels,Milieu,Cracovia,23,58,68,10,3,7.0,66.7
2015/2016,Jakub Rzezniczak,Défenseur,Legia Warszawa,29,68,70,2,2,0.0,56.7
2015/2016,Tomasz Jodlowiec,Milieu,Legia Warszawa,30,69,71,2,3,0.0,76.7
2015/2016,Michal Zyro,Milieu,Legia Warszawa,23,68,69,1,3,-1.0,3.3
2015/2016,Martin Konczkowski,Défenseur,Ruch Chorzów,22,56,64,8,3,5.0,93.3
2015/2016,Roland Gigolaev,Milieu,Ruch Chorzów,25,63,64,1,1,-2.0,20.0
2015/2016,Sergiusz Prusak,Gardien,Górnik Łęczna,36,55,57,2,,-1.0,43.3
2015/2016,Lukasz Mierzejewski,Défenseur,Górnik Łęczna,33,62,62,0,,-3.0,83.3
2015/2016,Leandro,Défenseur,Górnik Łęczna,32,61,63,2,,-1.0,80.0
2015/2016,Nabil Aankour,Milieu,Korona Kielce,22,52,57,5,,2.0,50.0
2015/2016,Marcin Cebula,Milieu,Korona Kielce,20,57,57,0,2,-3.0,36.7
2015/2016,Konstantin Vassiljev,Milieu,Jagiellonia Białystok,31,66,71,5,-1,3.0,76.7
2015/2016,Kornel Osyra,Défenseur,Piast Gliwice,22,60,63,3,7,0.0,60.0
2015/2016,Pawel Jaroszynski,Défenseur,Cracovia,21,58,60,2,0,-1.0,53.3
2015/2016,Paulus Arajuuri,Défenseur,Lech Poznań,27,67,70,3,3,1.0,73.3
2015/2016,Oleksandr Shevelyukhin,Défenseur,Polonia Bytom,33,64,63,-1,0,-4.0,50.0
2015/2016,Kamil Dankowski,Milieu,Śląsk Wrocław,19,51,57,6,2,3.0,36.7
2015/2016,Tomasz Zajac,Milieu,Korona Kielce,20,62,62,0,,-3.0,20.0
2015/2016,Dariusz Kolodziej,Milieu,Podbeskidzie Bielsko-Biała,33,59,58,-1,4,-4.0,10.0
2015/2016,Patryk Tuszynski,Attaquant,Jagiellonia Białystok,26,61,65,4,1,1.0,3.3
2015/2016,Adam Gyurcso,Milieu,Pogoń Szczecin,24,69,69,0,,-2.0,26.7
2015/2016,Mihail Aleksandrov,Milieu,Legia Warszawa,26,70,72,2,,0.0,6.7
2015/2016,Dariusz Zjawinski,Attaquant,Cracovia,29,56,58,2,,-1.0,16.7
2012/2013,Louis Saha,Attaquant,Lazio,34,77,76,-1,,-1.0,2.6
2012/2013,Marius Stankevicius,Milieu,Lazio,31,74,72,-2,,-2.0,5.3
2012/2013,Nicolas Viola,Milieu,Palermo,23,66,66,0,,0.0,2.6
2013/2014,Marco Andreolli,Défenseur,Inter,27,77,75,-2,3,-2.0,5.3
2013/2014,Lukasz Skorupski,Gardien,Roma,22,67,67,0,3,0.0,5.3
2013/2014,Antonio Doblas,Gardien,Napoli,33,68,68,0,,0.0,2.6
2014/2015,Anders Christiansen,Milieu,Chievo Verona,24,63,67,4,,3.0,5.3
2015/2016,Jonathan De Guzman,Attaquant,Carpi,28,77,76,-1,1,-2.0,2.6
2015/2016,Neto,Gardien,Juventus,26,78,79,1,1,0.0,7.9
2012/2013,Arjan van Dijk,Gardien,RKC Waalwijk,25,60,60,0,,-2.0,2.9
2012/2013,Jeroen Verhoeven,Gardien,FC Utrecht,32,67,66,-1,,-1.0,2.9
2013/2014,Furdjel Narsingh,Attaquant,PEC Zwolle,25,64,64,0,,-1.0,5.9
2013/2014,Tim Breukers,Défenseur,FC Twente,26,68,67,-1,1,-1.0,5.9
2013/2014,Brian Vandenbussche,Gardien,SC Heerenveen,32,69,69,0,1,0.0,2.9
2013/2014,Denzel Slager,Attaquant,RKC Waalwijk,20,62,61,-1,,-2.0,2.9
2014/2015,Remko Pasveer,Gardien,PSV,31,71,71,0,0,0.0,5.9
2015/2016,Terell Ondaan,Attaquant,Willem II,22,67,67,0,,-2.0,20.6
2015/2016,Oscar Zawada,Attaquant,FC Twente,19,58,59,1,,-2.0,11.8
2015/2016,Robert Muehren,Attaquant,AZ,26,67,68,1,,-1.0,2.9
2015/2016,Valmir Berisha,Attaquant,SC Cambuur,19,58,63,5,,2.0,2.9
2015/2016,Fernando Lewis,Défenseur,AZ,22,63,62,-1,,-4.0,2.9
2012/2013,Cheikh Mbengue,Défenseur,Toulouse FC,24,74,75,1,,1.0,71.1
2012/2013,Etienne Didot,Milieu,Toulouse FC,29,75,75,0,,0.0,86.8
2012/2013,Olivier Sorlin,Milieu,Évian Thonon Gaillard FC,33,73,73,0,,0.0,94.7
2012/2013,Ludovic Lamine Sane,Défenseur,Girondins de Bordeaux,25,72,76,4,,4.0,86.8
2012/2013,Ludovic Obraniak,Milieu,Girondins de Bordeaux,28,77,77,0,,0.0,73.7
2012/2013,Guy-Roland N'Dy Assembe,Gardien,AS Nancy-Lorraine,26,72,70,-2,,-2.0,39.5
2012/2013,Loosemy Karaboue,Milieu,AS Nancy-Lorraine,24,72,65,-7,,-7.0,92.1
2012/2013,Paul Baysse,Défenseur,Stade Brestois 29,24,70,74,4,,4.0,47.4
2012/2013,Bruno Grougi,Milieu,Stade Brestois 29,29,75,72,-3,,-3.0,63.2
2012/2013,Richard Soumah,Milieu,Stade Brestois 29,26,68,67,-1,,-1.0,13.2
2012/2013,Yohann Poulard,Défenseur,AC Ajaccio,36,70,69,-1,,-1.0,94.7
2012/2013,Mamadou Sakho,Défenseur,Paris Saint-Germain,22,81,81,0,,0.0,63.2
2012/2013,Maxwell,Défenseur,Paris Saint-Germain,31,77,77,0,,0.0,86.8
2012/2013,Ezequiel Lavezzi,Attaquant,Paris Saint-Germain,27,85,85,0,,0.0,65.8
2012/2013,Lamine Kone,Défenseur,FC Lorient,23,66,72,6,,6.0,81.6
2012/2013,Kossi Agassa,Gardien,Stade de Reims,34,68,76,8,,8.0,86.8
2012/2013,Andre Ayew,Milieu,Olympique de Marseille,23,81,81,0,,0.0,92.1
2012/2013,Romain Danze,Milieu,Stade Rennais FC,26,73,74,1,,1.0,68.4
2012/2013,Onyekachi Apam,Défenseur,Stade Rennais FC,26,75,73,-2,,-2.0,21.1
2012/2013,Jimmy Briand,Milieu,Olympique Lyonnais,27,78,75,-3,,-3.0,21.1
2012/2013,Joshua Guilavogui,Milieu,AS Saint-Étienne,22,68,73,5,,5.0,71.1
2012/2013,Pierrick Cros,Gardien,FC Sochaux-Montbéliard,21,68,70,2,,2.0,10.5
2012/2013,David Sauget,Défenseur,FC Sochaux-Montbéliard,33,67,66,-1,,-1.0,47.4
2012/2013,Benjamin Nivet,Milieu,ES Troyes AC,35,74,75,1,,1.0,89.5
2012/2013,Nicolas Issimat Mirin,Défenseur,Valenciennes FC,21,68,73,5,,5.0,76.3
2012/2013,Mathieu Dossevi,Milieu,Valenciennes FC,24,67,73,6,,6.0,78.9
2012/2013,Wahbi Khazri,Milieu,SC Bastia,21,65,72,7,,7.0,57.9
2012/2013,Landry N'Guemo,Milieu,Girondins de Bordeaux,27,75,73,-2,,-2.0,26.3
2012/2013,Chahir Belghazouani,Milieu,AC Ajaccio,26,63,65,2,,0.0,57.9
2012/2013,Henri Bedimo,Défenseur,Montpellier Hérault SC,28,76,75,-1,,-1.0,76.3
2012/2013,Camel Meriem,Milieu,OGC Nice,33,73,71,-2,,-2.0,36.8
2012/2013,Dario Cvitanich,Attaquant,OGC Nice,28,72,75,3,,3.0,76.3
2012/2013,Kevin Gameiro,Attaquant,Paris Saint-Germain,25,80,78,-2,,-2.0,18.4
2012/2013,Francois Clerc,Défenseur,AS Saint-Étienne,29,74,74,0,,0.0,81.6
2012/2013,Renaud Cohade,Milieu,AS Saint-Étienne,28,71,75,4,,4.0,73.7
2012/2013,Vincent Nogueira,Milieu,FC Sochaux-Montbéliard,24,67,70,3,,3.0,65.8
2012/2013,Kalilou Mohamed Traore,Milieu,FC Sochaux-Montbéliard,25,69,68,-1,,-1.0,26.3
2012/2013,Cedric Mongongu,Défenseur,Évian Thonon Gaillard FC,23,73,70,-3,,-3.0,47.4
2012/2013,Fabrice Ehret,Défenseur,Évian Thonon Gaillard FC,33,70,68,-2,,-2.0,23.7
2012/2013,Mouhamadou Dabo,Défenseur,Olympique Lyonnais,26,71,72,1,,1.0,76.3
2012/2013,Lucas Mendes,Défenseur,Olympique de Marseille,22,70,74,4,,4.0,57.9
2012/2013,Lisandro Lopez,Attaquant,Olympique Lyonnais,29,83,77,-6,,-6.0,68.4
2012/2013,Julien Toudic,Attaquant,Stade de Reims,27,63,64,1,,-1.0,2.6
2012/2013,Zoumana Camara,Défenseur,Paris Saint-Germain,33,73,74,1,,1.0,13.2
2012/2013,Nene,Attaquant,Paris Saint-Germain,31,76,76,0,,0.0,13.2
2012/2013,Vincent Muratori,Défenseur,AS Nancy-Lorraine,25,65,65,0,,0.0,36.8
2012/2013,Gianni Bruno,Attaquant,LOSC Lille,21,60,66,6,,4.0,7.9
2012/2013,Ilan,Milieu,SC Bastia,32,72,71,-1,,-1.0,26.3
2012/2013,Yassin Mikari,Milieu,FC Sochaux-Montbéliard,29,72,66,-6,,-6.0,13.2
2012/2013,Mathieu Philippe Peybernes,Défenseur,FC Sochaux-Montbéliard,22,66,70,4,,4.0,50.0
2012/2013,Jeremie Brechet,Défenseur,ES Troyes AC,33,73,72,-1,,-1.0,63.2
2012/2013,Djibril Sidibe,Défenseur,LOSC Lille,20,65,67,2,,2.0,18.4
2012/2013,Mathieu Deplagne,Défenseur,Montpellier Hérault SC,21,57,65,8,,6.0,5.3
2012/2013,Khalid Sekkat,Défenseur,Stade de Reims,28,63,61,-2,,-4.0,2.6
2012/2013,Florian Lejeune,Défenseur,Stade Brestois 29,21,64,65,1,,-1.0,21.1
2012/2013,Paul Bastien Lasne,Milieu,AC Ajaccio,23,63,63,0,,-2.0,44.7
2012/2013,Lamine Gassama,Défenseur,FC Lorient,23,65,65,0,,0.0,42.1
2012/2013,Edouard Butin,Attaquant,FC Sochaux-Montbéliard,24,66,64,-2,,-2.0,5.3
2013/2014,Guillermo Ochoa,Gardien,AC Ajaccio,28,77,78,1,1,1.0,97.4
2013/2014,Benjamin Andre,Milieu,AC Ajaccio,23,65,65,0,-1,0.0,92.1
2013/2014,Mehdi Mostefa,Milieu,AC Ajaccio,30,68,68,0,1,0.0,86.8
2013/2014,Johan Cavalli,Milieu,AC Ajaccio,32,69,71,2,7,2.0,47.4
2013/2014,Fabien Lemoine,Milieu,AS Saint-Étienne,26,73,74,1,1,1.0,84.2
2013/2014,Henri Saivet,Attaquant,Girondins de Bordeaux,23,74,74,0,6,0.0,78.9
2013/2014,Mounir Obbadi,Milieu,AS Monaco,30,72,74,2,8,2.0,73.7
2013/2014,James Rodriguez,Attaquant,AS Monaco,22,82,83,1,0,1.0,78.9
2013/2014,Nicolas Benezet,Milieu,Évian Thonon Gaillard FC,22,67,68,1,,1.0,47.4
2013/2014,Carlao,Défenseur,FC Sochaux-Montbéliard,27,70,69,-1,2,-1.0,68.4
2013/2014,Jeremy Sorbon,Défenseur,En Avant de Guingamp,30,69,70,1,,1.0,97.4
2013/2014,Thibault Giresse,Milieu,En Avant de Guingamp,32,70,71,1,,1.0,60.5
2013/2014,Nicolas N'Koulou,Défenseur,Olympique de Marseille,23,80,79,-1,3,-1.0,97.4
2013/2014,Mathieu Valbuena,Milieu,Olympique de Marseille,29,82,80,-2,2,-2.0,78.9
2013/2014,Marko Basa,Défenseur,LOSC Lille,31,77,79,2,0,2.0,84.2
2013/2014,Miguel Lopes,Défenseur,Olympique Lyonnais,27,75,74,-1,,-1.0,50.0
2013/2014,Alexandre Lacazette,Attaquant,Olympique Lyonnais,22,75,78,3,2,3.0,89.5
2013/2014,Yoann Gourcuff,Milieu,Olympique Lyonnais,27,79,79,0,0,0.0,34.2
2013/2014,Geoffrey Jourdren,Gardien,Montpellier Hérault SC,27,76,77,1,1,1.0,89.5
2013/2014,Joris Steve Marveaux,Milieu,Montpellier Hérault SC,31,72,73,1,-3,1.0,65.8
2013/2014,Emmanuel Herrera,Attaquant,Montpellier Hérault SC,26,70,65,-5,,-5.0,5.3
2013/2014,Salvatore Sirigu,Gardien,Paris Saint-Germain,26,84,84,0,1,0.0,97.4
2013/2014,Zlatan Ibrahimovic,Attaquant,Paris Saint-Germain,32,89,90,1,1,1.0,84.2
2013/2014,Birama Toure,Milieu,FC Nantes,21,61,68,7,,6.0,65.8
2013/2014,Vincent Bessat,Milieu,FC Nantes,28,70,73,3,,3.0,63.2
2013/2014,Florian Raspentino,Attaquant,SC Bastia,24,68,68,0,1,0.0,39.5
2013/2014,Jonathan Pitroipa,Milieu,Stade Rennais FC,27,77,74,-3,0,-3.0,44.7
2013/2014,Gaetan Courtet,Attaquant,Stade de Reims,24,69,67,-2,5,-2.0,31.6
2013/2014,Lindsay Rose,Défenseur,Valenciennes FC,21,68,69,1,6,1.0,23.7
2013/2014,Eloge Enza-Yamissi,Milieu,Valenciennes FC,30,63,65,2,-2,1.0,60.5
2013/2014,Oscar Trejo,Milieu,Toulouse FC,25,72,72,0,,0.0,60.5
2013/2014,Eden Ben Basat,Attaquant,Toulouse FC,27,73,73,0,,0.0,21.1
2013/2014,Christophe Mandanne,Attaquant,En Avant de Guingamp,28,64,65,1,,0.0,55.3
2013/2014,Cheick Diabate,Attaquant,Girondins de Bordeaux,25,75,75,0,2,0.0,44.7
2013/2014,Djamel Bakar,Milieu,Montpellier Hérault SC,24,71,71,0,6,0.0,18.4
2013/2014,Francois Modesto,Défenseur,SC Bastia,35,70,72,2,,2.0,86.8
2013/2014,Joseph Romeric Lopy,Milieu,FC Sochaux-Montbéliard,21,67,67,0,11,0.0,26.3
2013/2014,Sebastien Roudet,Milieu,FC Sochaux-Montbéliard,32,73,72,-1,1,-1.0,65.8
2013/2014,Gadji Tallo,Attaquant,AC Ajaccio,21,66,65,-1,,-1.0,50.0
2013/2014,Benjamin Brou Angoua,Défenseur,Valenciennes FC,27,68,69,1,0,1.0,39.5
2013/2014,Opa Nguette,Attaquant,Valenciennes FC,19,67,65,-2,,-2.0,15.8
2013/2014,Sigamary Diarra,Milieu,AC Ajaccio,29,72,71,-1,-2,-1.0,44.7
2013/2014,Mathieu Gorgelin,Gardien,Olympique Lyonnais,23,58,59,1,,0.0,2.6
2013/2014,Mohamed Fofana,Défenseur,Stade de Reims,28,69,70,1,-3,1.0,10.5
2013/2014,Anthony Martial,Attaquant,AS Monaco,18,59,63,4,,3.0,21.1
2013/2014,Christopher Glombard,Défenseur,Stade de Reims,24,69,68,-1,8,-1.0,21.1
2013/2014,Gilles Sunu,Milieu,FC Lorient,22,66,70,4,0,4.0,18.4
2013/2014,Rachid Alioui,Attaquant,En Avant de Guingamp,21,57,62,5,,4.0,23.7
2013/2014,Zacharie Boucher,Gardien,Toulouse FC,21,69,73,4,,4.0,44.7
2013/2014,Benoit Tremoulinas,Défenseur,AS Saint-Étienne,28,77,77,0,2,0.0,31.6
2013/2014,Yohann Pele,Gardien,FC Sochaux-Montbéliard,31,69,72,3,,3.0,39.5
2013/2014,Gregory Cerdan,Défenseur,En Avant de Guingamp,31,69,65,-4,,-4.0,5.3
2014/2015,Aissa Mandi,Défenseur,Stade de Reims,23,75,76,1,9,1.0,84.2
2014/2015,Prince Oniangue,Milieu,Stade de Reims,26,72,73,1,8,1.0,78.9
2014/2015,Javier Pastore,Attaquant,Paris Saint-Germain,25,79,81,2,-2,2.0,81.6
2014/2015,Edinson Cavani,Attaquant,Paris Saint-Germain,27,87,85,-2,0,-2.0,78.9
2014/2015,Yannick Cahuzac,Milieu,SC Bastia,29,67,67,0,0,0.0,55.3
2014/2015,Romain Alessandrini,Milieu,Olympique de Marseille,25,76,76,0,0,0.0,34.2
2014/2015,Andre-Pierre Gignac,Attaquant,Olympique de Marseille,29,79,81,2,2,2.0,94.7
2014/2015,Jesper Hansen,Gardien,Évian Thonon Gaillard FC,29,67,67,0,0,0.0,39.5
2014/2015,Aldo Angoula,Défenseur,Évian Thonon Gaillard FC,33,69,69,0,0,0.0,18.4
2014/2015,Lenny Nangis,Milieu,SM Caen,20,65,68,3,,3.0,73.7
2014/2015,Laurent Dos Santos,Milieu,En Avant de Guingamp,21,56,62,6,,5.0,13.2
2014/2015,Stephane Ruffier,Gardien,AS Saint-Étienne,28,82,83,1,0,1.0,100.0
2014/2015,Mustapha Bayal Sall,Défenseur,AS Saint-Étienne,29,75,76,1,2,1.0,60.5
2014/2015,Loic Perrin,Défenseur,AS Saint-Étienne,29,79,80,1,2,1.0,71.1
2014/2015,Franck Beria,Défenseur,LOSC Lille,31,74,73,-1,-1,-1.0,42.1
2014/2015,Sebastien Corchia,Défenseur,LOSC Lille,24,74,75,1,0,1.0,76.3
2014/2015,Idrissa Gana Gueye,Milieu,LOSC Lille,25,76,76,0,4,0.0,78.9
2014/2015,Ryan Mendes,Attaquant,LOSC Lille,24,72,72,0,2,0.0,28.9
2014/2015,Yeni N'Gbakoto,Milieu,FC Metz,22,72,64,-8,,-8.0,50.0
2014/2015,Maxime Gonalons,Milieu,Olympique Lyonnais,25,79,81,2,1,2.0,92.1
2014/2015,Jean Makoun,Milieu,Stade Rennais FC,31,74,73,-1,-1,-1.0,2.6
2014/2015,Nabil Dirar,Attaquant,AS Monaco,28,73,74,1,-1,1.0,34.2
2014/2015,Victor Hugo Montano,Attaquant,Montpellier Hérault SC,30,70,67,-3,-2,-3.0,5.3
2014/2015,Romain Genevois,Défenseur,OGC Nice,27,69,72,3,1,3.0,89.5
2014/2015,Mathieu Bodmer,Défenseur,OGC Nice,32,74,74,0,-1,0.0,55.3
2014/2015,Martin Braithwaite,Attaquant,Toulouse FC,23,74,74,0,7,0.0,57.9
2014/2015,Mariano,Défenseur,Girondins de Bordeaux,28,74,74,0,-2,0.0,81.6
2014/2015,Dorian Leveque,Défenseur,En Avant de Guingamp,25,62,70,8,6,7.0,44.7
2014/2015,Younousse Sankhare,Milieu,En Avant de Guingamp,25,69,75,6,0,6.0,65.8
2014/2015,Pavle Ninkov,Défenseur,Toulouse FC,29,69,68,-1,-1,-1.0,39.5
2014/2015,Jonathan Rivierez,Défenseur,FC Metz,25,63,66,3,,2.0,18.4
2014/2015,Kamil Grosicki,Milieu,Stade Rennais FC,26,76,74,-2,2,-2.0,23.7
2014/2015,Jeremy Toulalan,Milieu,AS Monaco,31,84,82,-2,2,-2.0,73.7
2014/2015,Cedric Barbosa,Milieu,Évian Thonon Gaillard FC,38,74,71,-3,0,-3.0,50.0
2014/2015,Johan Audel,Milieu,FC Nantes,31,69,69,0,-3,0.0,36.8
2014/2015,Alexy Bosetti,Attaquant,OGC Nice,21,65,71,6,1,6.0,34.2
2014/2015,Lucas Barrios,Attaquant,Montpellier Hérault SC,30,74,74,0,,0.0,78.9
2014/2015,Jonathan Mensah,Défenseur,Évian Thonon Gaillard FC,24,65,65,0,0,0.0,26.3
2014/2015,Remy Gomis,Milieu,FC Nantes,30,68,71,3,-3,3.0,39.5
2014/2015,Tongo Hamed Doumbia,Milieu,Toulouse FC,25,72,72,0,1,0.0,57.9
2014/2015,Marc Planus,Défenseur,Girondins de Bordeaux,32,71,70,-1,-2,-1.0,15.8
2014/2015,Ismael Diomande,Milieu,AS Saint-Étienne,22,64,66,2,3,1.0,31.6
2014/2015,Rod Fanni,Défenseur,Olympique de Marseille,33,75,75,0,-1,0.0,63.2
2014/2015,Albert Rafetraniaina,Milieu,OGC Nice,18,58,60,2,,1.0,31.6
2014/2015,Kevin Gomis,Défenseur,OGC Nice,25,65,69,4,1,4.0,28.9
2014/2015,Nolan Roux,Attaquant,LOSC Lille,26,75,74,-1,-1,-1.0,76.3
2014/2015,Wesley Lautoa,Défenseur,FC Lorient,27,69,71,2,1,2.0,68.4
2014/2015,Maxime Barthelme,Milieu,FC Lorient,26,70,70,0,0,0.0,23.7
2014/2015,Bakary Kone,Défenseur,Olympique Lyonnais,26,73,72,-1,-1,-1.0,36.8
2014/2015,Yohan Mollo,Milieu,AS Saint-Étienne,25,76,75,-1,0,-1.0,31.6
2014/2015,Federico Andrada,Attaquant,FC Metz,20,67,62,-5,,-5.0,5.3
2014/2015,Fallou Diagne,Défenseur,Stade Rennais FC,25,74,74,0,-2,0.0,34.2
2014/2015,Ismael Bangoura,Attaquant,FC Nantes,29,66,66,0,-5,0.0,23.7
2014/2015,Nicolas Douchez,Gardien,Paris Saint-Germain,34,74,74,0,-2,0.0,10.5
2014/2015,Jean-Louis Leca,Gardien,SC Bastia,29,67,67,0,4,0.0,7.9
2014/2015,Sacha Bastien,Gardien,Stade de Reims,19,59,60,1,,0.0,2.6
2015/2016,"Abdoulaye Diallo Sadio,22",Milieu,SC Bastia,25,71,73,2,-1,0.0,23.7
2015/2016,Brandao,Attaquant,SC Bastia,35,73,69,-4,0,-6.0,50.0
2015/2016,Mexer,Défenseur,Stade Rennais FC,27,75,78,3,0,2.0,42.1
2015/2016,Steven Moreira,Défenseur,Stade Rennais FC,21,66,71,5,1,3.0,36.8
2015/2016,Gelson Fernandes,Milieu,Stade Rennais FC,29,73,76,3,0,1.0,86.8
2015/2016,Ludovic Baal,Milieu,Stade Rennais FC,29,70,76,6,2,4.0,47.4
2015/2016,Maxime Poundje,Défenseur,Girondins de Bordeaux,23,66,72,6,0,4.0,36.8
2015/2016,Clement Chantome,Milieu,Girondins de Bordeaux,28,75,74,-1,0,-2.0,65.8
2015/2016,Alexi Peuget,Milieu,Stade de Reims,25,63,66,3,2,0.0,21.1
2015/2016,Blaise Matuidi,Milieu,Paris Saint-Germain,28,83,84,1,0,0.0,60.5
2015/2016,Walid Mesloub,Milieu,FC Lorient,30,71,74,3,0,1.0,60.5
2015/2016,Dennis Appiah,Défenseur,SM Caen,23,67,71,4,2,2.0,100.0
2015/2016,Souleymane Camara,Attaquant,Montpellier Hérault SC,33,71,70,-1,-3,-3.0,57.9
2015/2016,Valentin Rongier,Milieu,FC Nantes,21,61,69,8,,5.0,23.7
2015/2016,Olivier Boscagli,Défenseur,OGC Nice,18,55,69,14,,11.0,21.1
2015/2016,Jean-Daniel Akpa-Akpro,Milieu,Toulouse FC,23,71,73,2,1,0.0,76.3
2015/2016,Adrien Regattin,Attaquant,Toulouse FC,24,71,77,6,2,4.0,42.1
2015/2016,Jeremy Clement,Milieu,AS Saint-Étienne,31,76,76,0,-1,-1.0,65.8
2015/2016,Kevin Monnet-Paquet,Milieu,AS Saint-Étienne,27,73,74,1,0,-1.0,65.8
2015/2016,Mohamed Larbi,Milieu,GFC Ajaccio,28,60,70,10,,7.0,68.4
2015/2016,Jean Deza,Attaquant,Montpellier Hérault SC,22,70,68,-2,,-4.0,5.3
2015/2016,Remy Cabella,Milieu,Olympique de Marseille,25,79,79,0,1,-1.0,78.9
2015/2016,Zargo Toure,Défenseur,FC Lorient,26,65,70,5,,3.0,76.3
2015/2016,Bernardo Silva,Milieu,AS Monaco,21,75,79,4,6,3.0,57.9
2015/2016,Johny Placide,Gardien,Stade de Reims,27,74,68,-6,4,-8.0,44.7
2015/2016,Abdoulaye Diallo,Gardien,Stade Rennais FC,23,66,69,3,,1.0,18.4
2015/2016,Kader Mangane,Défenseur,GFC Ajaccio,32,74,74,0,,-2.0,73.7
2015/2016,Ali Ahamada,Gardien,Toulouse FC,24,75,70,-5,1,-6.0,15.8
2015/2016,Francois Moubandje,Défenseur,Toulouse FC,25,72,71,-1,11,-3.0,52.6
2015/2016,Mehdi Zeffane,Milieu,Stade Rennais FC,23,66,68,2,6,0.0,23.7
2015/2016,Angel Di Maria,Attaquant,Paris Saint-Germain,27,85,86,1,-1,0.0,68.4
2015/2016,Paul-Georges Ntep,Attaquant,Stade Rennais FC,23,74,79,5,1,3.0,28.9
2015/2016,Tiemoue Bakayoko,Milieu,AS Monaco,21,71,72,1,3,-1.0,36.8
2015/2016,Alexandre Mendy,Attaquant,OGC Nice,21,59,66,7,,4.0,7.9
2015/2016,Arnold Mvuemba,Milieu,Olympique Lyonnais,30,73,72,-1,-1,-3.0,7.9
2015/2016,Paul Andre Guerin,Gardien,GFC Ajaccio,18,53,60,7,,4.0,2.6
2015/2016,Kevin Malcuit,Défenseur,AS Saint-Étienne,24,69,69,0,,-2.0,23.7
2015/2016,Paul Nardi,Gardien,AS Monaco,21,70,72,2,,0.0,5.3
2015/2016,Jonathan Brison,Défenseur,AS Saint-Étienne,32,72,70,-2,0,-4.0,10.5
2015/2016,Jerome Prior,Gardien,Girondins de Bordeaux,20,61,68,7,,4.0,28.9
2015/2016,Mathieu Dreyer,Gardien,ES Troyes AC,26,63,66,3,,0.0,39.5
2012/2013,Neven Subotic,Défenseur,Borussia Dortmund,24,81,82,1,,1.0,73.5
2012/2013,Marcel Schmelzer,Défenseur,Borussia Dortmund,24,76,78,2,,2.0,85.3
2012/2013,Zlatko Junuzovic,Milieu,SV Werder Bremen,25,74,75,1,,1.0,82.4
2012/2013,Leon Andreasen,Milieu,Hannover 96,29,68,73,5,,5.0,11.8
2012/2013,Ciprian Marica,Attaquant,FC Schalke 04,27,73,73,0,,0.0,23.5
2012/2013,Arthur Boka,Défenseur,VfB Stuttgart,29,73,74,1,,1.0,67.6
2012/2013,Oliver Baumann,Gardien,SC Freiburg,22,77,78,1,,1.0,100.0
2012/2013,Julian Schuster,Milieu,SC Freiburg,27,75,75,0,,0.0,91.2
2012/2013,Marcus Berg,Attaquant,Hamburger SV,26,75,71,-4,,-4.0,5.9
2012/2013,Timmy Simons,Milieu,1. FC Nürnberg,36,76,76,0,,0.0,100.0
2012/2013,Sebastian Rode,Milieu,Eintracht Frankfurt,22,70,76,6,,6.0,97.1
2012/2013,Heinrich Schmidtgal,Défenseur,SpVgg Greuther Fürth,27,66,69,3,,3.0,47.1
2012/2013,Dante,Défenseur,FC Bayern Munich,29,79,84,5,,5.0,85.3
2012/2013,Marc-Andre ter Stegen,Gardien,Borussia Mönchengladbach,20,79,80,1,,1.0,100.0
2012/2013,Tony Jantschke,Défenseur,Borussia Mönchengladbach,22,71,74,3,,3.0,91.2
2012/2013,Alexander Ring,Milieu,Borussia Mönchengladbach,21,68,70,2,,2.0,5.9
2012/2013,Juan Arango,Milieu,Borussia Mönchengladbach,32,77,79,2,,2.0,91.2
2012/2013,Eren Derdiyok,Attaquant,TSG 1899 Hoffenheim,24,79,75,-4,,-4.0,17.6
2012/2013,Patrick Herrmann,Milieu,Borussia Mönchengladbach,21,72,76,4,,4.0,88.2
2012/2013,Daniel Carvajal,Défenseur,Bayer 04 Leverkusen,20,63,77,14,,12.0,91.2
2012/2013,Sidney Sam,Attaquant,Bayer 04 Leverkusen,24,77,77,0,,0.0,29.4
2012/2013,Bo Svensson,Défenseur,1. FSV Mainz 05,33,71,73,2,,2.0,73.5
2012/2013,Patrick Rakovsky,Gardien,1. FC Nürnberg,19,66,67,1,,1.0,8.8
2012/2013,Tomas Pekhart,Attaquant,1. FC Nürnberg,23,73,73,0,,0.0,67.6
2012/2013,Daniel Williams,Milieu,TSG 1899 Hoffenheim,23,70,72,2,,2.0,50.0
2012/2013,Ibrahim Afellay,Milieu,FC Schalke 04,26,81,80,-1,,-1.0,23.5
2012/2013,Gerald Asamoah,Attaquant,SpVgg Greuther Fürth,34,70,66,-4,,-4.0,35.3
2012/2013,Karim Matmour,Attaquant,Eintracht Frankfurt,27,71,70,-1,,-1.0,35.3
2012/2013,Junior Diaz,Défenseur,1. FSV Mainz 05,29,65,71,6,,6.0,44.1
2012/2013,Pelle Jensen,Défenseur,TSG 1899 Hoffenheim,20,62,62,0,,-2.0,5.9
2012/2013,Wolfgang Hesl,Gardien,SpVgg Greuther Fürth,26,71,72,1,,1.0,50.0
2012/2013,Tolga Cigerci,Milieu,Borussia Mönchengladbach,20,67,70,3,,3.0,26.5
2012/2013,Marco Hoeger,Milieu,FC Schalke 04,23,70,76,6,,6.0,44.1
2012/2013,Almog Cohen,Milieu,1. FC Nürnberg,24,70,70,0,,0.0,8.8
2012/2013,Mehmet Ekici,Attaquant,SV Werder Bremen,22,75,74,-1,,-1.0,17.6
2012/2013,Stefano Celozzi,Milieu,Eintracht Frankfurt,24,69,71,2,,2.0,17.6
2012/2013,Petr Jiracek,Milieu,Hamburger SV,26,74,75,1,,1.0,29.4
2012/2013,Amin Younes,Milieu,Borussia Mönchengladbach,19,64,68,4,,2.0,17.6
2012/2013,Chinedu Ede,Attaquant,1. FSV Mainz 05,25,68,67,-1,,-1.0,2.9
2012/2013,Christian Weber,Défenseur,Fortuna Düsseldorf,29,64,64,0,,-2.0,2.9
2013/2014,Manuel Neuer,Gardien,FC Bayern Munich,27,86,87,1,-1,1.0,91.2
2013/2014,Philipp Lahm,Milieu,FC Bayern Munich,30,87,87,0,0,0.0,73.5
2013/2014,Toni Kroos,Milieu,FC Bayern Munich,23,84,84,0,1,0.0,70.6
2013/2014,Mario Mandzukic,Attaquant,FC Bayern Munich,27,83,83,0,4,0.0,61.8
2013/2014,Alvaro Dominguez,Défenseur,Borussia Mönchengladbach,24,77,76,-1,-1,-1.0,58.8
2013/2014,Serdar Tasci,Défenseur,VfB Stuttgart,26,78,77,-1,0,-1.0,2.9
2013/2014,Andreas Beck,Défenseur,TSG 1899 Hoffenheim,26,74,74,0,-1,0.0,97.1
2013/2014,Tarik Elyounoussi,Milieu,TSG 1899 Hoffenheim,25,73,73,0,,0.0,38.2
2013/2014,Christian Fuchs,Défenseur,FC Schalke 04,27,76,74,-2,0,-2.0,26.5
2013/2014,Roman Neustaedter,Milieu,FC Schalke 04,25,76,76,0,2,0.0,91.2
2013/2014,Jefferson Farfan,Milieu,FC Schalke 04,29,84,83,-1,0,-1.0,50.0
2013/2014,Klaas Jan Huntelaar,Attaquant,FC Schalke 04,30,83,84,1,-1,1.0,50.0
2013/2014,Rene Adler,Gardien,Hamburger SV,28,84,82,-2,1,-2.0,88.2
2013/2014,Dennis Diekmeier,Défenseur,Hamburger SV,24,73,73,0,0,0.0,55.9
2013/2014,Heiko Westermann,Défenseur,Hamburger SV,30,77,75,-2,0,-2.0,88.2
2013/2014,Sebastian Boenisch,Défenseur,Bayer 04 Leverkusen,26,73,72,-1,2,-1.0,73.5
2013/2014,Lars Bender,Milieu,Bayer 04 Leverkusen,24,82,81,-1,2,-1.0,82.4
2013/2014,Jonathan Schmid,Milieu,SC Freiburg,23,74,75,1,10,1.0,82.4
2013/2014,Mame Biram Diouf,Attaquant,Hannover 96,26,79,79,0,6,0.0,52.9
2013/2014,Maximilian Arnold,Milieu,VfL Wolfsburg,19,67,74,7,5,7.0,79.4
2013/2014,Jan Moravek,Milieu,FC Augsburg,24,72,72,0,-1,0.0,29.4
2013/2014,Sascha Moelders,Attaquant,FC Augsburg,28,72,72,0,1,0.0,47.1
2013/2014,Marjan Petkovic,Gardien,Eintracht Braunschweig,34,66,67,1,,1.0,14.7
2013/2014,Dennis Kruppke,Attaquant,Eintracht Braunschweig,33,71,69,-2,,-2.0,17.6
2013/2014,Hajime Hosogai,Milieu,Hertha BSC Berlin,27,74,76,2,4,2.0,97.1
2013/2014,Bastian Oczipka,Défenseur,Eintracht Frankfurt,24,74,75,1,2,1.0,44.1
2013/2014,Daniel van Buyten,Défenseur,FC Bayern Munich,35,78,78,0,0,0.0,29.4
2013/2014,Vaclav Kadlec,Attaquant,Eintracht Frankfurt,21,69,72,3,,3.0,41.2
2013/2014,Sebastien Pocognoli,Défenseur,Hannover 96,26,73,72,-1,,-1.0,50.0
2013/2014,Artur Sobiech,Attaquant,Hannover 96,23,73,73,0,3,0.0,35.3
2013/2014,Patrick Ochs,Défenseur,VfL Wolfsburg,29,73,75,2,0,2.0,41.2
2013/2014,Pavel Krmas,Défenseur,SC Freiburg,33,68,69,1,0,1.0,50.0
2013/2014,Pierre-Michel Lasogga,Attaquant,Hamburger SV,22,74,77,3,,3.0,52.9
2013/2014,Jakub Blaszczykowski,Milieu,Borussia Dortmund,28,81,83,2,3,2.0,32.4
2013/2014,Mario Goetze,Milieu,FC Bayern Munich,21,85,85,0,1,0.0,58.8
2013/2014,Mike Frantz,Milieu,1. FC Nürnberg,27,71,72,1,1,1.0,70.6
2013/2014,Daniel Caligiuri,Milieu,VfL Wolfsburg,25,76,76,0,7,0.0,26.5
2013/2014,Loris Karius,Gardien,1. FSV Mainz 05,20,62,69,7,,6.0,67.6
2013/2014,Manuel Friedrich,Défenseur,Borussia Dortmund,34,74,73,-1,-1,-1.0,23.5
2013/2014,Jeremy Toljan,Défenseur,TSG 1899 Hoffenheim,19,56,64,8,,7.0,17.6
2013/2014,Tim Hoogland,Défenseur,FC Schalke 04,28,70,70,0,0,0.0,44.1
2013/2014,Eric Maxim Choupo-Moting,Milieu,1. FSV Mainz 05,24,74,75,1,3,1.0,55.9
2013/2014,Steven Cherundolo,Défenseur,Hannover 96,34,73,73,0,0,0.0,2.9
2013/2014,Alexander Madlung,Défenseur,Eintracht Frankfurt,31,73,73,0,0,0.0,41.2
2013/2014,Ouasim Bouy,Milieu,Hamburger SV,20,64,60,-4,,-5.0,8.8
2013/2014,Fabian Holland,Défenseur,Hertha BSC Berlin,23,65,67,2,,2.0,8.8
2013/2014,Tobias Weis,Milieu,Eintracht Frankfurt,28,72,73,1,0,1.0,2.9
2014/2015,Arjen Robben,Milieu,FC Bayern Munich,30,88,90,2,1,2.0,58.8
2014/2015,Luiz Gustavo,Milieu,VfL Wolfsburg,27,81,81,0,0,0.0,88.2
2014/2015,Sokratis Papastathopoulos,Défenseur,Borussia Dortmund,26,82,82,0,3,0.0,55.9
2014/2015,Matthias Ginter,Défenseur,Borussia Dortmund,20,76,75,-1,4,-1.0,26.5
2014/2015,Haavard Nordtveit,Milieu,Borussia Mönchengladbach,24,75,75,0,0,0.0,32.4
2014/2015,Gotoku Sakai,Défenseur,VfB Stuttgart,23,73,72,-1,-1,-1.0,50.0
2014/2015,Christian Gentner,Milieu,VfB Stuttgart,29,78,77,-1,2,-1.0,97.1
2014/2015,Daniel Didavi,Milieu,VfB Stuttgart,24,74,75,1,-1,1.0,26.5
2014/2015,Jin-Su Kim,Défenseur,TSG 1899 Hoffenheim,22,68,71,3,,3.0,50.0
2014/2015,Roberto Firmino,Milieu,TSG 1899 Hoffenheim,23,80,81,1,3,1.0,97.1
2014/2015,Halil Altintop,Milieu,FC Augsburg,32,74,75,1,,1.0,88.2
2014/2015,Christian Schulz,Défenseur,Hannover 96,31,74,74,0,-1,0.0,91.2
2014/2015,Leonardo Bittencourt,Milieu,Hannover 96,21,73,75,2,4,2.0,44.1
2014/2015,Julian Draxler,Milieu,FC Schalke 04,21,80,80,0,2,0.0,23.5
2014/2015,Johnny Heitinga,Défenseur,Hertha BSC Berlin,31,76,74,-2,-2,-2.0,32.4
2014/2015,Julian Schieber,Attaquant,Hertha BSC Berlin,25,75,74,-1,-1,-1.0,44.1
2014/2015,Christian Guenter,Défenseur,SC Freiburg,21,68,72,4,4,4.0,94.1
2014/2015,Admir Mehmedi,Attaquant,SC Freiburg,23,74,75,1,6,1.0,76.5
2014/2015,Yuya Osako,Attaquant,1. FC Köln,24,71,72,1,,1.0,47.1
2014/2015,Anthony Ujah,Attaquant,1. FC Köln,24,72,74,2,,2.0,82.4
2014/2015,Rafael van der Vaart,Milieu,Hamburger SV,31,82,77,-5,-2,-5.0,64.7
2014/2015,Ivo Ilicevic,Milieu,Hamburger SV,28,74,73,-1,0,-1.0,26.5
2014/2015,Elias Kachunga,Attaquant,SC Paderborn 07,22,67,69,2,,2.0,70.6
2014/2015,Julian Baumgartlinger,Milieu,1. FSV Mainz 05,26,75,75,0,0,0.0,76.5
2014/2015,Jerome Boateng,Défenseur,FC Bayern Munich,26,84,87,3,5,3.0,73.5
2014/2015,Shinji Kagawa,Milieu,Borussia Dortmund,25,81,82,1,-2,1.0,67.6
2014/2015,Anthony Modeste,Attaquant,TSG 1899 Hoffenheim,26,76,77,1,3,1.0,47.1
2014/2015,Felix Wiedwald,Gardien,Eintracht Frankfurt,24,71,73,2,,2.0,26.5
2014/2015,Georg Niedermaier,Défenseur,VfB Stuttgart,28,74,72,-2,-1,-2.0,55.9
2014/2015,Filip Kostic,Milieu,VfB Stuttgart,22,70,73,3,5,3.0,44.1
2014/2015,Lewis Holtby,Milieu,Hamburger SV,24,78,76,-2,,-2.0,50.0
2014/2015,Pawel Olkowski,Défenseur,1. FC Köln,24,67,72,5,4,5.0,70.6
2014/2015,Kevin Vogt,Milieu,1. FC Köln,23,71,74,3,2,3.0,88.2
2014/2015,Franck Ribery,Milieu,FC Bayern Munich,31,89,88,-1,-1,-1.0,26.5
2014/2015,Oscar Wendt,Défenseur,Borussia Mönchengladbach,29,75,74,-1,1,-1.0,73.5
2014/2015,Adam Hlousek,Défenseur,VfB Stuttgart,26,72,70,-2,0,-2.0,50.0
2014/2015,Daniel Ginczek,Attaquant,VfB Stuttgart,23,74,75,1,4,1.0,41.2
2014/2015,John Anthony Brooks,Défenseur,Hertha BSC Berlin,21,71,72,1,0,1.0,70.6
2014/2015,Idir Ouali,Milieu,SC Paderborn 07,26,67,67,0,,0.0,11.8
2014/2015,Davie Selke,Attaquant,SV Werder Bremen,19,59,70,11,,10.0,64.7
2014/2015,Tranquillo Barnetta,Milieu,FC Schalke 04,29,77,76,-1,1,-1.0,29.4
2014/2015,Jeong-Ho Hong,Défenseur,FC Augsburg,25,71,71,0,1,0.0,29.4
2014/2015,Nuri Sahin,Milieu,Borussia Dortmund,26,82,81,-1,1,-1.0,17.6
2014/2015,Kevin Kampl,Milieu,Borussia Dortmund,24,75,77,2,,2.0,23.5
2014/2015,David Abraham,Défenseur,TSG 1899 Hoffenheim,28,77,75,-2,2,-2.0,26.5
2014/2015,Slobodan Rajkovic,Défenseur,Hamburger SV,25,73,73,0,0,0.0,32.4
2015/2016,Lukasz Piszczek,Défenseur,Borussia Dortmund,30,82,80,-2,-1,-3.0,47.1
2015/2016,Henrik Mkhitaryan,Milieu,Borussia Dortmund,26,80,85,5,-2,4.0,82.4
2015/2016,Marvin Schulz,Défenseur,Borussia Mönchengladbach,20,59,64,5,,2.0,11.8
2015/2016,Lars Stindl,Attaquant,Borussia Mönchengladbach,27,79,80,1,2,0.0,85.3
2015/2016,Karim Bellarabi,Milieu,Bayer 04 Leverkusen,25,80,82,2,6,1.0,91.2
2015/2016,Hakan Calhanoglu,Milieu,Bayer 04 Leverkusen,21,78,79,1,3,0.0,79.4
2015/2016,Naldo,Défenseur,VfL Wolfsburg,33,83,84,1,3,0.0,85.3
2015/2016,Carlos Zambrano,Défenseur,Eintracht Frankfurt,26,77,77,0,1,-1.0,61.8
2015/2016,Stefan Aigner,Milieu,Eintracht Frankfurt,28,76,76,0,0,-1.0,79.4
2015/2016,Przemyslaw Tyton,Gardien,VfB Stuttgart,28,75,76,1,0,0.0,88.2
2015/2016,Emiliano Insua,Défenseur,VfB Stuttgart,26,77,78,1,-1,0.0,97.1
2015/2016,Martin Harnik,Attaquant,VfB Stuttgart,28,76,75,-1,-1,-2.0,32.4
2015/2016,Jonas Hector,Défenseur,1. FC Köln,25,74,78,4,4,2.0,94.1
2015/2016,Marwin Hitz,Gardien,FC Augsburg,28,74,77,3,1,1.0,97.1
2015/2016,Paul Verhaegh,Défenseur,FC Augsburg,32,75,77,2,1,1.0,73.5
2015/2016,Ragnar Klavan,Défenseur,FC Augsburg,30,74,77,3,0,1.0,91.2
2015/2016,Alexander Esswein,Milieu,FC Augsburg,25,71,73,2,0,0.0,64.7
2015/2016,Dominik Kohr,Milieu,FC Augsburg,21,69,72,3,3,1.0,88.2
2015/2016,Sebastian Langkamp,Défenseur,Hertha BSC Berlin,27,74,77,3,0,1.0,64.7
2015/2016,Per Ciljan Skjelbred,Milieu,Hertha BSC Berlin,28,75,77,2,1,1.0,91.2
2015/2016,Clemens Fritz,Milieu,SV Werder Bremen,35,72,74,2,-1,0.0,85.3
2015/2016,Sascha Riether,Défenseur,FC Schalke 04,32,73,73,0,-2,-2.0,41.2
2015/2016,Dennis Aogo,Défenseur,FC Schalke 04,28,76,76,0,0,-1.0,58.8
2015/2016,Daniel Brosinski,Défenseur,1. FSV Mainz 05,27,71,74,3,6,1.0,70.6
2015/2016,Stefan Bell,Défenseur,1. FSV Mainz 05,24,73,76,3,2,1.0,85.3
2015/2016,Ramazan Oezcan,Gardien,FC Ingolstadt 04,31,70,73,3,,1.0,82.4
2015/2016,Marvin Matip,Défenseur,FC Ingolstadt 04,30,71,76,5,,3.0,94.1
2015/2016,Aytac Sulu,Défenseur,SV Darmstadt 98,30,69,75,6,,4.0,97.1
2015/2016,Kenan Karaman,Milieu,Hannover 96,21,61,68,7,,4.0,55.9
2015/2016,Sven Bender,Défenseur,Borussia Dortmund,26,80,82,2,-1,1.0,41.2
2015/2016,Timo Werner,Attaquant,VfB Stuttgart,19,71,74,3,2,1.0,76.5
2015/2016,Hiroki Sakai,Défenseur,Hannover 96,25,72,72,0,1,-2.0,73.5
2015/2016,Marc Stendera,Milieu,Eintracht Frankfurt,20,72,75,3,8,1.0,70.6
2015/2016,Danny Latza,Milieu,1. FSV Mainz 05,26,70,74,4,,2.0,58.8
2015/2016,Janek Sternberg,Défenseur,SV Werder Bremen,23,61,64,3,,0.0,11.8
2015/2016,Philipp Hosiner,Attaquant,1. FC Köln,26,72,72,0,0,-2.0,11.8
2015/2016,Vedad Ibisevic,Attaquant,Hertha BSC Berlin,31,77,77,0,-3,-1.0,73.5
2015/2016,Nico Elvedi,Défenseur,Borussia Mönchengladbach,19,55,68,13,5,10.0,50.0
2015/2016,Papy Djilobodji,Défenseur,SV Werder Bremen,27,78,77,-1,2,-2.0,41.2
2015/2016,Robin Knoche,Défenseur,VfL Wolfsburg,23,77,76,-1,3,-2.0,26.5
2015/2016,Alessandro Schoepf,Milieu,FC Schalke 04,21,68,72,4,,2.0,14.7
2015/2016,Iver Fossum,Milieu,Hannover 96,19,66,70,4,,2.0,23.5
2015/2016,Roman Weidenfeller,Gardien,Borussia Dortmund,35,81,79,-2,-2,-3.0,2.9
2012/2013,Abdou Traore,Milieu,Girondins de Bordeaux,24,67,67,0,,0.0,15.8
2012/2013,Ali M'Madi,Attaquant,Évian Thonon Gaillard FC,22,62,67,5,,3.0,5.3
2012/2013,Siaka Tiene,Défenseur,Paris Saint-Germain,30,73,73,0,,0.0,5.3
2012/2013,Adama Ba,Attaquant,Stade Brestois 29,19,59,61,2,,0.0,5.3
2012/2013,Florian Julien,Défenseur,Stade Brestois 29,19,52,54,2,,0.0,2.6
2013/2014,Kevin Olimpa,Gardien,Girondins de Bordeaux,25,63,63,0,,-1.0,2.6
2013/2014,Idriss Saadi,Attaquant,AS Saint-Étienne,21,63,66,3,,2.0,2.6
2013/2014,Karim Ait Fana,Milieu,Montpellier Hérault SC,24,72,72,0,-2,0.0,2.6
2013/2014,Flavio Roma,Gardien,AS Monaco,39,66,67,1,,1.0,2.6
2014/2015,Julien Vercauteren,Milieu,OGC Nice,21,62,62,0,3,-1.0,7.9
2014/2015,Clement Grenier,Milieu,Olympique Lyonnais,23,78,78,0,1,0.0,10.5
2015/2016,Said Benrahma,Attaquant,Angers SCO,20,59,67,8,5,5.0,2.6
2015/2016,Ole Kristian Selnaes,Milieu,AS Saint-Étienne,21,68,72,4,,2.0,5.3
2015/2016,Andre Anguissa,Milieu,Olympique de Marseille,20,55,57,2,,-1.0,5.3
2012/2013,Thomas Kahlenberg,Milieu,VfL Wolfsburg,29,72,73,1,,1.0,17.6
2012/2013,Slobodan Medojevic,Milieu,VfL Wolfsburg,22,67,68,1,,1.0,17.6
2012/2013,Oezkan Yildirim,Milieu,SV Werder Bremen,19,62,66,4,,2.0,8.8
2012/2013,Stefan Thesker,Défenseur,TSG 1899 Hoffenheim,21,62,65,3,,1.0,8.8
2013/2014,Cacau,Attaquant,VfB Stuttgart,32,77,75,-2,0,-2.0,17.6
2014/2015,Christoph Moritz,Milieu,1. FSV Mainz 05,24,73,73,0,1,0.0,17.6
2014/2015,Stefan Reinartz,Milieu,Bayer 04 Leverkusen,25,78,77,-1,1,-1.0,26.5
2014/2015,Thiago Alcantara,Milieu,FC Bayern Munich,23,81,81,0,2,0.0,5.9
2015/2016,Sonny Kittel,Milieu,Eintracht Frankfurt,22,68,68,0,0,-2.0,2.9
2015/2016,Mitchell Langerak,Gardien,VfB Stuttgart,27,73,74,1,3,-1.0,5.9
2012/2013,Ruben Ferreira,Défenseur,CS Marítimo,22,66,71,5,,5.0,76.7
2012/2013,Joao Luiz,Milieu,CS Marítimo,27,63,65,2,,0.0,33.3
2012/2013,Sami,Attaquant,CS Marítimo,24,71,71,0,,0.0,86.7
2012/2013,Daniel Candeias,Attaquant,CD Nacional,24,69,71,2,,2.0,60.0
2012/2013,Lorenzo Melgarejo,Défenseur,SL Benfica,22,73,73,0,,0.0,70.0
2012/2013,Bruno Cesar,Milieu,SL Benfica,24,78,77,-1,,-1.0,6.7
2012/2013,Leandro Salino,Défenseur,SC Braga,27,74,75,1,,1.0,70.0
2012/2013,Custodio,Milieu,SC Braga,29,73,75,2,,2.0,90.0
2012/2013,Rodrigo Galo,Défenseur,Académica de Coimbra,26,62,67,5,,3.0,70.0
2012/2013,Marinho,Attaquant,Académica de Coimbra,29,72,72,0,,0.0,80.0
2012/2013,Nuno Reis,Défenseur,S.C. Olhanense,21,68,68,0,,0.0,66.7
2012/2013,Rui Duarte,Milieu,S.C. Olhanense,34,70,70,0,,0.0,96.7
2012/2013,Bruno Teles,Défenseur,Vitória Guimarães,26,70,70,0,,0.0,10.0
2012/2013,Rodrigo Defendi,Défenseur,Vitória Guimarães,26,63,69,6,,4.0,33.3
2012/2013,Pawel Kieszek,Gardien,Vitória Setúbal,28,67,70,3,,3.0,90.0
2012/2013,Yonathan Del Valle,Attaquant,Rio Ave FC,22,66,66,0,,0.0,33.3
2012/2013,Mario Rondon,Attaquant,CD Nacional,26,70,72,2,,2.0,86.7
2012/2013,Nemanja Matic,Milieu,SL Benfica,24,74,80,6,,6.0,83.3
2012/2013,Djaniny,Attaquant,S.C. Olhanense,21,71,68,-3,,-3.0,33.3
2012/2013,Ricardo Dias,Milieu,SC Beira Mar,21,56,62,6,,4.0,46.7
2012/2013,Siaka Bamba,Milieu,Vitória Guimarães,23,68,67,-1,,-1.0,23.3
2012/2013,Danilo Dias,Attaquant,CS Marítimo,27,72,76,4,,4.0,63.3
2012/2013,Fabian Rinaudo,Milieu,Sporting CP,25,78,78,0,,0.0,73.3
2012/2013,Josue,Milieu,FC Paços de Ferreira,22,69,71,2,,2.0,60.0
2012/2013,Rafik Halliche,Défenseur,Académica de Coimbra,26,71,67,-4,,-4.0,26.7
2012/2013,Carlos Saleiro,Attaquant,Académica de Coimbra,26,69,65,-4,,-4.0,3.3
2012/2013,Tiago Terroso,Milieu,S.C. Olhanense,24,66,66,0,,0.0,43.3
2012/2013,Ze Luis,Attaquant,SC Braga,21,64,69,5,,3.0,10.0
2012/2013,Kiko,Défenseur,Vitória Setúbal,19,58,63,5,,3.0,16.7
2013/2014,Filipe Goncalves,Milieu,Estoril Praia,29,68,67,-1,,-1.0,46.7
2013/2014,Carlitos,Attaquant,Estoril Praia,31,71,71,0,1,0.0,66.7
2013/2014,Fernando Marcal,Défenseur,CD Nacional,24,69,71,2,8,2.0,90.0
2013/2014,Halisson,Défenseur,Gil Vicente FC,28,70,69,-1,5,-1.0,66.7
2013/2014,Ferreira,Défenseur,Académica de Coimbra,26,66,66,0,8,0.0,26.7
2013/2014,Makelele,Milieu,Académica de Coimbra,28,65,67,2,,2.0,73.3
2013/2014,Enzo Perez,Milieu,SL Benfica,27,77,79,2,1,2.0,90.0
2013/2014,Rodrigo Antonio,Milieu,FC Paços de Ferreira,26,65,65,0,,0.0,26.7
2013/2014,Gregory Arnolin,Défenseur,FC Paços de Ferreira,33,67,67,0,,0.0,20.0
2013/2014,Rui Patricio,Gardien,Sporting CP,25,82,81,-1,1,-1.0,100.0
2013/2014,Pedro Queiros,Défenseur,Vitória Setúbal,29,66,66,0,2,0.0,96.7
2013/2014,Danilo,Défenseur,FC Porto,22,76,77,1,-1,1.0,90.0
2013/2014,Fernando,Milieu,FC Porto,26,80,79,-1,2,-1.0,83.3
2013/2014,Silvestre Varela,Attaquant,FC Porto,28,77,78,1,-2,1.0,76.7
2013/2014,Diego Capel,Attaquant,Sporting CP,25,79,77,-2,-2,-2.0,56.7
2013/2014,Tiago Valente,Défenseur,FC Paços de Ferreira,28,70,69,-1,,-1.0,73.3
2013/2014,Helder Lopes,Défenseur,FC Paços de Ferreira,24,66,65,-1,,-1.0,63.3
2013/2014,Andre Vilas Boas,Défenseur,Rio Ave FC,30,67,66,-1,0,-1.0,30.0
2013/2014,Tiago Pinto,Défenseur,Rio Ave FC,25,65,65,0,-5,0.0,23.3
2013/2014,Ricardo Horta,Attaquant,Vitória Setúbal,19,60,71,11,,10.0,83.3
2013/2014,Cristian Ceballos,Attaquant,FC Arouca,21,62,68,6,,5.0,50.0
2013/2014,Frederico Venancio,Défenseur,Vitória Setúbal,20,62,65,3,,2.0,53.3
2013/2014,Diego Barcelos,Milieu,CD Nacional,28,72,73,1,0,1.0,46.7
2013/2014,Luis Gustavo,Milieu,Rio Ave FC,21,64,65,1,,0.0,33.3
2013/2014,Marcos Paulo,Milieu,Académica de Coimbra,25,65,68,3,0,3.0,46.7
2013/2014,Lassad Nouioui,Attaquant,FC Arouca,27,67,68,1,-4,1.0,26.7
2013/2014,Brito,Attaquant,Gil Vicente FC,26,62,64,2,,1.0,20.0
2013/2014,Luis Olim,Défenseur,CS Marítimo,32,63,62,-1,1,-2.0,26.7
2013/2014,Joao Dias,Défenseur,Académica de Coimbra,27,64,63,-1,0,-2.0,16.7
2013/2014,Jardel,Défenseur,SL Benfica,27,75,75,0,2,0.0,13.3
2013/2014,Fabiano,Gardien,FC Porto,25,74,74,0,,0.0,23.3
2013/2014,Andre Gomes,Milieu,SL Benfica,20,69,73,4,,4.0,10.0
2013/2014,Toze,Attaquant,FC Porto,20,66,68,2,,2.0,3.3
2013/2014,Joao Cancelo,Défenseur,SL Benfica,19,65,68,3,,3.0,3.3
2013/2014,Kayke,Milieu,CD Nacional,25,65,64,-1,,-1.0,3.3
2013/2014,Diogo Salomao,Attaquant,Sporting CP,25,71,70,-1,0,-1.0,3.3
2014/2015,Joao Real,Défenseur,Académica de Coimbra,31,68,69,1,2,1.0,55.9
2014/2015,Cedric Soares,Défenseur,Sporting CP,23,76,76,0,5,0.0,67.6
2014/2015,Pintassilgo,Milieu,FC Arouca,29,67,69,2,2,2.0,70.6
2014/2015,Yohan Tavares,Défenseur,Estoril Praia,26,71,72,1,3,1.0,88.2
2014/2015,Diogo Amado,Milieu,Estoril Praia,24,68,70,2,2,2.0,91.2
2014/2015,Seba,Attaquant,Estoril Praia,22,72,73,1,5,1.0,94.1
2014/2015,Eduardo Salvio,Milieu,SL Benfica,24,79,80,1,1,1.0,82.4
2014/2015,Ricardo,Défenseur,FC Paços de Ferreira,34,68,70,2,-4,2.0,76.5
2014/2015,Pecks,Défenseur,Gil Vicente FC,21,64,64,0,4,-1.0,52.9
2014/2015,Joao Vilela,Milieu,Gil Vicente FC,29,67,65,-2,2,-2.0,73.5
2014/2015,Tomane,Attaquant,Vitória Guimarães,22,66,68,2,,2.0,79.4
2014/2015,Cassio,Gardien,Rio Ave FC,34,71,71,0,0,0.0,50.0
2014/2015,Diego Lopes,Milieu,Rio Ave FC,20,68,73,5,2,5.0,73.5
2014/2015,Ukra,Attaquant,Rio Ave FC,26,72,72,0,-2,0.0,82.4
2014/2015,Ricardo Dani,Milieu,Vitória Setúbal,32,68,69,1,,1.0,85.3
2014/2015,Tony,Défenseur,FC Penafiel,34,66,65,-1,-1,-1.0,29.4
2014/2015,Lucas,Défenseur,Boavista FC,23,65,72,7,,7.0,23.5
2014/2015,Jackson Martinez,Attaquant,FC Porto,28,81,83,2,1,2.0,85.3
2014/2015,Fransergio,Milieu,CS Marítimo,24,65,69,4,,4.0,44.1
2014/2015,Arsenio,Attaquant,Moreirense FC,25,67,69,2,,2.0,85.3
2014/2015,Nuno Coelho,Milieu,FC Arouca,27,69,68,-1,,-1.0,76.5
2014/2015,Roberto,Attaquant,FC Arouca,26,65,69,4,,4.0,67.6
2014/2015,"Theo Weeks,24",Attaquant,CS Marítimo,24,65,66,1,,1.0,26.5
2014/2015,Ivan Marcano,Défenseur,FC Porto,27,73,74,1,,1.0,52.9
2014/2015,Hector Quinones,Attaquant,FC Penafiel,22,65,66,1,,1.0,61.8
2014/2015,Marek Cech,Milieu,Boavista FC,31,70,70,0,,0.0,20.6
2014/2015,Vitor Goncalves,Milieu,Gil Vicente FC,22,63,64,1,,0.0,41.2
2014/2015,Pedro Coronas,Défenseur,Moreirense FC,24,64,64,0,,-1.0,17.6
2015/2016,Andre Geraldes,Défenseur,CF Os Belenenses,24,69,74,5,,3.0,82.4
2015/2016,Carlos Martins,Milieu,CF Os Belenenses,33,73,76,3,0,1.0,61.8
2015/2016,Alhassan Wakaso,Milieu,Rio Ave FC,23,68,71,3,1,1.0,85.3
2015/2016,Pizzi,Milieu,SL Benfica,26,77,79,2,1,1.0,82.4
2015/2016,Alfonso Taira,Milieu,Estoril Praia,23,62,66,4,,1.0,82.4
2015/2016,Leo Bonatini,Attaquant,Estoril Praia,21,65,76,11,0,9.0,97.1
2015/2016,Eduardo Gottardi,Gardien,CD Nacional,30,70,74,4,1,2.0,41.2
2015/2016,Danielson,Défenseur,Moreirense FC,34,70,71,1,-1,-1.0,58.8
2015/2016,Jailson,Défenseur,FC Arouca,24,63,68,5,3,2.0,38.2
2015/2016,Hugo Basto,Défenseur,FC Arouca,22,58,69,11,,8.0,94.1
2015/2016,Andre Horta,Milieu,Vitória Setúbal,19,61,70,9,,6.0,61.8
2015/2016,Tengarrinha,Milieu,Boavista FC,26,65,66,1,,-1.0,38.2
2015/2016,Diego Lima,Milieu,Boavista FC,27,66,70,4,,2.0,14.7
2015/2016,Douglas,Gardien,Vitória Guimarães,32,73,73,0,3,-2.0,29.4
2015/2016,Josue,Défenseur,Vitória Guimarães,23,70,72,2,8,0.0,88.2
2015/2016,Jefferson Nascimento,Défenseur,Sporting CP,27,76,79,3,1,2.0,52.9
2015/2016,Tomas Dabo,Défenseur,FC Arouca,22,64,67,3,0,0.0,20.6
2015/2016,Zequinha,Attaquant,FC Arouca,28,69,70,1,2,-1.0,47.1
2015/2016,Dolly Menga,Attaquant,Tondela,22,65,66,1,0,-1.0,29.4
2015/2016,Mika,Gardien,Boavista FC,24,67,69,2,1,0.0,76.5
2015/2016,Bruno Alves,Milieu,Vitória Guimarães,25,61,64,3,,0.0,8.8
2015/2016,Rui Silva,Gardien,CD Nacional,21,64,67,3,4,0.0,58.8
2015/2016,Joris Kayembe Ditu,Milieu,Rio Ave FC,21,67,69,2,2,0.0,32.4
2015/2016,Gege,Défenseur,FC Arouca,27,67,68,1,2,-1.0,52.9
2015/2016,Mehdi Carcela-Gonzalez,Milieu,SL Benfica,26,73,76,3,0,1.0,17.6
2015/2016,Roderick Miranda,Défenseur,Rio Ave FC,24,67,69,2,-1,0.0,52.9
2015/2016,Andre Fontes,Milieu,Moreirense FC,30,67,70,3,,1.0,2.9
2015/2016,Tiago Ferreira,Milieu,Uniao da Madeira,22,64,66,2,0,-1.0,11.8
2015/2016,Ederson Moraes,Gardien,SL Benfica,22,71,73,2,3,0.0,29.4
2015/2016,Oriol Rosell,Milieu,Vitória Guimarães,23,70,70,0,2,-2.0,8.8
2015/2016,Zezinho,Milieu,CD Nacional,23,70,69,-1,,-3.0,2.9
2015/2016,Joao Pedro,Milieu,Vitória Guimarães,22,65,64,-1,,-3.0,2.9
2012/2013,Beram Kayal,Milieu,Celtic,24,75,70,-5,,-5.0,50.0
2012/2013,Georgios Samaras,Attaquant,Celtic,27,68,73,5,,5.0,47.4
2012/2013,Anthony Stokes,Attaquant,Celtic,24,75,73,-2,,-2.0,28.9
2012/2013,Stephen Hughes,Milieu,Aberdeen,30,63,63,0,,-2.0,57.9
2012/2013,Jonathan Hayes,Milieu,Aberdeen,25,70,69,-1,,-1.0,76.3
2012/2013,Niall McGinn,Attaquant,Aberdeen,25,63,70,7,,5.0,86.8
2012/2013,Marius Zaliukas,Défenseur,Heart of Midlothian,29,71,70,-1,,-1.0,63.2
2012/2013,John Sutton,Attaquant,Heart of Midlothian,29,67,64,-3,,-3.0,52.6
2012/2013,Andrew Driver,Milieu,Heart of Midlothian,25,68,68,0,,0.0,39.5
2012/2013,Nigel Hasselbaink,Milieu,St. Johnstone FC,22,65,65,0,,0.0,39.5
2012/2013,Jeroen Tesselaar,Défenseur,Kilmarnock,23,62,64,2,,0.0,65.8
2012/2013,Matthew Kennedy,Attaquant,Kilmarnock,18,43,57,14,,12.0,7.9
2012/2013,Darren Randolph,Gardien,Motherwell,25,70,71,1,,1.0,94.7
2012/2013,Chris Humphrey,Milieu,Motherwell,25,69,67,-2,,-2.0,84.2
2012/2013,Lee Mair,Défenseur,St. Mirren,32,62,60,-2,,-4.0,55.3
2012/2013,David Barron,Défenseur,St. Mirren,25,57,61,4,,2.0,21.1
2012/2013,Kenny McLean,Milieu,St. Mirren,20,68,64,-4,,-4.0,68.4
2012/2013,Sam Parkin,Attaquant,St. Mirren,31,60,59,-1,,-3.0,31.6
2012/2013,Johnny Russell,Attaquant,Dundee United,22,70,72,2,,2.0,78.9
2012/2013,Ben Williams,Gardien,Hibernian,30,64,66,2,,0.0,97.4
2012/2013,Tim Clancy,Défenseur,Hibernian,28,62,61,-1,,-3.0,50.0
2012/2013,James McPake,Défenseur,Hibernian,28,63,66,3,,1.0,76.3
2012/2013,David Stephens,Défenseur,Hibernian,21,54,57,3,,1.0,2.6
2012/2013,Tom Taiwo,Milieu,Hibernian,22,62,62,0,,-2.0,63.2
2012/2013,Marc McAusland,Défenseur,St. Mirren,24,60,63,3,,1.0,92.1
2012/2013,Richie Foran,Milieu,Inverness Caledonian Thistle,32,66,63,-3,,-3.0,65.8
2012/2013,Rory Fallon,Attaquant,Aberdeen,30,62,61,-1,,-3.0,21.1
2012/2013,Garry Hay,Milieu,Kilmarnock,35,62,56,-6,,-8.0,10.5
2012/2013,Lukasz Zaluska,Gardien,Celtic,30,69,66,-3,,-3.0,10.5
2012/2013,Jamie Masson,Attaquant,Aberdeen,19,50,60,10,,8.0,2.6
2012/2013,Robert McHugh,Attaquant,Motherwell,21,60,61,1,,-1.0,5.3
2012/2013,James McFadden,Milieu,Motherwell,29,72,72,0,,0.0,28.9
2012/2013,Denis Prychynenko,Milieu,Heart of Midlothian,20,64,64,0,,-2.0,2.6
2012/2013,Jamie Hamill,Défenseur,Heart of Midlothian,26,68,67,-1,,-1.0,15.8
2012/2013,Carl Finnigan,Attaquant,Dundee FC,26,61,60,-1,,-3.0,2.6
2013/2014,Efe Ambrose,Défenseur,Celtic,25,68,69,1,,1.0,97.4
2013/2014,Derk Boerrigter,Milieu,Celtic,27,72,70,-2,-3,-2.0,13.2
2013/2014,Billy McKay,Attaquant,Inverness Caledonian Thistle,25,68,71,3,6,3.0,100.0
2013/2014,David Cornell,Gardien,St. Mirren,22,58,58,0,,-1.0,13.2
2013/2014,Thomas Scobbie,Défenseur,St. Johnstone FC,25,60,61,1,,0.0,47.4
2013/2014,David Mackay,Défenseur,St. Johnstone FC,33,63,64,1,-4,0.0,94.7
2013/2014,Kevin McHattie,Défenseur,Heart of Midlothian,20,55,62,7,,6.0,92.1
2013/2014,Ryan Stevenson,Attaquant,Heart of Midlothian,29,65,61,-4,0,-4.0,65.8
2013/2014,Dylan McGowan,Défenseur,Heart of Midlothian,22,57,58,1,-1,0.0,97.4
2013/2014,Lewis Stevenson,Milieu,Hibernian,25,61,60,-1,0,-2.0,86.8
2013/2014,Scott Robertson,Milieu,Hibernian,28,64,61,-3,0,-4.0,63.2
2013/2014,Paul Hanlon,Défenseur,Hibernian,23,62,63,1,2,0.0,73.7
2013/2014,Alex Harris,Milieu,Hibernian,19,54,61,7,,6.0,26.3
2013/2014,Kevin Thomson,Milieu,Hibernian,29,67,60,-7,-3,-7.0,39.5
2013/2014,Liam Craig,Milieu,Hibernian,27,69,68,-1,1,-1.0,81.6
2013/2014,Steven Hammell,Défenseur,Motherwell,31,68,68,0,0,0.0,89.5
2013/2014,Gavin Gunning,Défenseur,Dundee United,22,64,65,1,-1,0.0,68.4
2013/2014,Manuel Pascali,Défenseur,Kilmarnock,32,66,64,-2,-1,-2.0,76.3
2013/2014,Barry Nicholson,Milieu,Kilmarnock,35,62,61,-1,,-2.0,36.8
2013/2014,Michael Gardyne,Attaquant,Kilmarnock,27,61,61,0,,-1.0,44.7
2013/2014,Steven Ross,Attaquant,Ross County FC,20,54,54,0,,-1.0,13.2
2013/2014,Frazer Wright,Défenseur,St. Johnstone FC,34,64,66,2,-2,1.0,65.8
2013/2014,Brian Easton,Défenseur,St. Johnstone FC,25,61,61,0,-2,-1.0,57.9
2013/2014,Gary Mackay-Steven,Milieu,Dundee United,23,73,70,-3,5,-3.0,71.1
2013/2014,Michael Hector,Défenseur,Aberdeen,21,61,62,1,,0.0,47.4
2013/2014,Jason Holt,Milieu,Heart of Midlothian,20,60,59,-1,7,-2.0,47.4
2013/2014,Fraser Kerr,Défenseur,Motherwell,20,61,60,-1,0,-2.0,26.3
2013/2014,Gwion Edwards,Milieu,St. Johnstone FC,20,58,58,0,,-1.0,10.5
2013/2014,Farid El Alagui,Attaquant,Dundee United,28,61,61,0,,-1.0,10.5
2013/2014,Mark Stewart,Attaquant,Kilmarnock,25,57,57,0,0,-1.0,2.6
2014/2015,John Rankin,Milieu,Dundee United,31,63,62,-1,0,-2.0,76.3
2014/2015,Scott Brown,Milieu,Celtic,29,72,75,3,-1,3.0,81.6
2014/2015,Stefan Johansen,Milieu,Celtic,23,73,74,1,1,1.0,86.8
2014/2015,Simon Ferry,Milieu,Dundee FC,26,61,62,1,,0.0,36.8
2014/2015,Gary Harkins,Milieu,Dundee FC,29,66,66,0,-3,0.0,55.3
2014/2015,Ross Draper,Milieu,Inverness Caledonian Thistle,26,64,65,1,2,0.0,78.9
2014/2015,Dan Twardzik,Gardien,Motherwell,23,58,58,0,0,-1.0,65.8
2014/2015,Stewart Carswell,Milieu,Motherwell,21,57,57,0,2,-1.0,36.8
2014/2015,Ellis Plummer,Défenseur,St. Mirren,20,53,53,0,,-1.0,15.8
2014/2015,Gregg Wylde,Milieu,St. Mirren,23,64,63,-1,,-2.0,28.9
2014/2015,Michael O'Halloran,Milieu,St. Johnstone FC,23,63,66,3,0,2.0,78.9
2014/2015,Chris Erskine,Milieu,Dundee United,27,61,64,3,,2.0,71.1
2014/2015,Mark Brown,Gardien,Ross County FC,33,58,61,3,-4,2.0,57.9
2014/2015,Brian Graham,Attaquant,St. Johnstone FC,26,61,60,-1,0,-2.0,44.7
2014/2015,Sean Kelly,Défenseur,St. Mirren,21,56,60,4,4,3.0,73.7
2014/2015,Carl Tremarco,Défenseur,Inverness Caledonian Thistle,29,58,58,0,,-1.0,23.7
2014/2015,Aidan Connolly,Milieu,Dundee United,19,55,59,4,,3.0,21.1
2014/2015,Ross Caldwell,Attaquant,St. Mirren,21,53,53,0,,-1.0,5.3
2014/2015,Cameron Smith,Milieu,Aberdeen,19,61,61,0,3,-1.0,13.2
2014/2015,Steven Thompson,Attaquant,St. Mirren,36,67,65,-2,-1,-2.0,39.5
2014/2015,Nick Ross,Milieu,Inverness Caledonian Thistle,23,64,62,-2,0,-3.0,34.2
2014/2015,Liam Lindsay,Défenseur,Partick Thistle F.C.,19,54,54,0,,-1.0,2.6
2014/2015,Jo Inge Berget,Milieu,Celtic,24,71,69,-2,,-2.0,5.3
2014/2015,Liam Polworth,Milieu,Inverness Caledonian Thistle,20,56,57,1,1,0.0,2.6
2014/2015,Eoghan O'Connell,Défenseur,Celtic,19,55,55,0,,-1.0,5.3
2015/2016,Kieran Tierney,Défenseur,Celtic,18,51,64,13,,10.0,60.5
2015/2016,Scott Boyd,Défenseur,Ross County FC,29,59,61,2,1,-1.0,31.6
2015/2016,Garcia Tena,Défenseur,Hamilton Academical FC,25,58,60,2,,-1.0,52.6
2015/2016,Stuart Bannigan,Milieu,Partick Thistle F.C.,23,64,64,0,-1,-3.0,68.4
2015/2016,Joe Shaughnessy,Défenseur,St. Johnstone FC,23,60,62,2,0,-1.0,92.1
2015/2016,Chris Millar,Milieu,St. Johnstone FC,32,61,62,1,1,-2.0,52.6
2015/2016,Josh Meekings,Défenseur,Inverness Caledonian Thistle,23,67,67,0,1,-2.0,55.3
2015/2016,Greg Tansey,Milieu,Inverness Caledonian Thistle,27,64,67,3,3,0.0,97.4
2015/2016,Keith Lasley,Milieu,Motherwell,36,66,66,0,-2,-2.0,78.9
2015/2016,Stephen Pearson,Milieu,Motherwell,33,63,64,1,0,-2.0,65.8
2015/2016,Darryl Westlake,Défenseur,Kilmarnock,24,60,64,4,-2,1.0,18.4
2015/2016,Christopher Johnston,Milieu,Kilmarnock,21,63,65,2,1,-1.0,2.6
2015/2016,Paul McGinn,Défenseur,Dundee FC,25,57,60,3,,0.0,86.8
2015/2016,Steven MacLean,Attaquant,St. Johnstone FC,33,64,66,2,3,-1.0,76.3
2015/2016,Conrad Balatoni,Défenseur,Kilmarnock,24,60,62,2,0,-1.0,78.9
2015/2016,Mustapha Dumbuya,Défenseur,Partick Thistle F.C.,28,62,64,2,,-1.0,50.0
2015/2016,Daniel Seaborne,Défenseur,Partick Thistle F.C.,28,63,64,1,0,-2.0,81.6
2015/2016,Aaron Kuhl,Milieu,Dundee United,19,60,61,1,,-2.0,13.2
2015/2016,Rory McKenzie,Milieu,Kilmarnock,22,63,64,1,4,-2.0,60.5
2015/2016,Jamie Reckord,Défenseur,Ross County FC,23,57,62,5,1,2.0,36.8
2015/2016,Steven Anderson,Défenseur,St. Johnstone FC,30,65,67,2,-1,0.0,60.5
2015/2016,Mikael Lustig,Défenseur,Celtic,29,75,72,-3,1,-4.0,76.3
2015/2016,Theo Robinson,Attaquant,Motherwell,26,63,62,-1,,-4.0,5.3
2015/2016,Christopher Cadden,Milieu,Motherwell,19,53,53,0,,-3.0,42.1
2015/2016,Jack Leitch,Milieu,Motherwell,20,56,57,1,4,-2.0,7.9
2015/2016,David Syme,Défenseur,Kilmarnock,18,53,55,2,,-1.0,10.5
2015/2016,Riku Riski,Attaquant,Dundee United,26,67,65,-2,,-4.0,2.6
2015/2016,Craig Storie,Milieu,Aberdeen,19,52,56,4,,1.0,15.8
2015/2016,Daniel Redmond,Milieu,Hamilton Academical FC,24,62,62,0,0,-3.0,2.6
2012/2013,Andoni Iraola,Défenseur,Athletic Club de Bilbao,30,79,77,-2,,-2.0,89.5
2012/2013,Markel Susaeta,Milieu,Athletic Club de Bilbao,25,76,80,4,,4.0,94.7
2012/2013,Francisco Chica,Défenseur,Real Betis Balompié,27,71,73,2,,2.0,55.3
2012/2013,Nacho Perez,Défenseur,Real Betis Balompié,32,71,74,3,,3.0,68.4
2012/2013,Daniel Alves,Défenseur,FC Barcelona,29,86,84,-2,,-2.0,68.4
2012/2013,Javier Mascherano,Défenseur,FC Barcelona,28,85,85,0,,0.0,55.3
2012/2013,Cesc Fabregas,Milieu,FC Barcelona,25,89,86,-3,,-3.0,78.9
2012/2013,Gorka Elustondo,Défenseur,Real Sociedad,25,70,71,1,,1.0,13.2
2012/2013,Emir Spahic,Défenseur,Sevilla FC,32,77,77,0,,0.0,57.9
2012/2013,Jesus Navas,Milieu,Sevilla FC,27,84,85,1,,1.0,97.4
2012/2013,Jose Antonio Reyes,Milieu,Sevilla FC,29,78,77,-1,,-1.0,52.6
2012/2013,Angel Lafita,Milieu,Getafe CF,28,75,75,0,,0.0,44.7
2012/2013,Diego Castro,Milieu,Getafe CF,30,75,77,2,,2.0,78.9
2012/2013,Sergio Ballesteros,Défenseur,Levante UD,37,76,74,-2,,-2.0,68.4
2012/2013,Juanlu,Milieu,Levante UD,32,73,66,-7,,-7.0,36.8
2012/2013,Gabi,Milieu,Atlético Madrid,29,78,80,2,,2.0,89.5
2012/2013,Jaime,Gardien,Real Valladolid,32,67,72,5,,5.0,36.8
2012/2013,Martin Demichelis,Défenseur,Málaga CF,32,78,80,2,,2.0,81.6
2012/2013,Francisco Portillo,Milieu,Málaga CF,22,63,76,13,,11.0,50.0
2012/2013,Ruben,Gardien,Rayo Vallecano,28,67,72,5,,5.0,76.3
2012/2013,Borja Gomez,Défenseur,Granada CF,24,70,69,-1,,-1.0,31.6
2012/2013,Andres Fernandez,Gardien,CA Osasuna,26,73,79,6,,6.0,97.4
2012/2013,Alvaro Cejudo,Milieu,CA Osasuna,28,72,73,1,,1.0,65.8
2012/2013,Nino,Milieu,CA Osasuna,32,74,70,-4,,-4.0,44.7
2012/2013,Javier Saviola,Attaquant,Málaga CF,31,79,76,-3,,-3.0,50.0
2012/2013,David Cobeno,Gardien,Rayo Vallecano,30,73,70,-3,,-3.0,21.1
2012/2013,Raul Rodriguez,Défenseur,RCD Espanyol,25,68,72,4,,4.0,44.7
2012/2013,Ruben,Défenseur,CA Osasuna,30,74,69,-5,,-5.0,39.5
2012/2013,Juan Rodriguez,Milieu,Getafe CF,30,72,71,-1,,-1.0,18.4
2012/2013,Alex Martinez,Défenseur,Real Betis Balompié,22,62,71,9,,7.0,28.9
2012/2013,Gabriel Torje,Milieu,Granada CF,23,74,72,-2,,-2.0,73.7
2012/2013,Yacine Brahimi,Milieu,Granada CF,22,74,74,0,,0.0,55.3
2012/2013,Dani Benitez,Milieu,Granada CF,25,73,72,-1,,-1.0,23.7
2012/2013,Fernando Amorebieta,Défenseur,Athletic Club de Bilbao,27,80,80,0,,0.0,26.3
2012/2013,Pedro Rios,Milieu,Levante UD,31,72,72,0,,0.0,39.5
2012/2013,Raul Albiol,Défenseur,Real Madrid CF,27,81,80,-1,,-1.0,36.8
2012/2013,Ze Castro,Défenseur,RC Deportivo de La Coruña,29,70,72,2,,2.0,52.6
2012/2013,Marti Soler,Milieu,RCD Mallorca,37,73,72,-1,,-1.0,47.4
2012/2013,Mario Bermejo,Milieu,RC Celta de Vigo,34,70,68,-2,,-2.0,42.1
2012/2013,Alberto Bueno,Milieu,Real Valladolid,24,68,69,1,,1.0,36.8
2012/2013,Borja Ekiza,Défenseur,Athletic Club de Bilbao,24,75,74,-1,,-1.0,60.5
2012/2013,Javier Camunas,Milieu,RC Deportivo de La Coruña,32,76,71,-5,,-5.0,10.5
2012/2013,Andreu Fontas,Milieu,RCD Mallorca,23,73,71,-2,,-2.0,13.2
2012/2013,Geoffrey Kondogbia,Milieu,Sevilla FC,19,56,77,21,,19.0,60.5
2012/2013,Giovani dos Santos,Milieu,RCD Mallorca,23,76,79,3,,3.0,71.1
2012/2013,Ricardo Carvalho,Défenseur,Real Madrid CF,34,81,77,-4,,-4.0,23.7
2012/2013,Roger,Attaquant,Levante UD,21,59,66,7,,5.0,5.3
2012/2013,Jonathan Pereira,Milieu,Real Betis Balompié,25,73,70,-3,,-3.0,2.6
2012/2013,Javier Baraja,Milieu,Real Valladolid,32,67,69,2,,2.0,7.9
2012/2013,Andrija Delibasic,Attaquant,Rayo Vallecano,31,68,72,4,,4.0,28.9
2013/2014,David Generelo,Milieu,Elche CF,31,70,67,-3,,-3.0,2.6
2013/2014,Aaron Niguez,Milieu,Elche CF,24,66,69,3,,3.0,21.1
2013/2014,Markus Steinhoefer,Milieu,Real Betis Balompié,27,66,69,3,1,3.0,5.3
2013/2014,Filip Twardzik,Milieu,Celtic,20,60,61,1,5,0.0,2.6
2012/2013,Nelson Oliveira,Attaquant,RC Deportivo de La Coruña,21,73,72,-1,,-1.0,5.3
2012/2013,Javi Hervas,Milieu,Sevilla FC,23,71,72,1,,1.0,2.6
2012/2013,Asier Riesgo,Gardien,CA Osasuna,29,72,71,-1,,-1.0,2.6
2012/2013,Daniel Gimenez,Gardien,Rayo Vallecano,29,70,68,-2,,-2.0,2.6
2013/2014,Victor Alvarez,Milieu,RCD Espanyol,20,69,69,0,10,0.0,13.2
2013/2014,Fran Rico,Milieu,Granada CF,26,67,67,0,,0.0,73.7
2013/2014,Manuel Iturra,Milieu,Granada CF,29,76,76,0,6,0.0,89.5
2013/2014,Youssef El Arabi,Attaquant,Granada CF,26,74,74,0,,0.0,89.5
2013/2014,Augusto Fernandez,Milieu,RC Celta de Vigo,27,75,76,1,,1.0,76.3
2013/2014,Mikel Rico,Milieu,Athletic Club de Bilbao,29,75,76,1,2,1.0,81.6
2013/2014,Marcelo,Défenseur,Real Madrid CF,25,82,83,1,0,1.0,63.2
2013/2014,Xabi Alonso,Milieu,Real Madrid CF,32,86,85,-1,0,-1.0,60.5
2013/2014,Mario Gaspar,Défenseur,Villarreal CF,23,69,70,1,,1.0,94.7
2013/2014,Emiliano Daniel Armenteros,Milieu,CA Osasuna,27,72,72,0,-2,0.0,71.1
2013/2014,Borja Fernandez,Milieu,Getafe CF,32,72,72,0,5,0.0,63.2
2013/2014,Javi Guerra,Attaquant,Real Valladolid,31,74,73,-1,1,-1.0,97.4
2013/2014,Alberto Botia,Défenseur,Elche CF,24,74,74,0,-3,0.0,86.8
2013/2014,Jonathan Zongo,Attaquant,UD Almería,21,61,64,3,,2.0,28.9
2013/2014,Inigo Martinez,Défenseur,Real Sociedad,22,78,80,2,5,2.0,92.1
2013/2014,Saul Niguez,Milieu,Rayo Vallecano,19,64,71,7,,6.0,89.5
2013/2014,Jose Raul Baena,Milieu,Rayo Vallecano,24,73,74,1,-1,1.0,39.5
2013/2014,Flavio Nunes Ferreira,Défenseur,Málaga CF,22,72,72,0,14,0.0,36.8
2013/2014,Duda,Milieu,Málaga CF,33,73,73,0,-3,0.0,52.6
2013/2014,Juanmi,Attaquant,Málaga CF,20,66,69,3,,3.0,23.7
2013/2014,Vitolo,Milieu,Sevilla FC,24,73,73,0,,0.0,65.8
2013/2014,Xavi Hernandez,Milieu,FC Barcelona,33,90,88,-2,-1,-2.0,68.4
2013/2014,Sofiane Feghouli,Milieu,Valencia CF,24,81,81,0,6,0.0,57.9
2013/2014,Tiago Ilori,Défenseur,Granada CF,20,71,73,2,4,2.0,23.7
2013/2014,Diego Buonanotte,Milieu,Granada CF,25,73,73,0,,0.0,23.7
2013/2014,Tiago,Milieu,Atlético Madrid,32,80,80,0,2,0.0,55.3
2013/2014,Victor Casadesus,Milieu,Levante UD,28,72,73,1,1,1.0,34.2
2013/2014,Mikel San Jose,Défenseur,Athletic Club de Bilbao,24,76,76,0,0,0.0,50.0
2013/2014,Lolo,Milieu,CA Osasuna,29,71,73,2,-1,2.0,47.4
2013/2014,Ruben Garcia,Milieu,Levante UD,20,73,74,1,,1.0,71.1
2013/2014,Oleksandr Iakovenko,Milieu,Málaga CF,26,70,69,-1,3,-1.0,7.9
2013/2014,Carles Puyol,Défenseur,FC Barcelona,35,85,83,-2,-1,-2.0,13.2
2013/2014,Manu Herrera,Gardien,Elche CF,32,74,74,0,,0.0,76.3
2013/2014,Mehdi Lacen,Milieu,Getafe CF,29,73,73,0,-2,0.0,34.2
2013/2014,Mohamed Lamine Sissoko,Milieu,Levante UD,28,73,74,1,,1.0,10.5
2013/2014,Sami Khedira,Milieu,Real Madrid CF,26,84,84,0,2,0.0,31.6
2013/2014,Javi Varas,Gardien,Sevilla FC,31,76,76,0,-2,0.0,13.2
2013/2014,Richmond Boakye,Attaquant,Elche CF,20,70,71,1,,1.0,31.6
2013/2014,Jose Manuel Pinto,Gardien,FC Barcelona,38,72,72,0,0,0.0,31.6
2013/2014,Alvaro Vadillo,Milieu,Real Betis Balompié,19,69,70,1,5,1.0,34.2
2013/2014,Javier Matilla,Milieu,Real Betis Balompié,25,68,69,1,,1.0,39.5
2013/2014,Gaizka Toquero,Attaquant,Athletic Club de Bilbao,29,70,70,0,-3,0.0,13.2
2013/2014,Dani Estrada,Défenseur,Real Sociedad,26,71,70,-1,4,-1.0,7.9
2013/2014,Cristian Tello Herrera,Attaquant,FC Barcelona,22,78,79,1,10,1.0,5.3
2014/2015,Coke,Défenseur,Sevilla FC,27,74,78,4,0,4.0,55.3
2014/2015,Vicente Iborra,Milieu,Sevilla FC,26,77,78,1,0,1.0,63.2
2014/2015,Nicolas Otamendi,Défenseur,Valencia CF,26,79,83,4,-1,4.0,92.1
2014/2015,Rodrigo,Attaquant,Valencia CF,23,79,80,1,2,1.0,63.2
2014/2015,David Navarro,Défenseur,Levante UD,34,75,74,-1,0,-1.0,55.3
2014/2015,Jordi Feliu Xumetra,Milieu,Levante UD,29,73,72,-1,1,-1.0,28.9
2014/2015,Andreas Ivanschitz,Milieu,Levante UD,31,76,74,-2,0,-2.0,42.1
2014/2015,Manuel Trigueros,Milieu,Villarreal CF,23,70,74,4,0,4.0,73.7
2014/2015,Bruno Soriano,Milieu,Villarreal CF,30,80,79,-1,1,-1.0,60.5
2014/2015,Cani,Milieu,Villarreal CF,33,75,74,-1,0,-1.0,13.2
2014/2015,Denis Cheryshev,Milieu,Villarreal CF,24,72,77,5,2,5.0,47.4
2014/2015,Roberto Trashorras,Milieu,Rayo Vallecano,33,76,76,0,0,0.0,86.8
2014/2015,Koke,Milieu,Atlético Madrid,22,82,82,0,2,0.0,86.8
2014/2015,Roberto Rosales,Défenseur,Málaga CF,26,73,73,0,1,0.0,89.5
2014/2015,Antunes,Défenseur,Málaga CF,27,76,76,0,0,0.0,39.5
2014/2015,Luis Alberto,Milieu,Málaga CF,22,72,73,1,,1.0,15.8
2014/2015,Gorka Iraizoz Moreno,Gardien,Athletic Club de Bilbao,33,76,77,1,3,1.0,89.5
2014/2015,Carles Planas,Défenseur,RC Celta de Vigo,23,67,68,1,,1.0,26.3
2014/2015,Esteban Granero,Milieu,Real Sociedad,27,78,77,-1,0,-1.0,76.3
2014/2015,Stole Dimitrievski,Gardien,Granada CF,21,61,62,1,,0.0,2.6
2014/2015,Allan Nyom,Défenseur,Granada CF,26,73,75,2,1,2.0,89.5
2014/2015,Diego Mainz,Défenseur,Granada CF,32,72,70,-2,0,-2.0,47.4
2014/2015,Juan Carlos,Défenseur,Granada CF,24,72,70,-2,-1,-2.0,39.5
2014/2015,Rafinha,Milieu,FC Barcelona,21,75,78,3,5,3.0,34.2
2014/2015,Sergio Pelegrin,Défenseur,Elche CF,35,72,73,1,0,1.0,21.1
2014/2015,Karim Benzema,Attaquant,Real Madrid CF,27,85,85,0,0,0.0,76.3
2014/2015,Angel Trujillo,Défenseur,UD Almería,27,69,70,1,1,1.0,92.1
2014/2015,Verza,Milieu,UD Almería,28,70,74,4,0,4.0,86.8
2014/2015,Edgar Antonio Mendez,Milieu,UD Almería,23,61,70,9,,8.0,55.3
2014/2015,Diego Daniel Colotto,Défenseur,RCD Espanyol,33,74,74,0,0,0.0,57.9
2014/2015,Salva Sevilla,Milieu,RCD Espanyol,30,74,74,0,0,0.0,44.7
2014/2015,Ion Ansotegi,Défenseur,Real Sociedad,32,74,74,0,5,0.0,50.0
2014/2015,Ruben Pardo,Milieu,Real Sociedad,22,76,76,0,4,0.0,55.3
2014/2015,Federico Nicolas Cartabia,Milieu,Córdoba CF,21,72,74,2,,2.0,63.2
2014/2015,Xisco,Attaquant,Córdoba CF,28,67,68,1,,1.0,2.6
2014/2015,Naldo,Défenseur,Getafe CF,26,70,70,0,-1,0.0,73.7
2014/2015,Jose Canas,Milieu,RCD Espanyol,27,77,75,-2,-1,-2.0,63.2
2014/2015,Alex Fernandez,Milieu,RCD Espanyol,22,74,74,0,0,0.0,5.3
2014/2015,Antonio Amaya,Défenseur,Rayo Vallecano,31,75,76,1,2,1.0,50.0
2014/2015,Nacho Martinez,Défenseur,Rayo Vallecano,25,73,73,0,2,0.0,28.9
2014/2015,Marc Bartra,Défenseur,FC Barcelona,23,76,76,0,2,0.0,28.9
2014/2015,Alberto De la Bella,Défenseur,Real Sociedad,29,75,75,0,1,0.0,55.3
2014/2015,Diogo Figueiras,Défenseur,Sevilla FC,23,71,75,4,4,4.0,50.0
2014/2015,Adrian Gonzalez,Milieu,Elche CF,26,69,72,3,-1,3.0,57.9
2014/2015,Santi Mina,Attaquant,RC Celta de Vigo,19,66,70,4,5,4.0,36.8
2014/2015,Oier Olazabal,Gardien,Granada CF,25,66,70,4,,4.0,36.8
2014/2015,Lucas Alfonso Orban,Défenseur,Valencia CF,25,73,75,2,,2.0,21.1
2014/2015,Alhassane Bangoura,Milieu,Granada CF,22,76,75,-1,-1,-1.0,31.6
2014/2015,Hector Moreno,Défenseur,RCD Espanyol,26,78,78,0,1,0.0,47.4
2014/2015,Iago Aspas,Attaquant,Sevilla FC,27,76,76,0,0,0.0,10.5
2014/2015,Erik Moran,Milieu,Athletic Club de Bilbao,23,67,69,2,2,2.0,2.6
2014/2015,Hector Rodas,Défenseur,Levante UD,26,69,67,-2,1,-2.0,15.8
2015/2016,Ruben,Gardien,Levante UD,31,74,74,0,2,-2.0,39.5
2015/2016,Jose Mari,Milieu,Levante UD,28,68,72,4,-1,2.0,26.3
2015/2016,Deyverson,Attaquant,Levante UD,24,70,76,6,,4.0,63.2
2015/2016,Andreu Fontas,Défenseur,RC Celta de Vigo,26,73,77,4,1,2.0,15.8
2015/2016,Oliver Torres,Milieu,Atlético Madrid,21,76,78,2,2,1.0,23.7
2015/2016,Gabi,Milieu,Atlético Madrid,32,82,81,-1,1,-2.0,89.5
2015/2016,Dani Castellano,Défenseur,UD Las Palmas,28,65,69,4,,2.0,65.8
2015/2016,Arthur Boka,Défenseur,Málaga CF,32,74,77,3,0,1.0,31.6
2015/2016,Jose Antonio Reyes,Milieu,Sevilla FC,32,77,79,2,1,1.0,36.8
2015/2016,Kevin Gameiro,Attaquant,Sevilla FC,28,78,79,1,0,0.0,57.9
2015/2016,Gorka Elustondo,Milieu,Athletic Club de Bilbao,28,74,75,1,0,-1.0,10.5
2015/2016,Markel Susaeta,Milieu,Athletic Club de Bilbao,28,78,78,0,0,-1.0,57.9
2015/2016,Sabin Merino,Milieu,Athletic Club de Bilbao,23,53,73,20,,17.0,34.2
2015/2016,Daniel Alves,Défenseur,FC Barcelona,32,83,84,1,-1,0.0,63.2
2015/2016,Javier Mascherano,Défenseur,FC Barcelona,31,83,83,0,-1,-1.0,81.6
2015/2016,Andres Fernandez,Gardien,Granada CF,29,74,77,3,-2,1.0,97.4
2015/2016,Robert Ibanez,Milieu,Granada CF,22,69,73,4,0,2.0,18.4
2015/2016,Ander Capa,Défenseur,SD Eibar,23,71,73,2,7,0.0,89.5
2015/2016,Ivan Ramis,Défenseur,SD Eibar,31,71,74,3,-3,1.0,55.3
2015/2016,Dani Garcia,Milieu,SD Eibar,25,73,74,1,9,-1.0,92.1
2015/2016,Saul Berjon,Milieu,SD Eibar,29,74,76,2,6,0.0,42.1
2015/2016,Felipe Caicedo,Attaquant,RCD Espanyol,27,76,78,2,1,1.0,68.4
2015/2016,Damian Suarez,Défenseur,Getafe CF,27,73,76,3,2,1.0,78.9
2015/2016,Juan Rodriguez,Milieu,Getafe CF,33,71,74,3,0,1.0,78.9
2015/2016,Victor Romero Rodriguez,Milieu,Getafe CF,26,75,76,1,2,0.0,68.4
2015/2016,Matias Nahuel Leiva,Milieu,Villarreal CF,19,66,73,7,,5.0,28.9
2015/2016,Sergio Alvarez,Milieu,Real Sporting de Gijón,23,64,75,11,,8.0,68.4
2015/2016,Guerrero,Attaquant,Real Sporting de Gijón,25,63,72,9,,6.0,34.2
2015/2016,Ze Castro,Défenseur,Rayo Vallecano,32,72,76,4,0,2.0,57.9
2015/2016,Rodrigo De Paul,Milieu,Valencia CF,21,72,76,4,2,2.0,15.8
2015/2016,Vicente Gomez,Milieu,UD Las Palmas,27,67,68,1,,-1.0,42.1
2015/2016,Jose Gaya,Défenseur,Valencia CF,20,76,80,4,11,3.0,39.5
2015/2016,Yannick Ferreira-Carrasco,Milieu,Atlético Madrid,22,78,80,2,5,1.0,42.1
2015/2016,Jose Recio,Milieu,Málaga CF,24,71,76,5,0,3.0,84.2
2015/2016,Roberto Correa,Défenseur,RCD Espanyol,23,59,67,8,,5.0,13.2
2015/2016,Marco Asensio,Milieu,RCD Espanyol,19,71,75,4,,2.0,86.8
2015/2016,David Lomban,Défenseur,Granada CF,28,71,74,3,1,1.0,76.3
2015/2016,Emiliano Velazquez,Défenseur,Getafe CF,21,68,74,6,,4.0,28.9
2015/2016,Angel Lafita,Milieu,Getafe CF,31,75,74,-1,0,-2.0,31.6
2015/2016,Alex Menendez,Milieu,Real Sporting de Gijón,24,62,68,6,,3.0,28.9
2015/2016,Borja Ekiza,Défenseur,SD Eibar,27,73,75,2,-1,0.0,5.3
2015/2016,Daniel Carvajal,Défenseur,Real Madrid CF,23,79,82,3,2,2.0,50.0
2015/2016,Uche Henry Agbo,Milieu,Granada CF,20,59,63,4,,1.0,7.9
2015/2016,Inigo Lekue,Défenseur,Athletic Club de Bilbao,22,51,71,20,,17.0,31.6
2015/2016,Oriol Riera,Attaquant,RC Deportivo de La Coruña,29,70,72,2,-1,0.0,18.4
2015/2016,Nauzet Aleman,Milieu,UD Las Palmas,30,71,71,0,,-2.0,5.3
2015/2016,Manuel Lillo Castellano,Défenseur,SD Eibar,26,71,72,1,9,-1.0,13.2
2015/2016,David Barral,Attaquant,Granada CF,32,74,74,0,2,-2.0,7.9
2012/2013,Francois Moubandje,Défenseur,Servette FC,22,59,58,-1,,-3.0,47.2
2012/2013,Alexander Frei,Attaquant,FC Basel,33,78,77,-1,,-1.0,44.4
2012/2013,Marco Streller,Attaquant,FC Basel,31,73,72,-1,,-1.0,83.3
2012/2013,Stipe Matic,Défenseur,FC Thun,33,64,63,-1,,-3.0,27.8
2012/2013,Nassim Ben Khalifa,Attaquant,Grasshopper Club Zürich,20,68,69,1,,1.0,72.2
2012/2013,Xavier Margairaz,Milieu,FC Sion,28,67,68,1,,1.0,47.2
2012/2013,Dejan Janjatovic,Milieu,FC St. Gallen,20,60,57,-3,,-5.0,88.9
2012/2013,Alain Nef,Défenseur,BSC Young Boys,30,69,67,-2,,-2.0,94.4
2012/2013,Mario Raimondi,Défenseur,BSC Young Boys,32,61,58,-3,,-5.0,63.9
2012/2013,Stephan Andrist,Milieu,FC Luzern,25,66,63,-3,,-3.0,47.2
2012/2013,Mathieu Salamand,Milieu,FC Thun,21,54,54,0,,-2.0,33.3
2012/2013,Jahmir Hyka,Milieu,FC Luzern,24,66,66,0,,0.0,47.2
2012/2013,Joao Barroca,Gardien,Servette FC,26,58,58,0,,-2.0,69.4
2012/2013,Asmir Kajevic,Milieu,FC Zürich,22,59,58,-1,,-3.0,8.3
2012/2013,Simone Grippo,Milieu,Servette FC,24,60,60,0,,-2.0,16.7
2012/2013,Alexander Gonzalez,Défenseur,BSC Young Boys,20,63,62,-1,,-3.0,25.0
2012/2013,Nicolas Schindelholz,Défenseur,FC Thun,24,64,63,-1,,-3.0,38.9
2012/2013,Pajtim Kasami,Milieu,FC Luzern,20,69,71,2,,2.0,38.9
2013/2014,Mohamed Elneny,Milieu,FC Basel,21,64,63,-1,,-2.0,69.4
2013/2014,Pa Modou Jagne,Défenseur,FC Sion,24,59,62,3,,2.0,75.0
2013/2014,Raphael Koch,Défenseur,FC Zürich,23,59,58,-1,1,-2.0,36.1
2013/2014,Milos Krstic,Milieu,FC Thun,26,62,64,2,,1.0,2.8
2013/2014,Adrian Winter,Milieu,FC Luzern,27,62,65,3,2,2.0,91.7
2013/2014,Kevin Fickentscher,Gardien,FC Lausanne-Sports,25,60,60,0,,-1.0,47.2
2013/2014,Sebastien Wuethrich,Milieu,FC St. Gallen,23,60,61,1,,0.0,69.4
2013/2014,Roman Buerki,Gardien,Grasshopper Club Zürich,23,70,74,4,6,4.0,94.4
2013/2014,Stephane Grichting,Défenseur,Grasshopper Club Zürich,34,72,72,0,-3,0.0,86.1
2013/2014,Philippe Montandon,Défenseur,FC St. Gallen,31,59,61,2,,1.0,52.8
2013/2014,Goran Karanovic,Attaquant,FC St. Gallen,26,58,64,6,-1,5.0,63.9
2013/2014,Sally Sarr,Défenseur,FC Luzern,27,62,64,2,-3,1.0,55.6
2013/2014,Berat Djimsiti,Défenseur,FC Zürich,20,52,56,4,-1,3.0,66.7
2013/2014,Muhamed Demiri,Milieu,FC St. Gallen,28,59,58,-1,-1,-2.0,41.7
2013/2014,Leonardo Bertone,Milieu,BSC Young Boys,19,49,48,-1,,-2.0,27.8
2013/2014,Andres Malloth,Gardien,FC Zürich,21,52,52,0,,-1.0,2.8
2013/2014,Oliver Buff,Milieu,FC Zürich,21,66,65,-1,1,-1.0,52.8
2013/2014,Haxhi Neziraj,Attaquant,FC Luzern,20,59,59,0,,-1.0,5.6
2013/2014,Jason Buaillon,Milieu,FC Sion,22,59,59,0,,-1.0,2.8
2013/2014,Marek Suchy,Défenseur,FC Basel,25,72,73,1,,1.0,44.4
2013/2014,Alexander Dragovic,Défenseur,FC Basel,22,74,75,1,0,1.0,2.8
2013/2014,Gaston Sauro,Défenseur,FC Basel,23,66,64,-2,4,-2.0,33.3
2013/2014,Fousseyni Cisse,Attaquant,FC Sion,24,66,66,0,,0.0,8.3
2013/2014,Renato Steffen,Milieu,BSC Young Boys,22,54,56,2,,1.0,19.4
2013/2014,Maurice Brunner,Défenseur,FC Zürich,22,57,53,-4,-1,-5.0,5.6
2014/2015,Sandro Wieser,Milieu,FC Aarau,21,63,64,1,,0.0,16.7
2014/2015,Behrang Safari,Défenseur,FC Basel,29,68,68,0,-2,0.0,63.9
2014/2015,Fabian Frei,Milieu,FC Basel,25,74,73,-1,4,-1.0,69.4
2014/2015,Thomas Reinmann,Défenseur,FC Thun,31,62,62,0,1,-1.0,69.4
2014/2015,Dennis Hediger,Milieu,FC Thun,28,63,64,1,3,0.0,91.7
2014/2015,Michael Siegfried,Milieu,FC Thun,26,58,57,-1,2,-2.0,66.7
2014/2015,Nelson Ferreira,Milieu,FC Thun,32,65,64,-1,0,-1.0,88.9
2014/2015,David Zibung,Gardien,FC Luzern,30,63,60,-3,-1,-4.0,91.7
2014/2015,Francois Affolter,Défenseur,FC Luzern,23,70,62,-8,0,-8.0,75.0
2014/2015,Laglais Xavier Kouassi,Milieu,FC Sion,25,62,63,1,-2,0.0,88.9
2014/2015,Leo Itaperuna,Attaquant,FC Sion,25,72,68,-4,2,-4.0,16.7
2014/2015,Philippe Koch,Défenseur,FC Zürich,23,66,64,-2,0,-2.0,75.0
2014/2015,Marco Schoenbaechler,Milieu,FC Zürich,24,67,71,4,3,4.0,52.8
2014/2015,Davide Chiumiento,Attaquant,FC Zürich,30,72,71,-1,7,-1.0,75.0
2014/2015,Enrico Schirinzi,Défenseur,FC Thun,30,58,58,0,0,-1.0,33.3
2014/2015,Frano Mlinar,Milieu,FC Aarau,22,63,61,-2,,-3.0,33.3
2014/2015,Oliver Bozanic,Milieu,FC Luzern,25,66,65,-1,4,-1.0,58.3
2014/2015,Guillaume Hoarau,Attaquant,BSC Young Boys,30,72,73,1,-3,1.0,61.1
2014/2015,Moritz Bauer,Défenseur,Grasshopper Club Zürich,22,57,58,1,2,0.0,22.2
2014/2015,Petar Sliskovic,Attaquant,FC Aarau,23,64,64,0,,-1.0,27.8
2014/2015,Yanick Brecher,Gardien,FC Zürich,21,60,61,1,0,0.0,30.6
2015/2016,Leo Lacroix,Défenseur,FC Sion,23,64,66,2,-1,-1.0,55.6
2015/2016,Elsad Zverotic,Défenseur,FC Sion,29,63,67,4,0,1.0,88.9
2015/2016,Matias Emilio Delgado,Milieu,FC Basel,33,72,76,4,1,2.0,72.2
2015/2016,Andreas Wittwer,Défenseur,FC Thun,25,62,65,3,0,0.0,47.2
2015/2016,Yannis Tafer,Milieu,FC St. Gallen,24,65,67,2,0,0.0,36.1
2015/2016,Burim Kukeli,Milieu,FC Zürich,31,63,61,-2,-1,-5.0,52.8
2015/2016,Milan Vilotic,Défenseur,BSC Young Boys,29,70,71,1,-1,-1.0,63.9
2015/2016,Milan Gajic,Milieu,BSC Young Boys,29,60,60,0,1,-3.0,52.8
2015/2016,Thomas Fekete,Défenseur,FC Vaduz,20,53,53,0,,-3.0,5.6
2015/2016,Albion Avdijaj,Attaquant,FC Vaduz,21,54,54,0,,-3.0,38.9
2015/2016,Fulvio Sulmoni,Défenseur,FC Thun,29,56,57,1,1,-2.0,66.7
2015/2016,Yuya Kubo,Attaquant,BSC Young Boys,22,69,70,1,0,-1.0,63.9
2015/2016,Jean-Paul Boetius,Milieu,FC Basel,21,73,75,2,-2,0.0,16.7
2015/2016,Sekou Junior Sanogo,Milieu,BSC Young Boys,26,67,69,2,1,0.0,19.4
2015/2016,Philippe Senderos,Défenseur,Grasshopper Club Zürich,30,72,71,-1,1,-3.0,38.9
2015/2016,Mario Leitgeb,Milieu,FC St. Gallen,27,61,63,2,,-1.0,22.2
2015/2016,Kevin Bigler,Défenseur,FC Thun,23,54,57,3,0,0.0,38.9
2014/2015,Alvaro Gimenez,Attaquant,Elche CF,23,65,67,2,,2.0,5.3
2014/2015,Pau Sabata,Gardien,RCD Espanyol,20,57,63,6,,5.0,2.6
2014/2015,Sergio Rico,Gardien,Sevilla FC,21,58,73,15,,14.0,50.0
2014/2015,Tono,Défenseur,Levante UD,25,63,71,8,,7.0,52.6
2014/2015,Rene Krhin,Milieu,Córdoba CF,24,72,70,-2,2,-2.0,36.8
2014/2015,Adrian Colunga,Milieu,Granada CF,30,74,71,-3,0,-3.0,7.9
2015/2016,Izet Hajrovic,Milieu,SD Eibar,24,73,74,1,-2,-1.0,5.3
2012/2013,Willian Rocha,Défenseur,Grasshopper Club Zürich,23,68,66,-2,,-2.0,5.6
2012/2013,Max Veloso,Milieu,FC Sion,20,55,55,0,,-2.0,8.3
2012/2013,Babatunde Luqmon Adekunle,Milieu,FC Luzern,28,52,52,0,,-2.0,5.6
2012/2013,David Moser,Gardien,FC Thun,23,55,54,-1,,-3.0,2.8
2015/2016,Nicolas Hasler,Milieu,FC Vaduz,24,56,57,1,,-2.0,13.9
2012/2013,Gertjan De Mets,Milieu,KV Kortrijk,25,65,68,3,,3.0,83.3
2012/2013,Elimane Coulibaly,Attaquant,Beerschot AC,32,68,67,-1,,-1.0,36.7
2012/2013,Pieterjan Monteyne,Défenseur,RAEC Mons,29,64,64,0,,-2.0,96.7
2012/2013,Dugary Ndabashinze,Milieu,Waasland-Beveren,23,66,64,-2,,-2.0,16.7
2012/2013,Cesar Arzo,Défenseur,KAA Gent,26,74,68,-6,,-6.0,80.0
2012/2013,Miguel Dachelet,Défenseur,Lierse SK,24,62,64,2,,0.0,63.3
2012/2013,Dolly Menga,Attaquant,Lierse SK,19,59,68,9,,7.0,60.0
2012/2013,Hans Cornelis,Défenseur,KSV Cercle Brugge,30,67,66,-1,,-1.0,70.0
2012/2013,Bernt Evens,Défenseur,KSV Cercle Brugge,34,65,63,-2,,-2.0,93.3
2012/2013,Carl Hoefkens,Défenseur,Club Brugge KV,34,71,69,-2,,-2.0,70.0
2012/2013,Kalidou Koulibaly,Défenseur,KRC Genk,21,63,70,7,,5.0,83.3
2012/2013,Jo Coppens,Gardien,KSV Cercle Brugge,22,63,63,0,,-2.0,30.0
2012/2013,Karel van Roose,Milieu,KSV Cercle Brugge,22,58,64,6,,4.0,36.7
2012/2013,Rachid Farssi,Milieu,Waasland-Beveren,27,65,65,0,,0.0,66.7
2012/2013,Massimo Bruno,Milieu,RSC Anderlecht,19,55,71,16,,14.0,66.7
2012/2013,Dennis Praet,Milieu,RSC Anderlecht,18,64,72,8,,6.0,60.0
2012/2013,Dor Malul,Milieu,Beerschot AC,23,62,63,1,,-1.0,13.3
2012/2013,Hussein Yasser,Milieu,Lierse SK,30,64,64,0,,-2.0,43.3
2012/2013,Jesper Joergensen,Milieu,Club Brugge KV,28,69,69,0,,0.0,36.7
2012/2013,Guillermo Molins,Attaquant,RSC Anderlecht,24,72,69,-3,,-3.0,3.3
2012/2013,Anthony van Loo,Défenseur,KV Mechelen,24,65,64,-1,,-1.0,46.7
2012/2013,Bjorn Ruytinx,Attaquant,Oud-Heverlee Leuven,32,61,62,1,,-1.0,3.3
2012/2013,Stijn Wuytens,Milieu,Beerschot AC,23,66,66,0,,0.0,46.7
2012/2013,Karim Saidi,Défenseur,Lierse SK,29,68,66,-2,,-2.0,50.0
2012/2013,Jeremy Serwy,Attaquant,SV Zulte-Waregem,21,62,63,1,,-1.0,3.3
2012/2013,Raul Bravo,Défenseur,Beerschot AC,31,66,65,-1,,-1.0,23.3
2012/2013,Dylan De Belder,Milieu,RAEC Mons,20,53,58,5,,3.0,3.3
2012/2013,Thomas Guimaraes Azevedo,Attaquant,Oud-Heverlee Leuven,21,60,66,6,,4.0,16.7
2012/2013,Gregory Mertens,Défenseur,KSV Cercle Brugge,21,64,65,1,,-1.0,36.7
2012/2013,Frank Boeckx,Gardien,KAA Gent,26,67,68,1,,1.0,26.7
2012/2013,Wouter Biebauw,Gardien,KV Mechelen,28,64,64,0,,-2.0,6.7
2012/2013,Roland Juhasz,Défenseur,RSC Anderlecht,29,74,72,-2,,-2.0,3.3
2013/2014,Robin Henkens,Milieu,Waasland-Beveren,25,66,66,0,6,0.0,50.0
2013/2014,Milos Maric,Milieu,Waasland-Beveren,31,68,66,-2,-2,-2.0,83.3
2013/2014,Nathan Goris,Gardien,Lierse SK,23,59,60,1,,0.0,16.7
2013/2014,Jimmy De Jonghe,Défenseur,Lierse SK,21,63,63,0,4,-1.0,100.0
2013/2014,Renato Neto,Milieu,KAA Gent,22,68,65,-3,-2,-3.0,83.3
2013/2014,Christophe Lepoint,Milieu,KAA Gent,29,69,67,-2,,-2.0,33.3
2013/2014,Fede Vico,Milieu,KV Oostende,19,67,66,-1,,-1.0,50.0
2013/2014,Thomas Foket,Milieu,KV Oostende,19,62,64,2,,1.0,100.0
2013/2014,Ervin Zukanovic,Défenseur,KAA Gent,26,70,70,0,,0.0,66.7
2013/2014,Karim Belhocine,Défenseur,Waasland-Beveren,35,64,63,-1,-2,-2.0,16.7
2013/2014,Enar Jaeaeger,Défenseur,Lierse SK,29,63,64,1,,0.0,33.3
2013/2014,Thomas Wils,Milieu,Lierse SK,23,66,66,0,4,0.0,16.7
2014/2015,Imoh Ezekiel,Attaquant,Standard de Liège,21,73,74,1,,1.0,20.0
2014/2015,Sebastien Dewaest,Défenseur,Sporting Charleroi,23,64,69,5,,4.0,96.7
2014/2015,Jorn Vermeulen,Défenseur,Waasland-Beveren,27,63,63,0,,-1.0,16.7
2014/2015,Siebe Blondelle,Défenseur,Waasland-Beveren,28,65,64,-1,2,-1.0,46.7
2014/2015,Oscar Duarte,Défenseur,Club Brugge KV,25,69,72,3,,3.0,86.7
2014/2015,Waldemar Sobota,Milieu,Club Brugge KV,27,71,70,-1,2,-1.0,23.3
2014/2015,Nikola Storm,Milieu,Club Brugge KV,20,58,68,10,,9.0,30.0
2014/2015,Matz Sels,Gardien,KAA Gent,22,69,70,1,4,1.0,100.0
2014/2015,Brecht Dejaeghere,Milieu,KAA Gent,23,68,71,3,0,3.0,73.3
2014/2015,Wanderson,Milieu,Lierse SK,20,63,63,0,4,-1.0,46.7
2014/2015,Jimmy Hempte,Défenseur,KV Oostende,32,63,62,-1,-1,-2.0,3.3
2014/2015,Glenn Claes,Milieu,KV Mechelen,20,57,65,8,,7.0,63.3
2014/2015,Steeven Langil,Attaquant,Royal Excel Mouscron,26,66,68,2,2,2.0,53.3
2014/2015,Adrien Trebel,Milieu,Standard de Liège,23,69,70,1,3,1.0,66.7
2014/2015,Matias Suarez,Attaquant,RSC Anderlecht,26,78,75,-3,,-3.0,20.0
2014/2015,Tristan Dingome,Milieu,Royal Excel Mouscron,23,63,67,4,,3.0,76.7
2014/2015,Arjan Swinkels,Défenseur,Lierse SK,30,67,67,0,3,0.0,43.3
2014/2015,Lasse Nielsen,Défenseur,KAA Gent,26,64,68,4,0,3.0,56.7
2014/2015,Julien De Sart,Milieu,Standard de Liège,20,68,69,1,,1.0,40.0
2014/2015,Richard Sukuta-Pasu,Milieu,KSV Cercle Brugge,24,68,65,-3,,-3.0,53.3
2014/2015,Jessy Galvez Lopez,Milieu,Sporting Charleroi,19,62,62,0,,-1.0,23.3
2014/2015,David Addy,Défenseur,Waasland-Beveren,24,67,65,-2,0,-2.0,70.0
2014/2015,Davy Roef,Gardien,RSC Anderlecht,20,63,68,5,,4.0,3.3
2014/2015,Niels Coussement,Défenseur,KV Oostende,23,59,60,1,,0.0,20.0
2014/2015,Deni Milosevic,Attaquant,Standard de Liège,19,57,57,0,,-1.0,3.3
2014/2015,Joan Capdevila,Défenseur,Lierse SK,36,69,69,0,0,0.0,13.3
2014/2015,Cyriel Dessers,Attaquant,Sporting Lokeren,20,59,63,4,,3.0,6.7
2015/2016,Timmy Simons,Milieu,Club Brugge KV,39,72,73,1,-1,-1.0,76.7
2015/2016,Tom De Sutter,Attaquant,Club Brugge KV,30,74,71,-3,1,-5.0,3.3
2015/2016,Abdoulaye Diaby,Attaquant,Club Brugge KV,24,70,73,3,,1.0,56.7
2015/2016,Zarko Tomasevic,Défenseur,KV Kortrijk,25,66,70,4,-1,2.0,86.7
2015/2016,Faysel Kasmi,Attaquant,Standard de Liège,20,64,66,2,5,-1.0,10.0
2015/2016,Anthony Knockaert,Milieu,Standard de Liège,24,70,73,3,-1,1.0,63.3
2015/2016,Timothy Castagne,Défenseur,KRC Genk,20,69,69,0,10,-2.0,46.7
2015/2016,Ibrahima Cisse,Milieu,KV Mechelen,21,67,68,1,1,-1.0,46.7
2015/2016,Mijat Maric,Défenseur,Sporting Lokeren,31,70,70,0,0,-2.0,80.0
2015/2016,Ayanda Patosi,Milieu,Sporting Lokeren,23,70,72,2,1,0.0,80.0
2015/2016,Nikola Petkovic,Défenseur,KVC Westerlo,29,67,68,1,,-1.0,46.7
2015/2016,Nana Asare,Défenseur,KAA Gent,29,71,73,2,3,0.0,90.0
2015/2016,Francisco Javier Martos,Défenseur,Sporting Charleroi,31,68,70,2,2,0.0,90.0
2015/2016,Francis N'Ganga,Défenseur,Sporting Charleroi,30,65,70,5,-1,3.0,86.7
2015/2016,Corentin Kocur,Milieu,Royal Excel Mouscron,20,54,54,0,,-3.0,10.0
2015/2016,Filip Markovic,Attaquant,Royal Excel Mouscron,23,63,65,2,,-1.0,56.7
2015/2016,Edin Cocalic,Défenseur,KV Mechelen,28,67,69,2,,0.0,63.3
2015/2016,Thomas Meunier,Défenseur,Club Brugge KV,24,73,75,2,1,0.0,70.0
2015/2016,Franck Berrier,Milieu,KV Oostende,31,70,72,2,-2,0.0,56.7
2015/2016,Beshart Abdurahimi,Attaquant,Sporting Lokeren,25,68,66,-2,,-4.0,10.0
2015/2016,Koen Persoons,Milieu,Sporting Lokeren,32,70,69,-1,0,-3.0,43.3
2015/2016,Vagner,Gardien,Royal Excel Mouscron,29,73,72,-1,1,-3.0,80.0
2015/2016,Nikola Gulan,Défenseur,Royal Excel Mouscron,26,67,67,0,,-2.0,43.3
2015/2016,Mustapha Oussalah,Défenseur,Royal Excel Mouscron,33,66,66,0,-1,-2.0,60.0
2015/2016,Jordi Vanlerberghe,Défenseur,KV Mechelen,19,58,64,6,-1,3.0,16.7
2015/2016,Livio Nabab,Milieu,Waasland-Beveren,27,67,65,-2,,-4.0,6.7
2015/2016,Bram Nuytinck,Défenseur,RSC Anderlecht,25,72,72,0,0,-2.0,10.0
2015/2016,Kristof D'Haene,Milieu,KV Kortrijk,25,65,65,0,1,-2.0,30.0
2015/2016,May Mahlangu,Milieu,Sint-Truidense VV,26,70,71,1,,-1.0,43.3
2015/2016,Zakaria M'Sila,Milieu,Waasland-Beveren,23,61,60,-1,,-4.0,13.3
2015/2016,Lior Rafaelov,Attaquant,Club Brugge KV,29,74,77,3,2,1.0,23.3
2015/2016,Tornike Okriashvili,Attaquant,KRC Genk,23,69,70,1,,-1.0,10.0
2015/2016,Kanu,Défenseur,Oud-Heverlee Leuven,31,72,71,-1,0,-3.0,23.3
2015/2016,Fejsal Mulic,Milieu,Royal Excel Mouscron,21,57,58,1,,-2.0,3.3
2012/2013,Thomas Vermaelen,Défenseur,Arsenal,27,82,81,-1,,-1.0,65.8
2012/2013,Kieran Gibbs,Défenseur,Arsenal,23,75,78,3,,3.0,60.5
2012/2013,Gervinho,Milieu,Arsenal,25,82,80,-2,,-2.0,31.6
2012/2013,Phil Jagielka,Défenseur,Everton,30,80,80,0,,0.0,94.7
2012/2013,Sascha Riether,Défenseur,Fulham,29,76,76,0,,0.0,92.1
2012/2013,Mladen Petric,Attaquant,Fulham,31,81,79,-2,,-2.0,23.7
2012/2013,Ryan Bennett,Défenseur,Norwich City,22,67,68,1,,1.0,26.3
2012/2013,Vincent Kompany,Défenseur,Manchester City,26,85,86,1,,1.0,68.4
2012/2013,Gael Clichy,Défenseur,Manchester City,27,80,81,1,,1.0,68.4
2012/2013,Yaya Toure,Milieu,Manchester City,29,85,86,1,,1.0,84.2
2012/2013,Daniel Fox,Défenseur,Southampton,26,68,69,1,,1.0,36.8
2012/2013,Morgan Schneiderlin,Milieu,Southampton,23,67,76,9,,9.0,94.7
2012/2013,Danny Simpson,Défenseur,Newcastle United,25,75,75,0,,0.0,47.4
2012/2013,Kyle Walker,Défenseur,Tottenham Hotspur,22,78,79,1,,1.0,94.7
2012/2013,Younes Kaboul,Défenseur,Tottenham Hotspur,26,80,80,0,,0.0,2.6
2012/2013,Jonathan De Guzman,Milieu,Swansea City,25,77,75,-2,,-2.0,86.8
2012/2013,Robert Huth,Défenseur,Stoke City,28,76,77,1,,1.0,92.1
2012/2013,Claudio Yacob,Milieu,West Bromwich Albion,25,77,78,1,,1.0,76.3
2012/2013,Youssuf Mulumbu,Milieu,West Bromwich Albion,25,74,75,1,,1.0,73.7
2012/2013,Zoltan Gera,Milieu,West Bromwich Albion,33,75,74,-1,,-1.0,36.8
2012/2013,Daniel Agger,Défenseur,Liverpool,28,83,83,0,,0.0,92.1
2012/2013,Glen Johnson,Défenseur,Liverpool,28,80,79,-1,,-1.0,94.7
2012/2013,Luis Suarez,Attaquant,Liverpool,25,86,86,0,,0.0,86.8
2012/2013,Fabio Borini,Attaquant,Liverpool,21,75,75,0,,0.0,13.2
2012/2013,Shay Given,Gardien,Aston Villa,36,82,77,-5,,-5.0,5.3
2012/2013,Nathan Baker,Défenseur,Aston Villa,21,66,71,5,,5.0,65.8
2012/2013,Antolin Alcaraz,Défenseur,Wigan Athletic,30,73,74,1,,1.0,21.1
2012/2013,John Terry,Défenseur,Chelsea,32,85,83,-2,,-2.0,28.9
2012/2013,Steven Nzonzi,Milieu,Stoke City,24,77,77,0,,0.0,92.1
2012/2013,Ryan Nelsen,Défenseur,Queens Park Rangers,35,75,74,-1,,-1.0,55.3
2012/2013,Gerhard Tremmel,Gardien,Swansea City,34,72,73,1,,1.0,31.6
2012/2013,Garry Monk,Défenseur,Swansea City,33,70,68,-2,,-2.0,26.3
2012/2013,Pablo Hernandez,Milieu,Swansea City,27,76,76,0,,0.0,71.1
2012/2013,Steven Caulker,Défenseur,Tottenham Hotspur,21,70,75,5,,5.0,44.7
2012/2013,Francis Coquelin,Milieu,Arsenal,21,71,73,2,,2.0,7.9
2012/2013,Georgios Karagounis,Milieu,Fulham,35,76,70,-6,,-6.0,52.6
2012/2013,Itay Shechter,Attaquant,Swansea City,25,74,71,-3,,-3.0,18.4
2012/2013,Anders Lindegaard,Gardien,Manchester United,28,78,78,0,,0.0,26.3
2012/2013,Thomas Hitzlsperger,Milieu,Everton,30,74,73,-1,,-1.0,10.5
2012/2013,Gary O'Neil,Milieu,West Ham United,29,73,67,-6,,-6.0,44.7
2012/2013,Jordan Henderson,Milieu,Liverpool,22,77,74,-3,,-3.0,42.1
2012/2013,Matthew Kilgallon,Défenseur,Sunderland,28,70,70,0,,0.0,15.8
2012/2013,Gael Bigirimana,Milieu,Newcastle United,19,60,63,3,,1.0,7.9
2012/2013,Bobby Zamora,Attaquant,Queens Park Rangers,31,79,76,-3,,-3.0,42.1
2012/2013,Cameron Jerome,Attaquant,Stoke City,26,73,73,0,,0.0,21.1
2012/2013,Harry Kane,Attaquant,Norwich City,19,66,67,1,,1.0,2.6
2012/2013,David Vaughan,Milieu,Sunderland,29,77,73,-4,,-4.0,15.8
2012/2013,Marouane Chamakh,Attaquant,West Ham United,28,77,76,-1,,-1.0,5.3
2012/2013,Andros Townsend,Milieu,Queens Park Rangers,21,69,71,2,,2.0,31.6
2012/2013,Micah Richards,Défenseur,Manchester City,24,80,79,-1,,-1.0,18.4
2013/2014,James Chester,Défenseur,Hull City,24,70,70,0,,0.0,57.9
2013/2014,Robert Brady,Milieu,Hull City,21,69,72,3,,3.0,28.9
2013/2014,Joel Ward,Défenseur,Crystal Palace,24,67,74,7,,7.0,94.7
2013/2014,Kagisho Dikgacoi,Milieu,Crystal Palace,29,67,68,1,,1.0,65.8
2013/2014,Aaron Lennon,Milieu,Tottenham Hotspur,26,80,79,-1,-1,-1.0,68.4
2013/2014,Lucas Leiva,Milieu,Liverpool,26,81,80,-1,1,-1.0,52.6
2013/2014,Philippe Coutinho,Milieu,Liverpool,21,78,81,3,,3.0,73.7
2013/2014,Fernandinho,Milieu,Manchester City,28,81,82,1,,1.0,76.3
2013/2014,Papiss Cisse,Attaquant,Newcastle United,28,81,76,-5,0,-5.0,39.5
2013/2014,Michael Turner,Défenseur,Norwich City,30,73,74,1,-1,1.0,57.9
2013/2014,Seamus Coleman,Défenseur,Everton,25,72,76,4,-4,4.0,94.7
2013/2014,Kevin Mirallas,Milieu,Everton,26,80,81,1,4,1.0,73.7
2013/2014,Ashley Williams,Défenseur,Swansea City,29,78,79,1,4,1.0,89.5
2013/2014,Nathan Dyer,Milieu,Swansea City,26,75,75,0,0,0.0,50.0
2013/2014,Rio Ferdinand,Défenseur,Manchester United,35,83,79,-4,-1,-4.0,31.6
2013/2014,Michael Carrick,Milieu,Manchester United,32,82,80,-2,1,-2.0,68.4
2013/2014,Robin van Persie,Attaquant,Manchester United,30,89,89,0,1,0.0,47.4
2013/2014,Calum Chambers,Défenseur,Southampton,18,60,69,9,,8.0,47.4
2013/2014,Fraizer Campbell,Attaquant,Cardiff City,26,73,72,-1,1,-1.0,84.2
2013/2014,Jordon Mutch,Milieu,Cardiff City,22,70,71,1,,1.0,68.4
2013/2014,Ashkan Dejagah,Milieu,Fulham,27,75,74,-1,,-1.0,34.2
2013/2014,Jonny Evans,Défenseur,Manchester United,25,79,79,0,3,0.0,44.7
2013/2014,George Boyd,Milieu,Hull City,28,70,68,-2,,-2.0,23.7
2013/2014,Matija Nastasic,Défenseur,Manchester City,20,77,77,0,,0.0,28.9
2013/2014,Jerome Thomas,Milieu,Crystal Palace,30,73,71,-2,0,-2.0,7.9
2013/2014,Adlene Guedioura,Milieu,Crystal Palace,28,71,69,-2,,-2.0,10.5
2013/2014,Leandro Bacuna,Défenseur,Aston Villa,22,69,66,-3,-3,-3.0,73.7
2013/2014,Willian,Milieu,Chelsea,25,82,83,1,,1.0,47.4
2013/2014,Samuel Eto'o,Attaquant,Chelsea,32,84,82,-2,,-2.0,42.1
2013/2014,Erik Lamela,Milieu,Tottenham Hotspur,21,82,80,-2,6,-2.0,7.9
2013/2014,Charlie Adam,Milieu,Stoke City,28,75,73,-2,-5,-2.0,52.6
2013/2014,John Obi Mikel,Milieu,Chelsea,26,79,79,0,-1,0.0,28.9
2013/2014,Marc Muniesa,Défenseur,Stoke City,21,68,67,-1,,-1.0,18.4
2013/2014,Oussama Assaidi,Milieu,Stoke City,25,76,74,-2,-1,-2.0,31.6
2013/2014,George McCartney,Défenseur,West Ham United,32,70,70,0,2,0.0,52.6
2013/2014,Adrian Mariappa,Défenseur,Crystal Palace,27,72,70,-2,-1,-2.0,60.5
2013/2014,Joel Robles,Gardien,Everton,23,73,70,-3,2,-3.0,2.6
2013/2014,Roger Johnson,Défenseur,West Ham United,30,72,71,-1,,-1.0,5.3
2013/2014,Nabil Bentaleb,Milieu,Tottenham Hotspur,19,61,68,7,,6.0,28.9
2013/2014,Andre Wisdom,Défenseur,Liverpool,20,69,69,0,13,0.0,2.6
2013/2014,Abdoulaye Faye,Défenseur,Hull City,35,70,67,-3,,-3.0,7.9
2014/2015,Yannick Bolasie,Milieu,Crystal Palace,25,72,75,3,0,3.0,81.6
2014/2015,Michael Duff,Défenseur,Burnley,36,65,68,3,,3.0,55.3
2014/2015,Scott Arfield,Milieu,Burnley,26,68,70,2,,2.0,94.7
2014/2015,Matthew Taylor,Milieu,Burnley,33,68,70,2,-3,2.0,18.4
2014/2015,Thibaut Courtois,Gardien,Chelsea,22,84,86,2,1,2.0,84.2
2014/2015,Oscar,Milieu,Chelsea,23,84,84,0,2,0.0,68.4
2014/2015,Diego Costa,Attaquant,Chelsea,26,84,85,1,3,1.0,63.2
2014/2015,Wes Morgan,Défenseur,Leicester City,30,71,71,0,,0.0,97.4
2014/2015,Paul Konchesky,Défenseur,Leicester City,33,69,68,-1,,-1.0,68.4
2014/2015,Gareth Barry,Milieu,Everton,33,80,79,-1,0,-1.0,86.8
2014/2015,Romelu Lukaku,Attaquant,Everton,21,80,80,0,3,0.0,84.2
2014/2015,Daniel Sturridge,Attaquant,Liverpool,25,83,83,0,3,0.0,18.4
2014/2015,Steven Davis,Milieu,Southampton,29,75,76,1,2,1.0,84.2
2014/2015,Angel Rangel,Défenseur,Swansea City,32,76,75,-1,0,-1.0,57.9
2014/2015,Wayne Routledge,Milieu,Swansea City,29,75,75,0,1,0.0,71.1
2014/2015,Mike Williamson,Défenseur,Newcastle United,31,75,73,-2,1,-2.0,71.1
2014/2015,Vurnon Anita,Milieu,Newcastle United,25,75,74,-1,1,-1.0,44.7
2014/2015,Richard Dunne,Défenseur,Queens Park Rangers,35,75,75,0,,0.0,57.9
2014/2015,Alejandro Faurlin,Milieu,Queens Park Rangers,28,74,74,0,,0.0,2.6
2014/2015,Charlie Austin,Attaquant,Queens Park Rangers,25,73,77,4,,4.0,92.1
2014/2015,Allan McGregor,Gardien,Hull City,32,74,73,-1,0,-1.0,68.4
2014/2015,Ahmed El Mohamady,Milieu,Hull City,27,72,72,0,0,0.0,100.0
2014/2015,Jake Livermore,Milieu,Hull City,25,74,73,-1,0,-1.0,92.1
2014/2015,Tom Huddlestone,Milieu,Hull City,28,77,75,-2,0,-2.0,78.9
2014/2015,Marc Wilson,Défenseur,Stoke City,27,71,72,1,-3,1.0,65.8
2014/2015,Glenn Whelan,Milieu,Stoke City,30,73,75,2,0,2.0,68.4
2014/2015,Andreas Weimann,Attaquant,Aston Villa,23,73,73,0,1,0.0,52.6
2014/2015,Chris Brunt,Milieu,West Bromwich Albion,30,74,73,-1,-1,-1.0,86.8
2014/2015,Kevin Nolan,Milieu,West Ham United,32,70,70,0,0,0.0,50.0
2014/2015,Hugo Lloris,Gardien,Tottenham Hotspur,28,84,85,1,-1,1.0,92.1
2014/2015,Matthew Lowton,Défenseur,Aston Villa,25,74,73,-1,1,-1.0,21.1
2014/2015,Carlos Sanchez,Milieu,Aston Villa,28,74,76,2,0,2.0,52.6
2014/2015,Roberto Soldado,Attaquant,Tottenham Hotspur,29,82,79,-3,-2,-3.0,18.4
2014/2015,Karl Henry,Milieu,Queens Park Rangers,32,67,68,1,,1.0,71.1
2014/2015,Eldin Jakupovic,Gardien,Hull City,30,67,67,0,1,0.0,5.3
2014/2015,Esteban Cambiasso,Milieu,Leicester City,34,78,78,0,-1,0.0,71.1
2014/2015,James Milner,Milieu,Manchester City,28,80,79,-1,-1,-1.0,47.4
2014/2015,Antonio Valencia,Défenseur,Manchester United,29,81,80,-1,-2,-1.0,76.3
2014/2015,Marcos Rojo,Défenseur,Manchester United,24,77,79,2,3,2.0,52.6
2014/2015,Adnan Januzaj,Milieu,Manchester United,19,73,75,2,12,2.0,18.4
2014/2015,Steven Taylor,Défenseur,Newcastle United,28,75,75,0,-1,0.0,18.4
2014/2015,Jonathan Walters,Milieu,Stoke City,31,70,70,0,-3,0.0,73.7
2014/2015,Bacary Sagna,Défenseur,Manchester City,31,80,79,-1,0,-1.0,21.1
2014/2015,Kyle Bartley,Défenseur,Swansea City,23,65,67,2,-3,2.0,18.4
2014/2015,James Tomkins,Défenseur,West Ham United,25,73,73,0,0,0.0,52.6
2014/2015,Moussa Dembele,Milieu,Tottenham Hotspur,27,80,79,-1,-1,-1.0,26.3
2014/2015,Joe Cole,Attaquant,Aston Villa,33,75,73,-2,-2,-2.0,7.9
2014/2015,Olivier Giroud,Attaquant,Arsenal,28,79,80,1,-1,1.0,55.3
2014/2015,Robert Elliot,Gardien,Newcastle United,28,68,68,0,2,0.0,7.9
2014/2015,James Wilson,Attaquant,Manchester United,19,58,66,8,,7.0,5.3
2014/2015,Didier Drogba,Attaquant,Chelsea,36,84,81,-3,,-3.0,21.1
2014/2015,Dedryck Boyata,Défenseur,Manchester City,24,68,67,-1,-2,-1.0,2.6
2014/2015,Hector Bellerin,Défenseur,Arsenal,19,58,68,10,,9.0,44.7
2014/2015,Petr Cech,Gardien,Chelsea,32,85,85,0,1,0.0,15.8
2014/2015,David Ospina,Gardien,Arsenal,26,76,77,1,-2,1.0,47.4
2014/2015,Christian Atsu,Milieu,Everton,22,75,76,1,-1,1.0,2.6
2015/2016,Winston Reid,Défenseur,West Ham United,27,75,80,5,0,4.0,63.2
2015/2016,Ciaran Clark,Défenseur,Aston Villa,26,74,76,2,1,0.0,42.1
2015/2016,Jordan Veretout,Milieu,Aston Villa,22,76,76,0,5,-1.0,55.3
2015/2016,Branislav Ivanovic,Défenseur,Chelsea,31,81,80,-1,0,-2.0,86.8
2015/2016,Gary Cahill,Défenseur,Chelsea,30,81,82,1,1,0.0,55.3
2015/2016,Nemanja Matic,Milieu,Chelsea,27,83,83,0,2,-1.0,73.7
2015/2016,Cesc Fabregas,Milieu,Chelsea,28,85,86,1,-1,0.0,86.8
2015/2016,Andre Ayew,Milieu,Swansea City,26,79,79,0,1,-1.0,89.5
2015/2016,Brendon Galloway,Défenseur,Everton,19,60,66,6,12,3.0,36.8
2015/2016,Ross Barkley,Milieu,Everton,22,78,80,2,1,1.0,94.7
2015/2016,Ikechi Anya,Milieu,Watford,27,61,69,8,,5.0,44.7
2015/2016,Marc Albrighton,Milieu,Leicester City,26,71,75,4,0,2.0,89.5
2015/2016,Sebastian Larsson,Milieu,Sunderland,30,72,74,2,0,0.0,15.8
2015/2016,Chris Smalling,Défenseur,Manchester United,26,78,83,5,2,4.0,92.1
2015/2016,Jan Vertonghen,Défenseur,Tottenham Hotspur,28,82,82,0,0,-1.0,76.3
2015/2016,Christian Eriksen,Milieu,Tottenham Hotspur,23,82,83,1,-2,0.0,86.8
2015/2016,Daryl Janmaat,Défenseur,Newcastle United,26,76,77,1,1,0.0,84.2
2015/2016,Alex McCarthy,Gardien,Crystal Palace,26,75,75,0,0,-1.0,18.4
2015/2016,Scott Dann,Défenseur,Crystal Palace,28,76,78,2,5,1.0,92.1
2015/2016,Geoff Cameron,Défenseur,Stoke City,30,74,76,2,2,0.0,71.1
2015/2016,Joseph Gomez,Défenseur,Liverpool,18,57,68,11,,8.0,13.2
2015/2016,Jesus Navas,Milieu,Manchester City,30,81,80,-1,-2,-2.0,63.2
2015/2016,Gerard Deulofeu,Milieu,Everton,21,76,80,4,0,3.0,42.1
2015/2016,Danny Rose,Défenseur,Tottenham Hotspur,25,74,78,4,1,2.0,63.2
2015/2016,Mamadou Sakho,Défenseur,Liverpool,25,80,81,1,-1,0.0,55.3
2015/2016,Ryan Bertrand,Défenseur,Southampton,26,75,78,3,1,2.0,84.2
2015/2016,David De Gea,Gardien,Manchester United,25,86,87,1,3,0.0,89.5
2015/2016,Phil Jones,Défenseur,Manchester United,23,78,80,2,-1,1.0,15.8
2015/2016,James Collins,Défenseur,West Ham United,32,74,75,1,0,-1.0,42.1
2015/2016,Arouna Kone,Milieu,Everton,32,76,77,1,-1,0.0,42.1
2015/2016,Wes Brown,Défenseur,Sunderland,36,74,73,-1,-1,-3.0,15.8
2015/2016,Jose Leonardo Ulloa,Attaquant,Leicester City,29,73,73,0,1,-2.0,18.4
2015/2016,Martin Demichelis,Défenseur,Manchester City,35,79,78,-1,0,-2.0,26.3
2015/2016,Pedro Mba Obiang,Milieu,West Ham United,23,73,74,1,-1,-1.0,28.9
2015/2016,Joe Allen,Milieu,Liverpool,25,76,76,0,-1,-1.0,21.1
2015/2016,Daniel Graham,Attaquant,Sunderland,30,70,70,0,-1,-2.0,10.5
2015/2016,Cuco Martina,Défenseur,Southampton,26,68,69,1,0,-1.0,28.9
2015/2016,Victor Anichebe,Attaquant,West Bromwich Albion,27,72,73,1,0,-1.0,7.9
2015/2016,Chung-Yong Lee,Milieu,Crystal Palace,27,72,72,0,-2,-2.0,10.5
2015/2016,Pablo Zabaleta,Défenseur,Manchester City,30,83,82,-1,1,-2.0,31.6
2015/2016,Peter Crouch,Attaquant,Stoke City,34,76,75,-1,0,-2.0,10.5
2015/2016,Leroy Fer,Milieu,Swansea City,25,76,75,-1,0,-2.0,23.7
2015/2016,Tyias Browning,Défenseur,Everton,21,63,66,3,,0.0,7.9
2015/2016,Uros Vitas,Défenseur,KV Mechelen,23,63,66,3,,0.0,16.7
2015/2016,Stephane Badji,Milieu,RSC Anderlecht,25,67,70,3,,1.0,20.0
2015/2016,Jere Uronen,Défenseur,KRC Genk,21,64,67,3,,0.0,3.3
2015/2016,Hannes van der Bruggen,Milieu,KAA Gent,22,68,70,2,3,0.0,3.3
2012/2013,Lee Camp,Gardien,Norwich City,28,73,69,-4,,-4.0,2.6
2012/2013,Michael Harriman,Défenseur,Queens Park Rangers,20,55,55,0,,-2.0,2.6
2013/2014,Thomas Ince,Milieu,Crystal Palace,21,74,72,-2,,-2.0,13.2
2013/2014,Muamer Tankovic,Attaquant,Fulham,18,63,64,1,,0.0,2.6
2013/2014,Joseph Bennett,Milieu,Aston Villa,23,65,65,0,-1,0.0,7.9
2013/2014,Demba Ba,Attaquant,Chelsea,28,82,80,-2,,-2.0,13.2
2014/2015,Jermain Defoe,Attaquant,Sunderland,32,81,80,-1,-1,-1.0,44.7
2014/2015,Bryan Oviedo,Défenseur,Everton,24,68,69,1,0,1.0,5.3
2014/2015,Dame N'Doye,Attaquant,Hull City,29,80,79,-1,,-1.0,34.2
2014/2015,Victor Valdes,Gardien,Manchester United,32,83,83,0,-1,0.0,2.6
2015/2016,Julian Speroni,Gardien,Crystal Palace,36,75,76,1,1,0.0,5.3
2015/2016,Matthew Pennington,Défenseur,Everton,21,61,63,2,,-1.0,10.5
2015/2016,Samir Nasri,Milieu,Manchester City,28,84,82,-2,0,-3.0,10.5
2012/2013,Gianpaolo Bellini,Défenseur,Atalanta,32,71,71,0,,0.0,26.3
2012/2013,Davide Brivio,Défenseur,Atalanta,24,70,73,3,,3.0,39.5
2012/2013,Federico Marchetti,Gardien,Lazio,29,82,84,2,,2.0,86.8
2012/2013,Miroslav Klose,Attaquant,Lazio,34,83,84,1,,1.0,68.4
2012/2013,Dario Dainelli,Défenseur,Chievo Verona,33,76,75,-1,,-1.0,89.5
2012/2013,Gonzalo Rodriguez,Défenseur,Fiorentina,28,78,79,1,,1.0,92.1
2012/2013,Adem Ljajic,Attaquant,Fiorentina,21,75,79,4,,4.0,55.3
2012/2013,Ciro Immobile,Attaquant,Genoa,22,74,75,1,,1.0,55.3
2012/2013,Cristobal Jorquera,Attaquant,Genoa,24,74,73,-1,,-1.0,10.5
2012/2013,Francesco Pisano,Défenseur,Cagliari,26,72,73,1,,1.0,76.3
2012/2013,Leonardo Bonucci,Défenseur,Juventus,25,78,81,3,,3.0,86.8
2012/2013,Claudio Marchisio,Milieu,Juventus,26,83,85,2,,2.0,73.7
2012/2013,Riccardo Montolivo,Milieu,Milan,27,81,85,4,,4.0,81.6
2012/2013,Robinho,Attaquant,Milan,28,84,79,-5,,-5.0,28.9
2012/2013,Stephan El Shaarawy,Attaquant,Milan,20,75,82,7,,7.0,89.5
2012/2013,Gaetano Berardi,Défenseur,Sampdoria,24,67,69,2,,2.0,47.4
2012/2013,Andrea Costa,Défenseur,Sampdoria,26,68,71,3,,3.0,71.1
2012/2013,Fabrizio Miccoli,Attaquant,Palermo,33,82,81,-1,,-1.0,57.9
2012/2013,Simone Romagnoli,Défenseur,Pescara,22,66,67,1,,1.0,15.8
2012/2013,Marco Capuano,Défenseur,Pescara,21,68,72,4,,4.0,60.5
2012/2013,Maarten Stekelenburg,Gardien,Roma,30,84,79,-5,,-5.0,52.6
2012/2013,Francesco Lodi,Milieu,Catania,28,73,79,6,,6.0,86.8
2012/2013,Gianluca Pegolo,Gardien,Siena,31,67,73,6,,6.0,100.0
2012/2013,Erjon Bogdani,Attaquant,Siena,35,70,70,0,,0.0,10.5
2012/2013,Kamil Glik,Défenseur,Torino,24,71,76,5,,5.0,81.6
2012/2013,Goran Pandev,Attaquant,Napoli,29,79,80,1,,1.0,65.8
2012/2013,Massimo Paci,Défenseur,Siena,34,70,71,1,,1.0,52.6
2012/2013,Cesare Bovo,Défenseur,Genoa,29,74,72,-2,,-2.0,31.6
2012/2013,Samir Handanovic,Gardien,Inter,28,82,83,1,,1.0,92.1
2012/2013,Rodrigo Palacio,Attaquant,Inter,30,81,82,1,,1.0,52.6
2012/2013,Gianni Munari,Milieu,Sampdoria,29,73,70,-3,,-3.0,36.8
2012/2013,Gianluigi Buffon,Gardien,Juventus,34,86,87,1,,1.0,84.2
2012/2013,Paolo De Ceglie,Milieu,Juventus,26,76,72,-4,,-4.0,31.6
2012/2013,Fabio Quagliarella,Attaquant,Juventus,29,80,82,2,,2.0,34.2
2012/2013,Alberto Gilardino,Attaquant,Bologna,30,80,78,-2,,-2.0,92.1
2012/2013,Guillermo Rodriguez,Défenseur,Torino,28,72,74,2,,2.0,52.6
2012/2013,Josip Ilicic,Attaquant,Palermo,24,80,77,-3,,-3.0,76.3
2012/2013,Marco Marchionni,Milieu,Parma,32,73,74,1,,1.0,65.8
2012/2013,Nicolas Federico Spolli,Défenseur,Catania,29,77,79,2,,2.0,76.3
2012/2013,Nenad Tomovic,Défenseur,Fiorentina,25,72,77,5,,5.0,60.5
2012/2013,Federico Casarini,Milieu,Cagliari,23,73,71,-2,,-2.0,10.5
2012/2013,Giorgio Chiellini,Défenseur,Juventus,28,83,85,2,,2.0,60.5
2012/2013,Cristian Raimondi,Défenseur,Atalanta,31,66,72,6,,6.0,57.9
2012/2013,Mauro Icardi,Attaquant,Sampdoria,19,64,75,11,,9.0,63.2
2012/2013,Marco Borriello,Attaquant,Genoa,30,80,75,-5,,-5.0,68.4
2012/2013,Matteo Rubin,Milieu,Siena,25,71,71,0,,0.0,60.5
2012/2013,Birkir Bjarnason,Milieu,Pescara,24,69,70,1,,1.0,44.7
2012/2013,Angelo da Costa,Gardien,Sampdoria,29,70,70,0,,0.0,10.5
2012/2013,Neto,Gardien,Fiorentina,23,73,73,0,,0.0,15.8
2012/2013,Nicola Belmonte,Milieu,Siena,25,67,67,0,,0.0,15.8
2012/2013,Marco Donadel,Milieu,Napoli,29,75,72,-3,,-3.0,2.6
2012/2013,Cristian Pasquato,Milieu,Bologna,23,73,72,-1,,-1.0,7.9
2012/2013,Daniele Padelli,Gardien,Udinese,27,67,70,3,,3.0,18.4
2012/2013,Giuseppe Rizzo,Milieu,Pescara,21,64,65,1,,-1.0,26.3
2012/2013,Gianluca Grava,Défenseur,Napoli,35,74,71,-3,,-3.0,5.3
2012/2013,Simone Perrotta,Milieu,Roma,35,76,72,-4,,-4.0,13.2
2013/2014,Albin Ekdal,Milieu,Cagliari,24,75,74,-1,0,-1.0,52.6
2013/2014,Marco Sau,Attaquant,Cagliari,26,76,76,0,12,0.0,71.1
2013/2014,Stefan Savic,Défenseur,Fiorentina,22,75,78,3,5,3.0,81.6
2013/2014,Juan Cuadrado,Attaquant,Fiorentina,25,79,82,3,4,3.0,81.6
2013/2014,David Pizarro,Milieu,Fiorentina,34,80,76,-4,4,-4.0,63.2
2013/2014,Manuel Pasqual,Défenseur,Fiorentina,31,77,75,-2,3,-2.0,68.4
2013/2014,Mariano Julio Izco,Milieu,Catania,30,73,73,0,2,0.0,68.4
2013/2014,Domenico Maietta,Défenseur,Hellas Verona,31,66,71,5,,5.0,60.5
2013/2014,Massimo Donati,Milieu,Hellas Verona,32,72,72,0,-1,0.0,26.3
2013/2014,Kevin Constant,Défenseur,Milan,26,78,73,-5,3,-5.0,50.0
2013/2014,Ricardo Alvarez,Milieu,Inter,25,77,77,0,-1,0.0,65.8
2013/2014,Luca Antonelli,Milieu,Genoa,26,73,73,0,0,0.0,78.9
2013/2014,Antonio Candreva,Attaquant,Lazio,26,81,83,2,6,2.0,92.1
2013/2014,Roberto Pereyra,Milieu,Udinese,22,73,77,4,2,4.0,86.8
2013/2014,Leandro Greco,Milieu,Livorno,27,74,73,-1,,-1.0,76.3
2013/2014,Morgan De Sanctis,Gardien,Roma,36,80,80,0,-2,0.0,94.7
2013/2014,Pepe Reina,Gardien,Napoli,31,83,82,-1,-2,-1.0,78.9
2013/2014,Marek Hamsik,Milieu,Napoli,26,85,83,-2,1,-2.0,60.5
2013/2014,Gyorgy Garics,Milieu,Bologna,29,72,69,-3,1,-3.0,84.2
2013/2014,Panagiotis Kone,Milieu,Bologna,26,75,74,-1,1,-1.0,73.7
2013/2014,Antonio Cassano,Attaquant,Parma,31,83,81,-2,-1,-2.0,84.2
2013/2014,Perparim Hetemaj,Milieu,Chievo Verona,27,76,75,-1,1,-1.0,73.7
2013/2014,Mirko Eramo,Milieu,Sampdoria,24,64,66,2,,1.0,2.6
2013/2014,Giuseppe Vives,Milieu,Torino,33,73,75,2,5,2.0,86.8
2013/2014,Simone Missiroli,Milieu,Sassuolo,27,69,69,0,,0.0,55.3
2013/2014,Giandomenico Mesto,Défenseur,Napoli,31,74,71,-3,,-3.0,26.3
2013/2014,Ioannis Fetfatzidis,Attaquant,Genoa,23,73,75,2,,2.0,28.9
2013/2014,Shkodran Mustafi,Défenseur,Sampdoria,21,63,76,13,-5,12.0,84.2
2013/2014,Mattia De Sciglio,Défenseur,Milan,21,77,77,0,,0.0,39.5
2013/2014,Sulley Ali Muntari,Milieu,Milan,29,77,76,-1,0,-1.0,52.6
2013/2014,Kaka,Milieu,Milan,31,83,81,-2,-2,-2.0,71.1
2013/2014,Kevin Strootman,Milieu,Roma,23,80,81,1,2,1.0,60.5
2013/2014,Luca Marrone,Milieu,Sassuolo,23,72,69,-3,2,-3.0,36.8
2013/2014,Allan,Milieu,Udinese,22,75,75,0,6,0.0,78.9
2013/2014,Juan Manuel Iturbe,Attaquant,Hellas Verona,20,74,76,2,,2.0,76.3
2013/2014,Danilo Fernando Avelar,Défenseur,Cagliari,24,73,73,0,,0.0,42.1
2013/2014,Nene,Attaquant,Cagliari,30,74,72,-2,1,-2.0,28.9
2013/2014,Simone Padoin,Milieu,Juventus,29,76,73,-3,1,-3.0,21.1
2013/2014,Vlada Avramov,Gardien,Cagliari,34,68,72,4,0,4.0,57.9
2013/2014,Franco Brienza,Milieu,Atalanta,34,74,73,-1,,-1.0,21.1
2013/2014,Dejan Lazarevic,Milieu,Chievo Verona,23,71,70,-1,,-1.0,7.9
2013/2014,Renan,Milieu,Sampdoria,27,68,69,1,4,1.0,15.8
2013/2014,Alessandro Lambrughi,Milieu,Livorno,26,60,62,2,,1.0,5.3
2013/2014,Douglas Santos,Milieu,Udinese,19,73,73,0,,0.0,7.9
2013/2014,Raman Chibsah,Milieu,Sassuolo,20,63,68,5,,4.0,34.2
2013/2014,Etrit Berisha,Gardien,Lazio,24,67,71,4,,4.0,44.7
2013/2014,Nicolo Cherubin,Défenseur,Bologna,27,70,69,-1,3,-1.0,36.8
2013/2014,Paolo Castellini,Défenseur,Livorno,34,65,66,1,-3,1.0,34.2
2013/2014,Gabriele Perico,Défenseur,Cagliari,29,71,69,-2,,-2.0,34.2
2013/2014,Roberto Guana,Milieu,Chievo Verona,32,72,70,-2,-1,-2.0,21.1
2013/2014,Alberto Pomini,Gardien,Sassuolo,32,66,67,1,,1.0,7.9
2013/2014,Riccardo Improta,Milieu,Chievo Verona,20,63,66,3,,2.0,2.6
2013/2014,Antonio Barilla,Milieu,Sampdoria,25,67,68,1,,1.0,2.6
2014/2015,Marco Sportiello,Gardien,Atalanta,22,54,70,16,,15.0,97.4
2014/2015,Boukari Drame,Défenseur,Atalanta,29,73,72,-1,-1,-1.0,71.1
2014/2015,Maxi Moralez,Attaquant,Atalanta,27,76,73,-3,0,-3.0,68.4
2014/2015,Alessandro Agostini,Défenseur,Hellas Verona,35,70,65,-5,3,-5.0,55.3
2014/2015,Massimo Volta,Défenseur,Cesena,27,68,67,-1,,-1.0,50.0
2014/2015,Valter Birsa,Milieu,Chievo Verona,28,74,75,1,-1,1.0,78.9
2014/2015,Angelo Obinze Ogbonna,Défenseur,Juventus,26,77,77,0,-3,0.0,47.4
2014/2015,Paul Pogba,Milieu,Juventus,21,81,84,3,2,3.0,63.2
2014/2015,Sebastian De Maio,Défenseur,Genoa,27,72,74,2,1,2.0,81.6
2014/2015,Giovanni Marchese,Défenseur,Genoa,30,73,72,-1,0,-1.0,26.3
2014/2015,Diego Perotti,Attaquant,Genoa,26,75,77,2,1,2.0,71.1
2014/2015,Juraj Kucka,Milieu,Genoa,27,76,75,-1,0,-1.0,50.0
2014/2015,Diego Lopez,Gardien,Milan,33,84,81,-3,2,-3.0,73.7
2014/2015,Keisuke Honda,Attaquant,Milan,28,79,77,-2,-2,-2.0,68.4
2014/2015,Jeremy Menez,Attaquant,Milan,27,78,78,0,-1,0.0,81.6
2014/2015,Dusan Basta,Défenseur,Lazio,30,74,76,2,-4,2.0,70.3
2014/2015,Lorik Cana,Défenseur,Lazio,31,77,76,-1,-1,-1.0,40.5
2014/2015,Stefan Daniel Radu,Défenseur,Lazio,28,78,77,-1,-1,-1.0,64.9
2014/2015,Sinisa Andjelkovic,Défenseur,Palermo,28,67,73,6,,6.0,84.2
2014/2015,Vasco Regini,Défenseur,Sampdoria,24,68,70,2,2,2.0,65.8
2014/2015,Fabrizio Cacciatore,Défenseur,Sampdoria,28,70,69,-1,4,-1.0,21.1
2014/2015,Miralem Pjanic,Milieu,Roma,24,83,83,0,5,0.0,73.7
2014/2015,Luca Rossettini,Défenseur,Cagliari,29,74,73,-1,0,-1.0,84.2
2014/2015,Diego Farias,Attaquant,Cagliari,24,70,71,1,2,1.0,52.6
2014/2015,Andrea Cossu,Attaquant,Cagliari,34,75,74,-1,-3,-1.0,50.0
2014/2015,Matteo Darmian,Milieu,Torino,25,70,74,4,-4,4.0,73.7
2014/2015,Marcelo Larrondo,Attaquant,Torino,26,69,69,0,0,0.0,7.9
2014/2015,Juan,Défenseur,Inter,23,79,77,-2,1,-2.0,84.2
2014/2015,Orestis Karnezis,Gardien,Udinese,29,74,77,3,1,3.0,97.4
2014/2015,Thomas Heurtaux,Défenseur,Udinese,26,77,76,-1,7,-1.0,63.2
2014/2015,Maurizio Domizzi,Défenseur,Udinese,34,75,73,-2,-4,-2.0,26.3
2014/2015,Silvan Widmer,Milieu,Udinese,21,73,72,-1,,-1.0,92.1
2014/2015,Antonio Di Natale,Attaquant,Udinese,37,80,78,-2,-4,-2.0,71.1
2014/2015,Vincent Laurini,Défenseur,Empoli,25,68,67,-1,,-1.0,36.8
2014/2015,Elseid Hysaj,Défenseur,Empoli,20,67,72,5,,5.0,86.8
2014/2015,Hugo Almeida,Attaquant,Cesena,30,76,76,0,,0.0,18.4
2014/2015,Artur Ionita,Milieu,Hellas Verona,24,64,69,5,,4.0,34.2
2014/2015,Nicolas Lopez,Attaquant,Hellas Verona,21,73,72,-1,3,-1.0,26.3
2014/2015,Albano Benjamin Bizzarri,Gardien,Chievo Verona,37,74,72,-2,0,-2.0,73.7
2014/2015,Riccardo Meggiorini,Attaquant,Chievo Verona,29,71,73,2,-2,2.0,57.9
2014/2015,Alvaro Morata,Attaquant,Juventus,22,76,78,2,3,2.0,28.9
2014/2015,Michael Ciani,Défenseur,Lazio,30,76,74,-2,-1,-2.0,24.3
2014/2015,Nicola Murru,Défenseur,Cagliari,20,71,68,-3,3,-3.0,15.8
2014/2015,Zdravko Kuzmanovic,Milieu,Inter,27,76,73,-3,0,-3.0,26.3
2014/2015,Gonzalo Bergessio,Attaquant,Sampdoria,30,71,69,-2,-6,-2.0,18.4
2014/2015,Pontus Jansson,Défenseur,Torino,23,69,68,-1,,-1.0,18.4
2014/2015,Bruno Fernandes,Attaquant,Udinese,20,77,74,-3,16,-3.0,42.1
2014/2015,Hoerdur Magnusson,Défenseur,Cesena,21,62,65,3,,2.0,31.6
2014/2015,Matias Silvestre,Défenseur,Sampdoria,30,72,72,0,-4,0.0,73.7
2014/2015,Joaquin,Milieu,Fiorentina,33,79,79,0,-3,0.0,36.8
2014/2015,Fredy Guarin,Milieu,Inter,28,80,79,-1,-2,-1.0,65.8
2014/2015,Amauri,Attaquant,Torino,34,75,74,-1,-1,-1.0,18.4
2014/2015,Rolando Bianchi,Attaquant,Atalanta,31,72,71,-1,-3,-1.0,7.9
2014/2015,Godfred Donsah,Milieu,Cagliari,18,55,66,11,,10.0,34.2
2014/2015,Cristian Rodriguez,Attaquant,Parma,29,80,79,-1,1,-1.0,13.2
2014/2015,Ogenyi Onazi,Milieu,Lazio,22,75,74,-1,2,-1.0,16.2
2014/2015,Urby Emanuelson,Milieu,Atalanta,28,74,75,1,-6,1.0,10.5
2014/2015,Giampaolo Pazzini,Attaquant,Milan,30,78,75,-3,-4,-3.0,10.5
2015/2016,Ciprian Tatarusanu,Gardien,Fiorentina,29,74,75,1,0,-1.0,97.4
2015/2016,Danilo Soddimo,Milieu,Frosinone,28,63,68,5,,2.0,52.6
2015/2016,Wojciech Szczesny,Gardien,Roma,25,78,78,0,-2,-1.0,89.5
2015/2016,Geoffrey Kondogbia,Milieu,Inter,22,77,76,-1,2,-2.0,60.5
2015/2016,Guglielmo Stendardo,Défenseur,Atalanta,34,74,74,0,-1,-2.0,31.6
2015/2016,Marten De Roon,Milieu,Atalanta,24,68,76,8,-1,6.0,92.1
2015/2016,German Denis,Attaquant,Atalanta,34,77,75,-2,-2,-3.0,31.6
2015/2016,Andrea Barzagli,Défenseur,Juventus,34,83,85,2,-1,1.0,81.6
2015/2016,Emmanuel Agyemang-Badu,Milieu,Udinese,25,72,74,2,-1,0.0,78.9
2015/2016,Cyril Thereau,Attaquant,Udinese,32,75,77,2,-1,1.0,89.5
2015/2016,Santiago Gentiletti,Défenseur,Lazio,30,70,77,7,0,5.0,50.0
2015/2016,Marco Parolo,Milieu,Lazio,30,78,80,2,1,1.0,78.9
2015/2016,Senad Lulic,Défenseur,Lazio,29,77,77,0,-2,-1.0,73.7
2015/2016,Balde Diao Keita,Attaquant,Lazio,20,75,77,2,0,1.0,39.5
2015/2016,"Marios Oikonomou,18",Défenseur,Bologna,23,68,75,7,,5.0,44.7
2015/2016,Adam Masina,Défenseur,Bologna,21,56,73,17,,14.0,78.9
2015/2016,Ivailo Chochev,Milieu,Palermo,22,68,70,2,,0.0,55.3
2015/2016,Francesco Magnanelli,Milieu,Sassuolo,31,70,76,6,0,4.0,89.5
2015/2016,Raul Albiol,Défenseur,Napoli,30,80,81,1,0,0.0,94.7
2015/2016,Vlad Chiriches,Défenseur,Napoli,26,76,76,0,0,-1.0,21.1
2015/2016,Lorenzo Insigne,Attaquant,Napoli,24,79,82,3,0,2.0,89.5
2015/2016,Dries Mertens,Attaquant,Napoli,28,82,81,-1,0,-2.0,15.8
2015/2016,Felipe Melo,Milieu,Inter,32,79,79,0,,-1.0,55.3
2015/2016,Davide Astori,Défenseur,Fiorentina,28,78,79,1,-1,0.0,84.2
2015/2016,Ignazio Abate,Défenseur,Milan,29,75,77,2,-2,1.0,71.1
2015/2016,Giovanni Pasquale,Milieu,Udinese,33,69,69,0,0,-2.0,5.3
2015/2016,Davide Biondini,Milieu,Sassuolo,32,69,70,1,-1,-1.0,31.6
2015/2016,Paulo Dybala,Attaquant,Juventus,22,77,81,4,7,3.0,76.3
2015/2016,Marco D'Alessandro,Attaquant,Atalanta,24,68,69,1,-2,-1.0,28.9
2015/2016,Lorenzo Lollo,Milieu,Carpi,25,67,71,4,,2.0,65.8
2015/2016,Federico Viviani,Milieu,Hellas Verona,23,70,73,3,,1.0,44.7
2015/2016,Pawel Wszolek,Milieu,Hellas Verona,23,66,72,6,-3,4.0,60.5
2015/2016,Lazaros Christodoulopoulos,Milieu,Sampdoria,29,73,72,-1,-2,-3.0,7.9
2015/2016,Matteo Politano,Attaquant,Sassuolo,22,68,69,1,,-1.0,28.9
2015/2016,Cristian Zapata,Défenseur,Milan,29,76,76,0,-2,-1.0,36.8
2015/2016,Bryan Cristante,Milieu,Palermo,20,71,72,1,4,-1.0,2.6
2015/2016,Marcello Gazzola,Défenseur,Sassuolo,30,64,66,2,-1,-1.0,10.5
2015/2016,Emanuele Suagher,Défenseur,Carpi,23,67,70,3,,1.0,21.1
2015/2016,Stefano Mauri,Attaquant,Lazio,35,79,77,-2,0,-3.0,15.8
2015/2016,Roberto Gagliardini,Milieu,Atalanta,21,60,60,0,,-3.0,2.6
2015/2016,Luca Lezzerini,Gardien,Fiorentina,20,61,62,1,,-2.0,2.6
2012/2013,Marc Hoecher,Attaquant,Willem II,28,67,65,-2,,-2.0,64.7
2012/2013,Sepp De Roover,Défenseur,NAC Breda,28,63,65,2,,0.0,85.3
2012/2013,Nemanja Gudelj,Milieu,NAC Breda,21,67,71,4,,4.0,100.0
2012/2013,Ard van Peppen,Défenseur,RKC Waalwijk,27,65,67,2,,2.0,97.1
2012/2013,Przemyslaw Tyton,Gardien,PSV,25,77,76,-1,,-1.0,14.7
2012/2013,Wilfred Bouma,Défenseur,PSV,34,73,71,-2,,-2.0,50.0
2012/2013,Luciano Narsingh,Attaquant,PSV,22,76,77,1,,1.0,41.2
2012/2013,Tamas Kadar,Défenseur,Roda JC Kerkrade,22,65,68,3,,3.0,29.4
2012/2013,Milano Koenders,Défenseur,Heracles Almelo,26,65,65,0,,0.0,47.1
2012/2013,Kwame Quansah,Milieu,Heracles Almelo,30,69,69,0,,0.0,94.1
2012/2013,Everton,Attaquant,Heracles Almelo,29,69,70,1,,1.0,82.4
2012/2013,Bryan Linssen,Attaquant,VVV-Venlo,22,67,67,0,,0.0,88.2
2012/2013,Jacob Mulenga,Attaquant,FC Utrecht,28,71,72,1,,1.0,67.6
2012/2013,Genero Zeefuik,Attaquant,FC Groningen,22,67,68,1,,1.0,73.5
2012/2013,Giorgi Chanturia,Attaquant,Vitesse,19,71,69,-2,,-2.0,2.9
2012/2013,Kevin Jansen,Milieu,ADO Den Haag,20,64,66,2,,0.0,91.2
2012/2013,Danny Holla,Milieu,ADO Den Haag,25,68,71,3,,3.0,82.4
2012/2013,Oussama Tannane,Attaquant,SC Heerenveen,18,62,64,2,,0.0,8.8
2012/2013,Remy Amieux,Défenseur,N.E.C.,26,63,66,3,,1.0,47.1
2012/2013,Ricardo van Rhijn,Défenseur,Ajax,21,67,73,6,,6.0,91.2
2012/2013,Kevin Conboy,Défenseur,N.E.C.,25,64,67,3,,1.0,58.8
2012/2013,Wesley Verhoek,Attaquant,Feyenoord,26,74,70,-4,,-4.0,35.3
2012/2013,Boy Waterman,Gardien,PSV,28,67,69,2,,2.0,85.3
2012/2013,Gael Kakuta,Attaquant,Vitesse,21,69,73,4,,4.0,61.8
2012/2013,Cedric van der Gun,Attaquant,FC Utrecht,33,68,67,-1,,-1.0,64.7
2012/2013,Johan Kappelhof,Défenseur,FC Groningen,22,65,66,1,,1.0,61.8
2012/2013,Nick van der Velden,Milieu,N.E.C.,31,65,66,1,,1.0,52.9
2012/2013,Sigourney Bandjar,Défenseur,RKC Waalwijk,28,63,64,1,,-1.0,23.5
2012/2013,Jasper Cillessen,Gardien,Ajax,23,72,74,2,,2.0,11.8
2012/2013,Geoffrey Castillion,Attaquant,Heracles Almelo,21,66,65,-1,,-1.0,50.0
2012/2013,Mattias Johansson,Défenseur,AZ,20,67,66,-1,,-1.0,5.9
2012/2013,Brahim Darri,Milieu,Vitesse,18,58,63,5,,3.0,2.9
2012/2013,Mart Lieder,Attaquant,RKC Waalwijk,22,61,65,4,,2.0,38.2
2012/2013,Rob Wielaert,Défenseur,Roda JC Kerkrade,34,69,67,-2,,-2.0,44.1
2012/2013,Youssef El Akchaoui,Défenseur,SC Heerenveen,31,64,63,-1,,-3.0,11.8
2012/2013,Michael Lamey,Défenseur,RKC Waalwijk,33,62,62,0,,-2.0,20.6
2013/2014,Kenneth Vermeer,Gardien,Ajax,27,78,77,-1,5,-1.0,29.4
2013/2014,Niklas Moisander,Défenseur,Ajax,28,76,76,0,,0.0,64.7
2013/2014,Siem de Jong,Attaquant,Ajax,24,78,77,-1,4,-1.0,47.1
2013/2014,Kolbeinn Sigthorsson,Attaquant,Ajax,23,74,73,-1,-1,-1.0,58.8
2013/2014,Kenny Otigba,Défenseur,SC Heerenveen,21,64,68,4,,3.0,64.7
2013/2014,Aron Johannsson,Attaquant,AZ,23,69,73,4,,4.0,88.2
2013/2014,Karim Rekik,Défenseur,PSV,19,73,73,0,11,0.0,73.5
2013/2014,Henrico Drost,Défenseur,NAC Breda,26,66,67,1,2,1.0,97.1
2013/2014,Joey Suk,Milieu,NAC Breda,24,63,63,0,,-1.0,20.6
2013/2014,Bruno Martins Indi,Défenseur,Feyenoord,21,72,73,1,5,1.0,76.5
2013/2014,Dario Vujicevic,Milieu,Heracles Almelo,23,66,66,0,0,0.0,2.9
2013/2014,Kai Heerings,Défenseur,FC Utrecht,23,64,65,1,2,0.0,82.4
2013/2014,Samuel Armenteros,Attaquant,Feyenoord,23,70,70,0,1,0.0,32.4
2013/2014,Steve De Ridder,Attaquant,FC Utrecht,26,68,69,1,,1.0,91.2
2013/2014,Celso Ortiz,Milieu,AZ,24,66,71,5,0,5.0,76.5
2013/2014,Jody Lukoki,Attaquant,SC Cambuur,21,69,67,-2,3,-2.0,91.2
2013/2014,Rajiv van La Parra,Attaquant,SC Heerenveen,22,67,67,0,0,0.0,55.9
2013/2014,Davy Proepper,Milieu,Vitesse,22,67,73,6,-4,6.0,94.1
2013/2014,Mike Te Wierik,Défenseur,Heracles Almelo,21,64,66,2,3,1.0,79.4
2013/2014,Soeren Rieks,Milieu,N.E.C.,26,68,68,0,,0.0,82.4
2013/2014,Jens Streutker,Défenseur,Heracles Almelo,20,63,63,0,,-1.0,20.6
2013/2014,Oscar Hiljemark,Milieu,PSV,21,70,71,1,1,1.0,61.8
2013/2014,Gianni Zuiverloon,Défenseur,ADO Den Haag,27,66,66,0,-2,0.0,73.5
2013/2014,Leon Ter Wielen,Gardien,PEC Zwolle,25,62,62,0,,-1.0,2.9
2013/2014,Gevero Markiet,Défenseur,FC Utrecht,22,61,63,2,0,1.0,52.9
2013/2014,Alexander Cristovao,Attaquant,SC Cambuur,20,59,61,2,,1.0,5.9
2013/2014,Terence Kongolo,Défenseur,Feyenoord,19,67,71,4,7,4.0,44.1
2013/2014,Gill Swerts,Milieu,NAC Breda,31,62,62,0,,-1.0,32.4
2013/2014,Bartholomew Ogbeche,Attaquant,SC Cambuur,29,64,64,0,,-1.0,14.7
2013/2014,Stefano Marzo,Défenseur,SC Heerenveen,22,63,63,0,1,-1.0,32.4
2013/2014,Simon Poulsen,Défenseur,AZ,29,67,68,1,-5,1.0,20.6
2013/2014,Torgeir Boerven,Attaquant,FC Twente,22,68,67,-1,,-1.0,8.8
2013/2014,Jukka Raitala,Défenseur,SC Heerenveen,25,66,65,-1,-2,-1.0,5.9
2014/2015,Joost Broerse,Défenseur,PEC Zwolle,35,66,66,0,1,0.0,41.2
2014/2015,Bart van Hintum,Défenseur,PEC Zwolle,27,64,67,3,0,2.0,97.1
2014/2015,Luciano Slagveer,Attaquant,SC Heerenveen,21,67,66,-1,3,-1.0,97.1
2014/2015,Kasper Kusk,Attaquant,FC Twente,23,68,69,1,,1.0,14.7
2014/2015,Erik Falkenburg,Milieu,NAC Breda,26,69,67,-2,1,-2.0,70.6
2014/2015,Joeri de Kamps,Milieu,NAC Breda,22,65,64,-1,,-1.0,79.4
2014/2015,Kingsley Boateng,Attaquant,NAC Breda,20,68,66,-2,,-2.0,29.4
2014/2015,Bas Sibum,Milieu,Heracles Almelo,32,65,65,0,-2,0.0,5.9
2014/2015,Dion Malone,Milieu,ADO Den Haag,25,64,66,2,0,1.0,97.1
2014/2015,Vito Wormgoor,Défenseur,ADO Den Haag,26,66,66,0,-2,0.0,76.5
2014/2015,Aaron Meijers,Défenseur,ADO Den Haag,27,67,67,0,0,0.0,97.1
2014/2015,Roland Alberg,Milieu,ADO Den Haag,24,68,70,2,,2.0,85.3
2014/2015,Mitchell Schet,Attaquant,ADO Den Haag,26,67,67,0,-1,0.0,17.6
2014/2015,Eric Fernando Botteghin,Défenseur,FC Groningen,27,71,75,4,1,4.0,100.0
2014/2015,Lasse Schoene,Attaquant,Ajax,28,75,76,1,0,1.0,76.5
2014/2015,Piet Velthuizen,Gardien,Vitesse,28,77,72,-5,0,-5.0,32.4
2014/2015,Guram Kashia,Défenseur,Vitesse,27,74,74,0,0,0.0,70.6
2014/2015,Kelvin Leerdam,Milieu,Vitesse,24,71,69,-2,3,-2.0,41.2
2014/2015,Valeri Kazaishvili,Milieu,Vitesse,21,68,72,4,5,4.0,79.4
2014/2015,Jeffrey Bruma,Défenseur,PSV,23,73,74,1,2,1.0,85.3
2014/2015,Adam Maher,Milieu,PSV,21,75,76,1,-2,1.0,88.2
2014/2015,Jurgen Locadia,Attaquant,PSV,21,72,73,1,2,1.0,14.7
2014/2015,Mathias Gehrt,Milieu,ADO Den Haag,22,65,66,1,3,1.0,26.5
2014/2015,Xander Houtkoop,Attaquant,ADO Den Haag,25,66,67,1,,1.0,11.8
2014/2015,Ricky van Haaren,Milieu,FC Dordrecht,23,66,65,-1,0,-1.0,50.0
2014/2015,Jairo Riedewald,Défenseur,Ajax,18,63,67,4,,3.0,29.4
2014/2015,Sander Duits,Milieu,Go Ahead Eagles,31,68,67,-1,1,-1.0,58.8
2014/2015,Timo Letschert,Défenseur,FC Utrecht,21,65,65,0,,0.0,55.9
2014/2015,Gino Coutinho,Gardien,Excelsior,32,68,66,-2,-3,-2.0,55.9
2014/2015,Pele van Anholt,Défenseur,SC Heerenveen,23,69,68,-1,2,-1.0,94.1
2014/2015,Lars Lambooij,Milieu,Go Ahead Eagles,26,60,64,4,,3.0,23.5
2014/2015,Eloy Room,Gardien,Vitesse,25,66,69,3,0,3.0,67.6
2014/2015,Martijn van der Laan,Défenseur,FC Groningen,26,65,65,0,,0.0,17.6
2014/2015,Joshua McEachran,Milieu,Vitesse,21,70,70,0,,0.0,20.6
2014/2015,Robert Zwinkels,Gardien,ADO Den Haag,31,65,65,0,0,0.0,5.9
2014/2015,Robert Braber,Milieu,Willem II,32,66,64,-2,-1,-2.0,32.4
2014/2015,Denni Avdic,Milieu,Heracles Almelo,26,68,66,-2,0,-2.0,38.2
2014/2015,Simon Thern,Milieu,SC Heerenveen,22,66,68,2,,2.0,41.2
2014/2015,Wiljan Pluim,Milieu,Willem II,25,66,66,0,-2,0.0,8.8
2014/2015,Niki Zimling,Milieu,Ajax,29,73,72,-1,0,-1.0,5.9
2015/2016,Sam Larsson,Attaquant,SC Heerenveen,22,70,74,4,2,2.0,100.0
2015/2016,Wouter Marinus,Milieu,PEC Zwolle,20,63,66,3,,0.0,64.7
2015/2016,Marlon Pereira,Défenseur,SC Cambuur,28,62,65,3,0,0.0,14.7
2015/2016,Erik Bakker,Milieu,SC Cambuur,25,67,67,0,1,-2.0,64.7
2015/2016,Sander van de Streek,Milieu,SC Cambuur,22,65,68,3,5,1.0,85.3
2015/2016,Rostyn Griffiths,Milieu,Roda JC Kerkrade,27,63,66,3,,0.0,50.0
2015/2016,Bram Castro,Gardien,Heracles Almelo,33,64,69,5,,2.0,100.0
2015/2016,Mark-Jan Fledderus,Défenseur,Heracles Almelo,33,68,67,-1,0,-3.0,88.2
2015/2016,Joey Pelupessy,Milieu,Heracles Almelo,22,64,68,4,3,1.0,100.0
2015/2016,Thomas Kristensen,Milieu,ADO Den Haag,32,69,70,1,0,-1.0,41.2
2015/2016,Nicolas Issimat Mirin,Défenseur,PSV,24,72,74,2,1,0.0,35.3
2015/2016,Karim El Ahmadi,Milieu,Feyenoord,30,75,75,0,1,-1.0,94.1
2015/2016,Marko Vejinovic,Milieu,Feyenoord,25,75,74,-1,3,-2.0,61.8
2015/2016,Robbin Ruiter,Gardien,FC Utrecht,28,74,74,0,-1,-2.0,85.3
2015/2016,Bart Ramselaar,Milieu,FC Utrecht,19,58,70,12,,9.0,94.1
2015/2016,Nacer Barazite,Attaquant,FC Utrecht,25,69,70,1,-1,-1.0,82.4
2015/2016,Anwar El-Ghazi,Attaquant,Ajax,20,74,76,2,,0.0,58.8
2015/2016,Arkadiusz Milik,Attaquant,Ajax,21,74,77,3,6,1.0,82.4
2015/2016,Nigel Hasselbaink,Attaquant,Excelsior,25,64,65,1,0,-2.0,17.6
2015/2016,Rasmus Lindgren,Défenseur,FC Groningen,31,66,69,3,-1,1.0,58.8
2015/2016,Jarchinio Antonia,Milieu,FC Groningen,25,69,69,0,1,-2.0,26.5
2015/2016,Robbert Schilder,Défenseur,FC Twente,29,69,68,-1,0,-3.0,61.8
2015/2016,Kostas Lamprou,Gardien,Willem II,24,66,69,3,1,1.0,100.0
2015/2016,Marvelous Nakamba,Milieu,Vitesse,21,57,71,14,,11.0,88.2
2015/2016,Wout Brama,Milieu,PEC Zwolle,29,71,71,0,-1,-2.0,67.6
2015/2016,Andrew Driver,Milieu,De Graafschap,28,65,68,3,-2,1.0,73.5
2015/2016,Mike Havenaar,Attaquant,ADO Den Haag,28,72,72,0,1,-2.0,91.2
2015/2016,Thulani Serero,Milieu,Ajax,25,74,74,0,-1,-2.0,17.6
2015/2016,Jeroen Tesselaar,Défenseur,De Graafschap,26,62,65,3,-1,0.0,52.9
2015/2016,Daan Bovenberg,Défenseur,Excelsior,27,62,65,3,0,0.0,38.2
2015/2016,Yoell van Nieff,Milieu,Excelsior,22,65,65,0,0,-2.0,8.8
2015/2016,Stefan Thesker,Défenseur,FC Twente,24,66,68,2,0,0.0,17.6
2015/2016,Tarik Kada,Attaquant,Heracles Almelo,19,61,64,3,,0.0,5.9
2013/2014,Kasper Haemaelaeinen,Milieu,Lech Poznań,27,68,67,-1,-4,-1.0,93.3
2013/2014,Lukasz Teodorczyk,Attaquant,Lech Poznań,22,68,73,5,,5.0,80.0
2013/2014,Jan Polak,Défenseur,Piast Gliwice,24,61,61,0,,-1.0,80.0
2013/2014,Artis Lazdins,Milieu,Piast Gliwice,27,58,60,2,,1.0,13.3
2013/2014,Tomas Docekal,Attaquant,Piast Gliwice,24,58,60,2,,1.0,3.3
2013/2014,Dariusz Pietrasiak,Défenseur,Podbeskidzie Bielsko-Biała,33,62,62,0,0,-1.0,100.0
2013/2014,Princewell Okachi,Milieu,Widzew Łódź,22,61,63,2,1,1.0,56.7
2013/2014,Alex Bruno,Milieu,Widzew Łódź,20,64,65,1,,0.0,3.3
2013/2014,Mariusz Rybicki,Milieu,Widzew Łódź,20,60,56,-4,8,-5.0,50.0
2013/2014,Emanuel Sarki,Milieu,Wisła Kraków,26,62,60,-2,,-3.0,46.7
2013/2014,Seweryn Gancarczyk,Défenseur,Polonia Bytom,32,65,63,-2,0,-2.0,30.0
2013/2014,Mariusz Przybylski,Milieu,Polonia Bytom,31,68,66,-2,6,-2.0,66.7
2013/2014,Krzysztof Maczynski,Milieu,Polonia Bytom,26,62,68,6,1,5.0,70.0
2013/2014,Amir Spahic,Défenseur,Śląsk Wrocław,30,59,59,0,-1,-1.0,10.0
2013/2014,Sebastian Dudek,Milieu,Zawisza Bydgoszcz,33,62,62,0,0,-1.0,66.7
2013/2014,Jakub Slowik,Gardien,Jagiellonia Białystok,22,64,64,0,5,-1.0,46.7
2013/2014,Alexis Norambuena Ruz,Milieu,Jagiellonia Białystok,29,62,64,2,0,1.0,43.3
2013/2014,Rafal Grzyb,Milieu,Jagiellonia Białystok,30,62,64,2,-3,1.0,60.0
2013/2014,Lukasz Surma,Milieu,Ruch Chorzów,36,62,64,2,0,1.0,90.0
2013/2014,Vanja Markovic,Milieu,Korona Kielce,19,51,58,7,,6.0,36.7
2013/2014,Ivica Vrdoljak,Milieu,Legia Warszawa,30,68,67,-1,0,-1.0,70.0
2013/2014,Vladimir Dvalishvili,Attaquant,Legia Warszawa,27,67,68,1,,1.0,46.7
2013/2014,Veljko Batrovic,Milieu,Widzew Łódź,19,48,58,10,,9.0,56.7
2013/2014,Lukasz Hanzel,Milieu,Piast Gliwice,27,64,65,1,4,0.0,70.0
2013/2014,Rudolf Urban,Milieu,Podbeskidzie Bielsko-Biała,33,57,57,0,,-1.0,20.0
2013/2014,Adam Dzwigala,Milieu,Jagiellonia Białystok,18,57,55,-2,,-3.0,33.3
2013/2014,Nika Dzalamidze,Milieu,Jagiellonia Białystok,21,65,65,0,0,0.0,26.7
2013/2014,Patryk Stepinski,Défenseur,Widzew Łódź,18,51,51,0,,-1.0,56.7
2013/2014,Lukasz Tyminski,Milieu,Ruch Chorzów,23,56,56,0,,-1.0,6.7
2013/2014,Bartosz Slusarski,Attaquant,Lech Poznań,32,66,64,-2,2,-2.0,13.3
2013/2014,Bartosz Szeliga,Défenseur,Piast Gliwice,20,58,58,0,,-1.0,13.3
2013/2014,Sebastian Rajalakso,Milieu,Jagiellonia Białystok,25,59,60,1,,0.0,10.0
2013/2014,Maciej Makuszewski,Milieu,Lechia Gdańsk,24,64,64,0,6,-1.0,30.0
2013/2014,Gerard Badia,Milieu,Piast Gliwice,24,61,61,0,,-1.0,13.3
2013/2014,Giannis Papadopoulos,Attaquant,Cracovia,24,62,62,0,,-1.0,16.7
2013/2014,Tomasz Kowalski,Attaquant,Widzew Łódź,21,47,49,2,,1.0,3.3
2013/2014,Adrian Rakowski,Milieu,Zagłębie Lubin,23,61,61,0,10,-1.0,3.3
2013/2014,Daniel Bujok,Milieu,Podbeskidzie Bielsko-Biała,19,50,53,3,,2.0,6.7
2013/2014,Maciej Krakowiak,Gardien,Widzew Łódź,21,59,59,0,7,-1.0,3.3
2014/2015,Muhamed Keita,Milieu,Lech Poznań,24,66,62,-4,,-4.0,20.0
2014/2015,Vojo Ubiparip,Attaquant,Lech Poznań,26,62,64,2,1,1.0,16.7
2014/2015,Csaba Horvath,Défenseur,Piast Gliwice,32,63,62,-1,-1,-2.0,60.0
2014/2015,Tomasz Podgorski,Milieu,Piast Gliwice,29,66,66,0,-2,0.0,60.0
2014/2015,Kamil Wilczek,Attaquant,Piast Gliwice,26,61,67,6,5,5.0,93.3
2014/2015,Jakub Kosecki,Milieu,Legia Warszawa,24,69,67,-2,0,-2.0,53.3
2014/2015,Blazey Augustyn,Défenseur,Polonia Bytom,26,64,67,3,-4,2.0,56.7
2014/2015,Rafal Kosznik,Milieu,Polonia Bytom,31,65,63,-2,8,-2.0,93.3
2014/2015,Mateusz Zachara,Attaquant,Polonia Bytom,24,65,67,2,11,2.0,60.0
2014/2015,Marcin Budzinski,Attaquant,Cracovia,24,64,65,1,,0.0,96.7
2014/2015,Adam Marciniak,Défenseur,Cracovia,26,62,62,0,,-1.0,93.3
2014/2015,Sebastian Madera,Défenseur,Jagiellonia Białystok,29,65,65,0,4,0.0,86.7
2014/2015,Rafal Janicki,Défenseur,Lechia Gdańsk,22,60,61,1,1,0.0,93.3
2014/2015,Piotr Wisniewski,Milieu,Lechia Gdańsk,32,64,64,0,1,-1.0,30.0
2014/2015,Sebastian Ziajka,Défenseur,Zawisza Bydgoszcz,32,63,62,-1,-1,-2.0,93.3
2014/2015,Jakub Wojcicki,Défenseur,Zawisza Bydgoszcz,26,64,62,-2,,-3.0,93.3
2014/2015,Dudu Paraiba,Défenseur,Śląsk Wrocław,29,65,65,0,,0.0,73.3
2014/2015,Marek Szyndrowski,Défenseur,Ruch Chorzów,34,64,61,-3,2,-4.0,13.3
2014/2015,Bartlomiej Konieczny,Défenseur,Podbeskidzie Bielsko-Biała,33,62,62,0,0,-1.0,80.0
2014/2015,Maciej Iwanski,Milieu,Podbeskidzie Bielsko-Biała,33,62,59,-3,,-4.0,86.7
2014/2015,Robert Demjan,Attaquant,Podbeskidzie Bielsko-Biała,32,65,64,-1,-3,-1.0,50.0
2014/2015,Sebastian Rudol,Défenseur,Pogoń Szczecin,19,60,61,1,12,0.0,90.0
2014/2015,Wojciech Golla,Défenseur,Pogoń Szczecin,22,63,65,2,7,1.0,93.3
2014/2015,Lukasz Burliga,Défenseur,Wisła Kraków,26,65,65,0,2,0.0,86.7
2014/2015,Anestis Argyriou,Défenseur,Zawisza Bydgoszcz,26,58,58,0,,-1.0,26.7
2014/2015,Pawel Strak,Défenseur,Zawisza Bydgoszcz,31,61,56,-5,1,-6.0,46.7
2014/2015,Bartosz Kapustka,Milieu,Cracovia,18,50,55,5,,4.0,30.0
2014/2015,Richard Guzmics,Défenseur,Wisła Kraków,27,65,65,0,,0.0,53.3
2014/2015,Antonio-Mirko Colak,Attaquant,Lechia Gdańsk,21,61,61,0,,-1.0,66.7
2014/2015,Pavol Stano,Défenseur,Podbeskidzie Bielsko-Biała,37,65,65,0,0,0.0,73.3
2014/2015,Radoslaw Murawski,Milieu,Piast Gliwice,20,51,60,9,-6,8.0,70.0
2014/2015,Matej Izvolt,Milieu,Piast Gliwice,28,61,62,1,3,0.0,6.7
2014/2015,Orlando Sa,Attaquant,Legia Warszawa,26,69,70,1,,1.0,36.7
2014/2015,Hebert,Défenseur,Piast Gliwice,23,63,61,-2,,-3.0,60.0
2014/2015,Artur Lenartowski,Milieu,Podbeskidzie Bielsko-Biała,26,62,62,0,4,-1.0,16.7
2014/2015,Mavroudis Bougaidis,Défenseur,Lechia Gdańsk,21,64,63,-1,,-2.0,33.3
2014/2015,Damian Garbacik,Défenseur,Lechia Gdańsk,18,51,51,0,,-1.0,6.7
2014/2015,Juan Calahorro,Milieu,Śląsk Wrocław,26,63,63,0,0,-1.0,6.7
2015/2016,Lukasz Tralka,Milieu,Lech Poznań,31,68,70,2,1,0.0,80.0
2015/2016,Adam Fraczczak,Défenseur,Pogoń Szczecin,28,65,68,3,2,1.0,93.3
2015/2016,Sreten Sretenovic,Défenseur,Cracovia,30,63,66,3,1,0.0,46.7
2015/2016,Tomasz Holota,Milieu,Śląsk Wrocław,24,63,64,1,3,-2.0,93.3
2015/2016,Bartosz Bereszynski,Défenseur,Legia Warszawa,23,67,70,3,0,1.0,23.3
2015/2016,Dominik Furman,Milieu,Legia Warszawa,23,66,66,0,-3,-2.0,36.7
2015/2016,Michal Maslowski,Milieu,Legia Warszawa,26,67,68,1,,-1.0,10.0
2015/2016,Pawel Oleksy,Défenseur,Ruch Chorzów,24,62,64,2,-2,-1.0,60.0
2015/2016,Tomislav Bozic,Défenseur,Górnik Łęczna,28,56,60,4,,1.0,80.0
2015/2016,Tomasz Nowak,Milieu,Górnik Łęczna,30,60,60,0,,-3.0,70.0
2015/2016,Maciej Dabrowski,Défenseur,Zagłębie Lubin,28,67,68,1,0,-1.0,70.0
2015/2016,Damian Hops Chmiel,Milieu,Podbeskidzie Bielsko-Biała,28,63,64,1,0,-2.0,50.0
2015/2016,Kamil Sylwestrzak,Défenseur,Korona Kielce,27,58,67,9,0,6.0,96.7
2015/2016,Krzysztof Baran,Gardien,Jagiellonia Białystok,25,63,64,1,2,-2.0,10.0
2015/2016,Jonatan Straus,Défenseur,Jagiellonia Białystok,21,59,64,5,-1,2.0,13.3
2015/2016,Piotr Grzelczak,Attaquant,Jagiellonia Białystok,27,61,68,7,-3,4.0,50.0
2015/2016,Arkadiusz Glowacki,Défenseur,Wisła Kraków,36,69,69,0,1,-2.0,90.0
2015/2016,Maciej Sadlok,Défenseur,Wisła Kraków,26,64,66,2,1,-1.0,70.0
2015/2016,Mateusz Slodowy,Défenseur,Polonia Bytom,24,51,50,-1,,-4.0,36.7
2015/2016,Bartlomiej Dragowski,Gardien,Jagiellonia Białystok,18,69,71,2,,0.0,90.0
2015/2016,Jaroslaw Kubicki,Milieu,Zagłębie Lubin,20,50,55,5,,2.0,73.3
2015/2016,Jakub Kowalski,Milieu,Podbeskidzie Bielsko-Biała,28,57,59,2,0,-1.0,70.0
2015/2016,Radek Dejmek,Défenseur,Korona Kielce,27,63,65,2,0,-1.0,86.7
2015/2016,Mariusz Stepinski,Attaquant,Ruch Chorzów,20,61,67,6,-1,3.0,76.7
2015/2016,Guilherme,Milieu,Legia Warszawa,24,66,69,3,0,1.0,76.7
2015/2016,Piotr Tomasik,Défenseur,Jagiellonia Białystok,28,54,64,10,,7.0,80.0
2015/2016,Takuya Murayama,Milieu,Pogoń Szczecin,26,65,66,1,0,-1.0,13.3
2015/2016,Alvarinho,Milieu,Jagiellonia Białystok,25,63,64,1,1,-2.0,10.0
2015/2016,Gergo Lovrencsics,Milieu,Lech Poznań,27,71,70,-1,1,-3.0,56.7
2015/2016,Sebastian Murawski,Défenseur,Pogoń Szczecin,21,56,58,2,,-1.0,13.3
2015/2016,Slawomir Peszko,Milieu,Lechia Gdańsk,30,71,69,-2,0,-4.0,46.7
2015/2016,Marek Wasiluk,Défenseur,Jagiellonia Białystok,28,63,63,0,4,-3.0,23.3
2015/2016,Andrzej Witan,Gardien,Termalica Bruk-Bet Nieciecza,25,59,59,0,4,-3.0,16.7
2015/2016,Gracjan Horoszkiewicz,Défenseur,Podbeskidzie Bielsko-Biała,20,61,60,-1,,-4.0,10.0
2015/2016,Robert Pich,Milieu,Śląsk Wrocław,27,61,66,5,8,2.0,46.7
2015/2016,Dmitriy Verkhovtsov,Défenseur,Korona Kielce,29,62,65,3,,0.0,16.7
2015/2016,Michal Efir,Attaquant,Ruch Chorzów,23,59,60,1,0,-2.0,3.3
2012/2013,Omar El Kaddouri,Attaquant,Napoli,22,72,73,1,,1.0,2.6
2012/2013,Ferdinando Coppola,Gardien,Torino,34,72,72,0,,0.0,2.6
2013/2014,Bartosz Salamon,Milieu,Sampdoria,22,69,68,-1,,-1.0,2.6
2013/2014,Dejan Stojanovic,Gardien,Bologna,20,60,60,0,0,-1.0,2.6
2014/2015,Andrea Lazzari,Milieu,Fiorentina,30,74,72,-2,-1,-2.0,2.6
2015/2016,Francesco Totti,Attaquant,Roma,39,80,79,-1,-1,-2.0,5.3
2012/2013,Kaj Ramsteijn,Attaquant,VVV-Venlo,22,66,66,0,,0.0,32.4
2012/2013,Joey Belterman,Milieu,Heracles Almelo,19,58,60,2,,0.0,11.8
2015/2016,Tyronne Ebuehi,Défenseur,ADO Den Haag,20,60,63,3,,0.0,41.2
2015/2016,Jordan Rolly Botaka,Attaquant,Excelsior,22,67,65,-2,,-4.0,5.9
2015/2016,Rubio Rubin,Attaquant,FC Utrecht,19,65,67,2,,0.0,2.9
2012/2013,Souleymane Camara,Milieu,Montpellier Hérault SC,30,72,74,2,,2.0,73.7
2012/2013,Remy Cabella,Milieu,Montpellier Hérault SC,22,72,76,4,,4.0,68.4
2012/2013,Ali Ahamada,Gardien,Toulouse FC,21,73,74,1,,1.0,92.1
2012/2013,Aymen Abdennour,Défenseur,Toulouse FC,23,74,78,4,,4.0,78.9
2012/2013,Bertrand Laquait,Gardien,Évian Thonon Gaillard FC,35,71,72,1,,1.0,76.3
2012/2013,Eric Tie Bi,Milieu,Évian Thonon Gaillard FC,22,72,68,-4,,-4.0,21.1
2012/2013,Guillaume Lacour,Défenseur,Évian Thonon Gaillard FC,32,70,63,-7,,-7.0,34.2
2012/2013,Joeel Sami,Défenseur,AS Nancy-Lorraine,28,69,65,-4,,-4.0,65.8
2012/2013,Ahmed Kantari,Défenseur,Stade Brestois 29,27,72,72,0,,0.0,76.3
2012/2013,Eduardo,Attaquant,AC Ajaccio,32,69,68,-1,,-1.0,39.5
2012/2013,Clement Chantome,Milieu,Paris Saint-Germain,25,76,75,-1,,-1.0,42.1
2012/2013,Bruno Ecuele Manga,Défenseur,FC Lorient,24,78,79,1,,1.0,44.7
2012/2013,Kevin Monnet-Paquet,Milieu,FC Lorient,24,67,67,0,,0.0,73.7
2012/2013,Jeremie Aliadiere,Attaquant,FC Lorient,29,73,75,2,,2.0,81.6
2012/2013,Charles Kabore,Milieu,Olympique de Marseille,24,75,74,-1,,-1.0,42.1
2012/2013,Benoit Cheyrou,Milieu,Olympique de Marseille,31,81,75,-6,,-6.0,65.8
2012/2013,Anthony Reveillere,Défenseur,Olympique Lyonnais,33,79,77,-2,,-2.0,71.1
2012/2013,Cris,Défenseur,Olympique Lyonnais,35,73,71,-2,,-2.0,5.3
2012/2013,Jeremy Clement,Milieu,AS Saint-Étienne,28,73,77,4,,4.0,68.4
2012/2013,Bakary Sako,Attaquant,AS Saint-Étienne,24,76,74,-2,,-2.0,5.3
2012/2013,Cedric Kante,Défenseur,FC Sochaux-Montbéliard,33,72,70,-2,,-2.0,78.9
2012/2013,Sambou Yatabare,Milieu,SC Bastia,23,64,67,3,,1.0,60.5
2012/2013,Granddi Ngoyi,Milieu,ES Troyes AC,24,70,70,0,,0.0,76.3
2012/2013,Renato Civelli,Défenseur,OGC Nice,29,72,72,0,,0.0,89.5
2012/2013,Blaise Matuidi,Milieu,Paris Saint-Germain,25,77,81,4,,4.0,92.1
2012/2013,Pape Ndiaye Souare,Défenseur,Stade de Reims,22,60,71,11,,9.0,52.6
2012/2013,Nicolas Fauvergue,Attaquant,Stade de Reims,28,66,65,-1,,-1.0,31.6
2012/2013,Jonathan Brison,Défenseur,AS Saint-Étienne,29,73,71,-2,,-2.0,60.5
2012/2013,Brandao,Attaquant,AS Saint-Étienne,32,73,73,0,,0.0,55.3
2012/2013,Yannick Sagbo,Attaquant,Évian Thonon Gaillard FC,24,70,73,3,,3.0,60.5
2012/2013,Ousmane Coulibaly,Défenseur,Stade Brestois 29,23,64,64,0,,-2.0,36.8
2012/2013,Abdoulwahid Sissoko,Milieu,Stade Brestois 29,22,66,65,-1,,-1.0,92.1
2012/2013,Jean-Daniel Akpa-Akpro,Milieu,Toulouse FC,20,64,66,2,,0.0,34.2
2012/2013,Dejan Lovren,Défenseur,Olympique Lyonnais,23,79,78,-1,,-1.0,47.4
2012/2013,Gregory Pujol,Attaquant,Valenciennes FC,32,76,73,-3,,-3.0,39.5
2012/2013,Ludovic Giuly,Attaquant,FC Lorient,36,72,73,1,,1.0,10.5
2012/2013,Adrien Regattin,Attaquant,Toulouse FC,21,65,72,7,,7.0,31.6
2012/2013,Romain Grange,Milieu,AS Nancy-Lorraine,24,67,63,-4,,-4.0,26.3
2012/2013,Jose Saez,Milieu,Valenciennes FC,30,67,67,0,,0.0,7.9
2012/2013,"Abdoulaye Diallo Sadio,22",Milieu,Stade Rennais FC,22,71,73,2,,2.0,47.4
2012/2013,Steeve Elana,Gardien,LOSC Lille,32,76,76,0,,0.0,52.6
2012/2013,Daniel Omoya Braaten,Attaquant,Toulouse FC,30,72,71,-1,,-1.0,31.6
2012/2013,Johny Placide,Gardien,Stade de Reims,24,70,69,-1,,-1.0,10.5
2012/2013,Ronald Zubar,Défenseur,AC Ajaccio,27,66,67,1,,1.0,39.5
2012/2013,Magaye Gueye,Milieu,Stade Brestois 29,22,72,72,0,,0.0,13.2
2013/2014,Kurt Zouma,Défenseur,AS Saint-Étienne,19,73,74,1,9,1.0,44.7
2013/2014,Nicolas Maurice-Belay,Milieu,Girondins de Bordeaux,28,71,74,3,-2,3.0,78.9
2013/2014,Eric Abidal,Défenseur,AS Monaco,34,77,75,-2,-4,-2.0,68.4
2013/2014,Mohammed Rabiu,Milieu,Évian Thonon Gaillard FC,24,69,69,0,0,0.0,2.6
2013/2014,Simon Pouplin,Gardien,FC Sochaux-Montbéliard,28,73,73,0,,0.0,44.7
2013/2014,Roy Contout,Milieu,FC Sochaux-Montbéliard,28,69,68,-1,-1,-1.0,84.2
2013/2014,Giannelli Imbula Wanga,Milieu,Olympique de Marseille,21,71,72,1,,1.0,31.6
2013/2014,Marvin Martin,Attaquant,LOSC Lille,25,76,75,-1,-3,-1.0,42.1
2013/2014,Milan Bisevac,Défenseur,Olympique Lyonnais,30,79,77,-2,1,-2.0,71.1
2013/2014,Gueida Fofana,Milieu,Olympique Lyonnais,22,73,73,0,3,0.0,63.2
2013/2014,Gregoire Puel,Défenseur,OGC Nice,21,59,61,2,,1.0,71.1
2013/2014,Valentin Eysseric,Milieu,OGC Nice,21,73,73,0,8,0.0,60.5
2013/2014,Anthony Mounier,Milieu,Montpellier Hérault SC,26,77,75,-2,-1,-2.0,60.5
2013/2014,Alex,Défenseur,Paris Saint-Germain,31,80,83,3,-2,3.0,78.9
2013/2014,Lucas Moura,Attaquant,Paris Saint-Germain,21,82,83,1,1,1.0,47.4
2013/2014,Remy Riou,Gardien,FC Nantes,26,69,74,5,,5.0,89.5
2013/2014,Fethi Harek,Défenseur,SC Bastia,31,64,67,3,2,2.0,52.6
2013/2014,Toifilou Maoulida,Attaquant,SC Bastia,34,68,68,0,0,0.0,5.3
2013/2014,David Ducourtioux,Milieu,Valenciennes FC,35,70,70,0,-3,0.0,71.1
2013/2014,Issiaga Sylla,Milieu,Toulouse FC,19,57,66,9,,8.0,68.4
2013/2014,Wissam Ben Yedder,Attaquant,Toulouse FC,23,73,76,3,11,3.0,92.1
2013/2014,Clarck Nsikulu,Attaquant,Évian Thonon Gaillard FC,21,58,58,0,,-1.0,10.5
2013/2014,Nemanja Pejcinovic,Défenseur,OGC Nice,26,74,75,1,-1,1.0,36.8
2013/2014,Thimothee Kolodziejczak,Défenseur,OGC Nice,22,70,72,2,3,2.0,89.5
2013/2014,Nampalys Mendy,Milieu,OGC Nice,21,64,70,6,,5.0,94.7
2013/2014,Florian Thauvin,Milieu,Olympique de Marseille,20,70,77,7,12,7.0,65.8
2013/2014,Lucas Digne,Défenseur,Paris Saint-Germain,20,75,75,0,15,0.0,39.5
2013/2014,Joao Moutinho,Milieu,AS Monaco,27,83,83,0,0,0.0,78.9
2013/2014,Carlos Henrique,Défenseur,Girondins de Bordeaux,30,74,74,0,1,0.0,81.6
2013/2014,Alejandro Bedoya,Milieu,FC Nantes,26,71,72,1,,1.0,60.5
2013/2014,Remy Vercoutre,Gardien,Olympique Lyonnais,33,74,71,-3,0,-3.0,13.2
2013/2014,Cedric Faure,Attaquant,En Avant de Guingamp,34,65,65,0,,0.0,2.6
2013/2014,Max-Alain Gradel,Milieu,AS Saint-Étienne,26,72,74,2,1,2.0,23.7
2013/2014,Lloyd Palun,Défenseur,OGC Nice,25,64,66,2,7,1.0,18.4
2013/2014,Jonas Martin,Milieu,Montpellier Hérault SC,23,60,64,4,2,3.0,23.7
2013/2014,Tulio de Melo,Attaquant,Évian Thonon Gaillard FC,28,75,73,-2,0,-2.0,10.5
2013/2014,Oumar Sissoko,Gardien,AC Ajaccio,26,55,55,0,,-1.0,2.6
2013/2014,Florian Marange,Défenseur,FC Sochaux-Montbéliard,27,70,68,-2,0,-2.0,39.5
2014/2015,Franck Signorino,Défenseur,Stade de Reims,33,69,71,2,4,2.0,68.4
2014/2015,Gregory Bourillon,Milieu,Stade de Reims,30,69,69,0,-4,0.0,47.4
2014/2015,Thiago Silva,Défenseur,Paris Saint-Germain,30,88,87,-1,2,-1.0,68.4
2014/2015,Marco Verratti,Milieu,Paris Saint-Germain,22,79,83,4,2,4.0,73.7
2014/2015,Romaric,Milieu,SC Bastia,31,73,74,1,0,1.0,39.5
2014/2015,Christopher Maboulou,Milieu,SC Bastia,24,64,70,6,,5.0,36.8
2014/2015,Steve Mandanda,Gardien,Olympique de Marseille,29,82,82,0,-1,0.0,100.0
2014/2015,Cedric Cambon,Défenseur,Évian Thonon Gaillard FC,28,68,69,1,0,1.0,63.2
2014/2015,Jesper Juelsgaard,Défenseur,Évian Thonon Gaillard FC,25,63,65,2,,1.0,26.3
2014/2015,Djakaridja Kone,Milieu,Évian Thonon Gaillard FC,28,71,71,0,0,0.0,57.9
2014/2015,Daniel Wass,Milieu,Évian Thonon Gaillard FC,25,73,76,3,0,3.0,73.7
2014/2015,Christophe Kerbrat,Défenseur,En Avant de Guingamp,28,71,74,3,6,3.0,71.1
2014/2015,Maxime Baca,Défenseur,En Avant de Guingamp,31,69,69,0,1,0.0,31.6
2014/2015,Claudio Beauvue,Milieu,En Avant de Guingamp,26,68,78,10,3,10.0,89.5
2014/2015,Rio Mavuba,Milieu,LOSC Lille,30,81,79,-2,-1,-2.0,78.9
2014/2015,Johan Carrasso,Gardien,FC Metz,26,69,70,1,,1.0,55.3
2014/2015,Gaetan Bussmann,Défenseur,FC Metz,23,67,70,3,,3.0,81.6
2014/2015,Anthony Lopes,Gardien,Olympique Lyonnais,24,75,80,5,9,5.0,100.0
2014/2015,Samuel Umtiti,Défenseur,Olympique Lyonnais,21,75,77,2,1,2.0,92.1
2014/2015,Corentin Tolisso,Milieu,Olympique Lyonnais,20,61,73,12,,11.0,97.4
2014/2015,Benoit Costil,Gardien,Stade Rennais FC,27,78,79,1,-1,1.0,100.0
2014/2015,Sylvain Armand,Défenseur,Stade Rennais FC,34,74,74,0,0,0.0,94.7
2014/2015,Danijel Subasic,Gardien,AS Monaco,30,75,80,5,4,5.0,97.4
2014/2015,Lavyin Kurzawa,Défenseur,AS Monaco,22,73,77,4,12,4.0,65.8
2014/2015,Rafidine Abdullah,Milieu,FC Lorient,20,62,67,5,0,4.0,47.4
2014/2015,Julien Faubert,Défenseur,Girondins de Bordeaux,31,69,70,1,0,1.0,28.9
2014/2015,Gregory Sertic,Milieu,Girondins de Bordeaux,25,75,75,0,1,0.0,63.2
2014/2015,Diego Rolan,Attaquant,Girondins de Bordeaux,21,71,74,3,2,3.0,73.7
2014/2015,Benjamin Bourigeaud,Milieu,RC Lens,20,59,64,5,,4.0,31.6
2014/2015,Niklas Hult,Milieu,OGC Nice,24,68,68,0,,0.0,52.6
2014/2015,Eric Bautheac,Milieu,OGC Nice,27,75,74,-1,0,-1.0,76.3
2014/2015,Jean Calve,Défenseur,SM Caen,30,67,67,0,,0.0,36.8
2014/2015,Jonas Loessl,Gardien,En Avant de Guingamp,25,65,73,8,,8.0,78.9
2014/2015,Steeve Yago,Défenseur,Toulouse FC,22,67,68,1,4,1.0,31.6
2014/2015,Abel Aguilar,Milieu,Toulouse FC,29,74,73,-1,-2,-1.0,47.4
2014/2015,Fabinho,Défenseur,AS Monaco,21,73,75,2,6,2.0,92.1
2014/2015,Andrea Raggi,Défenseur,AS Monaco,30,74,76,2,2,2.0,71.1
2014/2015,Pape Modou Sougou,Attaquant,Évian Thonon Gaillard FC,30,71,71,0,0,0.0,23.7
2014/2015,Kevin Berigaud,Attaquant,Montpellier Hérault SC,26,71,71,0,3,0.0,60.5
2014/2015,Valentin Lavigne,Attaquant,FC Lorient,20,60,67,7,,6.0,10.5
2014/2015,Serge Aurier,Défenseur,Paris Saint-Germain,22,74,77,3,-1,3.0,31.6
2014/2015,Clinton Njie,Attaquant,Olympique Lyonnais,21,59,67,8,,7.0,39.5
2014/2015,Marcel Tisserand,Défenseur,Toulouse FC,21,63,69,6,,5.0,44.7
2014/2015,Alexander Djiku,Défenseur,SC Bastia,20,56,56,0,,-1.0,5.3
2014/2015,Christian Bruels,Attaquant,Stade Rennais FC,26,71,72,1,1,1.0,15.8
2014/2015,Rachid Ghezzal,Attaquant,Olympique Lyonnais,22,69,70,1,,1.0,15.8
2014/2015,Jean-Armel Kana-Biyik,Défenseur,Toulouse FC,25,75,75,0,-1,0.0,34.2
2014/2015,Dany Nounkeu,Défenseur,Évian Thonon Gaillard FC,28,76,69,-7,,-7.0,36.8
2014/2015,Koffi Djidji,Défenseur,FC Nantes,22,64,64,0,7,-1.0,10.5
2014/2015,Anthony Weber,Défenseur,Stade de Reims,27,73,72,-1,2,-1.0,21.1
2015/2016,Seko Fofana,Milieu,SC Bastia,20,59,67,8,,5.0,65.8
2015/2016,Nicolas Pallois,Défenseur,Girondins de Bordeaux,28,74,76,2,5,0.0,44.7
2015/2016,Kossi Agassa,Gardien,Stade de Reims,37,74,73,-1,-4,-3.0,28.9
2015/2016,Djibril Sidibe,Défenseur,LOSC Lille,23,71,75,4,1,2.0,94.7
2015/2016,Sofiane Boufal,Attaquant,LOSC Lille,22,74,78,4,13,2.0,71.1
2015/2016,Maxwell,Défenseur,Paris Saint-Germain,34,77,79,2,0,1.0,63.2
2015/2016,Henri Bedimo,Défenseur,Olympique Lyonnais,31,75,76,1,-1,0.0,36.8
2015/2016,Jordan Ferri,Milieu,Olympique Lyonnais,23,74,76,2,3,0.0,68.4
2015/2016,Lamine Gassama,Défenseur,FC Lorient,26,70,71,1,1,-1.0,81.6
2015/2016,Vincent Le Goff,Défenseur,FC Lorient,26,69,72,3,8,1.0,50.0
2015/2016,Benjamin Jeannot,Attaquant,FC Lorient,23,71,73,2,5,0.0,50.0
2015/2016,Mathieu Deplagne,Défenseur,Montpellier Hérault SC,24,67,66,-1,0,-3.0,55.3
2015/2016,Paul Bastien Lasne,Milieu,Montpellier Hérault SC,26,71,73,2,5,0.0,15.8
2015/2016,Yacine Bammou,Milieu,FC Nantes,24,70,73,3,,1.0,44.7
2015/2016,Lars Jacobsen,Défenseur,En Avant de Guingamp,36,71,71,0,0,-2.0,81.6
2015/2016,Paul Baysse,Défenseur,OGC Nice,27,73,75,2,0,0.0,76.3
2015/2016,Valere Germain,Attaquant,OGC Nice,25,74,78,4,0,2.0,94.7
2015/2016,Ricardo Carvalho,Défenseur,AS Monaco,37,76,78,2,-1,1.0,86.8
2015/2016,Etienne Didot,Milieu,Toulouse FC,32,75,74,-1,0,-2.0,55.3
2015/2016,Florentin Pogba,Défenseur,AS Saint-Étienne,25,72,76,4,4,2.0,55.3
2015/2016,Francois Clerc,Défenseur,AS Saint-Étienne,32,74,72,-2,-1,-4.0,26.3
2015/2016,Yoann Court,Milieu,ES Troyes AC,25,66,67,1,,-1.0,28.9
2015/2016,Jerome Le Moigne,Milieu,GFC Ajaccio,32,67,68,1,7,-1.0,71.1
2015/2016,Mathieu Philippe Peybernes,Défenseur,SC Bastia,25,70,72,2,0,0.0,60.5
2015/2016,Ludovic Lamine Sane,Défenseur,Girondins de Bordeaux,28,76,78,2,2,1.0,28.9
2015/2016,Julien Cardy,Milieu,En Avant de Guingamp,34,64,64,0,,-3.0,10.5
2015/2016,Mustapha Diallo,Milieu,En Avant de Guingamp,29,70,71,1,4,-1.0,55.3
2015/2016,Jimmy Briand,Attaquant,En Avant de Guingamp,30,73,76,3,-2,1.0,86.8
2015/2016,Pape Abdou Paye,Défenseur,FC Lorient,25,65,68,3,,1.0,21.1
2015/2016,Romain Philippoteaux,Milieu,FC Lorient,27,72,72,0,7,-2.0,42.1
2015/2016,Wallace,Défenseur,AS Monaco,22,72,74,2,9,0.0,65.8
2015/2016,Lacina Traore,Attaquant,AS Monaco,25,76,75,-1,-2,-2.0,28.9
2015/2016,Mapou Yanga-Mbiwa,Défenseur,Olympique Lyonnais,26,77,78,1,1,0.0,71.1
2015/2016,Nicolas Seube,Milieu,SM Caen,36,67,72,5,1,3.0,63.2
2015/2016,Wallyson Mallmann,Attaquant,OGC Nice,21,69,71,2,,0.0,21.1
2015/2016,Alassane Toure,Défenseur,GFC Ajaccio,26,61,67,6,,3.0,28.9
2015/2016,Khalid Boutaib,Attaquant,GFC Ajaccio,28,61,67,6,,3.0,57.9
2015/2016,Mouhamadou Dabo,Défenseur,ES Troyes AC,29,70,71,1,-2,-1.0,36.8
2015/2016,Oswaldo Vizcarrondo,Défenseur,FC Nantes,31,76,74,-2,1,-3.0,76.3
2015/2016,Roderic Filippi,Défenseur,GFC Ajaccio,26,63,69,6,,3.0,55.3
2015/2016,Cheikh Mbengue,Défenseur,Stade Rennais FC,27,74,75,1,0,-1.0,55.3
2015/2016,Juan Quintero,Milieu,Stade Rennais FC,22,76,78,2,-2,1.0,23.7
2015/2016,Gregory van der Wiel,Défenseur,Paris Saint-Germain,27,77,78,1,2,0.0,42.1
2015/2016,Ezequiel Lavezzi,Attaquant,Paris Saint-Germain,30,79,78,-1,-4,-2.0,7.9
2015/2016,Hervin Ongenda,Attaquant,Paris Saint-Germain,20,67,69,2,3,0.0,10.5
2015/2016,Abdoulaye Toure,Milieu,FC Nantes,21,64,64,0,,-3.0,5.3
2015/2016,Mustapha Yatabare,Attaquant,Montpellier Hérault SC,29,73,70,-3,-2,-5.0,39.5
2015/2016,Renaud Cohade,Milieu,AS Saint-Étienne,31,75,73,-2,0,-3.0,36.8
2015/2016,Reynald Lemaitre,Défenseur,En Avant de Guingamp,32,68,69,1,0,-1.0,13.2
2015/2016,Morgan Sanson,Milieu,Montpellier Hérault SC,21,74,77,3,3,1.0,15.8
2015/2016,Maxime Dupe,Gardien,FC Nantes,22,69,69,0,7,-2.0,18.4
2015/2016,Romain Danze,Défenseur,Stade Rennais FC,29,74,75,1,1,-1.0,50.0
2015/2016,Abdou Traore,Milieu,Girondins de Bordeaux,27,70,70,0,0,-2.0,10.5
2015/2016,Saidi Ntibazonkiza,Milieu,SM Caen,28,71,70,-1,,-3.0,15.8
2012/2013,Roman Weidenfeller,Gardien,Borussia Dortmund,32,82,82,0,,0.0,91.2
2012/2013,Clemens Fritz,Défenseur,SV Werder Bremen,32,76,74,-2,,-2.0,52.9
2012/2013,Marko Arnautovic,Attaquant,SV Werder Bremen,23,76,77,1,,1.0,61.8
2012/2013,Eljero Elia,Attaquant,SV Werder Bremen,25,79,77,-2,,-2.0,64.7
2012/2013,Christian Pander,Défenseur,Hannover 96,29,76,74,-2,,-2.0,32.4
2012/2013,Lars Stindl,Milieu,Hannover 96,24,75,77,2,,2.0,50.0
2012/2013,Didier Konan Ya,Milieu,Hannover 96,28,77,78,1,,1.0,61.8
2012/2013,Maza,Défenseur,VfB Stuttgart,31,76,77,1,,1.0,26.5
2012/2013,Martin Harnik,Attaquant,VfB Stuttgart,25,76,78,2,,2.0,85.3
2012/2013,Vedad Ibisevic,Attaquant,VfB Stuttgart,28,76,79,3,,3.0,88.2
2012/2013,Naldo,Défenseur,VfL Wolfsburg,30,81,80,-1,,-1.0,91.2
2012/2013,Robin Knoche,Milieu,VfL Wolfsburg,20,66,67,1,,1.0,23.5
2012/2013,Diego,Milieu,VfL Wolfsburg,27,83,84,1,,1.0,94.1
2012/2013,Immanuel Hoehn,Défenseur,SC Freiburg,21,60,68,8,,6.0,14.7
2012/2013,Nikolce Noveski,Défenseur,1. FSV Mainz 05,33,73,74,1,,1.0,94.1
2012/2013,Paul Verhaegh,Défenseur,FC Augsburg,29,72,73,1,,1.0,47.1
2012/2013,Sebastian Langkamp,Défenseur,FC Augsburg,24,69,71,2,,2.0,32.4
2012/2013,Jens Langeneke,Défenseur,Fortuna Düsseldorf,35,69,70,1,,1.0,47.1
2012/2013,Adam Bodzek,Milieu,Fortuna Düsseldorf,27,68,72,4,,4.0,85.3
2012/2013,Robbie Kruse,Milieu,Fortuna Düsseldorf,24,66,74,8,,8.0,85.3
2012/2013,Dennis Aogo,Milieu,Hamburger SV,25,76,75,-1,,-1.0,64.7
2012/2013,Per Ciljan Skjelbred,Milieu,Hamburger SV,25,74,72,-2,,-2.0,44.1
2012/2013,Jacopo Sala,Milieu,Hamburger SV,21,69,69,0,,0.0,5.9
2012/2013,Heung-Min Son,Attaquant,Hamburger SV,20,74,75,1,,1.0,91.2
2012/2013,Raphael Schaefer,Gardien,1. FC Nürnberg,33,76,76,0,,0.0,91.2
2012/2013,Alexander Esswein,Milieu,1. FC Nürnberg,22,73,71,-2,,-2.0,55.9
2012/2013,Carlos Zambrano,Défenseur,Eintracht Frankfurt,23,73,75,2,,2.0,88.2
2012/2013,Stefan Aigner,Milieu,Eintracht Frankfurt,25,70,75,5,,5.0,100.0
2012/2013,Karim Bellarabi,Attaquant,Bayer 04 Leverkusen,22,67,72,5,,5.0,14.7
2012/2013,Bernd Nehrig,Défenseur,SpVgg Greuther Fürth,26,66,69,3,,3.0,70.6
2012/2013,Xherdan Shaqiri,Milieu,FC Bayern Munich,21,78,79,1,,1.0,38.2
2012/2013,Boris Vukcevic,Milieu,TSG 1899 Hoffenheim,22,72,71,-1,,-1.0,11.8
2012/2013,Lukasz Piszczek,Défenseur,Borussia Dortmund,27,78,82,4,,4.0,82.4
2012/2013,Michael Rensing,Gardien,Bayer 04 Leverkusen,28,78,77,-1,,-1.0,5.9
2012/2013,Andreas Lambertz,Milieu,Fortuna Düsseldorf,28,69,70,1,,1.0,76.5
2012/2013,Ragnar Klavan,Défenseur,FC Augsburg,27,69,71,2,,2.0,85.3
2012/2013,Nils Petersen,Attaquant,SV Werder Bremen,24,75,76,1,,1.0,88.2
2012/2013,Joselu,Attaquant,TSG 1899 Hoffenheim,22,66,72,6,,6.0,50.0
2012/2013,Lars Unnerstall,Gardien,FC Schalke 04,22,71,74,3,,3.0,38.2
2012/2013,Bastian Schweinsteiger,Milieu,FC Bayern Munich,28,87,87,0,,0.0,79.4
2012/2013,Sven Bender,Milieu,Borussia Dortmund,23,81,81,0,,0.0,44.1
2012/2013,Mohammed Abdellaoue,Attaquant,Hannover 96,27,79,79,0,,0.0,35.3
2012/2013,Sejad Salihovic,Milieu,TSG 1899 Hoffenheim,28,76,77,1,,1.0,41.2
2012/2013,Chinedu Obasi,Attaquant,FC Schalke 04,26,76,73,-3,,-3.0,5.9
2012/2013,Teemu Pukki,Attaquant,FC Schalke 04,22,73,72,-1,,-1.0,5.9
2012/2013,Stephan Schrock,Milieu,TSG 1899 Hoffenheim,26,70,71,1,,1.0,17.6
2012/2013,Heiko Butscher,Défenseur,Eintracht Frankfurt,32,73,69,-4,,-4.0,5.9
2012/2013,Antonio Ruediger,Défenseur,VfB Stuttgart,19,60,67,7,,5.0,32.4
2012/2013,Robert Mak,Milieu,1. FC Nürnberg,21,70,69,-1,,-1.0,26.5
2012/2013,Luis Advincula,Milieu,TSG 1899 Hoffenheim,22,67,67,0,,0.0,2.9
2012/2013,Mitchell Langerak,Gardien,Borussia Dortmund,24,68,69,1,,1.0,8.8
2012/2013,Jozsef Varga,Milieu,SpVgg Greuther Fürth,24,69,71,2,,2.0,17.6
2012/2013,Florian Trinks,Milieu,SpVgg Greuther Fürth,20,68,68,0,,0.0,2.9
2013/2014,Granit Xhaka,Milieu,Borussia Mönchengladbach,21,74,76,2,3,2.0,67.6
2013/2014,Heinz Mueller,Gardien,1. FSV Mainz 05,35,74,71,-3,-1,-3.0,29.4
2013/2014,Zdenek Pospech,Défenseur,1. FSV Mainz 05,35,74,75,1,0,1.0,100.0
2013/2014,Johannes Geis,Milieu,1. FSV Mainz 05,20,62,74,12,5,11.0,91.2
2013/2014,Sebastian Polter,Milieu,1. FSV Mainz 05,22,70,69,-1,3,-1.0,17.6
2013/2014,Eugen Polanski,Milieu,TSG 1899 Hoffenheim,27,74,75,1,,1.0,94.1
2013/2014,Kevin Volland,Milieu,TSG 1899 Hoffenheim,21,74,79,5,4,5.0,94.1
2013/2014,Javier Pinola,Défenseur,1. FC Nürnberg,30,73,72,-1,-1,-1.0,55.9
2013/2014,Jermaine Jones,Milieu,FC Schalke 04,32,77,76,-1,0,-1.0,26.5
2013/2014,Tolgay Arslan,Milieu,Hamburger SV,23,71,72,1,4,1.0,79.4
2013/2014,Omer Toprak,Défenseur,Bayer 04 Leverkusen,24,76,79,3,2,3.0,79.4
2013/2014,Oliver Sorg,Défenseur,SC Freiburg,23,72,71,-1,10,-1.0,91.2
2013/2014,Ron-Robert Zieler,Gardien,Hannover 96,24,78,78,0,0,0.0,100.0
2013/2014,Edgar Prib,Milieu,Hannover 96,24,73,74,1,3,1.0,50.0
2013/2014,Matthias Ostrzolek,Défenseur,FC Augsburg,23,71,72,1,5,1.0,97.1
2013/2014,Pierre-Emerick Aubameyang,Milieu,Borussia Dortmund,24,80,80,0,5,0.0,61.8
2013/2014,Marco Reus,Milieu,Borussia Dortmund,24,84,85,1,2,1.0,76.5
2013/2014,Ken Reichel,Défenseur,Eintracht Braunschweig,27,68,68,0,,0.0,79.4
2013/2014,Alexander Baumjohann,Milieu,Hertha BSC Berlin,26,73,74,1,,1.0,14.7
2013/2014,Sead Kolasinac,Défenseur,FC Schalke 04,20,68,72,4,11,4.0,61.8
2013/2014,Roel Brouwers,Défenseur,Borussia Mönchengladbach,32,75,74,-1,2,-1.0,14.7
2013/2014,Anderson,Défenseur,Eintracht Frankfurt,25,73,75,2,4,2.0,44.1
2013/2014,Philipp Wollscheid,Défenseur,Bayer 04 Leverkusen,24,78,78,0,2,0.0,38.2
2013/2014,Emre Can,Milieu,Bayer 04 Leverkusen,19,66,73,7,,7.0,70.6
2013/2014,Simon Rolfes,Milieu,Bayer 04 Leverkusen,31,79,78,-1,-2,-1.0,64.7
2013/2014,Timothy Chandler,Défenseur,1. FC Nürnberg,23,74,73,-1,1,-1.0,55.9
2013/2014,Josip Drmic,Attaquant,1. FC Nürnberg,21,64,75,11,1,10.0,88.2
2013/2014,Tobias Strobl,Défenseur,TSG 1899 Hoffenheim,23,65,69,4,,4.0,55.9
2013/2014,Ivan Perisic,Milieu,VfL Wolfsburg,24,77,77,0,,0.0,70.6
2013/2014,Timo Perthel,Défenseur,Eintracht Braunschweig,24,65,66,1,,1.0,23.5
2013/2014,Orhan Ademi,Attaquant,Eintracht Braunschweig,22,65,67,2,,2.0,23.5
2013/2014,Dominik Kumbela,Attaquant,Eintracht Braunschweig,29,74,72,-2,,-2.0,58.8
2013/2014,Franco Di Santo,Attaquant,SV Werder Bremen,24,72,73,1,2,1.0,61.8
2013/2014,Martin Lanig,Milieu,Eintracht Frankfurt,29,73,72,-1,-1,-1.0,35.3
2013/2014,Felipe Santana,Défenseur,FC Schalke 04,27,77,76,-1,0,-1.0,38.2
2013/2014,Philipp Bargfrede,Milieu,SV Werder Bremen,24,72,72,0,-1,0.0,50.0
2013/2014,Marc Pfitzner,Milieu,Eintracht Braunschweig,29,67,67,0,,0.0,17.6
2013/2014,Jiloan Hamad,Milieu,TSG 1899 Hoffenheim,23,70,71,1,,1.0,2.9
2013/2014,Mensur Mujdza,Défenseur,SC Freiburg,29,72,73,1,1,1.0,20.6
2013/2014,Zhi-Gin Lam,Défenseur,Hamburger SV,22,67,66,-1,0,-1.0,20.6
2013/2014,Ola John,Milieu,Hamburger SV,21,77,75,-2,3,-2.0,8.8
2013/2014,Niko Bungert,Défenseur,1. FSV Mainz 05,27,73,73,0,1,0.0,14.7
2013/2014,Martin Angha,Défenseur,1. FC Nürnberg,19,63,64,1,,0.0,32.4
2013/2014,Alexander Schwolow,Gardien,SC Freiburg,21,62,67,5,,4.0,2.9
2013/2014,Jan Washausen,Milieu,Eintracht Braunschweig,25,60,60,0,,-1.0,2.9
2014/2015,Juan Bernat,Défenseur,FC Bayern Munich,21,71,77,6,0,6.0,82.4
2014/2015,Thomas Mueller,Attaquant,FC Bayern Munich,25,85,86,1,1,1.0,82.4
2014/2015,Max Gruen,Gardien,VfL Wolfsburg,27,71,70,-1,0,-1.0,8.8
2014/2015,Sebastian Jung,Défenseur,VfL Wolfsburg,24,76,76,0,0,0.0,50.0
2014/2015,Ricardo Rodriguez,Défenseur,VfL Wolfsburg,22,79,81,2,5,2.0,76.5
2014/2015,Sebastian Kehl,Milieu,Borussia Dortmund,34,78,78,0,-1,0.0,58.8
2014/2015,Bernd Leno,Gardien,Bayer 04 Leverkusen,22,82,83,1,2,1.0,100.0
2014/2015,Sven Ulreich,Gardien,VfB Stuttgart,26,79,77,-2,-1,-2.0,82.4
2014/2015,Daniel Schwaab,Défenseur,VfB Stuttgart,26,74,74,0,0,0.0,79.4
2014/2015,Alexandru Maxim,Milieu,VfB Stuttgart,24,77,76,-1,5,-1.0,44.1
2014/2015,Adam Szalai,Attaquant,TSG 1899 Hoffenheim,27,76,76,0,-1,0.0,38.2
2014/2015,Daniel Baier,Milieu,FC Augsburg,30,76,78,2,2,2.0,100.0
2014/2015,Tobias Werner,Milieu,FC Augsburg,29,73,74,1,2,1.0,88.2
2014/2015,Ralf Faehrmann,Gardien,FC Schalke 04,26,77,79,2,4,2.0,73.5
2014/2015,Benedikt Hoewedes,Défenseur,FC Schalke 04,26,81,82,1,-1,1.0,82.4
2014/2015,Kaan Ayhan,Défenseur,FC Schalke 04,20,63,68,5,4,4.0,29.4
2014/2015,Makoto Hasebe,Milieu,Eintracht Frankfurt,30,74,74,0,-1,0.0,97.1
2014/2015,Takashi Inui,Milieu,Eintracht Frankfurt,26,74,73,-1,-1,-1.0,61.8
2014/2015,Marc-Oliver Kempf,Défenseur,SC Freiburg,19,60,68,8,1,7.0,29.4
2014/2015,Miso Brecko,Défenseur,1. FC Köln,30,69,69,0,,0.0,50.0
2014/2015,Daniel Halfar,Milieu,1. FC Köln,26,72,72,0,,0.0,41.2
2014/2015,Daniel Brueckner,Défenseur,SC Paderborn 07,33,66,65,-1,,-1.0,67.6
2014/2015,Shinji Okazaki,Attaquant,1. FSV Mainz 05,28,76,77,1,1,1.0,91.2
2014/2015,Mats Hummels,Défenseur,Borussia Dortmund,26,85,86,1,0,1.0,67.6
2014/2015,Raul Marcelo Bobadilla,Milieu,FC Augsburg,27,74,75,1,,1.0,91.2
2014/2015,Yunus Malli,Milieu,1. FSV Mainz 05,22,70,72,2,0,2.0,70.6
2014/2015,Theodor Gebre Selassie,Défenseur,SV Werder Bremen,28,72,73,1,-2,1.0,73.5
2014/2015,Alexander Meier,Attaquant,Eintracht Frankfurt,31,76,78,2,0,2.0,70.6
2014/2015,Nicolai Mueller,Milieu,Hamburger SV,27,77,75,-2,3,-2.0,70.6
2014/2015,Marc Torrejon Moya,Défenseur,SC Freiburg,28,72,72,0,,0.0,50.0
2014/2015,Nicolas Hoefler,Milieu,SC Freiburg,24,66,68,2,1,2.0,44.1
2014/2015,Marcel Ndjeng,Défenseur,Hertha BSC Berlin,32,67,67,0,-2,0.0,32.4
2014/2015,Valentin Stocker,Milieu,Hertha BSC Berlin,25,79,78,-1,4,-1.0,64.7
2014/2015,Marvin Plattenhardt,Défenseur,Hertha BSC Berlin,22,73,72,-1,4,-1.0,41.2
2014/2015,Rafinha,Défenseur,FC Bayern Munich,29,77,77,0,1,0.0,70.6
2014/2015,Felix Klaus,Milieu,SC Freiburg,22,69,71,2,1,2.0,79.4
2014/2015,Moritz Leitner,Milieu,VfB Stuttgart,22,74,73,-1,0,-1.0,38.2
2014/2015,Anis Ben-Hatira,Milieu,Hertha BSC Berlin,26,74,72,-2,2,-2.0,32.4
2014/2015,Ilkay Guendogan,Milieu,Borussia Dortmund,24,83,82,-1,1,-1.0,64.7
2014/2015,Johannes van den Bergh,Défenseur,Hertha BSC Berlin,28,72,70,-2,1,-2.0,11.8
2014/2015,Mahir Saglik,Attaquant,SC Paderborn 07,31,67,68,1,,1.0,8.8
2014/2015,Bas Dost,Attaquant,VfL Wolfsburg,25,76,77,1,-1,1.0,50.0
2014/2015,Oliver Kirch,Défenseur,Borussia Dortmund,32,69,72,3,1,3.0,14.7
2014/2015,Marcel De Jong,Défenseur,FC Augsburg,28,69,68,-1,0,-1.0,2.9
2015/2016,Emir Spahic,Défenseur,Hamburger SV,35,79,78,-1,0,-2.0,76.5
2015/2016,Marcel Schmelzer,Défenseur,Borussia Dortmund,27,78,78,0,0,-1.0,64.7
2015/2016,Tony Jantschke,Défenseur,Borussia Mönchengladbach,25,78,79,1,2,0.0,23.5
2015/2016,Jonathan Glao Tah,Défenseur,Bayer 04 Leverkusen,19,69,76,7,,5.0,85.3
2015/2016,Christoph Kramer,Milieu,Bayer 04 Leverkusen,24,77,78,1,2,0.0,82.4
2015/2016,Oliver Baumann,Gardien,TSG 1899 Hoffenheim,25,78,78,0,0,-1.0,97.1
2015/2016,Niklas Suele,Défenseur,TSG 1899 Hoffenheim,20,75,79,4,6,3.0,97.1
2015/2016,Joshua Guilavogui,Milieu,VfL Wolfsburg,25,77,79,2,3,1.0,76.5
2015/2016,Luc Castaignos,Attaquant,Eintracht Frankfurt,23,74,75,1,1,-1.0,35.3
2015/2016,Dominique Heintz,Défenseur,1. FC Köln,22,68,75,7,,5.0,94.1
2015/2016,Milos Jojic,Milieu,1. FC Köln,23,74,74,0,0,-2.0,5.9
2015/2016,Yannick Gerhardt,Milieu,1. FC Köln,21,70,75,5,2,3.0,64.7
2015/2016,Peter Pekarik,Défenseur,Hertha BSC Berlin,29,74,76,2,0,0.0,35.3
2015/2016,Zlatko Junuzovic,Milieu,SV Werder Bremen,28,77,78,1,2,0.0,76.5
2015/2016,Leon Goretzka,Milieu,FC Schalke 04,20,73,77,4,2,2.0,67.6
2015/2016,Benjamin Huebner,Défenseur,FC Ingolstadt 04,26,69,74,5,,3.0,88.2
2015/2016,Christian Mathenia,Gardien,SV Darmstadt 98,23,66,72,6,,4.0,97.1
2015/2016,Marco Sailer,Attaquant,SV Darmstadt 98,30,64,66,2,,-1.0,8.8
2015/2016,Peter Niemeyer,Milieu,SV Darmstadt 98,32,70,71,1,-1,-1.0,91.2
2015/2016,Dominik Stroh-Engel,Attaquant,SV Darmstadt 98,30,68,69,1,,-1.0,17.6
2015/2016,Marcelo,Défenseur,Hannover 96,28,73,75,2,2,0.0,55.9
2015/2016,Dominic Maroh,Défenseur,1. FC Köln,28,73,75,2,1,0.0,67.6
2015/2016,Philipp Max,Défenseur,FC Augsburg,22,63,70,7,,4.0,67.6
2015/2016,Carlos Gruezo,Milieu,VfB Stuttgart,20,70,70,0,1,-2.0,2.9
2015/2016,Leon Andreasen,Milieu,Hannover 96,32,75,74,-1,1,-2.0,38.2
2015/2016,Ermin Bicakcic,Défenseur,TSG 1899 Hoffenheim,25,75,76,1,2,0.0,52.9
2015/2016,Junior Diaz,Défenseur,SV Darmstadt 98,32,72,70,-2,1,-4.0,26.5
2015/2016,Dante,Défenseur,VfL Wolfsburg,32,81,80,-1,-3,-2.0,67.6
2015/2016,Slobodan Medojevic,Milieu,Eintracht Frankfurt,25,72,73,1,0,-1.0,17.6
2015/2016,Neven Subotic,Défenseur,Borussia Dortmund,27,81,79,-2,-1,-3.0,14.7
2015/2016,David Kinsombi,Défenseur,Eintracht Frankfurt,20,60,63,3,,0.0,2.9
2015/2016,Dusan Svento,Milieu,1. FC Köln,30,69,70,1,7,-1.0,5.9
2015/2016,Danny da Costa,Défenseur,FC Ingolstadt 04,22,68,69,1,,-1.0,50.0
2015/2016,Andrej Kramaric,Attaquant,TSG 1899 Hoffenheim,24,73,74,1,,-1.0,35.3
2015/2016,Marco Hoeger,Milieu,FC Schalke 04,26,77,77,0,1,-1.0,8.8
2015/2016,Patrick Herrmann,Milieu,Borussia Mönchengladbach,24,78,81,3,1,2.0,14.7
2015/2016,Lukas Froede,Milieu,SV Werder Bremen,20,58,59,1,,-2.0,2.9
2015/2016,Marius Wolf,Attaquant,Hannover 96,20,62,66,4,,1.0,5.9
2015/2016,Melvyn Lorenzen,Milieu,SV Werder Bremen,21,61,63,2,1,-1.0,2.9
2012/2013,Stephane Bahoken,Attaquant,OGC Nice,20,55,60,5,,3.0,7.9
2012/2013,Khassa Camara,Milieu,ES Troyes AC,20,56,56,0,,-2.0,2.6
2012/2013,Anders Konradsen,Milieu,Stade Rennais FC,22,69,72,3,,3.0,2.6
2013/2014,Macedo Novaes,Gardien,Valenciennes FC,30,64,64,0,-3,-1.0,26.3
2013/2014,Mouez Hassen,Gardien,OGC Nice,18,57,61,4,,3.0,10.5
2013/2014,Fabien Robert,Milieu,FC Lorient,24,61,63,2,-1,1.0,5.3
2013/2014,Sergio Romero,Gardien,AS Monaco,26,77,72,-5,0,-5.0,5.3
2013/2014,Diego,Milieu,Stade de Reims,25,72,70,-2,2,-2.0,7.9
2013/2014,Abdoulaye Keita,Milieu,SC Bastia,19,60,60,0,,-1.0,2.6
2015/2016,Chaouki Ben Saada,Milieu,ES Troyes AC,31,65,66,1,,-1.0,21.1
2015/2016,Antoine Conte,Défenseur,Stade de Reims,21,70,70,0,5,-2.0,28.9
2015/2016,Gautier Lloris,Défenseur,OGC Nice,20,61,63,2,,-1.0,2.6
2015/2016,Olivier Kemen,Milieu,Olympique Lyonnais,19,56,58,2,,-1.0,2.6
2012/2013,Stefan Bell,Défenseur,1. FSV Mainz 05,21,65,66,1,,1.0,14.7
2012/2013,Peniel Kokou Mlapa,Attaquant,Borussia Mönchengladbach,21,73,72,-1,,-1.0,8.8
2013/2014,Junior Malanda-Adje,Milieu,VfL Wolfsburg,19,69,72,3,,3.0,14.7
2013/2014,Hany Mukhtar,Attaquant,Hertha BSC Berlin,18,62,65,3,,2.0,5.9
2014/2015,Rune Almenning Jarstein,Gardien,Hertha BSC Berlin,30,71,70,-1,0,-1.0,2.9
2014/2015,Dani Schahin,Attaquant,SC Freiburg,25,68,67,-1,-2,-1.0,2.9
2014/2015,Claudio Pizarro,Attaquant,FC Bayern Munich,36,79,78,-1,-2,-1.0,5.9
2014/2015,Thomas Kessler,Gardien,1. FC Köln,28,69,69,0,,0.0,2.9
2015/2016,Sebastian Rode,Milieu,FC Bayern Munich,25,78,79,1,1,0.0,8.8
2015/2016,Christoph Janker,Défenseur,FC Augsburg,30,66,69,3,-2,1.0,8.8
2015/2016,Paul Seguin,Milieu,VfL Wolfsburg,20,60,59,-1,,-4.0,5.9
2015/2016,Lukasz Zaluska,Gardien,SV Darmstadt 98,33,66,67,1,0,-1.0,2.9
2015/2016,Tobias Sippel,Gardien,Borussia Mönchengladbach,27,71,73,2,,0.0,5.9
2012/2013,Braga,Milieu,Rio Ave FC,29,72,71,-1,,-1.0,70.0
2012/2013,Joao Tomas,Attaquant,Rio Ave FC,37,75,75,0,,0.0,30.0
2012/2013,Heldon,Attaquant,CS Marítimo,24,66,72,6,,6.0,56.7
2012/2013,Eduardo Gottardi,Gardien,CD Nacional,27,69,69,0,,0.0,70.0
2012/2013,Mexer,Défenseur,CD Nacional,24,69,69,0,,0.0,93.3
2012/2013,Bruno Amaro,Milieu,Vitória Setúbal,29,69,71,2,,2.0,96.7
2012/2013,Cristiano,Attaquant,Vitória Setúbal,29,70,71,1,,1.0,56.7
2012/2013,Paulo Vinicius,Défenseur,SC Braga,28,72,73,1,,1.0,63.3
2012/2013,Andre Leao,Milieu,FC Paços de Ferreira,27,67,73,6,,6.0,96.7
2012/2013,Vinicius,Milieu,Moreirense FC,26,63,67,4,,2.0,93.3
2012/2013,Ricardo,Gardien,S.C. Olhanense,36,66,66,0,,0.0,16.7
2012/2013,Hugo Leal,Milieu,Estoril Praia,32,73,68,-5,,-5.0,13.3
2012/2013,Douglas,Gardien,Vitória Guimarães,29,66,70,4,,4.0,96.7
2012/2013,Issam El Adoua,Défenseur,Vitória Guimarães,26,67,68,1,,1.0,63.3
2012/2013,Luis Carlos,Attaquant,Gil Vicente FC,25,69,70,1,,1.0,70.0
2012/2013,Lucho Gonzalez,Milieu,FC Porto,31,80,81,1,,1.0,96.7
2012/2013,Jan Oblak,Gardien,Rio Ave FC,19,66,74,8,,8.0,93.3
2012/2013,Jeferson,Défenseur,Rio Ave FC,26,67,66,-1,,-1.0,3.3
2012/2013,Carlos Martins,Milieu,SL Benfica,30,77,77,0,,0.0,10.0
2012/2013,Jaime,Défenseur,SC Beira Mar,23,60,65,5,,3.0,63.3
2012/2013,Nivaldo,Défenseur,Académica de Coimbra,24,59,65,6,,4.0,20.0
2012/2013,Steven Defour,Milieu,FC Porto,24,78,77,-1,,-1.0,46.7
2012/2013,Edinho,Attaquant,Académica de Coimbra,30,67,70,3,,3.0,60.0
2012/2013,Kalidou Coulibaly Yero,Attaquant,Gil Vicente FC,21,65,66,1,,1.0,40.0
2012/2013,Sergio Romeo Marakis,Milieu,CS Marítimo,21,60,63,3,,1.0,20.0
2012/2013,Alberto Rodriguez,Défenseur,Rio Ave FC,28,78,73,-5,,-5.0,36.7
2012/2013,Carlao,Attaquant,SC Braga,26,71,71,0,,0.0,26.7
2012/2013,Igor Rocha,Défenseur,Vitória Setúbal,28,62,61,-1,,-3.0,3.3
2012/2013,Dani Abalo,Milieu,SC Beira Mar,25,65,66,1,,1.0,20.0
2012/2013,Andre Martins,Milieu,Sporting CP,22,70,74,4,,4.0,23.3
2012/2013,Cristiano,Gardien,SC Braga,22,65,65,0,,0.0,3.3
2012/2013,Santiago Arias,Défenseur,Sporting CP,20,67,69,2,,2.0,3.3
2013/2014,Marcelo,Défenseur,Rio Ave FC,24,71,71,0,5,0.0,80.0
2013/2014,Goncalo Santos,Milieu,Estoril Praia,27,67,73,6,,6.0,86.7
2013/2014,Evandro Goebel,Milieu,Estoril Praia,27,69,75,6,,6.0,93.3
2013/2014,Luis Leal,Attaquant,Estoril Praia,26,70,71,1,6,1.0,33.3
2013/2014,Miguel Rodrigues,Défenseur,CD Nacional,20,63,71,8,,7.0,96.7
2013/2014,Luis Martins,Défenseur,Gil Vicente FC,21,64,68,4,-1,3.0,73.3
2013/2014,Alphousseyni Keita,Milieu,Gil Vicente FC,28,65,65,0,1,0.0,40.0
2013/2014,Ivanildo,Milieu,Académica de Coimbra,27,69,69,0,-2,0.0,56.7
2013/2014,Pedro Correia,Défenseur,Vitória Guimarães,26,60,62,2,,1.0,40.0
2013/2014,Joao Moreno,Défenseur,Vitória Guimarães,32,68,70,2,7,2.0,73.3
2013/2014,Leonel Olimpio,Milieu,Vitória Guimarães,31,72,71,-1,2,-1.0,70.0
2013/2014,Artur,Gardien,SL Benfica,32,79,76,-3,-2,-3.0,43.3
2013/2014,Filip Djuricic,Milieu,SL Benfica,21,77,75,-2,4,-2.0,16.7
2013/2014,Filipe Anunciacao,Milieu,FC Paços de Ferreira,34,67,64,-3,0,-3.0,46.7
2013/2014,Eduardo,Gardien,SC Braga,31,75,73,-2,,-2.0,96.7
2013/2014,Baiano,Défenseur,SC Braga,26,72,71,-1,1,-1.0,56.7
2013/2014,Luiz Carlos,Milieu,SC Braga,28,72,73,1,12,1.0,76.7
2013/2014,Alan,Attaquant,SC Braga,34,77,76,-1,-2,-1.0,66.7
2013/2014,William Carvalho,Milieu,Sporting CP,21,64,78,14,3,13.0,96.7
2013/2014,Andre Carrillo,Attaquant,Sporting CP,22,77,77,0,1,0.0,56.7
2013/2014,Javier Cohene,Défenseur,Vitória Setúbal,26,68,68,0,2,0.0,56.7
2013/2014,Andre Santos,Milieu,Vitória Guimarães,24,70,71,1,-5,1.0,70.0
2013/2014,Cesar Peixoto,Milieu,Gil Vicente FC,33,70,71,1,-1,1.0,56.7
2013/2014,Vid Belec,Gardien,S.C. Olhanense,23,69,69,0,,0.0,73.3
2013/2014,Liban Abdi,Milieu,Académica de Coimbra,25,71,71,0,,0.0,33.3
2013/2014,Andre Almeida,Défenseur,SL Benfica,23,71,72,1,2,1.0,23.3
2013/2014,Joao Pedro Galvao,Attaquant,Estoril Praia,21,68,71,3,,3.0,53.3
2013/2014,Chris Malonga,Attaquant,Vitória Guimarães,26,65,66,1,-1,1.0,36.7
2013/2014,Fidelis,Milieu,CS Marítimo,24,65,66,1,5,1.0,3.3
2013/2014,Salim Cisse,Attaquant,FC Arouca,21,68,68,0,,0.0,6.7
2013/2014,Giovanaz Assis,Gardien,Vitória Guimarães,24,64,64,0,,-1.0,3.3
2013/2014,Ricardo,Gardien,Estoril Praia,23,67,67,0,,0.0,3.3
2013/2014,Emidio Rafael,Défenseur,Estoril Praia,27,66,66,0,,0.0,3.3
2013/2014,Steven Vitoria,Défenseur,SL Benfica,26,73,71,-2,,-2.0,3.3
2013/2014,Diogo Coelho,Défenseur,CD Nacional,20,57,57,0,,-1.0,3.3
2013/2014,Rodrigo,Milieu,CS Marítimo,24,63,67,4,,3.0,3.3
2014/2015,Nuno Piloto,Milieu,Académica de Coimbra,32,65,64,-1,-1,-1.0,67.6
2014/2015,Adrien Silva,Milieu,Sporting CP,25,78,78,0,2,0.0,79.4
2014/2015,Mano,Défenseur,Estoril Praia,27,68,70,2,3,2.0,44.1
2014/2015,Ruben Fernandes,Défenseur,Estoril Praia,28,70,73,3,,3.0,91.2
2014/2015,Maximiliano Pereira,Défenseur,SL Benfica,30,76,78,2,-1,2.0,94.1
2014/2015,Ricardo Ferreira,Défenseur,FC Paços de Ferreira,22,62,63,1,3,0.0,23.5
2014/2015,Minhoca,Milieu,FC Paços de Ferreira,26,64,71,7,,6.0,55.9
2014/2015,Adriano Facchini,Gardien,Gil Vicente FC,31,69,70,1,1,1.0,100.0
2014/2015,Luan,Milieu,Gil Vicente FC,26,66,65,-1,5,-1.0,29.4
2014/2015,Nii Plange,Défenseur,Vitória Guimarães,25,64,65,1,0,0.0,35.3
2014/2015,Andre Andre,Milieu,Vitória Guimarães,25,71,79,8,3,8.0,91.2
2014/2015,Miguel Pedro,Attaquant,Vitória Setúbal,31,67,68,1,-1,1.0,61.8
2014/2015,Joao Schimdt,Milieu,Vitória Setúbal,21,64,68,4,,3.0,73.5
2014/2015,Grilo,Défenseur,FC Penafiel,23,62,63,1,,0.0,8.8
2014/2015,Rafa Sousa,Milieu,FC Penafiel,26,65,65,0,,0.0,61.8
2014/2015,Joao Meira,Défenseur,CF Os Belenenses,27,67,68,1,,1.0,47.1
2014/2015,Miguel Rosa,Milieu,CF Os Belenenses,25,69,72,3,-1,3.0,73.5
2014/2015,Aderlan Santos,Défenseur,SC Braga,25,72,77,5,4,5.0,91.2
2014/2015,Tinoco,Défenseur,FC Arouca,28,66,66,0,,0.0,38.2
2014/2015,Reuben Gabriel,Milieu,Boavista FC,24,63,64,1,,0.0,44.1
2014/2015,Pele,Milieu,CF Os Belenenses,23,66,69,3,,3.0,70.6
2014/2015,Fredy,Milieu,CF Os Belenenses,24,70,70,0,,0.0,29.4
2014/2015,Joao Aurelio,Défenseur,CD Nacional,26,66,70,4,2,4.0,91.2
2014/2015,Edgar Abreu,Milieu,CD Nacional,20,59,60,1,,0.0,8.8
2014/2015,Moussa Maazou,Attaquant,CS Marítimo,26,69,74,5,,5.0,38.2
2014/2015,Tiago Silva,Milieu,CF Os Belenenses,21,71,69,-2,,-2.0,14.7
2014/2015,Briguel,Défenseur,CS Marítimo,35,63,61,-2,-2,-3.0,29.4
2014/2015,Loris Benito,Défenseur,SL Benfica,22,63,67,4,6,3.0,2.9
2014/2015,Tiago Rodrigues,Milieu,CD Nacional,22,70,69,-1,1,-1.0,50.0
2014/2015,Quincy Owusu-Abeyie,Attaquant,Boavista FC,28,70,72,2,,2.0,14.7
2014/2015,Rafael Crivellaro,Milieu,Vitória Guimarães,25,68,68,0,5,0.0,2.9
2014/2015,Ricardo Pereira,Défenseur,FC Porto,21,69,70,1,-1,1.0,14.7
2014/2015,Pedro Santos,Milieu,SC Braga,26,70,72,2,-1,2.0,29.4
2014/2015,Otavio,Milieu,Vitória Guimarães,19,68,69,1,,1.0,20.6
2015/2016,Hugo Ventura,Gardien,CF Os Belenenses,27,69,71,2,2,0.0,82.4
2015/2016,Filipe Ferreira,Défenseur,CF Os Belenenses,25,66,71,5,1,3.0,64.7
2015/2016,Nelson Monte,Défenseur,Rio Ave FC,20,62,68,6,2,3.0,29.4
2015/2016,Pawel Kieszek,Gardien,Estoril Praia,31,71,75,4,1,2.0,91.2
2015/2016,Stanislav Kritsyuk,Gardien,SC Braga,25,68,77,9,5,7.0,52.9
2015/2016,Andre Pinto,Défenseur,SC Braga,26,73,76,3,5,1.0,58.8
2015/2016,Zainadine Junior,Défenseur,CD Nacional,27,70,74,4,1,2.0,58.8
2015/2016,Ali Ghazal,Milieu,CD Nacional,23,74,75,1,2,-1.0,79.4
2015/2016,Fabio Cardoso,Défenseur,FC Paços de Ferreira,21,65,71,6,,4.0,61.8
2015/2016,Rui Pedro,Milieu,Académica de Coimbra,27,70,72,2,,0.0,47.1
2015/2016,Goncalo Paciencia,Attaquant,Académica de Coimbra,21,68,71,3,,1.0,50.0
2015/2016,Andre Claro,Attaquant,Vitória Setúbal,24,67,71,4,1,2.0,94.1
2015/2016,Hector Herrera,Milieu,FC Porto,25,78,77,-1,4,-2.0,79.4
2015/2016,Joao Afonso,Défenseur,Vitória Guimarães,25,72,71,-1,,-3.0,61.8
2015/2016,Luis Rocha,Défenseur,Vitória Guimarães,22,64,65,1,0,-2.0,23.5
2015/2016,Cafu,Milieu,Vitória Guimarães,22,66,72,6,2,4.0,91.2
2015/2016,Diego Galo,Défenseur,Uniao da Madeira,31,69,72,3,3,1.0,100.0
2015/2016,Paulo Oliveira,Défenseur,Sporting CP,23,77,79,2,4,1.0,50.0
2015/2016,Yacine Brahimi,Attaquant,FC Porto,25,79,82,3,4,2.0,85.3
2015/2016,Rafael Lopes,Attaquant,Académica de Coimbra,24,66,68,2,1,0.0,38.2
2015/2016,Willy Boly,Défenseur,SC Braga,24,67,74,7,,5.0,61.8
2015/2016,Marcelo Goiano,Défenseur,SC Braga,28,68,72,4,2,2.0,67.6
2015/2016,Rodrigo Andres Battaglia,Milieu,Moreirense FC,24,68,72,4,3,2.0,29.4
2015/2016,Enca Fati,Attaquant,Moreirense FC,22,58,65,7,,4.0,29.4
2015/2016,Ze Manuel,Attaquant,Boavista FC,25,65,71,6,,4.0,58.8
2015/2016,Ruben Ferreira,Défenseur,CS Marítimo,25,73,76,3,1,1.0,41.2
2015/2016,Alberto Bueno,Attaquant,FC Porto,27,76,76,0,2,-1.0,2.9
2015/2016,Gelson,Milieu,Sporting CP,20,67,75,8,,6.0,29.4
2015/2016,Pedro Nuno,Milieu,Académica de Coimbra,20,61,65,4,,1.0,35.3
2015/2016,Marinho,Milieu,Académica de Coimbra,32,69,70,1,-1,-1.0,29.4
2015/2016,Joao Teixeira,Milieu,Vitória Guimarães,21,67,69,2,,0.0,5.9
2015/2016,Lassina Toure,Défenseur,CS Marítimo,23,64,64,0,,-3.0,2.9
2015/2016,Rui Sacramento,Gardien,FC Arouca,30,63,64,1,0,-2.0,2.9
2015/2016,Breno,Défenseur,Vitória Guimarães,20,63,65,2,1,-1.0,5.9
2015/2016,Adama Francois,Défenseur,Vitória Setúbal,26,65,67,2,0,0.0,2.9
2012/2013,Gary Hooper,Attaquant,Celtic,24,76,74,-2,,-2.0,78.9
2012/2013,Isaac Osbourne,Milieu,Aberdeen,26,62,63,1,,-1.0,55.3
2012/2013,Scott Vernon,Attaquant,Aberdeen,29,69,61,-8,,-8.0,76.3
2012/2013,Jamie MacDonald,Gardien,Heart of Midlothian,26,65,68,3,,3.0,100.0
2012/2013,Chris Millar,Milieu,St. Johnstone FC,29,62,60,-2,,-4.0,65.8
2012/2013,Cameron Bell,Gardien,Kilmarnock,26,65,63,-2,,-2.0,78.9
2012/2013,Michael Nelson,Défenseur,Kilmarnock,30,63,61,-2,,-4.0,55.3
2012/2013,James Fowler,Défenseur,Kilmarnock,32,63,63,0,,-2.0,86.8
2012/2013,Keith Lasley,Milieu,Motherwell,33,67,68,1,,1.0,94.7
2012/2013,Andrew Shinnie,Attaquant,Inverness Caledonian Thistle,23,66,70,4,,4.0,97.4
2012/2013,Aaron Doran,Milieu,Inverness Caledonian Thistle,21,65,70,5,,5.0,100.0
2012/2013,Colin Nish,Attaquant,Dundee FC,31,62,62,0,,-2.0,55.3
2012/2013,Josh Meekings,Défenseur,Inverness Caledonian Thistle,20,55,60,5,,3.0,81.6
2012/2013,Clark Robertson,Défenseur,Aberdeen,19,55,61,6,,4.0,55.3
2012/2013,Jorge Claros,Milieu,Hibernian,26,67,67,0,,0.0,76.3
2012/2013,Steven Anderson,Défenseur,St. Johnstone FC,27,67,65,-2,,-2.0,73.7
2012/2013,Graham Carey,Milieu,St. Mirren,23,64,62,-2,,-4.0,47.4
2012/2013,Steven MacLean,Attaquant,St. Johnstone FC,30,60,60,0,,-2.0,71.1
2012/2013,Brian McLean,Défenseur,Dundee United,27,63,61,-2,,-4.0,65.8
2012/2013,Mikael Lustig,Défenseur,Celtic,26,71,72,1,,1.0,55.3
2012/2013,Jamie Walker,Milieu,Heart of Midlothian,19,51,61,10,,8.0,42.1
2012/2013,Gavin Morrison,Milieu,Inverness Caledonian Thistle,22,56,56,0,,-2.0,5.3
2012/2013,Joe Shaughnessy,Défenseur,Aberdeen,20,57,60,3,,1.0,57.9
2012/2013,Kyle Letheren,Gardien,Kilmarnock,25,62,62,0,,-2.0,21.1
2012/2013,William Gross,Attaquant,Kilmarnock,20,58,59,1,,-1.0,23.7
2012/2013,Matt Done,Milieu,Hibernian,24,62,64,2,,0.0,15.8
2012/2013,Charlie Taylor,Milieu,Inverness Caledonian Thistle,19,62,62,0,,-2.0,10.5
2012/2013,Steve Simonsen,Gardien,Dundee FC,33,67,63,-4,,-4.0,21.1
2012/2013,Andre Hainault,Défenseur,Ross County FC,26,67,62,-5,,-5.0,13.2
2012/2013,Sean Murdoch,Gardien,Hibernian,26,59,59,0,,-2.0,2.6
2012/2013,David Smith,Attaquant,Heart of Midlothian,19,53,52,-1,,-3.0,2.6
2013/2014,Jamie Langfield,Gardien,Aberdeen,34,62,65,3,0,2.0,97.4
2013/2014,Ryan Jack,Milieu,Aberdeen,21,62,65,3,0,2.0,89.5
2013/2014,Rory McKeown,Milieu,Kilmarnock,20,60,60,0,0,-1.0,10.5
2013/2014,David van Zanten,Défenseur,St. Mirren,31,63,58,-5,3,-6.0,21.1
2013/2014,Paul McGowan,Milieu,St. Mirren,26,67,65,-2,-3,-2.0,86.8
2013/2014,John McGinn,Milieu,St. Mirren,19,62,64,2,,1.0,81.6
2013/2014,Nadir Ciftci,Attaquant,Dundee United,21,64,67,3,,2.0,71.1
2013/2014,Callum Paterson,Attaquant,Heart of Midlothian,19,65,65,0,,0.0,94.7
2013/2014,Owain Tudor Jones,Milieu,Hibernian,29,64,62,-2,4,-3.0,21.1
2013/2014,Peter Pawlett,Milieu,Aberdeen,22,63,66,3,,2.0,86.8
2013/2014,Virgil van Dijk,Défenseur,Celtic,22,71,74,3,3,3.0,92.1
2013/2014,Darnell Fisher,Défenseur,Celtic,19,54,57,3,,2.0,26.3
2013/2014,Kallum Higginbotham,Milieu,Partick Thistle F.C.,24,63,65,2,1,1.0,86.8
2013/2014,Richard Brittain,Milieu,Ross County FC,30,65,66,1,,1.0,89.5
2013/2014,Gunnar Nielsen,Gardien,Motherwell,27,65,63,-2,,-2.0,50.0
2013/2014,Conor Newton,Milieu,St. Mirren,22,60,63,3,,2.0,94.7
2013/2014,Murray Davidson,Milieu,St. Johnstone FC,25,70,66,-4,4,-4.0,47.4
2013/2014,Lionel Ainsworth,Milieu,Motherwell,26,60,65,5,,4.0,57.9
2013/2014,Jordan Forster,Défenseur,Hibernian,20,53,60,7,,6.0,68.4
2013/2014,Steven Saunders,Défenseur,Ross County FC,22,67,63,-4,,-4.0,10.5
2013/2014,Gary Glen,Attaquant,Ross County FC,23,59,57,-2,-2,-3.0,10.5
2013/2014,Nicky Low,Milieu,Aberdeen,21,58,58,0,6,-1.0,7.9
2013/2014,James Dunne,Milieu,St. Johnstone FC,24,64,61,-3,,-4.0,34.2
2014/2015,Shaleum Logan,Défenseur,Aberdeen,26,62,63,1,0,0.0,92.1
2014/2015,Willo Flood,Milieu,Aberdeen,29,65,65,0,1,0.0,57.9
2014/2015,Radoslaw Cierzniak,Gardien,Dundee United,31,62,60,-2,-2,-3.0,94.7
2014/2015,Keith Watson,Défenseur,Dundee United,25,61,61,0,-1,-1.0,36.8
2014/2015,Ryan Dow,Milieu,Dundee United,23,64,65,1,3,0.0,44.7
2014/2015,Paul Gallacher,Gardien,Partick Thistle F.C.,35,61,63,2,-2,1.0,42.1
2014/2015,Jake Carroll,Défenseur,Partick Thistle F.C.,23,60,60,0,,-1.0,21.1
2014/2015,Ross Barbour,Défenseur,Kilmarnock,21,56,58,2,0,1.0,73.7
2014/2015,Craig Slater,Milieu,Kilmarnock,20,53,60,7,2,6.0,60.5
2014/2015,Jason Scotland,Attaquant,Hamilton Academical FC,35,62,62,0,,-1.0,31.6
2014/2015,Lee Erwin,Attaquant,Motherwell,20,52,58,6,,5.0,52.6
2014/2015,Adam Rooney,Attaquant,Aberdeen,26,65,69,4,0,4.0,84.2
2014/2015,Callum McGregor,Milieu,Celtic,21,64,66,2,,1.0,21.1
2014/2015,Simon Lappin,Milieu,St. Johnstone FC,31,61,63,2,,1.0,50.0
2014/2015,Sammy Clingan,Milieu,Kilmarnock,30,63,63,0,-4,-1.0,57.9
2014/2015,Thomas Reilly,Milieu,St. Mirren,20,56,58,2,0,1.0,36.8
2014/2015,Jackson Irvine,Milieu,Ross County FC,21,56,60,4,,3.0,71.1
2014/2015,Martin Woods,Milieu,Ross County FC,28,64,64,0,,-1.0,68.4
2014/2015,Lee Miller,Attaquant,Kilmarnock,31,64,63,-1,,-2.0,23.7
2014/2015,Lyle Taylor,Attaquant,Partick Thistle F.C.,24,61,62,1,,0.0,26.3
2014/2015,Craig Curran,Attaquant,Ross County FC,25,57,59,2,,1.0,44.7
2014/2015,Ryan Esson,Gardien,Inverness Caledonian Thistle,34,59,59,0,-1,-1.0,36.8
2014/2015,Anthony Straker,Défenseur,Motherwell,26,60,57,-3,,-4.0,28.9
2014/2015,Conor Grant,Milieu,Motherwell,19,59,59,0,,-1.0,26.3
2014/2015,Edward Ofere,Attaquant,Inverness Caledonian Thistle,28,69,66,-3,,-3.0,18.4
2015/2016,Scott Fox,Gardien,Ross County FC,28,61,62,1,0,-2.0,71.1
2015/2016,Mario Bilate,Attaquant,Dundee United,24,62,63,1,,-2.0,2.6
2015/2016,Ashton Taylor,Défenseur,Aberdeen,25,64,67,3,2,0.0,94.7
2015/2016,Jonathan Hayes,Milieu,Aberdeen,28,66,69,3,0,1.0,92.1
2015/2016,Ziggy Gordon,Défenseur,Hamilton Academical FC,22,62,64,2,,-1.0,100.0
2015/2016,Gary Miller,Défenseur,Partick Thistle F.C.,28,61,63,2,0,-1.0,52.6
2015/2016,John Sutton,Attaquant,St. Johnstone FC,32,65,65,0,-2,-2.0,13.2
2015/2016,Owain Fon Williams,Gardien,Inverness Caledonian Thistle,28,61,62,1,,-2.0,100.0
2015/2016,Louis Laing,Défenseur,Motherwell,22,63,64,1,1,-2.0,34.2
2015/2016,Jamie Hamill,Milieu,Kilmarnock,29,62,67,5,-1,2.0,36.8
2015/2016,Kane Hemmings,Attaquant,Dundee FC,23,60,65,5,,2.0,89.5
2015/2016,Niall McGinn,Milieu,Aberdeen,28,68,70,2,-1,0.0,86.8
2015/2016,Nir Bitton,Milieu,Celtic,24,70,72,2,8,0.0,73.7
2015/2016,James McPake,Défenseur,Dundee FC,31,62,63,1,0,-2.0,42.1
2015/2016,Tony Dingwall,Milieu,Ross County FC,21,56,59,3,6,0.0,13.2
2015/2016,Martin Canning,Défenseur,Hamilton Academical FC,34,61,63,2,,-1.0,2.6
2015/2016,Iain Vigurs,Milieu,Inverness Caledonian Thistle,27,67,67,0,1,-2.0,63.2
2015/2016,Gary Fraser,Milieu,Partick Thistle F.C.,21,61,62,1,4,-2.0,18.4
2015/2016,Michael Devlin,Défenseur,Hamilton Academical FC,22,57,59,2,,-1.0,42.1
2015/2016,Florent Sinama-Pongolle,Attaquant,Dundee United,31,68,68,0,,-2.0,10.5
2015/2016,Christie Elliot,Milieu,Partick Thistle F.C.,24,60,62,2,4,-1.0,13.2
2015/2016,Guy Demel,Milieu,Dundee United,34,70,68,-2,0,-4.0,31.6
2015/2016,Raffaele De Vita,Milieu,Ross County FC,28,61,64,3,0,0.0,21.1
2015/2016,Paul Paton,Milieu,Dundee United,28,63,62,-1,1,-4.0,34.2
2015/2016,James McFadden,Attaquant,Motherwell,32,66,66,0,-2,-2.0,5.3
2015/2016,Craig Thomson,Attaquant,St. Johnstone FC,20,52,53,1,,-2.0,5.3
2015/2016,Darren Lyon,Milieu,Hamilton Academical FC,20,51,56,5,,2.0,23.7
2015/2016,Perry Kitchen,Milieu,Heart of Midlothian,23,68,70,2,,0.0,23.7
2015/2016,Scott McKenna,Milieu,Aberdeen,19,55,57,2,,-1.0,5.3
2015/2016,Alex Henshall,Milieu,Kilmarnock,21,60,59,-1,,-4.0,2.6
2015/2016,Anthony Stokes,Milieu,Celtic,27,70,69,-1,-1,-3.0,2.6
2012/2013,Ander Iturraspe,Milieu,Athletic Club de Bilbao,23,73,76,3,,3.0,71.1
2012/2013,Jose Dorado,Défenseur,Real Betis Balompié,30,71,71,0,,0.0,13.2
2012/2013,Angel Di Maria,Milieu,Real Madrid CF,24,85,86,1,,1.0,57.9
2012/2013,Sergio Busquets,Milieu,FC Barcelona,24,85,85,0,,0.0,65.8
2012/2013,Markel Bergara,Milieu,Real Sociedad,26,68,73,5,,5.0,71.1
2012/2013,Cicinho,Défenseur,Sevilla FC,26,72,73,1,,1.0,50.0
2012/2013,Miranda,Défenseur,Atlético Madrid,28,78,80,2,,2.0,92.1
2012/2013,Antonio Rukavina,Défenseur,Real Valladolid,28,67,75,8,,8.0,97.4
2012/2013,Mikel Balenziaga,Défenseur,Real Valladolid,24,66,74,8,,8.0,84.2
2012/2013,Patrick Ebert,Milieu,Real Valladolid,25,74,78,4,,4.0,57.9
2012/2013,Oscar Gonzalez,Milieu,Real Valladolid,30,72,77,5,,5.0,86.8
2012/2013,Borja Oubina,Milieu,RC Celta de Vigo,30,69,74,5,,5.0,94.7
2012/2013,Enrique de Lucas,Milieu,RC Celta de Vigo,34,73,72,-1,,-1.0,15.8
2012/2013,Michael Pereira,Milieu,RCD Mallorca,25,72,72,0,,0.0,44.7
2012/2013,Piti,Milieu,Rayo Vallecano,31,70,75,5,,5.0,86.8
2012/2013,Inigo Lopez,Défenseur,Granada CF,30,71,72,1,,1.0,55.3
2012/2013,Guilherme Siqueira,Défenseur,Granada CF,26,74,75,1,,1.0,92.1
2012/2013,Carlos Marchena,Défenseur,RC Deportivo de La Coruña,33,76,72,-4,,-4.0,57.9
2012/2013,Bruno Vilela Gama,Milieu,RC Deportivo de La Coruña,25,71,75,4,,4.0,100.0
2012/2013,Pizzi,Milieu,RC Deportivo de La Coruña,23,74,74,0,,0.0,92.1
2012/2013,Sisi,Milieu,CA Osasuna,26,74,74,0,,0.0,28.9
2012/2013,Imanol Agirretxe,Attaquant,Real Sociedad,25,71,76,5,,5.0,57.9
2012/2013,Nano,Défenseur,CA Osasuna,30,64,70,6,,4.0,42.1
2012/2013,Adil Rami,Défenseur,Valencia CF,27,82,83,1,,1.0,63.2
2012/2013,Jon Aurtenetxe,Défenseur,Athletic Club de Bilbao,20,73,74,1,,1.0,63.2
2012/2013,Hedwiges Maduro,Milieu,Sevilla FC,27,75,74,-1,,-1.0,42.1
2012/2013,Glenn Loovens,Défenseur,Real Zaragoza,29,68,67,-1,,-1.0,55.3
2012/2013,Ayoze Diaz Diaz,Défenseur,RC Deportivo de La Coruña,30,68,63,-5,,-5.0,28.9
2012/2013,Alejandro Bergantinos,Milieu,RC Deportivo de La Coruña,27,68,73,5,,5.0,57.9
2012/2013,Jonathan Vila,Défenseur,RC Celta de Vigo,26,70,70,0,,0.0,26.3
2012/2013,Oguchi Onyewu,Défenseur,Málaga CF,30,77,67,-10,,-10.0,2.6
2012/2013,Sergio Sanchez,Défenseur,Málaga CF,26,73,75,2,,2.0,36.8
2012/2013,Daniel Parejo,Milieu,Valencia CF,23,76,76,0,,0.0,52.6
2012/2013,Raul Garcia,Milieu,Atlético Madrid,26,77,78,1,,1.0,34.2
2012/2013,Cala,Défenseur,Sevilla FC,23,71,73,2,,2.0,21.1
2012/2013,Mane,Défenseur,Getafe CF,31,72,69,-3,,-3.0,31.6
2012/2013,Alejandro Pozuelo,Attaquant,Real Betis Balompié,21,71,69,-2,,-2.0,10.5
2012/2013,Chu-Young Park,Milieu,RC Celta de Vigo,27,76,71,-5,,-5.0,21.1
2012/2013,Fernando Llorente,Attaquant,Athletic Club de Bilbao,27,82,83,1,,1.0,10.5
2012/2013,Roderick Miranda,Défenseur,RC Deportivo de La Coruña,21,65,69,4,,4.0,7.9
2012/2013,Odion Ighalo,Attaquant,Granada CF,23,71,72,1,,1.0,50.0
2012/2013,Natxo Insa,Milieu,RC Celta de Vigo,26,68,70,2,,2.0,36.8
2012/2013,Kevin Garcia,Défenseur,RCD Mallorca,23,68,68,0,,0.0,21.1
2012/2013,Daniel Larsson,Milieu,Real Valladolid,25,64,65,1,,-1.0,44.7
2012/2013,Alan Hutton,Défenseur,RCD Mallorca,28,76,72,-4,,-4.0,44.7
2014/2015,Nuno Campos,Défenseur,CD Nacional,21,62,61,-1,2,-2.0,2.9
2013/2014,Leigh Griffiths,Attaquant,Celtic,23,69,69,0,0,0.0,28.9
2013/2014,Steven Mouyokolo,Défenseur,Celtic,26,66,66,0,,0.0,2.6
2013/2014,Mark Ridgers,Gardien,Heart of Midlothian,23,56,56,0,,-1.0,2.6
2012/2013,Anaitz Arbilla,Défenseur,Rayo Vallecano,25,66,68,2,,2.0,21.1
2012/2013,Casto Espinosa,Gardien,Real Betis Balompié,30,73,70,-3,,-3.0,13.2
2012/2013,Sergio Tejera,Milieu,RCD Espanyol,22,71,71,0,,0.0,7.9
2012/2013,Casemiro,Milieu,Real Madrid CF,20,74,74,0,,0.0,2.6
2013/2014,Raul Rodriguez,Défenseur,RCD Espanyol,26,72,72,0,4,0.0,31.6
2013/2014,David Lopez,Milieu,RCD Espanyol,24,64,72,8,,7.0,86.8
2013/2014,Jose Recio,Milieu,Granada CF,22,71,71,0,,0.0,71.1
2013/2014,Yacine Brahimi,Attaquant,Granada CF,23,74,75,1,0,1.0,86.8
2013/2014,Andreu Fontas,Défenseur,RC Celta de Vigo,24,71,72,1,-2,1.0,92.1
2013/2014,Markel Susaeta,Milieu,Athletic Club de Bilbao,26,80,78,-2,4,-2.0,89.5
2013/2014,Daniel Carvajal,Défenseur,Real Madrid CF,21,77,77,0,14,0.0,65.8
2013/2014,Giovani dos Santos,Attaquant,Villarreal CF,24,79,80,1,3,1.0,68.4
2013/2014,Andres Fernandez,Gardien,CA Osasuna,27,79,76,-3,6,-3.0,97.4
2013/2014,Carlos Acuna,Attaquant,CA Osasuna,25,69,69,0,,0.0,7.9
2013/2014,Angel Lafita,Milieu,Getafe CF,29,75,75,0,0,0.0,57.9
2013/2014,Diego Castro,Milieu,Getafe CF,31,77,76,-1,2,-1.0,71.1
2013/2014,Ciprian Marica,Attaquant,Getafe CF,28,73,73,0,0,0.0,52.6
2013/2014,Damian Suarez,Défenseur,Elche CF,25,71,71,0,,0.0,81.6
2013/2014,David Lomban,Défenseur,Elche CF,26,67,70,3,,3.0,68.4
2013/2014,Ramon Azeez,Milieu,UD Almería,21,61,64,3,,2.0,55.3
2013/2014,Marcos Tebar,Milieu,UD Almería,27,72,71,-1,,-1.0,42.1
2013/2014,Gabi,Milieu,Atlético Madrid,30,80,81,1,2,1.0,92.1
2013/2014,Jon Gaztanaga,Milieu,Real Sociedad,22,65,66,1,,1.0,2.6
2013/2014,Ruben,Gardien,Rayo Vallecano,29,72,72,0,5,0.0,89.5
2013/2014,Ze Castro,Défenseur,Rayo Vallecano,30,72,72,0,2,0.0,50.0
2013/2014,Jose Antonio Reyes,Milieu,Sevilla FC,30,77,76,-1,-1,-1.0,39.5
2013/2014,Daniel Alves,Défenseur,FC Barcelona,30,84,84,0,-2,0.0,68.4
2013/2014,Javier Mascherano,Défenseur,FC Barcelona,29,85,84,-1,0,-1.0,71.1
2013/2014,Cesc Fabregas,Milieu,FC Barcelona,26,86,86,0,-3,0.0,73.7
2013/2014,Didac Vila,Défenseur,Real Betis Balompié,24,73,74,1,,1.0,28.9
2013/2014,Cedric,Milieu,Real Betis Balompié,21,70,71,1,,1.0,31.6
2013/2014,Jonathan Pereira,Attaquant,Villarreal CF,26,70,68,-2,-3,-2.0,39.5
2013/2014,Alvaro Cejudo,Milieu,CA Osasuna,29,73,73,0,1,0.0,71.1
2013/2014,Oriol Riera,Attaquant,CA Osasuna,27,71,71,0,,0.0,92.1
2013/2014,Alberto Bueno,Milieu,Rayo Vallecano,25,69,74,5,1,5.0,81.6
2013/2014,Kevin Gameiro,Attaquant,Sevilla FC,26,78,78,0,-2,0.0,52.6
2013/2014,Andoni Iraola,Défenseur,Athletic Club de Bilbao,31,77,78,1,-2,1.0,73.7
2013/2014,Juan Rodriguez,Milieu,Getafe CF,31,71,71,0,-1,0.0,34.2
2013/2014,Francisco Portillo,Milieu,Málaga CF,23,76,76,0,13,0.0,50.0
2013/2014,Gorka Elustondo,Milieu,Real Sociedad,26,71,74,3,1,3.0,28.9
2013/2014,Gabriel Torje,Milieu,RCD Espanyol,24,72,72,0,-2,0.0,15.8
2013/2014,Francisco Chica,Défenseur,Real Betis Balompié,28,73,73,0,2,0.0,57.9
2013/2014,Jaime,Gardien,Real Valladolid,33,72,73,1,5,1.0,26.3
2013/2014,Nacho Perez,Défenseur,Real Betis Balompié,33,74,72,-2,3,-2.0,39.5
2013/2014,Nosa Emanuel Igiebor,Milieu,Real Betis Balompié,23,76,76,0,,0.0,15.8
2013/2014,Dani Benitez,Milieu,Granada CF,26,72,70,-2,-1,-2.0,10.5
2013/2014,Pedro Rios,Milieu,Levante UD,32,72,70,-2,0,-2.0,21.1
2013/2014,Bryan Rabello,Milieu,Sevilla FC,19,72,72,0,,0.0,5.3
2013/2014,Mario Bermejo,Attaquant,RC Celta de Vigo,35,68,68,0,-2,0.0,5.3
2013/2014,Jose Gaya,Défenseur,Valencia CF,18,61,65,4,,3.0,2.6
2013/2014,Miroslav Stevanovic,Milieu,Elche CF,23,66,67,1,,1.0,5.3
2013/2014,Hernan Perez,Milieu,Villarreal CF,24,68,69,1,,1.0,23.7
2013/2014,Javier Baraja,Milieu,Real Valladolid,33,69,68,-1,2,-1.0,15.8
2013/2014,Javier Ros,Milieu,Real Sociedad,23,68,71,3,,3.0,5.3
2013/2014,Nery Castillo,Attaquant,Rayo Vallecano,29,68,68,0,,0.0,13.2
2014/2015,Fernando Navarro,Défenseur,Sevilla FC,32,74,76,2,-2,2.0,39.5
2014/2015,Aleix Vidal,Milieu,Sevilla FC,25,71,76,5,2,5.0,57.9
2014/2015,Denis Suarez,Milieu,Sevilla FC,20,65,76,11,,11.0,42.1
2014/2015,Antonio Barragan,Défenseur,Valencia CF,27,71,76,5,0,5.0,84.2
2014/2015,Pablo Piatti,Milieu,Valencia CF,25,76,80,4,3,4.0,68.4
2014/2015,Pedro Lopez,Défenseur,Levante UD,31,73,71,-2,0,-2.0,26.3
2014/2015,Sergio Asenjo,Gardien,Villarreal CF,25,75,80,5,1,5.0,89.5
2014/2015,Diego Godin,Défenseur,Atlético Madrid,28,82,84,2,0,2.0,89.5
2014/2015,Cristian Daniel Ansaldi,Défenseur,Atlético Madrid,28,77,77,0,,0.0,15.8
2014/2015,Sergi Darder,Milieu,Málaga CF,21,67,72,5,2,5.0,86.8
2014/2015,Aymeric Laporte,Défenseur,Athletic Club de Bilbao,20,74,80,6,2,6.0,86.8
2014/2015,Iker Muniain,Milieu,Athletic Club de Bilbao,22,78,79,1,1,1.0,65.8
2014/2015,Joaquin Larrivey,Attaquant,RC Celta de Vigo,30,71,76,5,-1,5.0,68.4
2014/2015,Pablo Sarabia,Milieu,Getafe CF,22,70,70,0,0,0.0,81.6
2014/2015,Alvaro Vazquez,Attaquant,Getafe CF,23,71,71,0,-2,0.0,50.0
2014/2015,David Zurutuza,Milieu,Real Sociedad,28,74,74,0,0,0.0,31.6
2014/2015,Roberto Canella,Défenseur,RC Deportivo de La Coruña,26,71,69,-2,,-2.0,13.2
2014/2015,Ivan Cavaleiro,Milieu,RC Deportivo de La Coruña,21,71,73,2,,2.0,71.1
2014/2015,Edu Albacar,Défenseur,Elche CF,35,72,72,0,0,0.0,42.1
2014/2015,Alvaro Arbeloa,Défenseur,Real Madrid CF,31,77,79,2,-1,2.0,31.6
2014/2015,Michel,Défenseur,UD Almería,24,70,73,3,,3.0,34.2
2014/2015,Sebastian Dubarbier,Défenseur,UD Almería,28,70,73,3,0,3.0,84.2
2014/2015,Francisco Casilla,Gardien,RCD Espanyol,28,77,80,3,2,3.0,97.4
2014/2015,Victor Sanchez Mata,Milieu,RCD Espanyol,27,74,74,0,0,0.0,76.3
2014/2015,Juanfran,Défenseur,RC Deportivo de La Coruña,26,72,73,1,0,1.0,86.8
2014/2015,Sidnei,Défenseur,RC Deportivo de La Coruña,25,72,72,0,0,0.0,84.2
2014/2015,Sergio Escudero,Défenseur,Getafe CF,25,70,70,0,-1,0.0,68.4
2014/2015,Javi Lopez,Défenseur,RCD Espanyol,28,72,71,-1,1,-1.0,65.8
2014/2015,Pape Kouli Diop,Milieu,Levante UD,28,76,76,0,0,0.0,47.4
2014/2015,Roberto Fernandez,Gardien,Granada CF,35,73,71,-2,0,-2.0,60.5
2014/2015,Jeison Murillo,Défenseur,Granada CF,22,73,76,3,0,3.0,47.4
2014/2015,Eddy Israfilov,Milieu,Granada CF,22,64,67,3,,2.0,2.6
2014/2015,Isco,Milieu,Real Madrid CF,22,84,83,-1,1,-1.0,68.4
2014/2015,Gonzalo Castro,Milieu,Real Sociedad,30,79,78,-1,1,-1.0,57.9
2014/2015,Faycal Fajr,Milieu,Elche CF,26,72,73,1,,1.0,76.3
2014/2015,Jonathan dos Santos,Milieu,Villarreal CF,24,73,76,3,,3.0,44.7
2014/2015,Guillermo,Attaquant,Athletic Club de Bilbao,21,65,68,3,1,3.0,13.2
2014/2015,Francisco Velez,Défenseur,UD Almería,23,61,66,5,,4.0,36.8
2014/2015,Pedro Rodriguez,Attaquant,FC Barcelona,27,84,83,-1,0,-1.0,39.5
2014/2015,Abraham Gonzalez,Milieu,RCD Espanyol,29,71,71,0,0,0.0,42.1
2014/2015,Michel Herrero,Milieu,Getafe CF,26,70,71,1,-5,1.0,18.4
2014/2015,Raphael Varane,Défenseur,Real Madrid CF,21,81,81,0,0,0.0,55.3
2014/2015,Jordi Codina,Gardien,Getafe CF,32,71,70,-1,0,-1.0,13.2
2014/2015,Lucas Perez,Milieu,RC Deportivo de La Coruña,26,74,74,0,,0.0,52.6
2014/2015,Emanuel Insua,Défenseur,Granada CF,23,72,71,-1,,-1.0,31.6
2015/2016,Tiago,Milieu,Atlético Madrid,34,80,80,0,0,-1.0,31.6
2015/2016,Raul Lizoain,Gardien,UD Las Palmas,24,66,68,2,,0.0,18.4
2015/2016,David Simon,Défenseur,UD Las Palmas,26,66,74,8,,6.0,63.2
2015/2016,Vitolo,Milieu,Sevilla FC,26,79,81,2,6,1.0,60.5
2015/2016,Mikel Rico,Milieu,Athletic Club de Bilbao,31,77,78,1,1,0.0,21.1
2015/2016,Youssef El Arabi,Attaquant,Granada CF,28,74,75,1,0,-1.0,71.1
2015/2016,Ruben Duarte,Défenseur,RCD Espanyol,20,60,70,10,,7.0,55.3
2015/2016,Victor Alvarez,Milieu,RCD Espanyol,22,69,73,4,0,2.0,65.8
2015/2016,Mehdi Lacen,Milieu,Getafe CF,31,74,76,2,1,0.0,81.6
2015/2016,German Pezzela,Défenseur,Real Betis Balompié,24,70,73,3,,1.0,60.5
2015/2016,Mario Gaspar,Défenseur,Villarreal CF,25,75,80,5,5,4.0,84.2
2015/2016,Samuel Castillejo,Milieu,Villarreal CF,20,72,77,5,10,3.0,50.0
2015/2016,Leo Baptistao,Attaquant,Villarreal CF,23,76,78,2,1,1.0,31.6
2015/2016,Carlos Carmona,Milieu,Real Sporting de Gijón,28,68,72,4,,2.0,42.1
2015/2016,Jony,Milieu,Real Sporting de Gijón,24,73,77,4,,2.0,86.8
2015/2016,Antonio Sanabria,Attaquant,Real Sporting de Gijón,19,65,75,10,,8.0,71.1
2015/2016,Marcelo,Défenseur,Real Madrid CF,27,82,83,1,-1,0.0,73.7
2015/2016,Geronimo Rulli,Gardien,Real Sociedad,23,76,79,3,2,2.0,94.7
2015/2016,Joseba Zaldua,Défenseur,Real Sociedad,23,70,72,2,2,0.0,26.3
2015/2016,Inigo Martinez,Défenseur,Real Sociedad,24,79,80,1,-1,0.0,78.9
2015/2016,Diego Llorente,Défenseur,Rayo Vallecano,22,66,73,7,,5.0,86.8
2015/2016,Jose Raul Baena,Milieu,Rayo Vallecano,26,75,78,3,1,2.0,57.9
2015/2016,Shkodran Mustafi,Défenseur,Valencia CF,23,78,82,4,2,3.0,78.9
2015/2016,Borja Baston,Attaquant,SD Eibar,23,71,74,3,,1.0,76.3
2015/2016,Javi Guerra,Attaquant,Rayo Vallecano,33,72,74,2,-1,0.0,60.5
2015/2016,Thimothee Kolodziejczak,Défenseur,Sevilla FC,24,72,74,2,0,0.0,68.4
2015/2016,Sofiane Feghouli,Milieu,Valencia CF,26,82,81,-1,1,-2.0,34.2
2015/2016,Ruben Garcia,Attaquant,Levante UD,22,72,74,2,-2,0.0,23.7
2015/2016,Pablo Perez,Milieu,Real Sporting de Gijón,22,70,70,0,,-2.0,23.7
2015/2016,Mikel San Jose,Milieu,Athletic Club de Bilbao,26,78,80,2,2,1.0,78.9
2015/2016,Enzo Roco,Défenseur,RCD Espanyol,23,73,75,2,1,0.0,68.4
2015/2016,Stefan Savic,Défenseur,Atlético Madrid,24,78,81,3,0,2.0,26.3
2015/2016,Duda,Milieu,Málaga CF,35,72,73,1,-1,-1.0,26.3
2015/2016,Varela,Défenseur,Real Betis Balompié,21,66,71,5,,3.0,26.3
2015/2016,Hugo Fraile Martinez,Milieu,Real Sporting de Gijón,28,65,66,1,,-1.0,2.6
2015/2016,Fran Rico,Milieu,Granada CF,28,73,75,2,6,0.0,39.5
2015/2016,Saul Niguez,Milieu,Atlético Madrid,21,75,79,4,4,3.0,68.4
2015/2016,Miguel Torres,Défenseur,Málaga CF,29,73,74,1,0,-1.0,57.9
2015/2016,Jorge Mere,Défenseur,Real Sporting de Gijón,18,61,72,11,,8.0,63.2
2015/2016,Sandro Ramirez,Attaquant,FC Barcelona,20,69,72,3,,1.0,10.5
2015/2016,Gerard Moreno,Attaquant,RCD Espanyol,23,70,75,5,5,3.0,50.0
2015/2016,Burgui,Milieu,RCD Espanyol,22,65,70,5,,3.0,21.1
2015/2016,Angel Correa,Attaquant,Atlético Madrid,20,75,77,2,,1.0,21.1
2015/2016,Mauricio Cuero,Milieu,Levante UD,22,70,72,2,,0.0,13.2
2015/2016,Wakaso Mubarak,Milieu,UD Las Palmas,25,74,72,-2,-2,-4.0,26.3
2015/2016,Thomas,Milieu,Atlético Madrid,22,68,74,6,2,4.0,7.9
2012/2013,Jerome Schneider,Défenseur,Servette FC,31,55,54,-1,,-3.0,75.0
2012/2013,Markus Steinhoefer,Défenseur,FC Basel,26,65,66,1,,1.0,63.9
2012/2013,Nicolas Marazzi,Milieu,FC Lausanne-Sports,31,61,63,2,,0.0,58.3
2012/2013,Florian Stahel,Défenseur,FC Luzern,27,63,62,-1,,-3.0,86.1
2012/2013,Daniel Gygax,Milieu,FC Luzern,31,67,66,-1,,-1.0,61.1
2012/2013,Mario Gavranovic,Attaquant,FC Zürich,23,69,69,0,,0.0,80.6
2012/2013,Gennaro Gattuso,Milieu,FC Sion,34,77,78,1,,1.0,69.4
2012/2013,Scott Lee Sutter,Défenseur,BSC Young Boys,26,65,64,-1,,-1.0,55.6
2012/2013,Toko Nzuzi,Milieu,Grasshopper Club Zürich,22,67,67,0,,0.0,61.1
2012/2013,Tibert Pont,Milieu,Servette FC,28,57,57,0,,-2.0,41.7
2012/2013,Silva de Souza Eudis,Attaquant,Servette FC,29,57,58,1,,-1.0,44.4
2012/2013,Selim Khelifi,Milieu,FC Lausanne-Sports,18,56,58,2,,0.0,36.1
2012/2013,Mario Mutsch,Défenseur,FC St. Gallen,28,61,61,0,,-2.0,75.0
2012/2013,Arlind Ajeti,Défenseur,FC Basel,19,64,62,-2,,-4.0,5.6
2012/2013,Jan Lecjaks,Défenseur,BSC Young Boys,22,62,61,-1,,-3.0,13.9
2012/2013,Franck Etoundi,Attaquant,FC St. Gallen,22,57,58,1,,-1.0,36.1
2012/2013,Yassine Chikhaoui,Milieu,FC Zürich,26,71,73,2,,2.0,13.9
2013/2014,Moreno Costanzo,Milieu,BSC Young Boys,25,64,62,-2,0,-3.0,83.3
2013/2014,Benjamin Kololli,Défenseur,FC Sion,21,58,62,4,,3.0,16.7
2013/2014,Leo Lacroix,Défenseur,FC Sion,21,65,65,0,11,0.0,38.9
2013/2014,David Da Costa,Gardien,FC Zürich,27,64,63,-1,-2,-2.0,91.7
2013/2014,Andreas Wittwer,Milieu,FC Thun,23,61,62,1,-1,0.0,44.4
2013/2014,Yannis Tafer,Attaquant,FC Lausanne-Sports,22,65,65,0,-4,0.0,77.8
2013/2014,Stefan Nater,Milieu,FC St. Gallen,29,58,58,0,1,-1.0,83.3
2013/2014,Izet Hajrovic,Milieu,Grasshopper Club Zürich,22,74,75,1,15,1.0,38.9
2013/2014,Amir Abrashi,Milieu,Grasshopper Club Zürich,23,57,64,7,1,6.0,83.3
2013/2014,Kay Voser,Défenseur,FC Basel,26,65,67,2,0,2.0,63.9
2013/2014,Sekou Junior Sanogo,Milieu,FC Thun,24,63,66,3,0,2.0,63.9
2013/2014,Abdelouahed Chakhsi,Milieu,FC Lausanne-Sports,27,53,56,3,,2.0,75.0
2013/2014,Yoric Ravet,Attaquant,FC Lausanne-Sports,24,65,65,0,,0.0,75.0
2013/2014,Yassin Mikari,Défenseur,FC Luzern,30,66,69,3,-6,3.0,47.2
2013/2014,Steven Lang,Milieu,Grasshopper Club Zürich,26,61,62,1,1,0.0,8.3
2013/2014,Davide Mariani,Milieu,FC Zürich,22,50,55,5,1,4.0,27.8
2013/2014,Milan Gajic,Milieu,BSC Young Boys,27,59,59,0,0,-1.0,52.8
2013/2014,David Degen,Milieu,FC Basel,30,69,64,-5,0,-5.0,8.3
2013/2014,Kevin Bigler,Défenseur,FC Thun,21,54,54,0,,-1.0,2.8
2014/2015,Nauris Bulvitis,Défenseur,FC Aarau,27,56,57,1,,0.0,5.6
2014/2015,Taulant Xhaka,Défenseur,FC Basel,23,65,67,2,4,2.0,75.0
2014/2015,Shkelzen Gashi,Milieu,FC Basel,26,67,73,6,6,6.0,72.2
2014/2015,Roberto Rodriguez,Milieu,FC St. Gallen,24,64,67,3,,2.0,38.9
2014/2015,Marco Buerki,Défenseur,BSC Young Boys,21,55,55,0,4,-1.0,5.6
2014/2015,Alain Rochat,Défenseur,BSC Young Boys,31,67,69,2,-1,2.0,47.2
2014/2015,Stefan Glarner,Défenseur,FC Thun,27,58,58,0,0,-1.0,94.4
2014/2015,Kaja Rogulj,Défenseur,FC Luzern,28,67,64,-3,,-3.0,52.8
2014/2015,Alain Wiss,Milieu,FC Luzern,24,59,62,3,-1,2.0,61.1
2014/2015,Andris Vanins,Gardien,FC Sion,34,71,66,-5,-1,-5.0,63.9
2014/2015,Ivan Kecojevic,Défenseur,FC Zürich,26,62,61,-1,,-2.0,75.0
2014/2015,Michael Dingsdag,Milieu,Grasshopper Club Zürich,32,68,64,-4,0,-4.0,72.2
2014/2015,Michael Lang,Défenseur,Grasshopper Club Zürich,23,67,71,4,10,4.0,97.2
2014/2015,Steve von Bergen,Défenseur,BSC Young Boys,31,71,71,0,-1,0.0,88.9
2014/2015,Raphael Nuzzolo,Milieu,BSC Young Boys,31,67,70,3,1,3.0,75.0
2014/2015,Samuel Afum,Attaquant,BSC Young Boys,24,61,61,0,2,-1.0,25.0
2014/2015,Daniele Russo,Défenseur,FC St. Gallen,29,56,55,-1,,-2.0,50.0
2014/2015,Stephane Besle,Défenseur,FC St. Gallen,30,60,58,-2,0,-3.0,77.8
2014/2015,Adrian Nikci,Milieu,BSC Young Boys,25,68,66,-2,0,-2.0,8.3
2014/2015,Marco Rojas,Milieu,FC Thun,23,70,69,-1,,-1.0,36.1
2014/2015,Tomislav Puljic,Défenseur,FC Luzern,31,62,62,0,-3,-1.0,25.0
2014/2015,Reto Ziegler,Défenseur,FC Sion,28,69,70,1,-3,1.0,47.2
2014/2015,Benjamin Luethi,Défenseur,Grasshopper Club Zürich,26,63,60,-3,0,-4.0,27.8
2014/2015,Germano Vailati,Gardien,FC Basel,34,62,61,-1,-2,-2.0,11.1
2014/2015,Ishmael Yartey,Milieu,FC Sion,24,68,65,-3,0,-3.0,5.6
2014/2015,Alain Schultz,Milieu,FC Aarau,31,64,64,0,,-1.0,5.6
2015/2016,Sally Sarr,Défenseur,FC Luzern,29,62,64,2,-2,-1.0,30.6
2015/2016,Pa Modou Jagne,Défenseur,FC Sion,26,63,65,2,1,-1.0,47.2
2015/2016,Edmilson Fernandes,Milieu,FC Sion,19,59,67,8,8,5.0,61.1
2015/2016,Tomas Vaclik,Gardien,FC Basel,26,75,75,0,4,-1.0,83.3
2015/2016,Daniel Hoeegh,Défenseur,FC Basel,24,64,67,3,,0.0,27.8
2015/2016,Marek Suchy,Défenseur,FC Basel,27,74,78,4,1,2.0,94.4
2015/2016,Ali Messaoud,Attaquant,FC Vaduz,24,66,67,1,,-1.0,19.4
2015/2016,Gianluca Frontino,Milieu,FC Thun,26,61,65,4,,1.0,22.2
2015/2016,Vaso Vasic,Gardien,Grasshopper Club Zürich,25,68,63,-5,,-7.0,47.2
2015/2016,Oliver Buff,Milieu,FC Zürich,23,64,65,1,-1,-2.0,75.0
2015/2016,Leonardo Bertone,Milieu,BSC Young Boys,21,55,65,10,7,7.0,69.4
2015/2016,Antonini Culina,Attaquant,Lugano,23,59,64,5,,2.0,61.1
2014/2015,Ruben Perez,Milieu,Granada CF,25,75,74,-1,1,-1.0,34.2
2014/2015,Mikel Saizar,Gardien,Córdoba CF,31,63,67,4,,3.0,15.8
2014/2015,Lucas Silva,Milieu,Real Madrid CF,21,75,75,0,,0.0,7.9
2014/2015,Juan Carlos,Gardien,Villarreal CF,27,70,71,1,0,1.0,10.5
2015/2016,Ager Aketxe,Milieu,Athletic Club de Bilbao,22,66,73,7,5,5.0,5.3
2015/2016,Victor Casadesus,Attaquant,Levante UD,30,73,74,1,0,-1.0,21.1
2015/2016,Albian Ajeti,Attaquant,FC Basel,18,61,64,3,0,0.0,2.8
2012/2013,Landry Mulemo,Défenseur,KV Kortrijk,26,64,65,1,,-1.0,56.7
2012/2013,Nicolas Timmermans,Défenseur,RAEC Mons,30,61,64,3,,1.0,80.0
2012/2013,Daan van Gijseghem,Défenseur,RAEC Mons,24,69,68,-1,,-1.0,56.7
2012/2013,Peter Franquart,Défenseur,RAEC Mons,27,64,65,1,,-1.0,36.7
2012/2013,Mustapha Jarju Alasan,Attaquant,RAEC Mons,26,64,67,3,,1.0,100.0
2012/2013,Logan Bailly,Gardien,Oud-Heverlee Leuven,27,68,66,-2,,-2.0,100.0
2012/2013,Gunther Vanaudenaerde,Défenseur,Oud-Heverlee Leuven,28,65,64,-1,,-1.0,80.0
2012/2013,Jonas De Roeck,Défenseur,Oud-Heverlee Leuven,33,66,64,-2,,-2.0,40.0
2012/2013,Geoffrey Mujangi Bia,Milieu,Standard de Liège,23,69,68,-1,,-1.0,3.3
2012/2013,Frederic Bulot,Milieu,Standard de Liège,22,71,71,0,,0.0,76.7
2012/2013,Davy de Fauw,Défenseur,SV Zulte-Waregem,31,68,70,2,,2.0,100.0
2012/2013,Mbaye Leye,Attaquant,SV Zulte-Waregem,30,70,70,0,,0.0,80.0
2012/2013,Mohamed Messoudi,Milieu,KAA Gent,28,67,67,0,,0.0,13.3
2012/2013,Anele Ngcongca,Défenseur,KRC Genk,25,71,72,1,,1.0,63.3
2012/2013,Jelle Vossen,Attaquant,KRC Genk,23,73,75,2,,2.0,80.0
2012/2013,Tim Smolders,Milieu,KSV Cercle Brugge,32,71,67,-4,,-4.0,46.7
2012/2013,Carlos Bacca,Attaquant,Club Brugge KV,26,70,75,5,,5.0,76.7
2012/2013,Daniel Opare,Défenseur,Standard de Liège,22,68,68,0,,0.0,10.0
2012/2013,Geoffry Hairemans,Milieu,Lierse SK,21,62,61,-1,,-3.0,13.3
2012/2013,Matija Skarabot,Défenseur,KAA Gent,24,60,61,1,,-1.0,6.7
2012/2013,Ziguy Badibanga,Milieu,Sporting Charleroi,21,64,64,0,,-2.0,46.7
2012/2013,Koen Weuts,Défenseur,Oud-Heverlee Leuven,22,59,63,4,,2.0,60.0
2012/2013,Ovidy Obvious Karuru,Milieu,Oud-Heverlee Leuven,23,57,64,7,,5.0,36.7
2012/2013,Evariste Ngolok,Milieu,Oud-Heverlee Leuven,24,65,65,0,,0.0,50.0
2012/2013,Michalis Sifakis,Gardien,Sporting Charleroi,28,73,69,-4,,-4.0,23.3
2012/2013,Kennedy Ugoala,Milieu,Beerschot AC,22,65,64,-1,,-1.0,13.3
2012/2013,Mats Rits,Milieu,KV Mechelen,19,64,64,0,,-2.0,6.7
2012/2013,Loris Brogno,Attaquant,Oud-Heverlee Leuven,20,54,60,6,,4.0,6.7
2012/2013,Zie Diabate,Défenseur,Standard de Liège,23,62,61,-1,,-3.0,3.3
2012/2013,Fernando Canesin Matos,Milieu,RSC Anderlecht,20,71,66,-5,,-5.0,3.3
2013/2014,Colin Coosemans,Gardien,Waasland-Beveren,21,67,68,1,0,1.0,50.0
2013/2014,Nana Asare,Défenseur,KAA Gent,27,72,68,-4,1,-4.0,100.0
2013/2014,Hannes van der Bruggen,Milieu,KAA Gent,20,67,65,-2,4,-2.0,83.3
2013/2014,Mahamadou Habib Habibou,Attaquant,KAA Gent,26,67,69,2,1,2.0,100.0
2013/2014,Ivan Trickovski,Milieu,Waasland-Beveren,26,68,68,0,,0.0,66.7
2013/2014,Tom van Imschoot,Milieu,KV Oostende,32,64,64,0,0,-1.0,16.7
2013/2014,Nicklas Pedersen,Attaquant,KAA Gent,26,71,70,-1,5,-1.0,16.7
2014/2015,Jorge Teixeira,Défenseur,Standard de Liège,28,64,70,6,0,5.0,36.7
2014/2015,Stergos Marinos,Défenseur,Sporting Charleroi,27,66,66,0,,0.0,70.0
2014/2015,Dieumerci Ndongala,Milieu,Sporting Charleroi,23,62,66,4,,3.0,56.7
2014/2015,Mijusko Bojovic,Défenseur,Waasland-Beveren,26,64,65,1,0,0.0,23.3
2014/2015,Aboubakar Oumarou,Attaquant,Waasland-Beveren,27,67,65,-2,,-2.0,40.0
2014/2015,Nicolas Castillo,Attaquant,Club Brugge KV,21,70,70,0,,0.0,33.3
2014/2015,Rami Gershon,Défenseur,KAA Gent,26,70,71,1,3,1.0,96.7
2014/2015,Hamari Traore,Défenseur,Lierse SK,22,61,64,3,,2.0,96.7
2014/2015,Hernan Losada,Milieu,Lierse SK,32,70,69,-1,0,-1.0,66.7
2014/2015,Sebastien Siani,Milieu,KV Oostende,28,64,67,3,,2.0,100.0
2014/2015,Hans Vanaken,Milieu,Sporting Lokeren,22,73,73,0,,0.0,96.7
2014/2015,Sekou Cisse,Milieu,KRC Genk,29,69,69,0,1,0.0,66.7
2014/2015,Siebe Schrijvers,Attaquant,KRC Genk,18,64,68,4,,3.0,50.0
2014/2015,Frank Acheampong,Milieu,RSC Anderlecht,21,69,71,2,,2.0,43.3
2014/2015,Gohi Bi Cyriac,Attaquant,RSC Anderlecht,24,70,70,0,,0.0,30.0
2014/2015,Chuks Aneke,Milieu,SV Zulte-Waregem,21,62,66,4,,3.0,56.7
2014/2015,Nicolas Penneteau,Gardien,Sporting Charleroi,33,74,72,-2,0,-2.0,80.0
2014/2015,Rafinha,Défenseur,KAA Gent,32,66,65,-1,-1,-1.0,40.0
2014/2015,Cedric D'Ulivo,Défenseur,Waasland-Beveren,25,66,66,0,2,0.0,50.0
2014/2015,Amidio Balde,Attaquant,Waasland-Beveren,23,66,65,-1,-2,-1.0,33.3
2014/2015,Thibaut van Acker,Milieu,KSV Cercle Brugge,23,67,66,-1,,-1.0,66.7
2014/2015,Stephen Buyl,Milieu,KSV Cercle Brugge,22,64,64,0,,-1.0,50.0
2014/2015,Anthony Vanden Borre,Défenseur,RSC Anderlecht,27,71,72,1,,1.0,36.7
2014/2015,Maarten Martens,Milieu,KSV Cercle Brugge,30,74,73,-1,-1,-1.0,26.7
2014/2015,Nicolas Verdier,Attaquant,KV Mechelen,27,66,68,2,,2.0,6.7
2014/2015,Karim Rossi,Attaquant,SV Zulte-Waregem,20,59,62,3,,2.0,16.7
2014/2015,Jinty Caenepeel,Attaquant,KSV Cercle Brugge,18,55,61,6,,5.0,3.3
2014/2015,Eugene Ansah,Attaquant,Sporting Lokeren,20,62,62,0,,-1.0,3.3
2015/2016,Brandon Mechele,Défenseur,Club Brugge KV,22,72,73,1,2,-1.0,50.0
2015/2016,Darren Keet,Gardien,KV Kortrijk,26,67,69,2,-1,0.0,100.0
2015/2016,Laszlo Koteles,Gardien,KRC Genk,31,71,71,0,0,-2.0,53.3
2015/2016,Julien Gorius,Milieu,KRC Genk,30,71,72,1,-1,-1.0,26.7
2015/2016,Brecht Capon,Défenseur,KV Oostende,27,66,69,3,-1,1.0,86.7
2015/2016,Antonio Milic,Défenseur,KV Oostende,21,67,68,1,,-1.0,86.7
2015/2016,Jordan Lukaku,Défenseur,KV Oostende,21,67,72,5,2,3.0,86.7
2015/2016,Bryan Verboom,Défenseur,SV Zulte-Waregem,23,67,70,3,0,1.0,73.3
2015/2016,Christophe Lepoint,Milieu,SV Zulte-Waregem,31,69,71,2,2,0.0,90.0
2015/2016,Onur Kaya,Milieu,SV Zulte-Waregem,29,68,71,3,,1.0,80.0
2015/2016,Koen Van Langendonck,Gardien,KVC Westerlo,26,64,67,3,,0.0,96.7
2015/2016,Mohammed Aoulad,Milieu,KVC Westerlo,24,67,67,0,,-2.0,36.7
2015/2016,Thomas Foket,Milieu,KAA Gent,21,69,72,3,5,1.0,90.0
2015/2016,Renato Neto,Milieu,KAA Gent,24,70,74,4,5,2.0,80.0
2015/2016,Kenneth Saief,Milieu,KAA Gent,22,66,70,4,,2.0,33.3
2015/2016,Ivan Obradovic,Défenseur,RSC Anderlecht,27,70,72,2,2,0.0,43.3
2015/2016,Youri Tielemans,Milieu,RSC Anderlecht,18,74,76,2,5,0.0,63.3
2015/2016,Milos Maric,Milieu,Waasland-Beveren,33,66,66,0,0,-2.0,63.3
2015/2016,Damien Marcq,Milieu,Sporting Charleroi,27,67,70,3,3,1.0,80.0
2015/2016,Andy Najar,Défenseur,RSC Anderlecht,22,73,74,1,2,-1.0,70.0
2015/2016,Moses Simon,Attaquant,KAA Gent,20,71,73,2,,0.0,53.3
2015/2016,Steeven Willems,Défenseur,Sporting Charleroi,25,63,65,2,4,-1.0,46.7
2015/2016,Marko Scepovic,Attaquant,Royal Excel Mouscron,24,68,69,1,,-1.0,60.0
2015/2016,Anice Badri,Milieu,Royal Excel Mouscron,25,66,68,2,,0.0,53.3
2015/2016,Sandy Walsh,Défenseur,KRC Genk,20,62,67,5,0,2.0,53.3
2015/2016,Floriano Vanzo,Attaquant,Waasland-Beveren,21,60,62,2,,-1.0,40.0
2015/2016,Fabien Boyer,Défenseur,KV Kortrijk,24,63,60,-3,,-6.0,26.7
2015/2016,Jore Trompet,Milieu,KVC Westerlo,23,62,63,1,,-2.0,3.3
2015/2016,Valtteri Moren,Défenseur,Waasland-Beveren,24,61,63,2,,-1.0,26.7
2015/2016,Robin Henkens,Milieu,KVC Westerlo,27,65,65,0,-1,-2.0,33.3
2015/2016,Cristian Manea,Défenseur,Royal Excel Mouscron,18,61,63,2,,-1.0,6.7
2015/2016,Henrik Dalsgaard,Défenseur,SV Zulte-Waregem,26,64,70,6,,3.0,30.0
2015/2016,Joao Carlos,Défenseur,Sporting Lokeren,33,70,70,0,,-2.0,26.7
2012/2013,Per Mertesacker,Défenseur,Arsenal,28,81,80,-1,,-1.0,86.8
2012/2013,Carlos Cuellar,Défenseur,Sunderland,31,74,74,0,,0.0,68.4
2012/2013,John O'Shea,Défenseur,Sunderland,31,78,75,-3,,-3.0,89.5
2012/2013,Sylvain Distin,Défenseur,Everton,35,76,77,1,,1.0,81.6
2012/2013,Philip Neville,Milieu,Everton,35,74,74,0,,0.0,47.4
2012/2013,Marouane Fellaini,Attaquant,Everton,25,79,80,1,,1.0,81.6
2012/2013,Nikica Jelavic,Attaquant,Everton,27,76,77,1,,1.0,68.4
2012/2013,Wayne Rooney,Milieu,Manchester United,27,90,87,-3,,-3.0,57.9
2012/2013,Damien Duff,Milieu,Fulham,33,78,77,-1,,-1.0,71.1
2012/2013,Robert Snodgrass,Milieu,Norwich City,25,73,75,2,,2.0,92.1
2012/2013,Joe Hart,Gardien,Manchester City,25,83,84,1,,1.0,100.0
2012/2013,Kelvin Davis,Gardien,Southampton,36,69,72,3,,3.0,23.7
2012/2013,Nathaniel Clyne,Défenseur,Southampton,21,72,75,3,,3.0,89.5
2012/2013,Jose Fonte,Défenseur,Southampton,29,70,72,2,,2.0,65.8
2012/2013,Adam Lallana,Milieu,Southampton,24,75,77,2,,2.0,68.4
2012/2013,Jason Puncheon,Milieu,Southampton,26,70,73,3,,3.0,65.8
2012/2013,Yohan Cabaye,Milieu,Newcastle United,26,80,81,1,,1.0,65.8
2012/2013,Gylfi Sigurdsson,Milieu,Tottenham Hotspur,23,75,76,1,,1.0,31.6
2012/2013,Ji-Sung Park,Milieu,Queens Park Rangers,31,81,72,-9,,-9.0,39.5
2012/2013,Danny Guthrie,Milieu,Reading,25,74,74,0,,0.0,50.0
2012/2013,Ben Foster,Gardien,West Bromwich Albion,29,78,78,0,,0.0,78.9
2012/2013,Steven Reid,Défenseur,West Bromwich Albion,31,71,70,-1,,-1.0,28.9
2012/2013,Ricardo Vaz Te,Milieu,West Ham United,26,68,70,2,,2.0,47.4
2012/2013,Carlton Cole,Attaquant,West Ham United,29,74,73,-1,,-1.0,36.8
2012/2013,Gary Caldwell,Défenseur,Wigan Athletic,30,73,73,0,,0.0,65.8
2012/2013,Emmerson Boyce,Milieu,Wigan Athletic,33,68,74,6,,6.0,94.7
2012/2013,Eden Hazard,Milieu,Chelsea,21,85,85,0,,0.0,81.6
2012/2013,Fabricio Coloccini,Défenseur,Newcastle United,30,80,81,1,,1.0,57.9
2012/2013,Aaron Ramsey,Milieu,Arsenal,22,79,77,-2,,-2.0,55.3
2012/2013,Armand Traore,Défenseur,Queens Park Rangers,23,70,70,0,,0.0,63.2
2012/2013,Sean Morrison,Défenseur,Reading,21,64,69,5,,3.0,39.5
2012/2013,Garath McCleary,Milieu,Reading,25,63,70,7,,5.0,39.5
2012/2013,Jay Tabb,Milieu,Reading,28,64,67,3,,1.0,31.6
2012/2013,Jason Roberts,Attaquant,Reading,34,70,71,1,,1.0,21.1
2012/2013,Noel Hunt,Attaquant,Reading,30,68,68,0,,0.0,26.3
2012/2013,Adam Johnson,Milieu,Sunderland,25,80,79,-1,,-1.0,92.1
2012/2013,Brad Guzan,Gardien,Aston Villa,28,75,77,2,,2.0,94.7
2012/2013,Jean Beausejour,Milieu,Wigan Athletic,28,74,75,1,,1.0,84.2
2012/2013,Gaston Ramirez,Milieu,Southampton,22,76,80,4,,4.0,52.6
2012/2013,Andy Carroll,Attaquant,West Ham United,23,78,77,-1,,-1.0,57.9
2012/2013,Ramires,Milieu,Chelsea,25,79,81,2,,2.0,73.7
2012/2013,Shane Ferguson,Milieu,Newcastle United,21,64,66,2,,0.0,10.5
2012/2013,Steven Naismith,Milieu,Everton,26,76,72,-4,,-4.0,34.2
2012/2013,Modibo Maiga,Attaquant,West Ham United,25,76,75,-1,,-1.0,5.3
2012/2013,Darren Fletcher,Milieu,Manchester United,28,81,80,-1,,-1.0,5.3
2012/2013,Jordi Gomez,Milieu,Wigan Athletic,27,71,72,1,,1.0,44.7
2012/2013,Shaun Cummings,Défenseur,Reading,23,63,66,3,,1.0,23.7
2012/2013,Hugo Rodallega,Attaquant,Fulham,27,74,75,1,,1.0,36.8
2012/2013,Sylvain Marveaux,Milieu,Newcastle United,26,75,75,0,,0.0,26.3
2012/2013,Shaun Wright-Phillips,Milieu,Queens Park Rangers,31,77,72,-5,,-5.0,36.8
2012/2013,Jimmy Kebe,Milieu,Reading,28,71,70,-1,,-1.0,42.1
2012/2013,Jem Karacan,Milieu,Reading,23,70,71,1,,1.0,55.3
2012/2013,Raul Meireles,Milieu,Chelsea,29,81,80,-1,,-1.0,2.6
2012/2013,Gabriel Obertan,Milieu,Newcastle United,23,70,70,0,,0.0,10.5
2012/2013,Scott Parker,Milieu,Tottenham Hotspur,32,83,80,-3,,-3.0,39.5
2012/2013,Yacouba Sylla,Milieu,Aston Villa,22,68,69,1,,1.0,18.4
2012/2013,Frazer Richardson,Défenseur,Southampton,30,67,68,1,,1.0,5.3
2013/2014,Wojciech Szczesny,Gardien,Arsenal,23,80,80,0,0,0.0,97.4
2013/2014,Tomas Rosicky,Milieu,Arsenal,33,80,81,1,1,1.0,44.7
2013/2014,Karim El Ahmadi,Milieu,Aston Villa,28,74,74,0,0,0.0,68.4
2013/2014,Branislav Ivanovic,Défenseur,Chelsea,29,83,81,-2,0,-2.0,94.7
2013/2014,Gary Cahill,Défenseur,Chelsea,28,80,80,0,1,0.0,76.3
2013/2014,Sone Aluko,Attaquant,Hull City,24,67,71,4,,4.0,26.3
2013/2014,Daniel Graham,Attaquant,Hull City,28,74,71,-3,,-3.0,31.6
2013/2014,Julian Speroni,Gardien,Crystal Palace,34,73,74,1,,1.0,97.4
2013/2014,Daniel Gabbidon,Défenseur,Crystal Palace,34,66,69,3,,3.0,57.9
2013/2014,Jan Vertonghen,Défenseur,Tottenham Hotspur,26,82,82,0,3,0.0,60.5
2013/2014,Danny Rose,Défenseur,Tottenham Hotspur,23,72,73,1,-2,1.0,57.9
2013/2014,Geoff Cameron,Défenseur,Stoke City,28,72,72,0,3,0.0,97.4
2013/2014,Peter Crouch,Attaquant,Stoke City,32,77,76,-1,0,-1.0,78.9
2013/2014,Pablo Zabaleta,Défenseur,Manchester City,28,81,82,1,4,1.0,89.5
2013/2014,Jesus Navas,Milieu,Manchester City,28,85,83,-2,1,-2.0,47.4
2013/2014,Mapou Yanga-Mbiwa,Défenseur,Newcastle United,24,78,76,-2,,-2.0,44.7
2013/2014,Steven Pienaar,Milieu,Everton,31,80,80,0,3,0.0,50.0
2013/2014,Ross Barkley,Milieu,Everton,20,71,77,6,2,6.0,65.8
2013/2014,Sebastian Larsson,Milieu,Sunderland,28,74,72,-2,-4,-2.0,63.2
2013/2014,Aaron Hughes,Défenseur,Fulham,34,73,72,-1,-2,-1.0,28.9
2013/2014,Chico,Défenseur,Swansea City,26,75,77,2,0,2.0,78.9
2013/2014,Michu,Milieu,Swansea City,27,78,80,2,4,2.0,39.5
2013/2014,David De Gea,Gardien,Manchester United,23,81,83,2,3,2.0,97.4
2013/2014,Phil Jones,Défenseur,Manchester United,21,78,79,1,0,1.0,68.4
2013/2014,Jussi Jaaskelainen,Gardien,West Ham United,38,73,73,0,-4,0.0,47.4
2013/2014,Guy Demel,Défenseur,West Ham United,32,70,70,0,-1,0.0,78.9
2013/2014,James Collins,Défenseur,West Ham United,30,74,74,0,-1,0.0,57.9
2013/2014,Winston Reid,Défenseur,West Ham United,25,74,75,1,4,1.0,47.4
2013/2014,Matthew Connolly,Défenseur,Cardiff City,26,69,66,-3,,-3.0,7.9
2013/2014,Bo-Kyung Kim,Milieu,Cardiff City,24,71,72,1,,1.0,55.3
2013/2014,Mikel Arteta,Milieu,Arsenal,31,82,80,-2,1,-2.0,71.1
2013/2014,Mamadou Sakho,Défenseur,Liverpool,23,81,81,0,0,0.0,44.7
2013/2014,Jon Flanagan,Défenseur,Liverpool,20,68,70,2,,2.0,60.5
2013/2014,Andrew Taylor,Défenseur,Cardiff City,27,68,66,-2,,-2.0,47.4
2013/2014,Vlad Chiriches,Défenseur,Tottenham Hotspur,24,73,76,3,,3.0,42.1
2013/2014,Fernando Amorebieta,Défenseur,Fulham,28,80,75,-5,0,-5.0,52.6
2013/2014,Rafael,Défenseur,Manchester United,23,66,67,1,,1.0,47.4
2013/2014,Andrea Dossena,Défenseur,Sunderland,32,72,68,-4,,-4.0,15.8
2013/2014,Steven Fletcher,Attaquant,Sunderland,26,76,76,0,-1,0.0,34.2
2013/2014,Martin Demichelis,Défenseur,Manchester City,33,80,79,-1,2,-1.0,71.1
2013/2014,Samir Nasri,Milieu,Manchester City,26,84,84,0,-1,0.0,76.3
2013/2014,Leroy Fer,Milieu,Norwich City,23,76,76,0,2,0.0,73.7
2013/2014,Loic Remy,Attaquant,Newcastle United,26,79,80,1,,1.0,63.2
2013/2014,Stephen Ireland,Milieu,Stoke City,27,77,75,-2,2,-2.0,36.8
2013/2014,Stewart Downing,Milieu,West Ham United,29,78,77,-1,-4,-1.0,76.3
2013/2014,Ciaran Clark,Défenseur,Aston Villa,24,74,73,-1,-1,-1.0,60.5
2013/2014,Chris Smalling,Défenseur,Manchester United,24,78,76,-2,0,-2.0,55.3
2013/2014,Wes Brown,Défenseur,Sunderland,34,76,75,-1,,-1.0,63.2
2013/2014,Brad Friedel,Gardien,Tottenham Hotspur,42,80,78,-2,-1,-2.0,2.6
2013/2014,Joe Allen,Milieu,Liverpool,23,77,77,0,4,0.0,39.5
2013/2014,Gerard Deulofeu,Milieu,Everton,19,75,76,1,,1.0,23.7
2013/2014,Jack Cork,Milieu,Southampton,24,73,75,2,2,2.0,55.3
2013/2014,Victor Anichebe,Attaquant,West Bromwich Albion,25,72,72,0,-1,0.0,28.9
2013/2014,Marc Albrighton,Milieu,Aston Villa,24,72,71,-1,-3,-1.0,23.7
2013/2014,Jonathan Parr,Défenseur,Crystal Palace,25,69,69,0,,0.0,18.4
2013/2014,David Stockdale,Gardien,Fulham,28,73,73,0,0,0.0,50.0
2013/2014,Lukas Podolski,Milieu,Arsenal,28,81,77,-4,-2,-4.0,36.8
2013/2014,Alexander Tettey,Milieu,Norwich City,27,74,75,1,2,1.0,44.7
2013/2014,Alou Diarra,Défenseur,West Ham United,32,73,72,-1,,-1.0,2.6
2014/2015,Santi Cazorla,Milieu,Arsenal,30,84,85,1,-1,1.0,86.8
2014/2015,Brede Hangeland,Défenseur,Crystal Palace,33,77,73,-4,-4,-4.0,31.6
2014/2015,Tom Heaton,Gardien,Burnley,28,70,72,2,,2.0,100.0
2014/2015,Cesar Azpilicueta,Défenseur,Chelsea,25,79,81,2,2,2.0,76.3
2014/2015,Raheem Sterling,Attaquant,Liverpool,20,79,80,1,3,1.0,89.5
2014/2015,Neil Taylor,Défenseur,Swansea City,25,72,71,-1,-1,-1.0,89.5
2014/2015,Jonjo Shelvey,Milieu,Swansea City,22,74,74,0,0,0.0,73.7
2014/2015,Moussa Sissoko,Milieu,Newcastle United,25,75,77,2,0,2.0,89.5
2014/2015,Aleksandar Kolarov,Défenseur,Manchester City,29,78,78,0,0,0.0,42.1
2014/2015,Erik Pieters,Défenseur,Stoke City,26,72,73,1,0,1.0,76.3
2014/2015,Ron Vlaar,Défenseur,Aston Villa,29,78,80,2,0,2.0,50.0
2014/2015,Graham Dorrans,Milieu,West Bromwich Albion,27,73,73,0,0,0.0,50.0
2014/2015,Patrick van Aanholt,Défenseur,Sunderland,24,71,71,0,-1,0.0,68.4
2014/2015,Lee Cattermole,Milieu,Sunderland,26,74,75,1,-2,1.0,68.4
2014/2015,Connor Wickham,Attaquant,Sunderland,21,72,72,0,3,0.0,81.6
2014/2015,Aaron Cresswell,Défenseur,West Ham United,25,70,71,1,,1.0,100.0
2014/2015,Eduardo Vargas,Milieu,Queens Park Rangers,25,78,76,-2,3,-2.0,42.1
2014/2015,Federico Fernandez,Défenseur,Swansea City,25,75,74,-1,0,-1.0,71.1
2014/2015,Joleon Lescott,Défenseur,West Bromwich Albion,32,79,78,-1,-2,-1.0,89.5
2014/2015,James Morrison,Milieu,West Bromwich Albion,28,73,73,0,-2,0.0,76.3
2014/2015,Alberto Moreno,Milieu,Liverpool,22,76,79,3,8,3.0,68.4
2014/2015,Carl Jenkinson,Défenseur,West Ham United,22,71,71,0,1,0.0,76.3
2014/2015,Steve Harper,Gardien,Hull City,39,69,69,0,0,0.0,26.3
2014/2015,Diafra Sakho,Attaquant,West Ham United,25,71,72,1,,1.0,52.6
2014/2015,Leon Osman,Milieu,Everton,33,76,76,0,-2,0.0,34.2
2014/2015,Ben Davies,Défenseur,Tottenham Hotspur,21,72,73,1,5,1.0,23.7
2014/2015,Michael Keane,Défenseur,Burnley,21,65,68,3,,3.0,44.7
2014/2015,Jose Enrique,Défenseur,Liverpool,28,79,75,-4,0,-4.0,5.3
2014/2015,Matt Jarvis,Milieu,West Ham United,28,76,75,-1,0,-1.0,10.5
2014/2015,Cheik Tiote,Milieu,Newcastle United,28,78,78,0,-2,0.0,26.3
2014/2015,Liam Rosenior,Défenseur,Hull City,30,67,68,1,0,1.0,13.2
2014/2015,Pozo,Attaquant,Manchester City,18,57,63,6,,5.0,2.6
2014/2015,Harrison Reed,Milieu,Southampton,19,61,64,3,,2.0,13.2
2014/2015,Dean Hammond,Milieu,Leicester City,31,67,67,0,,0.0,23.7
2015/2016,Steve Cook,Défenseur,Bournemouth,24,68,72,4,,2.0,94.7
2015/2016,Charlie Daniels,Défenseur,Bournemouth,29,67,71,4,,2.0,97.4
2015/2016,Joshua King,Attaquant,Bournemouth,23,67,69,2,,0.0,63.2
2015/2016,Callum Wilson,Attaquant,Bournemouth,23,70,75,5,,3.0,23.7
2015/2016,Leandro Bacuna,Milieu,Aston Villa,24,71,72,1,5,-1.0,71.1
2015/2016,Jordan Amavi,Défenseur,Aston Villa,21,72,75,3,12,1.0,23.7
2015/2016,Jordan Ayew,Attaquant,Aston Villa,24,74,76,2,1,0.0,71.1
2015/2016,Willian,Milieu,Chelsea,27,82,83,1,-1,0.0,84.2
2015/2016,Ashley Williams,Défenseur,Swansea City,31,78,81,3,-1,2.0,94.7
2015/2016,Jefferson Montero,Milieu,Swansea City,26,76,77,1,0,0.0,36.8
2015/2016,Seamus Coleman,Défenseur,Everton,27,80,81,1,4,0.0,71.1
2015/2016,Kevin Mirallas,Milieu,Everton,28,80,80,0,-1,-1.0,26.3
2015/2016,Andy King,Milieu,Leicester City,27,69,70,1,1,-1.0,23.7
2015/2016,Danny Drinkwater,Milieu,Leicester City,25,71,76,5,2,3.0,92.1
2015/2016,Jamie Vardy,Attaquant,Leicester City,28,70,79,9,1,7.0,94.7
2015/2016,Sergio Romero,Gardien,Manchester United,28,75,76,1,3,0.0,10.5
2015/2016,Michael Carrick,Milieu,Manchester United,34,79,80,1,-1,0.0,57.9
2015/2016,Nabil Bentaleb,Milieu,Tottenham Hotspur,21,74,74,0,6,-2.0,5.3
2015/2016,Papiss Cisse,Attaquant,Newcastle United,30,77,78,1,1,0.0,36.8
2015/2016,Sadio Mane,Milieu,Southampton,23,74,78,4,2,2.0,78.9
2015/2016,Robert Brady,Milieu,Norwich City,23,71,75,4,-1,2.0,89.5
2015/2016,Joel Ward,Défenseur,Crystal Palace,26,74,76,2,0,0.0,78.9
2015/2016,Marc Muniesa,Défenseur,Stoke City,23,72,75,3,5,1.0,31.6
2015/2016,Charlie Adam,Milieu,Stoke City,30,73,75,2,0,0.0,31.6
2015/2016,Philippe Coutinho,Milieu,Liverpool,23,82,84,2,1,1.0,63.2
2015/2016,James Chester,Défenseur,West Bromwich Albion,26,71,72,1,1,-1.0,23.7
2015/2016,Fernandinho,Milieu,Manchester City,30,81,80,-1,-1,-2.0,81.6
2015/2016,Erik Lamela,Milieu,Tottenham Hotspur,23,78,80,2,-2,1.0,73.7
2015/2016,Adrian Mariappa,Défenseur,Crystal Palace,29,70,71,1,0,-1.0,7.9
2015/2016,Martin Kelly,Défenseur,Crystal Palace,25,73,74,1,-1,-1.0,28.9
2015/2016,Fraizer Campbell,Attaquant,Crystal Palace,28,70,71,1,-2,-1.0,10.5
2015/2016,Emre Can,Milieu,Liverpool,21,73,75,2,0,0.0,73.7
2015/2016,Lucas Leiva,Milieu,Liverpool,28,79,79,0,-1,-1.0,55.3
2015/2016,Jonny Evans,Défenseur,West Bromwich Albion,27,78,78,0,-1,-1.0,78.9
2015/2016,Stephane Sessegnon,Milieu,West Bromwich Albion,31,77,77,0,0,-1.0,55.3
2015/2016,Yann M'Vila,Milieu,Sunderland,25,78,78,0,0,-1.0,94.7
2015/2016,Aleksandar Mitrovic,Attaquant,Newcastle United,21,76,76,0,2,-1.0,57.9
2015/2016,Kurt Zouma,Défenseur,Chelsea,21,75,79,4,1,3.0,55.3
2015/2016,John Obi Mikel,Milieu,Chelsea,28,78,77,-1,-1,-2.0,50.0
2015/2016,Ramiro Funes Mori,Défenseur,Everton,24,75,75,0,,-1.0,63.2
2015/2016,Harry Arter,Milieu,Bournemouth,26,69,73,4,,2.0,55.3
2015/2016,Jesse Lingard,Milieu,Manchester United,23,68,76,8,1,6.0,50.0
2015/2016,Andre Wisdom,Défenseur,Norwich City,22,70,70,0,1,-2.0,23.7
2015/2016,Shane Long,Attaquant,Southampton,28,76,75,-1,1,-2.0,60.5
2015/2016,Patrick McNair,Défenseur,Manchester United,20,61,69,8,,5.0,7.9
2015/2016,Siem de Jong,Attaquant,Newcastle United,26,77,76,-1,0,-2.0,7.9
2015/2016,Declan Rudd,Gardien,Norwich City,24,67,70,3,,1.0,28.9
2015/2016,Calum Chambers,Milieu,Arsenal,20,72,72,0,3,-2.0,5.3
2015/2016,Eunan O'Kane,Milieu,Bournemouth,25,66,68,2,,0.0,15.8
2015/2016,Max-Alain Gradel,Milieu,Bournemouth,28,77,79,2,3,1.0,28.9
2015/2016,Joel Robles,Gardien,Everton,25,73,74,1,3,-1.0,34.2
2015/2016,Stephen Kingsley,Défenseur,Swansea City,21,61,61,0,,-3.0,10.5
2015/2016,Bertrand Traore,Attaquant,Chelsea,20,73,74,1,4,-1.0,10.5
2015/2016,Formose Mendy,Défenseur,SV Zulte-Waregem,22,61,64,3,0,0.0,3.3
2015/2016,Sebastiaan Brebels,Milieu,SV Zulte-Waregem,20,54,59,5,,2.0,3.3
2013/2014,Grant Holt,Attaquant,Aston Villa,32,75,72,-3,2,-3.0,7.9
2013/2014,Liam Bridcutt,Milieu,Sunderland,24,71,73,2,,2.0,23.7
2013/2014,Scott Dann,Défenseur,Crystal Palace,26,72,71,-1,,-1.0,36.8
2014/2015,Dwight Tiendalli,Défenseur,Swansea City,29,70,70,0,1,0.0,2.6
2014/2015,Michel Vorm,Gardien,Tottenham Hotspur,31,80,79,-1,-1,-1.0,7.9
2014/2015,Paulo Gazzaniga,Gardien,Southampton,22,64,64,0,-1,-1.0,5.3
2015/2016,Ruben Loftus-Cheek,Milieu,Chelsea,19,58,66,8,2,5.0,10.5
2015/2016,Jakob Haugaard,Gardien,Stoke City,23,60,62,2,,-1.0,10.5
2015/2016,Baye Oumar Niasse,Attaquant,Everton,25,74,77,3,,1.0,5.3
2012/2013,Bostjan Cesar,Défenseur,Chievo Verona,30,76,74,-2,,-2.0,50.0
2012/2013,Nicholas Sebastian Frey,Défenseur,Chievo Verona,28,72,72,0,,0.0,52.6
2012/2013,Alessandro Diamanti,Milieu,Bologna,29,76,83,7,,7.0,86.8
2012/2013,Emiliano Viviano,Gardien,Fiorentina,27,79,78,-1,,-1.0,84.2
2012/2013,Luis Muriel,Attaquant,Udinese,21,72,78,6,,6.0,39.5
2012/2013,Bosko Jankovic,Milieu,Genoa,28,77,75,-2,,-2.0,42.1
2012/2013,Cristian Zaccardo,Défenseur,Parma,31,76,76,0,,0.0,36.8
2012/2013,Aleandro Rosi,Milieu,Parma,25,73,73,0,,0.0,60.5
2012/2013,Nenad Krsticic,Milieu,Sampdoria,22,62,72,10,,8.0,57.9
2012/2013,Christian Maggio,Milieu,Napoli,30,80,81,1,,1.0,81.6
2012/2013,Valon Behrami,Milieu,Napoli,27,78,79,1,,1.0,84.2
2012/2013,Matti Lund Nielsen,Milieu,Pescara,24,63,64,1,,-1.0,39.5
2012/2013,Emmanuel Cascione,Milieu,Pescara,29,68,71,3,,3.0,60.5
2012/2013,Javier Zanetti,Milieu,Inter,39,81,78,-3,,-3.0,86.8
2012/2013,Andrea Ranocchia,Défenseur,Inter,24,79,81,2,,2.0,84.2
2012/2013,Federico Balzaretti,Défenseur,Roma,31,80,77,-3,,-3.0,65.8
2012/2013,Daniele De Rossi,Milieu,Roma,29,84,85,1,,1.0,55.3
2012/2013,Salvatore Masiello,Défenseur,Torino,30,67,73,6,,6.0,57.9
2012/2013,Francesco Valiani,Attaquant,Siena,32,72,69,-3,,-3.0,34.2
2012/2013,Marco Andreolli,Défenseur,Chievo Verona,26,74,77,3,,3.0,73.7
2012/2013,Emiliano Moretti,Défenseur,Genoa,31,73,72,-1,,-1.0,68.4
2012/2013,Matias Fernandez,Milieu,Fiorentina,26,81,76,-5,,-5.0,23.7
2012/2013,Alvaro Pereira,Milieu,Inter,27,80,79,-1,,-1.0,57.9
2012/2013,Manolo Gabbiadini,Attaquant,Bologna,21,71,74,3,,3.0,50.0
2012/2013,Alessandro Sgrigna,Attaquant,Torino,32,70,71,1,,1.0,18.4
2012/2013,Egidio Arevalo,Milieu,Palermo,30,75,76,1,,1.0,57.9
2012/2013,Phillippe Mexes,Défenseur,Milan,30,81,81,0,,0.0,65.8
2012/2013,Bojan Krkic,Attaquant,Milan,22,76,78,2,,2.0,13.2
2012/2013,Blerim Dzemaili,Milieu,Napoli,26,76,76,0,,0.0,50.0
2012/2013,Panagiotis Tachtsidis,Milieu,Roma,21,61,73,12,,10.0,47.4
2012/2013,Bojan Jokic,Défenseur,Chievo Verona,26,72,74,2,,2.0,34.2
2012/2013,Juan Camilo Zuniga,Milieu,Napoli,27,77,79,2,,2.0,78.9
2012/2013,Juan Vargas,Milieu,Genoa,29,80,78,-2,,-2.0,39.5
2012/2013,Alberto Paloschi,Attaquant,Chievo Verona,22,74,77,3,,3.0,42.1
2012/2013,Giuseppe De Luca,Attaquant,Atalanta,21,64,70,6,,4.0,18.4
2012/2013,Fabiano Santacroce,Défenseur,Parma,26,75,73,-2,,-2.0,10.5
2012/2013,Adrian Stoian,Attaquant,Chievo Verona,21,62,72,10,,8.0,18.4
2012/2013,Mehdi Benatia,Défenseur,Udinese,25,80,82,2,,2.0,50.0
2012/2013,Mbaye Niang,Attaquant,Milan,18,72,77,5,,5.0,23.7
2012/2013,Cristian Chivu,Défenseur,Inter,32,79,80,1,,1.0,18.4
2012/2013,Mariano Angel Paglialunga,Milieu,Catania,24,67,68,1,,1.0,2.6
2012/2013,Ferdinando Sforzini,Attaquant,Pescara,28,67,69,2,,2.0,23.7
2012/2013,Vasilios Torosidis,Défenseur,Roma,27,79,76,-3,,-3.0,23.7
2012/2013,Mauro Formica,Milieu,Palermo,24,70,69,-1,,-1.0,7.9
2012/2013,Nicola Pozzi,Attaquant,Sampdoria,26,71,72,1,,1.0,2.6
2013/2014,Guglielmo Stendardo,Défenseur,Atalanta,32,76,75,-1,2,-1.0,73.7
2013/2014,Cristiano Del Grosso,Défenseur,Atalanta,30,71,68,-3,,-3.0,47.4
2013/2014,German Denis,Attaquant,Atalanta,32,80,79,-1,2,-1.0,94.7
2013/2014,Giuseppe Rossi,Attaquant,Fiorentina,26,82,82,0,,0.0,50.0
2013/2014,Lucas Nahuel Castro,Attaquant,Catania,24,76,72,-4,6,-4.0,60.5
2013/2014,Sebastian Leto,Attaquant,Catania,27,75,70,-5,,-5.0,34.2
2013/2014,Ignazio Abate,Défenseur,Milan,27,79,77,-2,-2,-2.0,42.1
2013/2014,Cristian Zapata,Défenseur,Milan,27,79,78,-1,4,-1.0,52.6
2013/2014,Hugo Campagnaro,Défenseur,Inter,33,81,81,0,1,0.0,52.6
2013/2014,Jonathan,Milieu,Inter,27,72,77,5,-3,5.0,81.6
2013/2014,Senad Lulic,Milieu,Lazio,27,79,79,0,2,0.0,73.7
2013/2014,Emmanuel Agyemang-Badu,Milieu,Udinese,23,74,73,-1,2,-1.0,52.6
2013/2014,Andrea Luci,Milieu,Livorno,28,67,70,3,,3.0,57.9
2013/2014,Francesco Totti,Attaquant,Roma,37,82,81,-1,2,-1.0,52.6
2013/2014,Raul Albiol,Défenseur,Napoli,28,80,80,0,-1,0.0,78.9
2013/2014,Lazaros Christodoulopoulos,Milieu,Bologna,27,74,75,1,1,1.0,52.6
2013/2014,Marco Parolo,Milieu,Parma,28,75,77,2,0,2.0,94.7
2013/2014,Alessio Sestu,Milieu,Chievo Verona,30,69,73,4,-1,4.0,21.1
2013/2014,Cyril Thereau,Attaquant,Chievo Verona,30,78,76,-2,4,-2.0,73.7
2013/2014,Pedro Mba Obiang,Milieu,Sampdoria,21,74,74,0,6,0.0,63.2
2013/2014,Andrea Barzagli,Défenseur,Juventus,32,85,84,-1,3,-1.0,68.4
2013/2014,Marcello Gazzola,Défenseur,Sassuolo,28,64,65,1,,0.0,57.9
2013/2014,Francesco Magnanelli,Milieu,Sassuolo,29,66,70,4,,4.0,73.7
2013/2014,Davide Astori,Défenseur,Cagliari,26,80,79,-1,2,-1.0,89.5
2013/2014,Dries Mertens,Milieu,Napoli,26,80,82,2,0,2.0,55.3
2013/2014,Davide Gavazzi,Milieu,Sampdoria,27,63,66,3,,2.0,15.8
2013/2014,Marco Biagianti,Milieu,Livorno,29,72,71,-1,-2,-1.0,63.2
2013/2014,Claiton Dos Santos,Défenseur,Chievo Verona,29,67,69,2,,2.0,13.2
2013/2014,Lorenzo Insigne,Milieu,Napoli,22,77,79,2,3,2.0,65.8
2013/2014,Pawel Wszolek,Milieu,Sampdoria,21,66,69,3,7,3.0,26.3
2013/2014,Stefano Lucchini,Défenseur,Atalanta,33,76,75,-1,1,-1.0,36.8
2013/2014,Andre Dias,Défenseur,Lazio,34,80,75,-5,-1,-5.0,36.8
2013/2014,Ederson,Milieu,Lazio,27,77,76,-1,1,-1.0,15.8
2013/2014,Davide Moscardelli,Attaquant,Bologna,33,73,70,-3,0,-3.0,18.4
2013/2014,Bryan Cristante,Milieu,Milan,18,63,67,4,,3.0,5.3
2013/2014,Marius Alexe,Attaquant,Sassuolo,23,69,69,0,,0.0,2.6
2013/2014,Fabian Rinaudo,Milieu,Catania,26,78,73,-5,0,-5.0,44.7
2013/2014,Marco Amelia,Gardien,Milan,31,75,70,-5,-2,-5.0,10.5
2013/2014,Rafael Marques,Défenseur,Hellas Verona,30,72,73,1,,1.0,36.8
2013/2014,Stefano Mauri,Attaquant,Lazio,33,80,79,-1,0,-1.0,21.1
2013/2014,Marko Bakic,Milieu,Fiorentina,20,66,63,-3,,-3.0,2.6
2014/2015,Carlos Carmona,Milieu,Atalanta,27,74,73,-1,-1,-1.0,84.2
2014/2015,Vangelis Moras,Défenseur,Hellas Verona,33,73,73,0,4,0.0,92.1
2014/2015,Rafael Marquez,Défenseur,Hellas Verona,35,75,75,0,,0.0,71.1
2014/2015,Francesco Bardi,Gardien,Chievo Verona,22,75,74,-1,6,-1.0,26.3
2014/2015,Arturo Vidal,Milieu,Juventus,27,86,85,-1,1,-1.0,60.5
2014/2015,Kingsley Coman,Attaquant,Juventus,18,60,66,6,,5.0,13.2
2014/2015,Tomas Rincon,Milieu,Genoa,26,73,73,0,-1,0.0,71.1
2014/2015,Daniele Bonera,Défenseur,Milan,33,76,68,-8,-2,-8.0,34.2
2014/2015,Nigel de Jong,Milieu,Milan,30,78,79,1,-3,1.0,76.3
2014/2015,Lorenzo De Silvestri,Défenseur,Sampdoria,26,75,75,0,1,0.0,86.8
2014/2015,Angelo Palombo,Milieu,Sampdoria,33,72,71,-1,-1,-1.0,89.5
2014/2015,Stefano Okaka Chuka,Attaquant,Sampdoria,25,71,75,4,2,4.0,68.4
2014/2015,Konstantinos Manolas,Défenseur,Roma,23,75,79,4,,4.0,78.9
2014/2015,Ashley Cole,Défenseur,Roma,34,83,76,-7,-1,-7.0,28.9
2014/2015,Lorenzo Crisetig,Milieu,Cagliari,21,63,70,7,,6.0,68.4
2014/2015,Nemanja Vidic,Défenseur,Inter,33,85,82,-3,-2,-3.0,60.5
2014/2015,Dodo,Milieu,Inter,22,71,74,3,3,3.0,42.1
2014/2015,Danilo,Défenseur,Udinese,30,75,76,1,-6,1.0,97.4
2014/2015,Guilherme,Milieu,Udinese,23,73,73,0,,0.0,84.2
2014/2015,Matias Vecino,Milieu,Empoli,23,70,72,2,,2.0,94.7
2014/2015,Luigi Giorgi,Milieu,Cesena,27,69,66,-3,,-3.0,63.2
2014/2015,Saphir Taider,Milieu,Sassuolo,22,75,74,-1,3,-1.0,50.0
2014/2015,Andrea Pirlo,Milieu,Juventus,35,84,83,-1,-3,-1.0,50.0
2014/2015,Sebastian Giovinco,Attaquant,Juventus,27,77,78,1,-3,1.0,5.3
2014/2015,Alessio Cragno,Gardien,Cagliari,20,64,70,6,,5.0,36.8
2014/2015,Jose Holebas,Défenseur,Roma,30,72,75,3,,3.0,60.5
2014/2015,Ivan Piris,Défenseur,Udinese,25,70,72,2,-1,2.0,81.6
2014/2015,Andrea Bertolacci,Milieu,Genoa,23,73,73,0,0,0.0,81.6
2014/2015,Alessandro Gamberini,Défenseur,Chievo Verona,33,73,74,1,-5,1.0,39.5
2014/2015,Alexander Farnerud,Milieu,Torino,30,73,73,0,0,0.0,39.5
2014/2015,Walter Gargano,Milieu,Napoli,30,72,76,4,-5,4.0,45.9
2014/2015,Daniele Dessena,Milieu,Cagliari,27,71,70,-1,-3,-1.0,55.3
2014/2015,Giampiero Pinzi,Milieu,Udinese,33,74,72,-2,-2,-2.0,36.8
2014/2015,Sergio Pellissier,Attaquant,Chievo Verona,35,70,70,0,-7,0.0,26.3
2014/2015,Maicon,Défenseur,Roma,33,80,79,-1,1,-1.0,28.9
2014/2015,Andrea Belotti,Attaquant,Palermo,21,66,70,4,,4.0,23.7
2014/2015,Gennaro Sardo,Défenseur,Chievo Verona,35,71,69,-2,-1,-2.0,13.2
2014/2015,Samuele Longo,Attaquant,Cagliari,22,66,66,0,,0.0,23.7
2014/2015,Franco Signorelli,Milieu,Empoli,23,66,68,2,,2.0,10.5
2014/2015,Eugenio Lamanna,Gardien,Genoa,25,68,67,-1,,-1.0,15.8
2014/2015,Gabriel Silva,Milieu,Udinese,23,72,70,-2,-1,-2.0,21.1
2014/2015,Zeljko Brkic,Gardien,Cagliari,28,76,74,-2,-2,-2.0,55.3
2014/2015,Danilo Cataldi,Milieu,Lazio,20,64,68,4,,3.0,27.0
2014/2015,Davide Santon,Défenseur,Inter,23,76,75,-1,1,-1.0,18.4
2014/2015,Mariano Andujar,Gardien,Napoli,31,72,73,1,-4,1.0,37.8
2014/2015,Abdoulay Konko,Défenseur,Lazio,30,78,73,-5,-1,-5.0,2.7
2015/2016,Manuel Pucciarelli,Attaquant,Empoli,24,71,73,2,3,0.0,86.8
2015/2016,Perparim Hetemaj,Milieu,Chievo Verona,29,75,75,0,0,-1.0,68.4
2015/2016,Federico Bernardeschi,Milieu,Fiorentina,21,70,77,7,4,5.0,65.8
2015/2016,Mattia De Sciglio,Défenseur,Milan,23,73,75,2,-4,0.0,55.3
2015/2016,Mirko Gori,Milieu,Frosinone,22,52,66,14,,11.0,68.4
2015/2016,Danilo Fernando Avelar,Milieu,Torino,26,72,75,3,-1,1.0,10.5
2015/2016,Nicolo Cherubin,Défenseur,Atalanta,29,68,72,4,-1,2.0,26.3
2015/2016,Jasmin Kurtic,Milieu,Atalanta,26,74,74,0,1,-2.0,78.9
2015/2016,Roberto Pereyra,Milieu,Juventus,24,79,80,1,2,0.0,23.7
2015/2016,Simone Padoin,Milieu,Juventus,31,73,74,1,0,-1.0,15.8
2015/2016,Etrit Berisha,Gardien,Lazio,26,73,74,1,0,-1.0,23.7
2015/2016,Antonio Candreva,Attaquant,Lazio,28,83,81,-2,0,-3.0,73.7
2015/2016,Franco Brienza,Milieu,Bologna,36,74,75,1,1,-1.0,42.1
2015/2016,Roberto Vitiello,Défenseur,Palermo,32,73,72,-1,6,-3.0,21.1
2015/2016,Giancarlo Gonzalez,Défenseur,Palermo,27,75,76,1,9,0.0,92.1
2015/2016,Franco Vazquez,Attaquant,Palermo,26,76,80,4,9,3.0,94.7
2015/2016,Olivier Ntcham,Attaquant,Genoa,19,55,64,9,,6.0,28.9
2015/2016,Kevin Lasagna,Attaquant,Carpi,23,64,71,7,,4.0,21.1
2015/2016,Sime Vrsaljko,Défenseur,Sassuolo,23,72,77,5,0,3.0,92.1
2015/2016,Simone Missiroli,Milieu,Sassuolo,29,70,75,5,1,3.0,57.9
2015/2016,Gregoire Defrel,Attaquant,Sassuolo,24,71,73,2,8,0.0,63.2
2015/2016,Pepe Reina,Gardien,Napoli,33,80,81,1,-2,0.0,97.4
2015/2016,Marek Hamsik,Milieu,Napoli,28,82,82,0,-1,-1.0,100.0
2015/2016,Raman Chibsah,Milieu,Frosinone,22,67,68,1,-1,-1.0,36.8
2015/2016,Manuel Pasqual,Milieu,Fiorentina,33,74,72,-2,-1,-4.0,31.6
2015/2016,Alex,Défenseur,Milan,33,80,79,-1,-3,-2.0,63.2
2015/2016,Aljaz Struna,Défenseur,Palermo,25,64,67,3,,0.0,57.9
2015/2016,Oscar Hiljemark,Milieu,Palermo,23,72,72,0,1,-2.0,94.7
2015/2016,Lucas Digne,Défenseur,Roma,22,75,77,2,0,1.0,84.2
2015/2016,Antonio Cassano,Attaquant,Sampdoria,33,81,79,-2,0,-3.0,36.8
2015/2016,Raffaele Maiello,Milieu,Empoli,24,64,66,2,,-1.0,10.5
2015/2016,Davide Zappacosta,Milieu,Torino,23,71,76,5,7,3.0,34.2
2015/2016,Giuseppe Vives,Milieu,Torino,35,74,74,0,-1,-2.0,73.7
2015/2016,Armando Izzo,Défenseur,Genoa,23,66,74,8,1,6.0,78.9
2015/2016,Francesco Benussi,Gardien,Carpi,34,70,71,1,2,-1.0,10.5
2015/2016,Khouma Babacar,Attaquant,Fiorentina,22,74,75,1,2,-1.0,28.9
2015/2016,Matteo Ciofani,Défenseur,Frosinone,27,60,68,8,,5.0,36.8
2015/2016,Davide Bertoncini,Défenseur,Frosinone,24,59,61,2,,-1.0,10.5
2015/2016,Allan,Milieu,Napoli,24,78,80,2,3,1.0,84.2
2015/2016,Sami Khedira,Milieu,Juventus,28,84,81,-3,0,-4.0,52.6
2015/2016,Hernanes,Milieu,Juventus,30,79,80,1,-4,0.0,26.3
2015/2016,Gaston Brugman,Milieu,Palermo,23,66,68,2,,0.0,26.3
2015/2016,Seydou Keita,Milieu,Roma,35,78,76,-2,1,-3.0,42.1
2015/2016,Juan Manuel Iturbe,Attaquant,Roma,22,76,77,1,0,0.0,7.9
2015/2016,Rodrigo Aguirre,Attaquant,Udinese,21,65,67,2,,0.0,7.9
2015/2016,Niklas Moisander,Défenseur,Sampdoria,30,74,74,0,-2,-2.0,50.0
2015/2016,Morgan De Sanctis,Gardien,Roma,38,78,77,-1,-2,-2.0,10.5
2015/2016,Ivan Strinic,Défenseur,Napoli,28,71,73,2,,0.0,7.9
2015/2016,Michel Morganella,Milieu,Palermo,26,69,67,-2,1,-4.0,28.9
2015/2016,Simone Pepe,Milieu,Chievo Verona,32,75,76,1,-1,0.0,15.8
2015/2016,Gaetano Monachello,Attaquant,Atalanta,21,61,66,5,,2.0,7.9
2015/2016,Michele Camporese,Défenseur,Empoli,23,65,67,2,,0.0,5.3
2015/2016,Marcello Trotta,Attaquant,Sassuolo,23,65,68,3,,1.0,2.6
2015/2016,Ricardo Alvarez,Attaquant,Sampdoria,27,77,77,0,0,-1.0,23.7
2015/2016,Massimiliano Carlini,Attaquant,Frosinone,29,59,67,8,,5.0,5.3
2015/2016,Emil Krafth,Défenseur,Bologna,21,67,67,0,,-2.0,5.3
2012/2013,Mark Looms,Défenseur,NAC Breda,31,66,64,-2,,-2.0,23.5
2012/2013,Alex Schalk,Attaquant,NAC Breda,20,66,65,-1,,-1.0,35.3
2012/2013,Guus Hupperts,Attaquant,Roda JC Kerkrade,20,59,67,8,,6.0,70.6
2012/2013,Fred Benson,Attaquant,PEC Zwolle,28,64,66,2,,0.0,76.5
2012/2013,Lerin Duarte,Milieu,Heracles Almelo,22,70,72,2,,2.0,85.3
2012/2013,Jeffrey Leiwakabessy,Défenseur,VVV-Venlo,31,65,64,-1,,-1.0,52.9
2012/2013,Ismo Vorstermans,Défenseur,VVV-Venlo,23,66,64,-2,,-2.0,26.5
2012/2013,Yannick Wildschut,Attaquant,VVV-Venlo,21,65,69,4,,4.0,47.1
2012/2013,Erwin Mulder,Gardien,Feyenoord,23,68,72,4,,4.0,64.7
2012/2013,Lex Immers,Milieu,Feyenoord,26,71,71,0,,0.0,91.2
2012/2013,Jordy Clasie,Milieu,Feyenoord,21,74,77,3,,3.0,97.1
2012/2013,Andreas Bjelland,Défenseur,FC Twente,24,68,74,6,,6.0,11.8
2012/2013,Dusan Tadic,Attaquant,FC Twente,24,78,79,1,,1.0,94.1
2012/2013,Willem Janssen,Milieu,FC Twente,26,72,72,0,,0.0,70.6
2012/2013,Luciano,Gardien,FC Groningen,32,70,67,-3,,-3.0,52.9
2012/2013,Tomas Kalas,Défenseur,Vitesse,19,70,72,2,,2.0,97.1
2012/2013,Frank van der Struijk,Défenseur,Vitesse,27,66,66,0,,0.0,20.6
2012/2013,Wilfried Bony,Attaquant,Vitesse,24,76,80,4,,4.0,88.2
2012/2013,Mike van Duinen,Attaquant,ADO Den Haag,21,63,68,5,,3.0,88.2
2012/2013,Rydell Poepon,Attaquant,ADO Den Haag,25,69,67,-2,,-2.0,64.7
2012/2013,Rens van Eijden,Défenseur,N.E.C.,24,65,68,3,,3.0,100.0
2012/2013,Evander Sno,Milieu,N.E.C.,25,70,71,1,,1.0,20.6
2012/2013,Melvin Platje,Attaquant,N.E.C.,24,67,67,0,,0.0,79.4
2012/2013,Dirk Marcellis,Défenseur,AZ,24,71,69,-2,,-2.0,91.2
2012/2013,Roy Beerens,Attaquant,AZ,25,74,72,-2,,-2.0,100.0
2012/2013,Anouar Kali,Milieu,FC Utrecht,21,65,71,6,,6.0,73.5
2012/2013,Michael de Leeuw,Milieu,FC Groningen,26,68,70,2,,2.0,88.2
2012/2013,Christian Poulsen,Milieu,Ajax,32,74,76,2,,2.0,61.8
2012/2013,Lukas Marecek,Milieu,SC Heerenveen,22,66,68,2,,2.0,64.7
2012/2013,Daniel de Ridder,Attaquant,SC Heerenveen,28,68,67,-1,,-1.0,26.5
2012/2013,Etienne Reijnen,Défenseur,AZ,25,66,65,-1,,-1.0,82.4
2012/2013,Markus Henriksen,Milieu,AZ,20,72,73,1,,1.0,79.4
2012/2013,Renato Ibarra,Attaquant,Vitesse,21,67,72,5,,5.0,88.2
2012/2013,Barry Maguire,Milieu,VVV-Venlo,23,66,66,0,,0.0,50.0
2012/2013,Christiaan Kum,Défenseur,SC Heerenveen,27,68,68,0,,0.0,52.9
2012/2013,Imad Najah,Milieu,RKC Waalwijk,21,63,65,2,,0.0,38.2
2012/2013,Derk Boerrigter,Attaquant,Ajax,26,75,72,-3,,-3.0,50.0
2012/2013,Brian Vandenbussche,Gardien,SC Heerenveen,31,68,69,1,,1.0,8.8
2012/2013,Tim Breukers,Défenseur,FC Twente,25,67,68,1,,1.0,29.4
2012/2013,Giliano Wijnaldum,Défenseur,AZ,20,62,65,3,,1.0,47.1
2012/2013,Leon De Kogel,Attaquant,FC Utrecht,21,65,65,0,,0.0,14.7
2012/2013,Jason Davidson,Défenseur,Heracles Almelo,21,60,64,4,,2.0,17.6
2012/2013,Marcus Nilsson,Défenseur,FC Utrecht,24,66,66,0,,0.0,5.9
2012/2013,Felipe Gutierrez,Milieu,FC Twente,22,67,73,6,,6.0,41.2
2012/2013,"Kenny Anderson,18",Milieu,RKC Waalwijk,20,62,62,0,,-2.0,2.9
2012/2013,Niclas Heimann,Gardien,VVV-Venlo,21,54,62,8,,6.0,2.9
2013/2014,Mitchell Donald,Milieu,Roda JC Kerkrade,25,68,68,0,-1,0.0,88.2
2013/2014,Marten De Roon,Milieu,SC Heerenveen,22,68,69,1,,1.0,88.2
2013/2014,Esteban Alvarado,Gardien,AZ,24,74,73,-1,0,-1.0,100.0
2013/2014,Viktor Elm,Milieu,AZ,28,71,71,0,1,0.0,70.6
2013/2014,Daan Bovenberg,Défenseur,N.E.C.,25,66,62,-4,,-4.0,8.8
2013/2014,Christoph Hemlein,Attaquant,N.E.C.,23,65,67,2,,2.0,52.9
2013/2014,Rasmus Lindgren,Milieu,FC Groningen,29,67,67,0,0,0.0,41.2
2013/2014,Tjaronn Chery,Milieu,FC Groningen,25,70,69,-1,2,-1.0,91.2
2013/2014,Ninos Gouriye,Attaquant,ADO Den Haag,22,68,67,-1,5,-1.0,29.4
2013/2014,Rasmus Bengtsson,Défenseur,FC Twente,27,72,73,1,2,1.0,79.4
2013/2014,Luc Castaignos,Attaquant,FC Twente,21,72,73,1,-1,1.0,91.2
2013/2014,Frank van Mosselveld,Défenseur,RKC Waalwijk,29,63,61,-2,1,-3.0,20.6
2013/2014,Jordy Buijs,Milieu,NAC Breda,25,65,67,2,-1,2.0,94.1
2013/2014,Daryl Janmaat,Défenseur,Feyenoord,24,74,75,1,5,1.0,88.2
2013/2014,Robbin Ruiter,Gardien,FC Utrecht,26,74,75,1,,1.0,88.2
2013/2014,Johan Maartensson,Milieu,FC Utrecht,24,67,67,0,0,0.0,41.2
2013/2014,Jean-Paul Boetius,Attaquant,Feyenoord,19,73,75,2,14,2.0,70.6
2013/2014,Tim Matavz,Attaquant,PSV,24,74,73,-1,-2,-1.0,20.6
2013/2014,Nicolai Boilesen,Défenseur,Ajax,21,68,72,4,,4.0,50.0
2013/2014,Thulani Serero,Milieu,Ajax,23,72,75,3,0,3.0,73.5
2013/2014,Jonas Ivens,Défenseur,RKC Waalwijk,29,66,64,-2,-2,-2.0,14.7
2013/2014,Mark-Jan Fledderus,Milieu,Roda JC Kerkrade,31,67,68,1,0,1.0,61.8
2013/2014,Marko Vejinovic,Milieu,Vitesse,23,71,72,1,1,1.0,70.6
2013/2014,Mike Havenaar,Attaquant,Vitesse,26,72,71,-1,0,-1.0,82.4
2013/2014,Marnick Vermijl,Défenseur,N.E.C.,21,62,66,4,,3.0,82.4
2013/2014,Giovanni Hiwat,Attaquant,PEC Zwolle,20,61,63,2,,1.0,32.4
2013/2014,Prince Desir Gouano,Défenseur,RKC Waalwijk,20,55,62,7,,6.0,58.8
2013/2014,Kevin Brands,Attaquant,SC Cambuur,25,63,63,0,,-1.0,8.8
2013/2014,Cuco Martina,Défenseur,FC Twente,24,67,68,1,6,1.0,29.4
2013/2014,Robbert Schilder,Défenseur,FC Twente,27,70,69,-1,-1,-1.0,41.2
2013/2014,Hans Mulder,Milieu,N.E.C.,26,66,65,-1,,-1.0,14.7
2013/2014,Arjan van Dijk,Gardien,RKC Waalwijk,26,60,63,3,0,2.0,32.4
2013/2014,Martijn Monteyne,Défenseur,Roda JC Kerkrade,29,65,64,-1,0,-1.0,11.8
2013/2014,Yoell van Nieff,Milieu,FC Groningen,20,65,65,0,,0.0,20.6
2013/2014,Juan Agudelo,Attaquant,FC Utrecht,21,68,68,0,,0.0,23.5
2013/2014,Wout Brama,Milieu,FC Twente,27,73,72,-1,-1,-1.0,5.9
2014/2015,Ryan Thomas,Milieu,PEC Zwolle,20,65,70,5,,5.0,76.5
2014/2015,Mark Uth,Attaquant,SC Heerenveen,23,66,69,3,1,3.0,94.1
2014/2015,Joris van Overeem,Milieu,FC Dordrecht,20,61,65,4,,3.0,97.1
2014/2015,Wout Droste,Défenseur,SC Cambuur,25,64,65,1,,0.0,44.1
2014/2015,Mohamed El Makrini,Milieu,SC Cambuur,27,66,68,2,,2.0,94.1
2014/2015,Dejan Meleg,Attaquant,SC Cambuur,20,66,66,0,,0.0,14.7
2014/2015,Nick Marsman,Gardien,FC Twente,24,69,68,-1,,-1.0,61.8
2014/2015,Youness Mokhtar,Attaquant,FC Twente,23,71,70,-1,,-1.0,70.6
2014/2015,Jelle ten Rouwelaar,Gardien,NAC Breda,34,70,66,-4,0,-4.0,100.0
2014/2015,Kenny van der Weg,Défenseur,NAC Breda,23,62,62,0,-1,-1.0,64.7
2014/2015,Michiel Kramer,Attaquant,ADO Den Haag,26,64,70,6,,5.0,91.2
2014/2015,Peter van Ooijen,Milieu,Go Ahead Eagles,22,66,66,0,,0.0,35.3
2014/2015,Deniz Tueruec,Milieu,Go Ahead Eagles,21,67,68,1,,1.0,82.4
2014/2015,Marnix Kolder,Attaquant,Go Ahead Eagles,33,65,65,0,,0.0,58.8
2014/2015,Mike van der Hoorn,Défenseur,Ajax,22,70,72,2,-3,2.0,26.5
2014/2015,Jan-Arie van der Heijden,Défenseur,Vitesse,26,72,71,-1,3,-1.0,94.1
2014/2015,Arnold Kruiswijk,Défenseur,Vitesse,30,69,70,1,1,1.0,38.2
2014/2015,Jeroen Zoet,Gardien,PSV,23,77,77,0,2,0.0,94.1
2014/2015,Ryan Koolwijk,Milieu,FC Dordrecht,29,68,68,0,0,0.0,14.7
2014/2015,Jeffrey Sarpong,Milieu,NAC Breda,26,68,65,-3,0,-3.0,55.9
2014/2015,Mats Seuntjes,Attaquant,NAC Breda,22,63,65,2,-1,1.0,41.2
2014/2015,Lucas Andersen,Milieu,Ajax,20,70,72,2,2,2.0,55.9
2014/2015,Tommy Oar,Attaquant,FC Utrecht,23,70,73,3,-1,3.0,50.0
2014/2015,Jetro Willems,Défenseur,PSV,20,72,76,4,1,4.0,88.2
2014/2015,Timothy Derijck,Défenseur,ADO Den Haag,27,68,67,-1,-3,-1.0,50.0
2014/2015,Lorenzo Burnet,Défenseur,FC Groningen,23,65,65,0,-2,0.0,26.5
2014/2015,Aleksandar Bjelica,Défenseur,PEC Zwolle,20,65,65,0,,0.0,5.9
2014/2015,Guyon Fernandez,Attaquant,NAC Breda,28,67,66,-1,1,-1.0,26.5
2014/2015,Danny Bakker,Milieu,ADO Den Haag,19,63,64,1,5,0.0,35.3
2014/2015,Wilson Eduardo,Attaquant,ADO Den Haag,24,73,73,0,0,0.0,26.5
2014/2015,Jerson Cabral,Attaquant,Willem II,23,68,67,-1,-1,-1.0,23.5
2014/2015,Kenny Tete,Défenseur,Ajax,19,61,65,4,,3.0,11.8
2014/2015,Eli Babalj,Attaquant,PEC Zwolle,22,62,60,-2,,-3.0,2.9
2015/2016,Sheraldo Becker,Milieu,PEC Zwolle,20,64,71,7,,4.0,41.2
2015/2016,Kai Heerings,Défenseur,SC Cambuur,25,65,65,0,0,-2.0,8.8
2015/2016,Mike Te Wierik,Défenseur,Heracles Almelo,23,68,72,4,2,2.0,94.1
2015/2016,Wouter Weghorst,Attaquant,Heracles Almelo,23,66,68,2,,0.0,94.1
2015/2016,Gianni Zuiverloon,Défenseur,ADO Den Haag,29,66,68,2,0,0.0,52.9
2015/2016,Davy Proepper,Milieu,PSV,24,74,77,3,1,1.0,97.1
2015/2016,Andres Guardado,Milieu,PSV,29,79,81,2,4,1.0,73.5
2015/2016,Rick Karsdorp,Défenseur,Feyenoord,20,65,73,8,,6.0,82.4
2015/2016,Terence Kongolo,Défenseur,Feyenoord,21,75,75,0,4,-1.0,85.3
2015/2016,Bilal Basacikoglu,Attaquant,Feyenoord,20,71,72,1,3,-1.0,35.3
2015/2016,Celso Ortiz,Milieu,AZ,26,72,73,1,1,-1.0,17.6
2015/2016,Thom Haye,Milieu,AZ,20,67,69,2,5,0.0,29.4
2015/2016,Adil Auassar,Milieu,Excelsior,29,64,66,2,,-1.0,97.1
2015/2016,Sergio Padt,Gardien,FC Groningen,25,69,74,5,1,3.0,100.0
2015/2016,Simon Tibbling,Milieu,FC Groningen,21,68,73,5,3,3.0,88.2
2015/2016,Jelle van der Heyden,Milieu,FC Twente,20,58,63,5,,2.0,14.7
2015/2016,Jordens Peters,Défenseur,Willem II,28,64,69,5,,2.0,85.3
2015/2016,Richairo Zivkovic,Attaquant,Willem II,19,69,68,-1,,-3.0,38.2
2015/2016,Kenny Otigba,Défenseur,SC Heerenveen,23,67,69,2,-1,0.0,67.6
2015/2016,Richmond Boakye,Attaquant,Roda JC Kerkrade,22,70,68,-2,-1,-4.0,20.6
2015/2016,Lucas Woudenberg,Défenseur,N.E.C.,21,64,67,3,,0.0,85.3
2015/2016,Joachim Andersen,Défenseur,FC Twente,19,63,67,4,,1.0,52.9
2015/2016,Stefano Marzo,Défenseur,SC Heerenveen,24,66,68,2,3,0.0,61.8
2015/2016,Dario Vujicevic,Défenseur,Heracles Almelo,25,66,68,2,0,0.0,5.9
2015/2016,Arber Zeneli,Attaquant,SC Heerenveen,20,65,69,4,,2.0,50.0
2015/2016,Henrico Drost,Défenseur,Excelsior,28,66,66,0,-1,-2.0,32.4
2015/2016,Alexander Soerloth,Attaquant,FC Groningen,20,59,65,6,,3.0,17.6
2013/2014,Manuel Arboleda,Défenseur,Lech Poznań,34,68,66,-2,-5,-2.0,36.7
2013/2014,Lukasz Tralka,Milieu,Lech Poznań,29,65,67,2,-1,2.0,86.7
2013/2014,Gergo Lovrencsics,Milieu,Lech Poznań,25,65,70,5,,5.0,96.7
2013/2014,Krzysztof Krol,Défenseur,Piast Gliwice,26,60,60,0,0,-1.0,63.3
2013/2014,Pawel Dawidowicz,Milieu,Lechia Gdańsk,18,50,65,15,,14.0,83.3
2013/2014,Aleksander Jagiello,Milieu,Podbeskidzie Bielsko-Biała,18,55,61,6,,5.0,30.0
2013/2014,Arkadiusz Glowacki,Défenseur,Wisła Kraków,34,65,68,3,-7,3.0,86.7
2013/2014,Tomasz Holota,Milieu,Śląsk Wrocław,22,59,60,1,,0.0,53.3
2013/2014,Jonatan Straus,Défenseur,Jagiellonia Białystok,19,48,60,12,,11.0,36.7
2013/2014,Pawel Oleksy,Défenseur,Zagłębie Lubin,22,60,64,4,,3.0,36.7
2013/2014,Bartosz Rymaniak,Défenseur,Zagłębie Lubin,24,62,58,-4,1,-5.0,76.7
2013/2014,Jiri Bilek,Milieu,Zagłębie Lubin,30,66,63,-3,-2,-3.0,80.0
2013/2014,Maciej Dabrowski,Défenseur,Pogoń Szczecin,26,65,66,1,,1.0,76.7
2013/2014,Adam Fraczczak,Défenseur,Pogoń Szczecin,26,62,63,1,,0.0,93.3
2013/2014,"Bartosz Lawa,25",Milieu,Pogoń Szczecin,34,65,63,-2,,-2.0,83.3
2013/2014,Takuya Murayama,Milieu,Pogoń Szczecin,24,63,65,2,,1.0,86.7
2013/2014,Piotr Grzelczak,Attaquant,Lechia Gdańsk,25,59,64,5,,4.0,53.3
2013/2014,Arkadiusz Wozniak,Milieu,Zagłębie Lubin,23,57,61,4,-1,3.0,16.7
2013/2014,Damian Hops Chmiel,Milieu,Podbeskidzie Bielsko-Biała,26,60,63,3,,2.0,36.7
2013/2014,Kamil Sylwestrzak,Défenseur,Korona Kielce,25,58,58,0,,-1.0,80.0
2013/2014,Krzysztof Baran,Gardien,Jagiellonia Białystok,23,56,61,5,,4.0,53.3
2013/2014,Maciej Jankowski,Attaquant,Ruch Chorzów,23,67,67,0,4,0.0,43.3
2013/2014,Bartosz Bereszynski,Défenseur,Legia Warszawa,21,65,67,2,,2.0,33.3
2013/2014,Rafal Grodzicki,Défenseur,Śląsk Wrocław,30,64,64,0,1,-1.0,56.7
2013/2014,Mariusz Zganiacz,Milieu,Piast Gliwice,29,65,64,-1,,-1.0,3.3
2013/2014,Maciej Korzym,Attaquant,Korona Kielce,25,67,65,-2,2,-2.0,33.3
2013/2014,Guilherme,Milieu,Legia Warszawa,22,65,66,1,,1.0,6.7
2013/2014,Jakub Kowalski,Milieu,Ruch Chorzów,26,57,57,0,,-1.0,30.0
2013/2014,Marek Wasiluk,Défenseur,Widzew Łódź,26,61,59,-2,1,-3.0,10.0
2014/2015,Luis Alfonso Henriquez,Défenseur,Lech Poznań,33,65,65,0,-3,0.0,46.7
2014/2015,Ruben Jurado,Attaquant,Piast Gliwice,28,67,67,0,1,0.0,53.3
2014/2015,Igor Lewczuk,Défenseur,Legia Warszawa,29,66,63,-3,3,-3.0,46.7
2014/2015,Blazej Telichowski,Défenseur,GKS Bełchatów,30,60,62,2,3,1.0,83.3
2014/2015,Radoslaw Sobolewski,Milieu,Polonia Bytom,38,67,66,-1,3,-1.0,86.7
2014/2015,Dawid Nowak,Attaquant,Cracovia,30,67,67,0,3,0.0,20.0
2014/2015,Kamil Drygas,Milieu,Zawisza Bydgoszcz,23,62,65,3,,2.0,83.3
2014/2015,Jorge Kadu,Attaquant,Zawisza Bydgoszcz,23,60,61,1,,0.0,36.7
2014/2015,Mariusz Pawelec,Défenseur,Śląsk Wrocław,28,65,64,-1,3,-1.0,43.3
2014/2015,Tom Hateley,Milieu,Śląsk Wrocław,25,65,66,1,-1,1.0,60.0
2014/2015,Bartlomiej Babiarz,Milieu,Ruch Chorzów,25,56,63,7,,6.0,90.0
2014/2015,Anton Sloboda,Milieu,Podbeskidzie Bielsko-Biała,27,59,61,2,7,1.0,56.7
2014/2015,Mateusz Lewandowski,Défenseur,Pogoń Szczecin,21,61,62,1,9,0.0,16.7
2014/2015,Mateusz Matras,Milieu,Pogoń Szczecin,23,62,66,4,1,3.0,66.7
2014/2015,Dariusz Dudka,Défenseur,Wisła Kraków,31,67,67,0,0,0.0,93.3
2014/2015,Pawel Brozek,Attaquant,Wisła Kraków,31,66,66,0,2,0.0,86.7
2014/2015,Marek Zienczuk,Milieu,Ruch Chorzów,36,67,65,-2,0,-2.0,70.0
2014/2015,Eduards Visnakovs,Attaquant,Ruch Chorzów,24,64,64,0,,-1.0,26.7
2014/2015,Deleu,Milieu,Cracovia,30,65,61,-4,3,-4.0,46.7
2014/2015,Barry Douglas,Défenseur,Lech Poznań,25,65,66,1,4,1.0,50.0
2014/2015,Daniel Lukasik,Milieu,Lechia Gdańsk,23,67,67,0,0,0.0,50.0
2014/2015,Mateusz Mozdzen,Défenseur,Lechia Gdańsk,23,64,64,0,-2,-1.0,40.0
2014/2015,Jakub Bak,Milieu,Pogoń Szczecin,21,62,62,0,,-1.0,6.7
2014/2015,Przemyslaw Frankowski,Milieu,Jagiellonia Białystok,19,61,61,0,4,-1.0,33.3
2014/2015,Piotr Polczak,Défenseur,Cracovia,28,62,62,0,,-1.0,33.3
2014/2015,Piotr Malinowski,Attaquant,Podbeskidzie Bielsko-Biała,30,60,60,0,4,-1.0,16.7
2014/2015,Karol Mackiewicz,Milieu,Jagiellonia Białystok,22,55,61,6,3,5.0,23.3
2014/2015,Konrad Jalocha,Gardien,Legia Warszawa,23,54,54,0,,-1.0,6.7
2014/2015,Henrique Miranda,Défenseur,Lechia Gdańsk,21,59,59,0,,-1.0,3.3
2015/2016,Damian Dabrowski,Milieu,Cracovia,23,63,68,5,2,2.0,83.3
2015/2016,Nemanja Nikolic,Attaquant,Legia Warszawa,28,70,74,4,,2.0,100.0
2015/2016,Lukasz Surma,Milieu,Ruch Chorzów,38,61,62,1,-2,-2.0,100.0
2015/2016,Kristian Kolcak,Défenseur,Podbeskidzie Bielsko-Biała,25,58,62,4,,1.0,43.3
2015/2016,Przemyslaw Mystkowski,Milieu,Jagiellonia Białystok,17,55,60,5,,2.0,6.7
2015/2016,Bartosz Szeliga,Milieu,Piast Gliwice,22,60,65,5,2,2.0,50.0
2015/2016,Gerard Badia,Milieu,Piast Gliwice,26,65,66,1,4,-1.0,33.3
2015/2016,Erik Grendel,Milieu,Polonia Bytom,27,66,64,-2,,-4.0,36.7
2015/2016,Roman Gergel,Milieu,Polonia Bytom,27,62,65,3,,0.0,93.3
2015/2016,Robert Jez,Milieu,Polonia Bytom,34,65,66,1,0,-1.0,23.3
2015/2016,Vladimir Dvalishvili,Attaquant,Pogoń Szczecin,29,65,67,2,0,0.0,33.3
2015/2016,Rafal Grzyb,Milieu,Jagiellonia Białystok,32,64,67,3,0,0.0,76.7
2015/2016,Milos Krasic,Milieu,Lechia Gdańsk,31,71,69,-2,,-4.0,36.7
2015/2016,Lukasz Tyminski,Milieu,Górnik Łęczna,25,56,58,2,0,-1.0,50.0
2015/2016,Kasper Haemaelaeinen,Attaquant,Lech Poznań,29,69,71,2,2,0.0,50.0
2015/2016,Grzegorz Kasprzik,Gardien,Polonia Bytom,32,61,62,1,,-2.0,43.3
2015/2016,Adam Dzwigala,Milieu,Polonia Bytom,20,57,60,3,2,0.0,13.3
2015/2016,Taras Romanczuk,Milieu,Jagiellonia Białystok,24,55,64,9,,6.0,56.7
2015/2016,Radoslaw Pruchnik,Milieu,Górnik Łęczna,29,59,57,-2,,-5.0,60.0
2015/2016,Maciej Gostomski,Gardien,Lech Poznań,27,66,66,0,1,-2.0,6.7
2015/2016,Lukas Haraslin,Milieu,Lechia Gdańsk,19,58,63,5,,2.0,30.0
2015/2016,Vanja Markovic,Milieu,Korona Kielce,21,58,60,2,0,-1.0,3.3
2015/2016,Arkadiusz Malarz,Gardien,Legia Warszawa,35,64,65,1,,-2.0,40.0
2015/2016,Jakub Slowik,Gardien,Pogoń Szczecin,24,64,67,3,0,0.0,40.0
2015/2016,Michal Walski,Milieu,Pogoń Szczecin,18,58,60,2,5,-1.0,3.3
2015/2016,Jan Bednarek,Défenseur,Górnik Łęczna,19,57,60,3,2,0.0,16.7
2015/2016,Nika Dzalamidze,Milieu,Jagiellonia Białystok,23,67,65,-2,2,-4.0,3.3
2015/2016,Pawel Moskwik,Milieu,Piast Gliwice,23,52,62,10,,7.0,10.0
2015/2016,Kamil Kuczak,Milieu,Wisła Kraków,19,53,54,1,,-2.0,3.3
2015/2016,Sebastian Steblecki,Milieu,Polonia Bytom,23,61,63,2,0,-1.0,20.0
2015/2016,Lukasz Moneta,Milieu,Ruch Chorzów,21,54,57,3,,0.0,3.3
2015/2016,Lukasz Hanzel,Milieu,Ruch Chorzów,29,64,63,-1,-1,-4.0,6.7
2012/2013,Bogdan Lobont,Gardien,Roma,34,73,73,0,,0.0,13.2
2013/2014,Victor Obinna,Attaquant,Chievo Verona,26,72,71,-1,,-1.0,10.5
2013/2014,Luca Anania,Gardien,Livorno,33,65,66,1,,1.0,7.9
2013/2014,Pavol Bajza,Gardien,Parma,22,62,62,0,,-1.0,5.3
2013/2014,Nicolas,Gardien,Hellas Verona,25,61,63,2,,1.0,2.6
2014/2015,Suso,Attaquant,Milan,21,74,74,0,1,0.0,5.3
2014/2015,Diego Novaretti,Défenseur,Lazio,29,70,69,-1,0,-1.0,5.4
2014/2015,Alberto Grassi,Milieu,Atalanta,19,59,58,-1,,-2.0,5.3
2014/2015,Fernandinho,Attaquant,Hellas Verona,29,76,75,-1,,-1.0,2.6
2015/2016,Panagiotis Kone,Milieu,Udinese,28,74,75,1,0,-1.0,5.3
2015/2016,Luca Bittante,Défenseur,Empoli,22,62,67,5,,2.0,7.9
2015/2016,Jose Mauri,Milieu,Milan,19,67,72,5,9,3.0,7.9
2015/2016,Kevin Strootman,Milieu,Roma,25,81,80,-1,0,-2.0,5.3
2012/2013,Mateusz Klich,Milieu,PEC Zwolle,22,67,68,1,,1.0,35.3
2012/2013,Ramon Leeuwin,Défenseur,ADO Den Haag,25,64,63,-1,,-3.0,2.9
2012/2013,John Goossens,Attaquant,Feyenoord,24,72,70,-2,,-2.0,14.7
2013/2014,Jeroen Verhoeven,Gardien,FC Utrecht,33,66,66,0,-1,0.0,11.8
2013/2014,Dragan Paljic,Attaquant,Heracles Almelo,30,63,63,0,-2,-1.0,2.9
2013/2014,Kostas Lamprou,Gardien,Feyenoord,22,65,65,0,0,0.0,5.9
2014/2015,Viktor Fischer,Attaquant,Ajax,20,75,75,0,1,0.0,8.8
2015/2016,Muamer Tankovic,Attaquant,AZ,20,66,67,1,2,-1.0,17.6
2015/2016,Anass Achahbar,Attaquant,Feyenoord,21,66,69,3,2,1.0,2.9
2015/2016,Simon Poulsen,Défenseur,PSV,31,69,72,3,1,1.0,2.9
2013/2014,Krzysztof Kaminski,Gardien,Ruch Chorzów,23,57,57,0,,-1.0,23.3
2012/2013,Geoffrey Jourdren,Gardien,Montpellier Hérault SC,26,75,76,1,,1.0,86.8
2012/2013,Etienne Capoue,Milieu,Toulouse FC,24,77,79,2,,2.0,89.5
2012/2013,Benoit Tremoulinas,Défenseur,Girondins de Bordeaux,27,75,77,2,,2.0,71.1
2012/2013,Fahid Ben Khalfallah,Milieu,Girondins de Bordeaux,30,71,71,0,,0.0,26.3
2012/2013,Henri Saivet,Milieu,Girondins de Bordeaux,22,68,74,6,,6.0,60.5
2012/2013,Djamel Bakar,Attaquant,AS Nancy-Lorraine,23,65,71,6,,6.0,86.8
2012/2013,Johan Martial,Défenseur,Stade Brestois 29,21,68,68,0,,0.0,47.4
2012/2013,Joris Delle,Gardien,OGC Nice,22,69,72,3,,3.0,31.6
2012/2013,Guillermo Ochoa,Gardien,AC Ajaccio,27,76,77,1,,1.0,100.0
2012/2013,Mehdi Mostefa,Milieu,AC Ajaccio,29,67,68,1,,1.0,76.3
2012/2013,Benjamin Andre,Milieu,AC Ajaccio,22,66,65,-1,,-1.0,50.0
2012/2013,Sigamary Diarra,Milieu,AC Ajaccio,28,74,72,-2,,-2.0,55.3
2012/2013,Zlatan Ibrahimovic,Attaquant,Paris Saint-Germain,31,88,89,1,,1.0,86.8
2012/2013,Christopher Glombard,Milieu,Stade de Reims,23,61,69,8,,6.0,65.8
2012/2013,Gaetan Courtet,Attaquant,Stade de Reims,23,64,69,5,,3.0,55.3
2012/2013,Nicolas N'Koulou,Défenseur,Olympique de Marseille,22,77,80,3,,3.0,100.0
2012/2013,Mathieu Valbuena,Milieu,Olympique de Marseille,28,80,82,2,,2.0,97.4
2012/2013,Jonathan Pitroipa,Milieu,Stade Rennais FC,26,77,77,0,,0.0,84.2
2012/2013,Yoann Gourcuff,Milieu,Olympique Lyonnais,26,79,79,0,,0.0,39.5
2012/2013,Alexandre Lacazette,Milieu,Olympique Lyonnais,21,73,75,2,,2.0,71.1
2012/2013,Marko Basa,Défenseur,LOSC Lille,30,77,77,0,,0.0,89.5
2012/2013,Aurelien Chedjou,Défenseur,LOSC Lille,27,79,82,3,,3.0,89.5
2012/2013,Joseph Romeric Lopy,Milieu,FC Sochaux-Montbéliard,20,56,67,11,,9.0,36.8
2012/2013,Sebastien Roudet,Milieu,FC Sochaux-Montbéliard,31,72,73,1,,1.0,65.8
2012/2013,Mounir Obbadi,Milieu,ES Troyes AC,29,64,72,8,,6.0,50.0
2012/2013,Gil,Défenseur,Valenciennes FC,25,72,74,2,,2.0,39.5
2012/2013,Benjamin Brou Angoua,Défenseur,Valenciennes FC,26,68,68,0,,0.0,60.5
2012/2013,Salvatore Sirigu,Gardien,Paris Saint-Germain,25,83,84,1,,1.0,86.8
2012/2013,Ryad Boudebouz,Milieu,FC Sochaux-Montbéliard,22,77,75,-2,,-2.0,68.4
2012/2013,Benoit Lesoimier,Milieu,Stade Brestois 29,29,71,72,1,,1.0,55.3
2012/2013,Fabien Lemoine,Milieu,AS Saint-Étienne,25,72,73,1,,1.0,76.3
2012/2013,Chris Mavinga,Défenseur,Stade Rennais FC,21,69,73,4,,4.0,71.1
2012/2013,Mohamed Fofana,Défenseur,Stade de Reims,27,72,69,-3,,-3.0,36.8
2012/2013,Carlao,Défenseur,FC Sochaux-Montbéliard,26,68,70,2,,2.0,34.2
2012/2013,Gilles Sunu,Attaquant,FC Lorient,21,66,66,0,,0.0,5.3
2012/2013,Maxime Colin,Défenseur,ES Troyes AC,21,63,68,5,,3.0,39.5
2012/2013,Eloge Enza-Yamissi,Milieu,ES Troyes AC,29,65,63,-2,,-2.0,34.2
2012/2013,Joris Steve Marveaux,Milieu,Montpellier Hérault SC,30,75,72,-3,,-3.0,2.6
2012/2013,Felipe Saad,Défenseur,AC Ajaccio,29,64,64,0,,-2.0,26.3
2012/2013,Johan Cavalli,Milieu,AC Ajaccio,31,62,69,7,,5.0,73.7
2012/2013,Cheick Fantamady Diarra,Attaquant,Stade Rennais FC,20,62,67,5,,3.0,15.8
2012/2013,Florian Raspentino,Milieu,Stade Brestois 29,23,67,68,1,,1.0,44.7
2012/2013,Tripy Makonda,Défenseur,Stade Brestois 29,22,68,65,-3,,-3.0,15.8
2012/2013,Lindsay Rose,Défenseur,Valenciennes FC,20,62,68,6,,4.0,31.6
2012/2013,Kevin Anin,Milieu,OGC Nice,26,75,74,-1,,-1.0,26.3
2012/2013,Benjamin Lecomte,Gardien,FC Lorient,21,63,67,4,,2.0,10.5
2012/2013,Herita Ilunga,Défenseur,Stade Rennais FC,30,67,67,0,,0.0,10.5
2012/2013,Cheick Diabate,Attaquant,Girondins de Bordeaux,24,73,75,2,,2.0,31.6
2013/2014,Paul Bastien Lasne,Milieu,AC Ajaccio,24,63,66,3,0,2.0,84.2
2013/2014,Francois Clerc,Défenseur,AS Saint-Étienne,30,74,75,1,0,1.0,76.3
2013/2014,Renaud Cohade,Milieu,AS Saint-Étienne,29,75,75,0,4,0.0,57.9
2013/2014,Ludovic Lamine Sane,Défenseur,Girondins de Bordeaux,26,76,74,-2,4,-2.0,94.7
2013/2014,Landry N'Guemo,Milieu,Girondins de Bordeaux,28,73,75,2,-2,2.0,52.6
2013/2014,Ricardo Carvalho,Défenseur,AS Monaco,35,77,77,0,-4,0.0,97.4
2013/2014,Yannick Ferreira-Carrasco,Milieu,AS Monaco,20,72,73,1,,1.0,36.8
2013/2014,Cedric Mongongu,Défenseur,Évian Thonon Gaillard FC,24,70,71,1,-3,1.0,86.8
2013/2014,Olivier Sorlin,Milieu,Évian Thonon Gaillard FC,34,73,73,0,0,0.0,97.4
2013/2014,Fabrice Ehret,Milieu,Évian Thonon Gaillard FC,34,68,67,-1,-2,-1.0,15.8
2013/2014,Mathieu Philippe Peybernes,Défenseur,FC Sochaux-Montbéliard,23,70,70,0,4,0.0,31.6
2013/2014,Edouard Butin,Attaquant,FC Sochaux-Montbéliard,25,64,64,0,-2,-1.0,7.9
2013/2014,Jonathan Martins-Pereira,Défenseur,En Avant de Guingamp,27,63,67,4,,3.0,57.9
2013/2014,Reynald Lemaitre,Défenseur,En Avant de Guingamp,30,68,68,0,,0.0,55.3
2013/2014,Mustapha Yatabare,Attaquant,En Avant de Guingamp,27,69,75,6,,6.0,78.9
2013/2014,Andre Ayew,Milieu,Olympique de Marseille,24,81,78,-3,0,-3.0,63.2
2013/2014,Lamine Gassama,Défenseur,FC Lorient,24,65,69,4,0,4.0,63.2
2013/2014,Lamine Kone,Défenseur,FC Lorient,24,72,72,0,6,0.0,36.8
2013/2014,Henri Bedimo,Défenseur,Olympique Lyonnais,29,75,76,1,-1,1.0,92.1
2013/2014,Jordan Ferri,Milieu,Olympique Lyonnais,21,63,71,8,,7.0,47.4
2013/2014,Siaka Tiene,Défenseur,Montpellier Hérault SC,31,73,73,0,0,0.0,57.9
2013/2014,Maxwell,Défenseur,Paris Saint-Germain,32,77,77,0,0,0.0,60.5
2013/2014,Ezequiel Lavezzi,Attaquant,Paris Saint-Germain,28,84,83,-1,-1,-1.0,63.2
2013/2014,Jordan Veretout,Milieu,FC Nantes,20,68,71,3,,3.0,60.5
2013/2014,Wahbi Khazri,Milieu,SC Bastia,22,72,75,3,7,3.0,65.8
2013/2014,Ilan,Milieu,SC Bastia,33,71,70,-1,-1,-1.0,36.8
2013/2014,Romain Danze,Défenseur,Stade Rennais FC,27,74,73,-1,1,-1.0,89.5
2013/2014,Kossi Agassa,Gardien,Stade de Reims,35,76,78,2,8,2.0,89.5
2013/2014,Arthur Masuaku,Milieu,Valenciennes FC,20,56,69,13,,12.0,71.1
2013/2014,Mathieu Dossevi,Milieu,Valenciennes FC,25,73,74,1,6,1.0,57.9
2013/2014,Guy-Roland N'Dy Assembe,Gardien,En Avant de Guingamp,27,70,70,0,-2,0.0,50.0
2013/2014,Mustapha Diallo,Milieu,En Avant de Guingamp,27,63,66,3,,2.0,36.8
2013/2014,Mouhamadou Dabo,Défenseur,Olympique Lyonnais,27,72,72,0,1,0.0,21.1
2013/2014,Jonathan Tinhan,Milieu,Montpellier Hérault SC,24,65,65,0,,0.0,2.6
2013/2014,Dario Cvitanich,Attaquant,OGC Nice,29,75,75,0,3,0.0,78.9
2013/2014,Lucas Mendes,Défenseur,Olympique de Marseille,23,74,75,1,4,1.0,55.3
2013/2014,Hervin Ongenda,Milieu,Paris Saint-Germain,18,59,64,5,,4.0,5.3
2013/2014,Gianni Bruno,Attaquant,SC Bastia,22,66,66,0,6,0.0,52.6
2013/2014,Etienne Didot,Milieu,Toulouse FC,30,75,75,0,0,0.0,73.7
2013/2014,Vincent Nogueira,Milieu,FC Sochaux-Montbéliard,25,70,70,0,3,0.0,31.6
2013/2014,Abdou Traore,Milieu,Girondins de Bordeaux,25,67,70,3,0,3.0,34.2
2013/2014,Morgan Sanson,Milieu,Montpellier Hérault SC,19,63,71,8,,7.0,73.7
2013/2014,Denis Tonucci,Défenseur,AC Ajaccio,25,65,65,0,,0.0,44.7
2013/2014,Jimmy Briand,Attaquant,Olympique Lyonnais,28,75,75,0,-3,0.0,26.3
2013/2014,Gregory van der Wiel,Défenseur,Paris Saint-Germain,25,75,75,0,,0.0,63.2
2013/2014,Nelson Oliveira,Attaquant,Stade Rennais FC,22,72,73,1,-1,1.0,47.4
2013/2014,Djibril Sidibe,Défenseur,LOSC Lille,21,67,70,3,2,3.0,36.8
2013/2014,Florent Chaigneau,Gardien,FC Lorient,29,64,66,2,,1.0,28.9
2013/2014,Luca Veronese,Gardien,OGC Nice,22,63,62,-1,,-2.0,13.2
2013/2014,Mathieu Deplagne,Défenseur,Montpellier Hérault SC,22,65,67,2,8,2.0,55.3
2013/2014,Chahir Belghazouani,Attaquant,AC Ajaccio,27,65,67,2,2,2.0,10.5
2013/2014,Adama Ba,Milieu,SC Bastia,20,61,64,3,2,2.0,15.8
2013/2014,Pierrick Cros,Gardien,FC Sochaux-Montbéliard,22,70,70,0,2,0.0,15.8
2013/2014,Djibril Cisse,Attaquant,SC Bastia,32,79,78,-1,-1,-1.0,26.3
2013/2014,Jeremie Brechet,Défenseur,Girondins de Bordeaux,34,72,69,-3,-1,-3.0,2.6
2013/2014,Geoffrey Kondogbia,Milieu,AS Monaco,20,77,75,-2,21,-2.0,42.1
2013/2014,Valere Germain,Attaquant,AS Monaco,23,71,74,3,,3.0,36.8
2013/2014,Maxime Dupe,Gardien,FC Nantes,20,56,62,6,,5.0,10.5
2013/2014,Nicolas Issimat Mirin,Défenseur,AS Monaco,22,73,71,-2,5,-2.0,13.2
2014/2015,Mickael Tacalfred,Défenseur,Stade de Reims,33,71,72,1,0,1.0,71.1
2014/2015,Odair Fortes,Milieu,Stade de Reims,27,68,69,1,1,1.0,63.2
2014/2015,Mads Albaek,Milieu,Stade de Reims,24,68,69,1,1,1.0,21.1
2014/2015,Gaetan Charbonnier,Milieu,Stade de Reims,26,71,72,1,0,1.0,76.3
2014/2015,Marquinhos,Défenseur,Paris Saint-Germain,20,78,80,2,2,2.0,55.3
2014/2015,Thiago Motta,Milieu,Paris Saint-Germain,32,83,81,-2,2,-2.0,65.8
2014/2015,Sebastien Squillaci,Défenseur,SC Bastia,34,73,73,0,0,0.0,65.8
2014/2015,Floyd Ayite,Milieu,SC Bastia,26,73,73,0,6,0.0,68.4
2014/2015,Jeremy Morel,Défenseur,Olympique de Marseille,30,72,74,2,-2,2.0,78.9
2014/2015,Benjamin Mendy,Défenseur,Olympique de Marseille,20,70,73,3,5,3.0,86.8
2014/2015,Damien Da Silva,Défenseur,SM Caen,26,62,70,8,,7.0,92.1
2014/2015,Jean-Jacques Pierre,Défenseur,SM Caen,33,65,64,-1,,-1.0,28.9
2014/2015,Julien Feret,Milieu,SM Caen,32,74,74,0,-5,0.0,86.8
2014/2015,Florent Balmont,Milieu,LOSC Lille,34,76,76,0,-2,0.0,65.8
2014/2015,Bouna Sarr,Milieu,FC Metz,22,63,68,5,,4.0,60.5
2014/2015,Raphael Guerreiro,Milieu,FC Lorient,21,68,74,6,2,6.0,86.8
2014/2015,Yann Jouffre,Milieu,FC Lorient,30,75,73,-2,1,-2.0,31.6
2014/2015,Hilton,Défenseur,Montpellier Hérault SC,37,77,76,-1,0,-1.0,97.4
2014/2015,Serge Gakpe,Milieu,FC Nantes,27,73,74,1,3,1.0,65.8
2014/2015,Uros Spajic,Défenseur,Toulouse FC,21,73,73,0,,0.0,44.7
2014/2015,William Matheus,Défenseur,Toulouse FC,24,68,69,1,,1.0,15.8
2014/2015,Andre Biyogo Poko,Milieu,Girondins de Bordeaux,21,70,70,0,2,0.0,28.9
2014/2015,Dimitri Cavare,Défenseur,RC Lens,19,57,66,9,,8.0,42.1
2014/2015,Ronnie Schwartz,Attaquant,En Avant de Guingamp,25,69,69,0,,0.0,21.1
2014/2015,Benjamin Corgnet,Milieu,AS Saint-Étienne,27,74,74,0,0,0.0,39.5
2014/2015,Georges N'Koudou,Milieu,FC Nantes,19,61,66,5,,4.0,42.1
2014/2015,Souleymane Diawara,Défenseur,OGC Nice,36,71,73,2,-4,2.0,31.6
2014/2015,Thomas Lemar,Milieu,SM Caen,19,61,65,4,,3.0,15.8
2014/2015,David Luiz,Défenseur,Paris Saint-Germain,27,82,83,1,2,1.0,68.4
2014/2015,Jean-Christophe Bahebeck,Attaquant,Paris Saint-Germain,21,68,71,3,0,3.0,7.9
2014/2015,Allan Saint-Maximin,Milieu,AS Saint-Étienne,17,61,65,4,,3.0,7.9
2014/2015,Wylan Cyprien,Milieu,RC Lens,19,62,66,4,,3.0,71.1
2014/2015,Baissama Sankoh,Défenseur,En Avant de Guingamp,22,60,63,3,3,2.0,21.1
2014/2015,Steed Malbranque,Milieu,Olympique Lyonnais,34,73,71,-2,-3,-2.0,34.2
2014/2015,Nicolas De Preville,Attaquant,Stade de Reims,23,69,71,2,3,2.0,34.2
2014/2015,David Rozehnal,Défenseur,LOSC Lille,34,72,72,0,1,0.0,36.8
2014/2015,Pantxi Sirieix,Milieu,Toulouse FC,34,65,65,0,-1,0.0,18.4
2014/2015,Souahilo Meite,Milieu,LOSC Lille,20,68,68,0,5,0.0,2.6
2014/2015,Adrien Thomasson,Milieu,Évian Thonon Gaillard FC,21,59,66,7,,6.0,52.6
2014/2015,Adama Soumaoro,Défenseur,LOSC Lille,22,61,61,0,2,-1.0,2.6
2014/2015,Sloan Privat,Attaquant,SM Caen,25,68,68,0,-2,0.0,34.2
2014/2015,Chaker Alhadhur,Défenseur,FC Nantes,23,63,64,1,2,0.0,31.6
2014/2015,Gilles Cioni,Défenseur,SC Bastia,30,62,66,4,0,3.0,26.3
2015/2016,Francois Kamano,Milieu,SC Bastia,19,68,71,3,,1.0,44.7
2015/2016,Vincent Enyeama,Gardien,LOSC Lille,33,81,81,0,2,-1.0,92.1
2015/2016,Lucas Moura,Attaquant,Paris Saint-Germain,23,82,81,-1,-1,-2.0,68.4
2015/2016,Nabil Fekir,Attaquant,Olympique Lyonnais,22,79,79,0,15,-1.0,13.2
2015/2016,Denis Bouanga,Milieu,FC Lorient,21,60,64,4,,1.0,7.9
2015/2016,Karim Rekik,Défenseur,Olympique de Marseille,21,73,72,-1,0,-3.0,60.5
2015/2016,Remy Vercoutre,Gardien,SM Caen,35,71,76,5,0,3.0,100.0
2015/2016,Alaeddine Yahia,Défenseur,SM Caen,34,69,70,1,0,-1.0,68.4
2015/2016,Emmanuel Imorou,Défenseur,SM Caen,27,68,72,4,2,2.0,39.5
2015/2016,Jonas Martin,Milieu,Montpellier Hérault SC,25,70,75,5,6,3.0,92.1
2015/2016,Remy Riou,Gardien,FC Nantes,28,78,77,-1,4,-2.0,81.6
2015/2016,Simon Pouplin,Gardien,OGC Nice,30,72,67,-5,-1,-7.0,2.6
2015/2016,Nampalys Mendy,Milieu,OGC Nice,23,71,77,6,1,4.0,100.0
2015/2016,Joao Moutinho,Milieu,AS Monaco,29,83,83,0,0,-1.0,63.2
2015/2016,Wissam Ben Yedder,Attaquant,Toulouse FC,25,77,78,1,1,0.0,89.5
2015/2016,Kevin Theophile-Catherine,Défenseur,AS Saint-Étienne,26,73,74,1,1,-1.0,57.9
2015/2016,Corentin Jean,Attaquant,ES Troyes AC,20,66,70,4,,2.0,78.9
2015/2016,Issiaga Sylla,Défenseur,GFC Ajaccio,21,68,67,-1,2,-3.0,76.3
2015/2016,Nicolas Maurice-Belay,Milieu,Girondins de Bordeaux,30,74,74,0,0,-2.0,39.5
2015/2016,Wilfried Moimbe,Défenseur,FC Nantes,27,67,69,2,,0.0,39.5
2015/2016,Valentin Eysseric,Milieu,AS Saint-Étienne,23,73,74,1,0,-1.0,50.0
2015/2016,Enzo Crivelli,Attaquant,Girondins de Bordeaux,20,64,70,6,4,3.0,39.5
2015/2016,Jeff Louis,Milieu,SM Caen,23,69,70,1,-1,-1.0,18.4
2015/2016,Marvin Martin,Milieu,LOSC Lille,27,74,73,-1,-1,-3.0,10.5
2015/2016,Florian Marange,Défenseur,SC Bastia,29,68,69,1,0,-1.0,50.0
2015/2016,Diego,Milieu,Stade de Reims,27,72,72,0,2,-2.0,39.5
2015/2016,Mouez Hassen,Gardien,OGC Nice,20,71,71,0,10,-2.0,31.6
2015/2016,Brayan Perea,Attaquant,ES Troyes AC,22,68,69,1,,-1.0,15.8
2015/2016,Kolbeinn Sigthorsson,Attaquant,FC Nantes,25,73,75,2,0,0.0,50.0
2015/2016,Louis Poggi,Milieu,GFC Ajaccio,31,66,67,1,,-1.0,23.7
2015/2016,Pierre-Yves Polomat,Défenseur,AS Saint-Étienne,22,63,69,6,,3.0,23.7
2015/2016,Nolan Mbemba,Milieu,LOSC Lille,20,60,61,1,,-2.0,2.6
2015/2016,Alejandro Bedoya,Milieu,FC Nantes,28,74,75,1,2,-1.0,57.9
2015/2016,Goran Karanovic,Attaquant,Angers SCO,28,66,68,2,2,0.0,5.3
2015/2016,Anthony Ribelin,Milieu,Montpellier Hérault SC,19,64,66,2,,-1.0,2.6
2015/2016,Remi Walter,Milieu,OGC Nice,20,66,68,2,,0.0,15.8
2012/2013,Jakub Blaszczykowski,Milieu,Borussia Dortmund,27,78,81,3,,3.0,67.6
2012/2013,Steven Cherundolo,Défenseur,Hannover 96,33,73,73,0,,0.0,58.8
2012/2013,Christian Fuchs,Défenseur,FC Schalke 04,26,76,76,0,,0.0,67.6
2012/2013,Roman Neustaedter,Milieu,FC Schalke 04,24,74,76,2,,2.0,91.2
2012/2013,Klaas Jan Huntelaar,Attaquant,FC Schalke 04,29,84,83,-1,,-1.0,76.5
2012/2013,Tim Hoogland,Défenseur,VfB Stuttgart,27,70,70,0,,0.0,8.8
2012/2013,Serdar Tasci,Défenseur,VfB Stuttgart,25,78,78,0,,0.0,73.5
2012/2013,Tamas Hajnal,Milieu,VfB Stuttgart,31,77,74,-3,,-3.0,20.6
2012/2013,Jonathan Schmid,Milieu,SC Freiburg,22,64,74,10,,8.0,97.1
2012/2013,Eric Maxim Choupo-Moting,Attaquant,1. FSV Mainz 05,23,71,74,3,,3.0,11.8
2012/2013,Gibril Sankoh,Défenseur,FC Augsburg,29,70,70,0,,0.0,26.5
2012/2013,Jan Moravek,Milieu,FC Augsburg,23,73,72,-1,,-1.0,47.1
2012/2013,Axel Bellinghausen,Milieu,Fortuna Düsseldorf,29,66,70,4,,4.0,73.5
2012/2013,Rene Adler,Gardien,Hamburger SV,27,83,84,1,,1.0,94.1
2012/2013,Dennis Diekmeier,Défenseur,Hamburger SV,23,73,73,0,,0.0,91.2
2012/2013,Heiko Westermann,Défenseur,Hamburger SV,29,77,77,0,,0.0,100.0
2012/2013,Mike Frantz,Milieu,1. FC Nürnberg,26,70,71,1,,1.0,55.9
2012/2013,Bastian Oczipka,Défenseur,Eintracht Frankfurt,23,72,74,2,,2.0,97.1
2012/2013,Lars Bender,Milieu,Bayer 04 Leverkusen,23,80,82,2,,2.0,94.1
2012/2013,Manuel Neuer,Gardien,FC Bayern Munich,26,87,86,-1,,-1.0,91.2
2012/2013,Philipp Lahm,Défenseur,FC Bayern Munich,29,87,87,0,,0.0,82.4
2012/2013,Toni Kroos,Milieu,FC Bayern Munich,22,83,84,1,,1.0,67.6
2012/2013,Mario Mandzukic,Attaquant,FC Bayern Munich,26,79,83,4,,4.0,64.7
2012/2013,Andreas Beck,Défenseur,TSG 1899 Hoffenheim,25,75,74,-1,,-1.0,91.2
2012/2013,Tobias Weis,Milieu,TSG 1899 Hoffenheim,27,72,72,0,,0.0,50.0
2012/2013,Mario Goetze,Milieu,Borussia Dortmund,20,84,85,1,,1.0,67.6
2012/2013,Alvaro Dominguez,Défenseur,Borussia Mönchengladbach,23,78,77,-1,,-1.0,88.2
2012/2013,Pavel Krmas,Défenseur,SC Freiburg,32,68,68,0,,0.0,47.1
2012/2013,Daniel Caligiuri,Milieu,SC Freiburg,24,69,76,7,,7.0,79.4
2012/2013,Manuel Friedrich,Défenseur,Bayer 04 Leverkusen,33,75,74,-1,,-1.0,14.7
2012/2013,Hajime Hosogai,Défenseur,Bayer 04 Leverkusen,26,70,74,4,,4.0,26.5
2012/2013,Mame Biram Diouf,Attaquant,Hannover 96,25,73,79,6,,6.0,70.6
2012/2013,Jefferson Farfan,Milieu,FC Schalke 04,28,84,84,0,,0.0,73.5
2012/2013,Artur Sobiech,Attaquant,Hannover 96,22,70,73,3,,3.0,26.5
2012/2013,Ken Ilsoe,Attaquant,Fortuna Düsseldorf,26,69,69,0,,0.0,41.2
2012/2013,Daniel van Buyten,Défenseur,FC Bayern Munich,34,78,78,0,,0.0,32.4
2012/2013,Sascha Moelders,Attaquant,FC Augsburg,27,71,72,1,,1.0,67.6
2012/2013,Mario Gomez,Attaquant,FC Bayern Munich,27,86,86,0,,0.0,26.5
2012/2013,Sebastian Boenisch,Défenseur,Bayer 04 Leverkusen,25,71,73,2,,2.0,35.3
2012/2013,Alexander Madlung,Défenseur,VfL Wolfsburg,30,73,73,0,,0.0,17.6
2012/2013,Patrick Ochs,Défenseur,TSG 1899 Hoffenheim,28,73,73,0,,0.0,23.5
2012/2013,Tunay Torun,Milieu,VfB Stuttgart,22,68,68,0,,0.0,11.8
2012/2013,Ferhan Hasani,Milieu,VfL Wolfsburg,22,67,67,0,,0.0,2.9
2013/2014,Dante,Défenseur,FC Bayern Munich,30,84,84,0,5,0.0,79.4
2013/2014,Marc-Andre ter Stegen,Gardien,Borussia Mönchengladbach,21,80,82,2,1,2.0,100.0
2013/2014,Tony Jantschke,Défenseur,Borussia Mönchengladbach,23,74,76,2,3,2.0,91.2
2013/2014,Christoph Kramer,Milieu,Borussia Mönchengladbach,22,67,75,8,,8.0,88.2
2013/2014,Patrick Herrmann,Milieu,Borussia Mönchengladbach,22,76,77,1,4,1.0,100.0
2013/2014,Juan Arango,Milieu,Borussia Mönchengladbach,33,79,77,-2,2,-2.0,91.2
2013/2014,Bo Svensson,Défenseur,1. FSV Mainz 05,34,73,72,-1,2,-1.0,29.4
2013/2014,Arthur Boka,Défenseur,VfB Stuttgart,30,74,74,0,1,0.0,64.7
2013/2014,Stefan Thesker,Défenseur,TSG 1899 Hoffenheim,22,65,66,1,3,1.0,2.9
2013/2014,Emir Spahic,Défenseur,Bayer 04 Leverkusen,33,77,79,2,0,2.0,76.5
2013/2014,Sidney Sam,Attaquant,Bayer 04 Leverkusen,25,77,81,4,0,4.0,47.1
2013/2014,Oliver Baumann,Gardien,SC Freiburg,23,78,78,0,1,0.0,97.1
2013/2014,Julian Schuster,Milieu,SC Freiburg,28,75,74,-1,0,-1.0,64.7
2013/2014,Leon Andreasen,Milieu,Hannover 96,30,73,74,1,5,1.0,82.4
2013/2014,Neven Subotic,Défenseur,Borussia Dortmund,25,82,82,0,1,0.0,29.4
2013/2014,Marcel Schmelzer,Défenseur,Borussia Dortmund,25,78,78,0,2,0.0,55.9
2013/2014,Omar Elabdellaoui,Défenseur,Eintracht Braunschweig,22,69,68,-1,6,-1.0,79.4
2013/2014,Ermin Bicakcic,Défenseur,Eintracht Braunschweig,23,72,73,1,,1.0,91.2
2013/2014,Zlatko Junuzovic,Milieu,SV Werder Bremen,26,75,75,0,1,0.0,76.5
2013/2014,Mehmet Ekici,Milieu,SV Werder Bremen,23,74,73,-1,-1,-1.0,20.6
2013/2014,Sebastian Rode,Milieu,Eintracht Frankfurt,23,76,77,1,6,1.0,50.0
2013/2014,Peter Pekarik,Défenseur,Hertha BSC Berlin,27,72,74,2,,2.0,88.2
2013/2014,Tolga Cigerci,Milieu,Hertha BSC Berlin,21,70,72,2,3,2.0,52.9
2013/2014,Nico Schulz,Milieu,Hertha BSC Berlin,20,68,71,3,,3.0,44.1
2013/2014,Marcelo,Défenseur,Hannover 96,26,72,71,-1,-2,-1.0,70.6
2013/2014,Niklas Suele,Défenseur,TSG 1899 Hoffenheim,18,58,69,11,,10.0,58.8
2013/2014,Slobodan Medojevic,Milieu,VfL Wolfsburg,23,68,72,4,1,4.0,47.1
2013/2014,Oezkan Yildirim,Milieu,SV Werder Bremen,20,66,67,1,4,1.0,5.9
2013/2014,Junior Diaz,Défenseur,1. FSV Mainz 05,30,71,71,0,6,0.0,44.1
2013/2014,Damir Vrancic,Milieu,Eintracht Braunschweig,28,68,69,1,,1.0,26.5
2013/2014,Eren Derdiyok,Attaquant,Bayer 04 Leverkusen,25,75,75,0,-4,0.0,11.8
2013/2014,Stefano Celozzi,Défenseur,Eintracht Frankfurt,25,71,70,-1,2,-1.0,5.9
2013/2014,Arkadiusz Milik,Attaquant,FC Augsburg,19,68,68,0,14,0.0,14.7
2013/2014,Raphael Wolf,Gardien,SV Werder Bremen,25,68,71,3,,3.0,61.8
2013/2014,Marius Gersbeck,Gardien,Hertha BSC Berlin,18,59,61,2,,1.0,2.9
2013/2014,Levan Kobiashvili,Défenseur,Hertha BSC Berlin,36,70,69,-1,,-1.0,35.3
2013/2014,Benjamin Kessel,Défenseur,Eintracht Braunschweig,26,64,66,2,,1.0,55.9
2013/2014,Peter Niemeyer,Milieu,Hertha BSC Berlin,30,72,71,-1,,-1.0,8.8
2013/2014,Marco Hoeger,Milieu,FC Schalke 04,24,76,76,0,6,0.0,17.6
2013/2014,Christoph Janker,Défenseur,Hertha BSC Berlin,28,69,68,-1,,-1.0,5.9
2013/2014,Leon Goretzka,Milieu,FC Schalke 04,18,67,71,4,,4.0,44.1
2013/2014,Patrick Rakovsky,Gardien,1. FC Nürnberg,20,67,68,1,1,1.0,2.9
2013/2014,Robin Szarka,Défenseur,TSG 1899 Hoffenheim,22,58,60,2,,1.0,2.9
2014/2015,David Alaba,Milieu,FC Bayern Munich,22,82,83,1,3,1.0,55.9
2014/2015,Aaron Hunt,Milieu,VfL Wolfsburg,28,78,77,-1,-1,-1.0,8.8
2014/2015,Eric Durm,Défenseur,Borussia Dortmund,22,71,74,3,9,3.0,52.9
2014/2015,Tin Jedvaj,Défenseur,Bayer 04 Leverkusen,19,66,70,4,,4.0,52.9
2014/2015,Stefan Kiessling,Attaquant,Bayer 04 Leverkusen,30,81,80,-1,1,-1.0,91.2
2014/2015,Yann Sommer,Gardien,Borussia Mönchengladbach,26,79,81,2,3,2.0,100.0
2014/2015,Martin Stranzl,Défenseur,Borussia Mönchengladbach,34,79,79,0,1,0.0,52.9
2014/2015,Andre Hahn,Milieu,Borussia Mönchengladbach,24,73,76,3,8,3.0,44.1
2014/2015,Ibrahima Traore,Milieu,Borussia Mönchengladbach,26,76,77,1,0,1.0,23.5
2014/2015,Raffael,Attaquant,Borussia Mönchengladbach,29,80,79,-1,3,-1.0,82.4
2014/2015,Branimir Hrgota,Attaquant,Borussia Mönchengladbach,21,68,70,2,1,2.0,23.5
2014/2015,Sebastian Rudy,Milieu,TSG 1899 Hoffenheim,24,75,76,1,0,1.0,73.5
2014/2015,Caiuby,Attaquant,FC Augsburg,26,71,71,0,,0.0,17.6
2014/2015,Markus Feulner,Milieu,FC Augsburg,32,74,74,0,0,0.0,67.6
2014/2015,Miiko Albornoz,Défenseur,Hannover 96,24,67,70,3,,3.0,73.5
2014/2015,Manuel Schmiedebach,Milieu,Hannover 96,26,74,75,1,-1,1.0,76.5
2014/2015,Thomas Kraft,Gardien,Hertha BSC Berlin,26,76,76,0,1,0.0,94.1
2014/2015,Assani Lukimya-Mulongoti,Défenseur,SV Werder Bremen,28,72,72,0,-2,0.0,52.9
2014/2015,Felix Kroos,Milieu,SV Werder Bremen,23,69,71,2,5,2.0,41.2
2014/2015,Cedric Makiadi,Milieu,SV Werder Bremen,30,74,72,-2,-1,-2.0,17.6
2014/2015,Vladimir Darida,Milieu,SC Freiburg,24,76,76,0,-1,0.0,79.4
2014/2015,Jens Wemmer,Défenseur,SC Paderborn 07,29,68,68,0,,0.0,50.0
2014/2015,Atsuto Uchida,Défenseur,FC Schalke 04,26,74,76,2,0,2.0,52.9
2014/2015,Diego Benaglio,Gardien,VfL Wolfsburg,31,80,80,0,0,0.0,91.2
2014/2015,Wendell,Défenseur,Bayer 04 Leverkusen,21,67,71,4,,4.0,73.5
2014/2015,Sebastian Kerk,Milieu,SC Freiburg,20,64,66,2,4,1.0,5.9
2014/2015,Fabian Lustenberger,Milieu,Hertha BSC Berlin,26,76,75,-1,3,-1.0,76.5
2014/2015,Ceyhun Gulselam,Milieu,Hannover 96,27,74,70,-4,,-4.0,41.2
2014/2015,Jens Hegeler,Défenseur,Hertha BSC Berlin,26,75,74,-1,2,-1.0,41.2
2014/2015,Florian Hartherz,Défenseur,SC Paderborn 07,21,65,66,1,,1.0,26.5
2014/2015,Sami Allagui,Milieu,1. FSV Mainz 05,28,73,70,-3,1,-3.0,26.5
2014/2015,Sven Schipplock,Attaquant,TSG 1899 Hoffenheim,26,72,72,0,2,0.0,23.5
2014/2015,Kevin Grosskreutz,Milieu,Borussia Dortmund,26,76,75,-1,1,-1.0,35.3
2014/2015,Adrian Ramos,Attaquant,Borussia Dortmund,28,79,78,-1,4,-1.0,17.6
2014/2015,Cleber,Défenseur,Hamburger SV,24,72,72,0,,0.0,32.4
2014/2015,Timo Hildebrand,Gardien,Eintracht Frankfurt,35,73,73,0,-2,0.0,8.8
2014/2015,Mitchell Weiser,Milieu,FC Bayern Munich,20,66,67,1,0,1.0,23.5
2015/2016,Xabi Alonso,Milieu,FC Bayern Munich,34,85,84,-1,0,-2.0,67.6
2015/2016,Matthias Ostrzolek,Défenseur,Hamburger SV,25,73,73,0,1,-2.0,94.1
2015/2016,Michael Gregoritsch,Milieu,Hamburger SV,21,66,69,3,,1.0,44.1
2015/2016,Gideon Jung,Milieu,Hamburger SV,21,59,65,6,,3.0,38.2
2015/2016,Albin Ekdal,Milieu,Hamburger SV,26,74,75,1,0,-1.0,41.2
2015/2016,Roman Buerki,Gardien,Borussia Dortmund,25,79,80,1,5,0.0,97.1
2015/2016,Marco Reus,Milieu,Borussia Dortmund,26,86,86,0,1,-1.0,70.6
2015/2016,Pierre-Emerick Aubameyang,Attaquant,Borussia Dortmund,26,81,84,3,1,2.0,82.4
2015/2016,Granit Xhaka,Milieu,Borussia Mönchengladbach,23,79,82,3,3,2.0,82.4
2015/2016,Eugen Polanski,Milieu,TSG 1899 Hoffenheim,29,76,77,1,1,0.0,58.8
2015/2016,Kevin Volland,Attaquant,TSG 1899 Hoffenheim,23,79,80,1,0,0.0,91.2
2015/2016,Lukas Rupp,Milieu,VfB Stuttgart,24,69,74,5,2,3.0,70.6
2015/2016,Matthias Lehmann,Milieu,1. FC Köln,32,73,75,2,1,0.0,91.2
2015/2016,Philipp Bargfrede,Milieu,SV Werder Bremen,26,73,74,1,1,-1.0,41.2
2015/2016,Fin Bartels,Milieu,SV Werder Bremen,28,74,74,0,3,-2.0,64.7
2015/2016,Matija Nastasic,Défenseur,FC Schalke 04,22,77,79,2,0,1.0,2.9
2015/2016,Johannes Geis,Milieu,FC Schalke 04,22,78,79,1,4,0.0,79.4
2015/2016,Franco Di Santo,Attaquant,FC Schalke 04,26,77,77,0,4,-1.0,38.2
2015/2016,Niko Bungert,Défenseur,1. FSV Mainz 05,29,75,76,1,2,0.0,58.8
2015/2016,Lukas Hinterseer,Attaquant,FC Ingolstadt 04,24,69,72,3,,1.0,55.9
2015/2016,Ron-Robert Zieler,Gardien,Hannover 96,26,79,80,1,1,0.0,100.0
2015/2016,Oliver Sorg,Défenseur,Hannover 96,25,71,74,3,0,1.0,55.9
2015/2016,Edgar Prib,Milieu,Hannover 96,26,74,74,0,0,-2.0,47.1
2015/2016,Omer Toprak,Défenseur,Bayer 04 Leverkusen,26,79,81,2,0,1.0,50.0
2015/2016,Mahmoud Dahoud,Milieu,Borussia Mönchengladbach,19,60,73,13,,10.0,79.4
2015/2016,Tobias Strobl,Milieu,TSG 1899 Hoffenheim,25,72,74,2,3,0.0,64.7
2015/2016,Gonzalo Jara,Milieu,1. FSV Mainz 05,30,70,72,2,2,0.0,14.7
2015/2016,Florian Grillitsch,Milieu,SV Werder Bremen,20,58,68,10,,7.0,67.6
2015/2016,Sead Kolasinac,Défenseur,FC Schalke 04,22,73,74,1,1,-1.0,52.9
2015/2016,Kazuki Nagasawa,Milieu,1. FC Köln,24,69,70,1,4,-1.0,2.9
2015/2016,Uffe Bech,Milieu,Hannover 96,22,67,71,4,,2.0,23.5
2015/2016,Nadiem Amiri,Milieu,TSG 1899 Hoffenheim,19,59,69,10,,7.0,47.1
2015/2016,Danilo Soares,Défenseur,FC Ingolstadt 04,24,68,72,4,,2.0,2.9
2015/2016,Mario Vrancic,Attaquant,SV Darmstadt 98,26,69,71,2,2,0.0,35.3
2015/2016,Joel Gerezgiher,Milieu,Eintracht Frankfurt,20,59,60,1,,-2.0,2.9
2015/2016,Aron Johannsson,Attaquant,SV Werder Bremen,25,73,74,1,0,-1.0,14.7
2015/2016,Artjoms Rudnevs,Attaquant,Hamburger SV,27,74,72,-2,-2,-4.0,17.6
2015/2016,Felipe,Défenseur,Hannover 96,28,72,73,1,0,-1.0,2.9
2012/2013,Karim Ait Fana,Milieu,Montpellier Hérault SC,23,74,72,-2,,-2.0,7.9
2013/2014,Joshua Guilavogui,Milieu,AS Saint-Étienne,23,73,74,1,5,1.0,18.4
2013/2014,Antoine Conte,Défenseur,Stade de Reims,19,59,65,6,,5.0,21.1
2013/2014,Joseph Barbato,Défenseur,SC Bastia,19,56,58,2,,1.0,2.6
2013/2014,Zoumana Camara,Défenseur,Paris Saint-Germain,34,74,73,-1,1,-1.0,5.3
2013/2014,Aurelian Chitu,Milieu,Valenciennes FC,22,67,67,0,,0.0,2.6
2014/2015,Nicolas Blandi,Attaquant,Évian Thonon Gaillard FC,24,72,71,-1,,-1.0,2.6
2015/2016,Thomas Vincensini,Gardien,SC Bastia,22,56,60,4,,1.0,2.6
2015/2016,Guy N'Gosso,Milieu,Angers SCO,30,63,65,2,,-1.0,2.6
2012/2013,Maximilian Arnold,Milieu,VfL Wolfsburg,18,62,67,5,,3.0,14.7
2012/2013,Cacau,Attaquant,VfB Stuttgart,31,77,77,0,,0.0,8.8
2012/2013,Erik Jendrisek,Attaquant,SC Freiburg,26,72,70,-2,,-2.0,11.8
2012/2013,Markus Mendler,Milieu,1. FC Nürnberg,19,68,67,-1,,-1.0,5.9
2012/2013,Dominik Reinhardt,Défenseur,FC Augsburg,28,67,68,1,,1.0,5.9
2013/2014,Petr Jiracek,Milieu,Hamburger SV,27,75,72,-3,1,-3.0,29.4
2013/2014,Tomas Pekhart,Attaquant,1. FC Nürnberg,24,73,72,-1,0,-1.0,17.6
2014/2015,Joao Pereira,Défenseur,Hannover 96,30,79,75,-4,-1,-4.0,11.8
2014/2015,Timm Klose,Défenseur,VfL Wolfsburg,26,74,74,0,-2,0.0,32.4
2014/2015,Koen Casteels,Gardien,SV Werder Bremen,22,71,70,-1,5,-1.0,17.6
2014/2015,Javier Martinez,Défenseur,FC Bayern Munich,26,84,84,0,1,0.0,2.9
2015/2016,Timothy Chandler,Défenseur,Eintracht Frankfurt,25,72,73,1,-1,-1.0,14.7
2015/2016,Roel Brouwers,Défenseur,Borussia Mönchengladbach,34,74,74,0,0,-2.0,8.8
2015/2016,Philip Heise,Défenseur,VfB Stuttgart,24,66,70,4,,2.0,2.9
2015/2016,Valmir Sulejmani,Milieu,Hannover 96,19,61,62,1,,-2.0,2.9
2015/2016,Dario Kresic,Gardien,Bayer 04 Leverkusen,31,67,68,1,,-1.0,2.9
2015/2016,Felix Platte,Attaquant,SV Darmstadt 98,19,61,63,2,,-1.0,2.9
2012/2013,Wires,Milieu,Rio Ave FC,30,66,68,2,,2.0,90.0
2012/2013,Valentin Roberge,Défenseur,CS Marítimo,25,69,74,5,,5.0,86.7
2012/2013,Fernando Marcal,Défenseur,CD Nacional,23,61,69,8,,6.0,90.0
2012/2013,Dejan Skolnik,Milieu,CD Nacional,23,69,67,-2,,-2.0,6.7
2012/2013,Pedro Queiros,Défenseur,Vitória Setúbal,28,64,66,2,,0.0,96.7
2012/2013,Cicero,Attaquant,FC Paços de Ferreira,26,66,71,5,,5.0,93.3
2012/2013,Ferreira,Défenseur,Académica de Coimbra,25,58,66,8,,6.0,66.7
2012/2013,Helder Cabral,Défenseur,Académica de Coimbra,28,65,68,3,,3.0,60.0
2012/2013,Renan,Gardien,Estoril Praia,22,67,67,0,,0.0,6.7
2012/2013,Rui Patricio,Gardien,Sporting CP,24,81,82,1,,1.0,100.0
2012/2013,Diego Capel,Attaquant,Sporting CP,24,81,79,-2,,-2.0,76.7
2012/2013,Ricky van Wolfswinkel,Attaquant,Sporting CP,23,77,75,-2,,-2.0,100.0
2012/2013,Halisson,Défenseur,Gil Vicente FC,27,65,70,5,,5.0,76.7
2012/2013,Fernando,Milieu,FC Porto,25,78,80,2,,2.0,76.7
2012/2013,James Rodriguez,Attaquant,FC Porto,21,82,82,0,,0.0,63.3
2012/2013,Diego Barcelos,Milieu,CD Nacional,27,72,72,0,,0.0,53.3
2012/2013,Carlitos,Attaquant,Estoril Praia,30,70,71,1,,1.0,73.3
2012/2013,Arturo Alvarez,Milieu,FC Paços de Ferreira,27,65,69,4,,4.0,3.3
2012/2013,Joao Dias,Défenseur,Académica de Coimbra,26,64,64,0,,-2.0,53.3
2012/2013,Eder Sciola,Défenseur,Gil Vicente FC,27,66,63,-3,,-3.0,30.0
2012/2013,Danilo,Défenseur,FC Porto,21,77,76,-1,,-1.0,93.3
2012/2013,Silvestre Varela,Attaquant,FC Porto,27,79,77,-2,,-2.0,63.3
2012/2013,Ricardo Ferreira,Gardien,CS Marítimo,23,63,66,3,,1.0,26.7
2012/2013,Jardel,Défenseur,SL Benfica,26,73,75,2,,2.0,50.0
2012/2013,Zakaria Labyad,Milieu,Sporting CP,19,74,76,2,,2.0,36.7
2012/2013,Temitope Ayoluwa Obadeyi,Attaquant,Rio Ave FC,23,64,64,0,,-2.0,3.3
2012/2013,Enzo Perez,Milieu,SL Benfica,26,76,77,1,,1.0,83.3
2012/2013,Rene Mihelic,Milieu,CD Nacional,24,67,67,0,,0.0,6.7
2012/2013,Marcos Paulo,Milieu,Académica de Coimbra,24,65,65,0,,0.0,30.0
2012/2013,Luis Olim,Défenseur,CS Marítimo,31,62,63,1,,-1.0,23.3
2012/2013,Sandro,Défenseur,Gil Vicente FC,30,64,62,-2,,-4.0,40.0
2012/2013,Andre Vilas Boas,Défenseur,Rio Ave FC,29,67,67,0,,0.0,10.0
2012/2013,Christian Kinkela,Attaquant,Moreirense FC,30,66,65,-1,,-1.0,13.3
2012/2013,Elizeu,Milieu,Estoril Praia,23,66,65,-1,,-1.0,3.3
2013/2014,Ahmed Hassan Koka,Attaquant,Rio Ave FC,20,67,68,1,,1.0,63.3
2013/2014,Vagner,Gardien,Estoril Praia,27,71,72,1,,1.0,96.7
2013/2014,Bruno Miguel,Défenseur,Estoril Praia,31,65,66,1,,1.0,30.0
2013/2014,Daniel Candeias,Attaquant,CD Nacional,25,71,75,4,2,4.0,83.3
2013/2014,Djaniny,Attaquant,CD Nacional,22,68,69,1,-3,1.0,80.0
2013/2014,Mario Rondon,Attaquant,CD Nacional,27,72,73,1,2,1.0,90.0
2013/2014,Rafik Halliche,Défenseur,Académica de Coimbra,27,67,68,1,-4,1.0,63.3
2013/2014,Manoel,Attaquant,Académica de Coimbra,24,66,64,-2,,-2.0,13.3
2013/2014,Cleyton,Milieu,Académica de Coimbra,23,65,68,3,,3.0,63.3
2013/2014,Paulo Oliveira,Défenseur,Vitória Guimarães,21,66,73,7,,7.0,93.3
2013/2014,Rui Duarte,Milieu,S.C. Olhanense,35,70,69,-1,0,-1.0,56.7
2013/2014,Ruben Ferreira,Défenseur,CS Marítimo,23,71,72,1,5,1.0,60.0
2013/2014,Joao Luiz,Milieu,CS Marítimo,28,65,65,0,2,0.0,33.3
2013/2014,Sami,Attaquant,CS Marítimo,25,71,73,2,0,2.0,63.3
2013/2014,Gerson Magrao,Milieu,Sporting CP,28,71,69,-2,,-2.0,13.3
2013/2014,Pawel Kieszek,Gardien,Vitória Setúbal,29,70,70,0,3,0.0,86.7
2013/2014,Tiago Terroso,Milieu,Vitória Setúbal,25,66,66,0,0,0.0,30.0
2013/2014,Josue,Milieu,FC Porto,23,71,75,4,2,4.0,53.3
2013/2014,Hector Herrera,Milieu,FC Porto,23,74,74,0,,0.0,46.7
2013/2014,Juan Quintero,Milieu,FC Porto,20,76,78,2,,2.0,13.3
2013/2014,Luis Rocha,Défenseur,Vitória Guimarães,20,61,64,3,,2.0,46.7
2013/2014,Ali Ghazal,Milieu,CD Nacional,21,62,72,10,,9.0,86.7
2013/2014,Danilo Dias,Attaquant,CS Marítimo,28,76,75,-1,4,-1.0,46.7
2013/2014,Carlos Eduardo,Milieu,FC Porto,24,70,73,3,,3.0,36.7
2013/2014,Tiago Gomes,Défenseur,Estoril Praia,27,65,68,3,,3.0,46.7
2013/2014,Marinho,Attaquant,Académica de Coimbra,30,72,70,-2,0,-2.0,30.0
2013/2014,Kiko,Défenseur,Vitória Setúbal,20,63,61,-2,5,-3.0,6.7
2013/2014,Patrick Bauer,Défenseur,CS Marítimo,21,64,66,2,,1.0,46.7
2013/2014,Custodio,Milieu,SC Braga,30,75,74,-1,2,-1.0,46.7
2013/2014,Ricardo Quaresma,Attaquant,FC Porto,30,79,80,1,,1.0,33.3
2013/2014,Rafael Lopes,Attaquant,Académica de Coimbra,22,66,65,-1,,-1.0,30.0
2013/2014,Hugo Ventura,Gardien,Rio Ave FC,25,68,67,-1,,-1.0,6.7
2013/2014,Andre Pinto,Défenseur,SC Braga,24,68,68,0,,0.0,6.7
2013/2014,Renato Santos,Milieu,Rio Ave FC,22,66,66,0,,0.0,10.0
2013/2014,Stanislav Kritsyuk,Gardien,Rio Ave FC,23,63,63,0,,-1.0,3.3
2014/2015,Nwankwo Obiorah,Milieu,Académica de Coimbra,23,64,66,2,,1.0,73.5
2014/2015,Eliseu,Défenseur,SL Benfica,31,78,75,-3,2,-3.0,76.5
2014/2015,Ruben Amorim,Milieu,SL Benfica,29,76,76,0,2,0.0,5.9
2014/2015,Nicolas Gaitan,Milieu,SL Benfica,26,82,83,1,1,1.0,76.5
2014/2015,Manuel Jose,Milieu,FC Paços de Ferreira,33,68,68,0,-2,0.0,41.2
2014/2015,Sergio Oliveira,Milieu,FC Paços de Ferreira,22,68,71,3,-1,3.0,64.7
2014/2015,Paolo Hurtado,Attaquant,FC Paços de Ferreira,24,70,71,1,-2,1.0,47.1
2014/2015,Eder,Attaquant,SC Braga,27,76,74,-2,-2,-2.0,55.9
2014/2015,Maicon,Défenseur,FC Porto,26,78,77,-1,0,-1.0,76.5
2014/2015,Joao Diogo,Défenseur,CS Marítimo,26,64,66,2,1,1.0,88.2
2014/2015,Sebastian Ayala,Milieu,CD Nacional,19,60,63,3,,2.0,8.8
2014/2015,Marco Matias,Attaquant,CD Nacional,25,71,76,5,6,5.0,94.1
2014/2015,Joao Pedro,Attaquant,Moreirense FC,28,69,71,2,-1,2.0,94.1
2014/2015,Jander,Milieu,Gil Vicente FC,26,69,67,-2,0,-2.0,52.9
2014/2015,Anderson Luis,Défenseur,Estoril Praia,26,67,67,0,0,0.0,58.8
2014/2015,Anibal Capela,Défenseur,Académica de Coimbra,23,67,67,0,0,0.0,38.2
2014/2015,Ramon Cardozo,Attaquant,Moreirense FC,28,69,70,1,,1.0,38.2
2014/2015,Goncalo Brandao,Défenseur,CF Os Belenenses,28,66,68,2,-3,2.0,82.4
2014/2015,Islam Slimani,Attaquant,Sporting CP,26,74,77,3,,3.0,47.1
2014/2015,Christopher Oualembo,Défenseur,Académica de Coimbra,27,60,60,0,0,-1.0,52.9
2014/2015,Fernando Alexandre,Milieu,Académica de Coimbra,29,70,72,2,1,2.0,61.8
2014/2015,Andreas Samaris,Milieu,SL Benfica,25,72,78,6,,6.0,79.4
2014/2015,Jose Sa,Gardien,CS Marítimo,21,68,67,-1,1,-1.0,8.8
2014/2015,Anderson Carvalho,Milieu,Boavista FC,24,63,64,1,,0.0,41.2
2014/2015,Carlos Mane,Attaquant,Sporting CP,20,74,73,-1,,-1.0,38.2
2014/2015,Fabio Nunes,Milieu,CF Os Belenenses,22,63,63,0,,-1.0,14.7
2014/2015,Cesar,Défenseur,SL Benfica,22,64,66,2,,1.0,5.9
2014/2015,Matias Cabrera,Milieu,Estoril Praia,28,73,72,-1,1,-1.0,23.5
2014/2015,Nuno Sequeira,Défenseur,CD Nacional,24,62,62,0,,-1.0,17.6
2014/2015,Jose Angel,Défenseur,FC Porto,25,72,72,0,0,0.0,20.6
2014/2015,Agustin Vuletich,Attaquant,FC Arouca,23,62,64,2,,1.0,5.9
2014/2015,Ewerton,Défenseur,Sporting CP,25,70,72,2,,2.0,23.5
2015/2016,Lisandro Lopez,Défenseur,SL Benfica,26,74,78,4,0,2.0,41.2
2015/2016,Ola John,Milieu,SL Benfica,23,75,73,-2,0,-3.0,5.9
2015/2016,Baiano,Défenseur,SC Braga,28,72,76,4,1,2.0,73.5
2015/2016,Djavan,Défenseur,SC Braga,28,70,74,4,-1,2.0,44.1
2015/2016,Luiz Carlos,Milieu,SC Braga,30,71,75,4,-2,2.0,64.7
2015/2016,Rafa Silva,Milieu,SC Braga,22,76,78,2,0,1.0,64.7
2015/2016,Salvador Agra,Attaquant,CD Nacional,24,73,75,2,0,0.0,97.1
2015/2016,Christian,Milieu,FC Paços de Ferreira,26,66,68,2,,0.0,32.4
2015/2016,Ricardo Nascimento,Défenseur,Académica de Coimbra,28,67,70,3,,1.0,70.6
2015/2016,Emidio Rafael,Défenseur,Académica de Coimbra,29,66,68,2,0,0.0,26.5
2015/2016,Paulinho,Défenseur,Uniao da Madeira,24,63,70,7,,4.0,97.1
2015/2016,Moussa Marega,Attaquant,CS Marítimo,24,67,75,8,,6.0,41.2
2015/2016,Antonio Xavier,Attaquant,CS Marítimo,23,67,69,2,,0.0,8.8
2015/2016,Bruno Nascimento,Défenseur,Tondela,24,67,71,4,-1,2.0,70.6
2015/2016,Andre Carrillo,Milieu,Sporting CP,24,78,79,1,1,0.0,11.8
2015/2016,William Carvalho,Milieu,Sporting CP,23,79,81,2,1,1.0,73.5
2015/2016,Raul Jimenez,Attaquant,SL Benfica,24,74,76,2,1,0.0,23.5
2015/2016,Ricardo Valente,Milieu,Vitória Guimarães,24,68,71,3,,1.0,67.6
2015/2016,Joao Camacho,Attaquant,CD Nacional,21,61,62,1,0,-2.0,11.8
2015/2016,Eber Bessa,Milieu,CS Marítimo,23,62,66,4,,1.0,76.5
2015/2016,Marcelo,Défenseur,Rio Ave FC,26,74,77,3,3,1.0,73.5
2015/2016,Bruno Martins Indi,Défenseur,FC Porto,23,78,78,0,5,-1.0,67.6
2015/2016,Evandro Goebel,Milieu,FC Porto,29,75,75,0,0,-1.0,2.9
2015/2016,Hugo Seco,Milieu,Académica de Coimbra,27,63,66,3,,0.0,20.6
2015/2016,Rafael Martins,Attaquant,Moreirense FC,26,73,77,4,1,2.0,79.4
2015/2016,Iuri Medeiros,Attaquant,Moreirense FC,21,69,75,6,1,4.0,85.3
2015/2016,Bruno Moreira,Attaquant,FC Paços de Ferreira,28,70,74,4,,2.0,76.5
2015/2016,Jonathan Cristian Silva,Défenseur,Sporting CP,21,71,73,2,3,0.0,5.9
2015/2016,Alan,Milieu,SC Braga,36,73,74,1,-3,-1.0,38.2
2015/2016,Andre Almeida,Défenseur,SL Benfica,25,73,76,3,1,1.0,73.5
2015/2016,Bruno Santos,Défenseur,FC Paços de Ferreira,22,58,64,6,,3.0,44.1
2015/2016,Matheus,Milieu,Estoril Praia,21,65,70,5,0,3.0,50.0
2015/2016,Ivanildo,Milieu,Académica de Coimbra,29,68,70,2,-1,0.0,52.9
2015/2016,Ancelmo Junior,Milieu,Boavista FC,25,64,66,2,,-1.0,2.9
2015/2016,Alexandre Silva,Milieu,Vitória Guimarães,18,64,69,5,,2.0,17.6
2015/2016,Miguel Rodrigues,Défenseur,CD Nacional,22,71,69,-2,0,-4.0,2.9
2015/2016,Boubacar Fofana,Milieu,CD Nacional,26,66,69,3,,1.0,20.6
2015/2016,Fernando Ferreira,Milieu,CS Marítimo,29,67,68,1,0,-1.0,8.8
2015/2016,Pedrinho,Défenseur,Rio Ave FC,30,69,70,1,2,-1.0,29.4
2015/2016,Ruben Ribeiro,Milieu,Boavista FC,28,70,72,2,2,0.0,50.0
2015/2016,Tyler Boyd,Milieu,Vitória Guimarães,21,61,65,4,,1.0,2.9
2015/2016,Wagner,Attaquant,Tondela,28,67,69,2,,0.0,44.1
2015/2016,Stian Ringstad,Défenseur,SC Braga,24,64,67,3,,0.0,11.8
2015/2016,Salim Cisse,Attaquant,Vitória Setúbal,23,68,68,0,0,-2.0,23.5
2015/2016,Rafael,Gardien,Uniao da Madeira,21,58,61,3,,0.0,5.9
2015/2016,Matias Ezequiel Schelotto,Défenseur,Sporting CP,26,72,74,2,1,0.0,32.4
2015/2016,Miguel Cardoso,Attaquant,Uniao da Madeira,21,58,65,7,,4.0,5.9
2015/2016,Pedro Monteiro,Défenseur,SC Braga,21,64,65,1,,-2.0,2.9
2015/2016,Markus Berger,Défenseur,Tondela,30,67,68,1,-1,-1.0,5.9
2015/2016,Joao Moreno,Défenseur,Vitória Guimarães,34,69,68,-1,-1,-3.0,2.9
2012/2013,Victor Wanyama,Milieu,Celtic,21,70,76,6,,6.0,81.6
2012/2013,Joe Ledley,Milieu,Celtic,25,73,74,1,,1.0,55.3
2012/2013,David Mackay,Défenseur,St. Johnstone FC,32,67,63,-4,,-4.0,84.2
2012/2013,David McCracken,Défenseur,St. Johnstone FC,31,60,60,0,,-2.0,39.5
2012/2013,Frazer Wright,Défenseur,St. Johnstone FC,33,66,64,-2,,-2.0,92.1
2012/2013,Liam Craig,Milieu,St. Johnstone FC,26,68,69,1,,1.0,97.4
2012/2013,Gregory Tade,Attaquant,St. Johnstone FC,26,69,66,-3,,-3.0,65.8
2012/2013,Manuel Pascali,Milieu,Kilmarnock,31,67,66,-1,,-1.0,63.2
2012/2013,Liam Kelly,Milieu,Kilmarnock,22,67,66,-1,,-1.0,50.0
2012/2013,Mark Stewart,Attaquant,Dundee FC,24,57,57,0,,-2.0,13.2
2012/2013,Steven Hammell,Défenseur,Motherwell,30,68,68,0,,0.0,81.6
2012/2013,Michael Higdon,Attaquant,Motherwell,29,71,71,0,,0.0,97.4
2012/2013,Jamie Murphy,Milieu,Motherwell,23,71,68,-3,,-3.0,52.6
2012/2013,Billy McKay,Attaquant,Inverness Caledonian Thistle,24,62,68,6,,4.0,86.8
2012/2013,Gavin Gunning,Défenseur,Dundee United,21,65,64,-1,,-1.0,65.8
2012/2013,Gary Mackay-Steven,Milieu,Dundee United,22,68,73,5,,5.0,50.0
2012/2013,Paul Hanlon,Défenseur,Hibernian,22,60,62,2,,0.0,89.5
2012/2013,Lewis Stevenson,Défenseur,Hibernian,24,61,61,0,,-2.0,57.9
2012/2013,Ryan Stevenson,Milieu,Heart of Midlothian,28,65,65,0,,0.0,73.7
2012/2013,Mehdi Taouil,Milieu,Heart of Midlothian,29,69,64,-5,,-5.0,60.5
2012/2013,Fraser Kerr,Défenseur,Motherwell,19,61,61,0,,-2.0,23.7
2012/2013,Paul Dummett,Défenseur,St. Mirren,21,55,62,7,,5.0,76.3
2012/2013,Lassad Nouioui,Attaquant,Celtic,26,71,67,-4,,-4.0,21.1
2012/2013,Brian Easton,Défenseur,Dundee FC,24,63,61,-2,,-4.0,44.7
2012/2013,Henrik Ojamaa,Attaquant,Motherwell,21,64,69,5,,3.0,84.2
2012/2013,Jason Holt,Milieu,Heart of Midlothian,19,53,60,7,,5.0,42.1
2012/2013,Dylan McGowan,Défenseur,Heart of Midlothian,21,58,57,-1,,-3.0,28.9
2012/2013,Mohamadou Sissoko,Défenseur,Kilmarnock,24,65,65,0,,0.0,47.4
2012/2013,Danny Racchi,Milieu,Kilmarnock,24,58,58,0,,-2.0,21.1
2012/2013,Jason Brown,Gardien,Aberdeen,30,61,60,-1,,-3.0,2.6
2012/2013,Scott Robertson,Milieu,Hibernian,27,64,64,0,,-2.0,21.1
2012/2013,Kevin Thomson,Milieu,Hibernian,28,70,67,-3,,-3.0,13.2
2012/2013,Ross Davidson,Attaquant,Kilmarnock,19,50,51,1,,-1.0,5.3
2012/2013,Filip Twardzik,Milieu,Celtic,19,55,60,5,,3.0,5.3
2013/2014,Niall McGinn,Attaquant,Aberdeen,26,70,69,-1,7,-1.0,92.1
2013/2014,Jonathan Hayes,Milieu,Aberdeen,26,69,66,-3,-1,-3.0,73.7
2013/2014,Jeroen Tesselaar,Défenseur,Kilmarnock,24,64,63,-1,2,-2.0,94.7
2013/2014,Anthony Stokes,Attaquant,Celtic,25,73,71,-2,-2,-2.0,78.9
2013/2014,Ben Gordon,Défenseur,Ross County FC,22,62,60,-2,,-3.0,65.8
2013/2014,Richie Foran,Milieu,Inverness Caledonian Thistle,33,63,67,4,-3,3.0,60.5
2013/2014,Marc McAusland,Défenseur,St. Mirren,25,63,61,-2,3,-3.0,78.9
2013/2014,Gary Miller,Défenseur,St. Johnstone FC,26,63,61,-2,,-3.0,47.4
2013/2014,Jamie Hamill,Milieu,Heart of Midlothian,27,67,63,-4,-1,-4.0,89.5
2013/2014,Ben Williams,Gardien,Hibernian,31,66,64,-2,2,-2.0,97.4
2013/2014,Paul Lawson,Milieu,Motherwell,29,64,62,-2,,-3.0,13.2
2013/2014,James McFadden,Attaquant,Motherwell,30,72,68,-4,0,-4.0,55.3
2013/2014,Robert McHugh,Milieu,Motherwell,22,61,61,0,1,-1.0,7.9
2013/2014,John Sutton,Attaquant,Motherwell,30,64,67,3,-3,2.0,97.4
2013/2014,Iain Vigurs,Milieu,Motherwell,25,63,66,3,,2.0,86.8
2013/2014,Beram Kayal,Milieu,Celtic,25,70,66,-4,-5,-4.0,18.4
2013/2014,Georgios Samaras,Attaquant,Celtic,28,73,70,-3,5,-3.0,26.3
2013/2014,Kenny McLean,Milieu,St. Mirren,21,64,64,0,-4,-1.0,73.7
2013/2014,Nigel Hasselbaink,Attaquant,St. Johnstone FC,23,65,64,-1,0,-1.0,52.6
2013/2014,James McPake,Défenseur,Hibernian,29,66,62,-4,3,-4.0,2.6
2013/2014,Filip Kiss,Milieu,Ross County FC,23,62,63,1,,0.0,44.7
2013/2014,Tom Taiwo,Milieu,Hibernian,23,62,59,-3,0,-4.0,44.7
2013/2014,Craig Moore,Attaquant,Motherwell,19,53,53,0,,-1.0,7.9
2013/2014,Michael Fraser,Gardien,Ross County FC,30,61,58,-3,,-4.0,26.3
2013/2014,Rory Fallon,Attaquant,St. Johnstone FC,31,61,61,0,-1,-1.0,2.6
2013/2014,Alan Tate,Défenseur,Aberdeen,31,67,66,-1,-2,-1.0,13.2
2013/2014,Anthony Watt,Attaquant,Celtic,20,66,68,2,,2.0,2.6
2013/2014,Nicky Weaver,Gardien,Aberdeen,34,60,60,0,,-1.0,2.6
2014/2015,Andrew Considine,Défenseur,Aberdeen,27,63,61,-2,-2,-3.0,94.7
2014/2015,Adam Matthews,Défenseur,Celtic,22,72,71,-1,0,-1.0,63.2
2014/2015,James Craigen,Milieu,Partick Thistle F.C.,23,60,58,-2,,-3.0,50.0
2014/2015,Michael McGovern,Gardien,Hamilton Academical FC,30,61,64,3,,2.0,100.0
2014/2015,David Raven,Défenseur,Inverness Caledonian Thistle,29,60,62,2,1,1.0,86.8
2014/2015,Stephen McManus,Défenseur,Motherwell,32,67,65,-2,1,-2.0,94.7
2014/2015,Zaine Francis-Angol,Défenseur,Motherwell,21,57,57,0,2,-1.0,26.3
2014/2015,Jim Goodwin,Défenseur,St. Mirren,33,63,66,3,-1,2.0,73.7
2014/2015,Antonio Reguero Chapinal,Gardien,Ross County FC,32,60,61,1,,0.0,42.1
2014/2015,Rocco Quinn,Milieu,Ross County FC,28,59,59,0,-4,-1.0,21.1
2014/2015,Scott Brown,Milieu,St. Johnstone FC,20,54,54,0,5,-1.0,21.1
2014/2015,Jordan McMillan,Défenseur,Partick Thistle F.C.,26,57,59,2,,1.0,28.9
2014/2015,Darren Barr,Défenseur,Ross County FC,29,63,63,0,0,-1.0,13.2
2014/2015,Lee Croft,Milieu,St. Johnstone FC,29,63,63,0,0,-1.0,44.7
2014/2015,Gary Teale,Milieu,St. Mirren,36,62,61,-1,-1,-2.0,7.9
2014/2015,James Forrest,Milieu,Celtic,23,70,70,0,-2,0.0,31.6
2014/2015,Sean Welsh,Milieu,Partick Thistle F.C.,24,60,60,0,,-1.0,2.6
2014/2015,Scott McDonald,Attaquant,Motherwell,31,68,68,0,,0.0,28.9
2014/2015,Christopher Kane,Attaquant,St. Johnstone FC,20,59,61,2,,1.0,10.5
2014/2015,Nathan Thomas,Milieu,Motherwell,20,57,56,-1,,-2.0,2.6
2014/2015,Russell Anderson,Défenseur,Aberdeen,36,66,65,-1,0,-1.0,5.3
2015/2016,Leigh Griffiths,Attaquant,Celtic,25,72,74,2,3,0.0,84.2
2015/2016,Stewart Murdoch,Milieu,Ross County FC,25,55,56,1,,-2.0,36.8
2015/2016,Lucas,Défenseur,Hamilton Academical FC,25,54,57,3,,0.0,89.5
2015/2016,Grant Gillespie,Milieu,Hamilton Academical FC,24,58,62,4,,1.0,73.7
2015/2016,Alistair Crawford,Milieu,Hamilton Academical FC,24,62,65,3,,0.0,84.2
2015/2016,Abdul Osman,Milieu,Partick Thistle F.C.,28,64,66,2,6,-1.0,84.2
2015/2016,Danny Williams,Milieu,Inverness Caledonian Thistle,27,60,61,1,4,-2.0,65.8
2015/2016,Kallum Higginbotham,Milieu,Kilmarnock,26,67,68,1,2,-1.0,60.5
2015/2016,Ryan Jack,Milieu,Aberdeen,23,68,69,1,3,-1.0,68.4
2015/2016,Peter Pawlett,Milieu,Aberdeen,24,68,68,0,2,-2.0,23.7
2015/2016,Murray Davidson,Milieu,St. Johnstone FC,27,65,67,2,-1,0.0,78.9
2015/2016,Lionel Ainsworth,Milieu,Motherwell,28,68,68,0,3,-2.0,44.7
2015/2016,Mathias Pogba,Attaquant,Partick Thistle F.C.,25,60,62,2,,-1.0,34.2
2015/2016,Euan Sparks,Défenseur,Dundee United,19,51,51,0,,-3.0,2.6
2015/2016,Jonathan Franks,Milieu,Ross County FC,25,57,57,0,,-3.0,47.4
2015/2016,James Vincent,Milieu,Inverness Caledonian Thistle,26,61,63,2,0,-1.0,36.8
2015/2016,Miles Storey,Attaquant,Inverness Caledonian Thistle,21,58,60,2,,-1.0,76.3
2015/2016,Nadir Ciftci,Attaquant,Celtic,23,68,70,2,1,0.0,13.2
2015/2016,Darnell Fisher,Défenseur,St. Johnstone FC,21,57,59,2,0,-1.0,57.9
2015/2016,"Greg Docherty,17",Milieu,Hamilton Academical FC,19,52,53,1,,-2.0,42.1
2015/2016,Adam Taggart,Attaquant,Dundee United,22,67,66,-1,,-3.0,10.5
2015/2016,Paul McGowan,Milieu,Dundee FC,28,64,67,3,-1,0.0,71.1
2015/2016,Nicky Low,Milieu,Dundee FC,23,59,61,2,1,-1.0,39.5
2015/2016,Jack Hendry,Défenseur,Partick Thistle F.C.,20,50,56,6,,3.0,2.6
2015/2016,Cameron Kerr,Milieu,Dundee FC,20,52,55,3,,0.0,18.4
2015/2016,Scott Brown,Gardien,Aberdeen,30,63,65,2,0,-1.0,34.2
2015/2016,Gary Dicker,Milieu,Kilmarnock,29,62,64,2,,-1.0,31.6
2015/2016,Craig Wighton,Milieu,Dundee FC,18,57,57,0,,-3.0,18.4
2015/2016,Conor Brennan,Gardien,Kilmarnock,21,50,51,1,0,-2.0,2.6
2015/2016,Scott Wright,Attaquant,Aberdeen,18,52,54,2,,-1.0,2.6
2015/2016,Dominic Thomas,Milieu,Motherwell,19,54,55,1,0,-2.0,5.3
2012/2013,Carlos Gurpegi,Défenseur,Athletic Club de Bilbao,32,75,75,0,,0.0,63.2
2012/2013,Victor Ruiz,Défenseur,Valencia CF,23,79,77,-2,,-2.0,44.7
2012/2013,Jeremy Mathieu,Défenseur,Valencia CF,29,76,77,1,,1.0,42.1
2012/2013,Jordi Alba,Défenseur,FC Barcelona,23,78,82,4,,4.0,71.1
2012/2013,Mikel Gonzalez,Défenseur,Real Sociedad,27,73,75,2,,2.0,89.5
2012/2013,Asier Illarramendi,Milieu,Real Sociedad,22,72,75,3,,3.0,84.2
2012/2013,Ivan Rakitic,Milieu,Sevilla FC,24,79,79,0,,0.0,89.5
2012/2013,Alvaro Negredo,Attaquant,Sevilla FC,27,81,82,1,,1.0,89.5
2012/2013,Miguel Angel Moya,Gardien,Getafe CF,28,75,76,1,,1.0,84.2
2012/2013,Alexis,Défenseur,Getafe CF,27,76,76,0,,0.0,65.8
2012/2013,Nikos Karabelas,Défenseur,Levante UD,28,67,69,2,,2.0,18.4
2012/2013,Nabil El Zhar,Milieu,Levante UD,26,70,74,4,,4.0,55.3
2012/2013,Edu Oriol,Milieu,Real Zaragoza,26,67,66,-1,,-1.0,21.1
2012/2013,Helder Postiga,Attaquant,Real Zaragoza,30,76,76,0,,0.0,94.7
2012/2013,Hugo Mallo,Défenseur,RC Celta de Vigo,21,72,74,2,,2.0,44.7
2012/2013,Roberto Lago,Défenseur,RC Celta de Vigo,27,69,73,4,,4.0,84.2
2012/2013,Jesus Gamez,Défenseur,Málaga CF,27,77,79,2,,2.0,73.7
2012/2013,Tomas Pina,Milieu,RCD Mallorca,25,70,75,5,,5.0,89.5
2012/2013,Juan Albin,Milieu,RCD Espanyol,26,75,72,-3,,-3.0,5.3
2012/2013,Jordi Amat,Défenseur,Rayo Vallecano,20,69,74,5,,5.0,68.4
2012/2013,Alejandro Galvez,Défenseur,Rayo Vallecano,23,61,72,11,,9.0,63.2
2012/2013,Jose Manuel Casado,Défenseur,Rayo Vallecano,26,70,74,4,,4.0,73.7
2012/2013,Nicki Bille Nielsen,Attaquant,Rayo Vallecano,24,67,69,2,,2.0,10.5
2012/2013,Tono,Gardien,Granada CF,33,76,73,-3,,-3.0,63.2
2012/2013,Daniel Aranzubia,Gardien,RC Deportivo de La Coruña,33,79,75,-4,,-4.0,92.1
2012/2013,Manuel Pablo,Défenseur,RC Deportivo de La Coruña,36,69,71,2,,2.0,63.2
2012/2013,Juan Dominguez Lamas,Milieu,RC Deportivo de La Coruña,22,68,72,4,,4.0,55.3
2012/2013,Juan Carlos Valeron,Milieu,RC Deportivo de La Coruña,37,76,75,-1,,-1.0,73.7
2012/2013,Alejandro Dominguez,Milieu,Rayo Vallecano,31,72,75,3,,3.0,84.2
2012/2013,Carlos Vela,Milieu,Real Sociedad,23,74,81,7,,7.0,84.2
2012/2013,Kike Sola,Attaquant,CA Osasuna,26,72,72,0,,0.0,63.2
2012/2013,Xavier Torres,Milieu,Getafe CF,26,75,76,1,,1.0,84.2
2012/2013,Luka Modric,Milieu,Real Madrid CF,27,86,84,-2,,-2.0,65.8
2012/2013,Andres Iniesta,Milieu,FC Barcelona,28,91,90,-1,,-1.0,63.2
2012/2013,Jose Campana,Milieu,Sevilla FC,19,71,70,-1,,-1.0,7.9
2012/2013,Tiago Pinto,Défenseur,RC Deportivo de La Coruña,24,70,65,-5,,-5.0,2.6
2012/2013,Jaime Gavilan,Milieu,Getafe CF,27,75,73,-2,,-2.0,26.3
2012/2013,Francisco Alcacer,Attaquant,Getafe CF,19,68,71,3,,3.0,15.8
2012/2013,Alex Song,Milieu,FC Barcelona,25,82,83,1,,1.0,44.7
2012/2013,Diogo Salomao,Milieu,RC Deportivo de La Coruña,24,71,71,0,,0.0,5.3
2012/2013,Vicente Guaita,Gardien,Valencia CF,25,79,80,1,,1.0,36.8
2013/2014,Borja Ekiza,Défenseur,Athletic Club de Bilbao,25,74,74,0,-1,0.0,2.6
2013/2014,David Cobeno,Gardien,Rayo Vallecano,31,70,73,3,-3,3.0,10.5
2013/2014,Jose Caro,Défenseur,Real Betis Balompié,20,59,64,5,,4.0,2.6
2013/2014,Gilberto Garcia,Défenseur,Real Valladolid,26,68,69,1,,1.0,10.5
2013/2014,Asier Riesgo,Gardien,CA Osasuna,30,71,71,0,-1,0.0,2.6
2014/2015,Helton,Gardien,FC Porto,36,80,79,-1,-1,-1.0,17.6
2014/2015,Miralem Sulejmani,Milieu,SL Benfica,26,74,73,-1,0,-1.0,5.9
2014/2015,Nurio,Défenseur,SC Braga,19,62,62,0,,-1.0,2.9
2013/2014,Tim Clancy,Défenseur,St. Johnstone FC,29,61,58,-3,-1,-4.0,7.9
2013/2014,Ryan Christie,Attaquant,Inverness Caledonian Thistle,18,53,53,0,,-1.0,7.9
2013/2014,Lukasz Zaluska,Gardien,Celtic,31,66,66,0,-3,0.0,2.6
2012/2013,Lucas Piazon,Milieu,Málaga CF,18,59,73,14,,12.0,10.5
2012/2013,Valdet Rama,Milieu,Real Valladolid,25,69,63,-6,,-6.0,2.6
2012/2013,Rodri,Milieu,Real Zaragoza,22,67,68,1,,1.0,21.1
2012/2013,Roberto Torres,Milieu,CA Osasuna,23,58,64,6,,4.0,2.6
2012/2013,Jorge Pulido,Défenseur,Atlético Madrid,21,70,70,0,,0.0,2.6
2013/2014,Chuli,Milieu,Real Betis Balompié,22,69,69,0,,0.0,10.5
2013/2014,Joan Verdu,Milieu,Real Betis Balompié,30,80,77,-3,1,-3.0,39.5
2013/2014,Ruben Castro,Attaquant,Real Betis Balompié,32,78,79,1,3,1.0,57.9
2013/2014,Sergio Garcia,Attaquant,RCD Espanyol,30,75,76,1,-1,1.0,97.4
2013/2014,Johny,Défenseur,RC Celta de Vigo,19,67,70,3,,3.0,60.5
2013/2014,Sergio Ramos,Défenseur,Real Madrid CF,27,86,86,0,-1,0.0,84.2
2013/2014,Cristiano Ronaldo,Attaquant,Real Madrid CF,28,92,92,0,0,0.0,78.9
2013/2014,Jaume Costa,Défenseur,Villarreal CF,25,70,70,0,,0.0,68.4
2013/2014,Javier Aquino,Milieu,Villarreal CF,23,73,73,0,,0.0,47.4
2013/2014,Moi Gomez,Milieu,Villarreal CF,19,69,70,1,,1.0,39.5
2013/2014,Miguel Flano,Défenseur,CA Osasuna,29,74,74,0,1,0.0,26.3
2013/2014,Abella Perez Damia,Défenseur,CA Osasuna,31,74,72,-2,3,-2.0,84.2
2013/2014,Michel,Milieu,Getafe CF,28,73,73,0,0,0.0,28.9
2013/2014,Pedro Leon,Milieu,Getafe CF,27,79,79,0,3,0.0,86.8
2013/2014,Diego Marino,Gardien,Real Valladolid,23,69,71,2,,2.0,73.7
2013/2014,Victor Perez,Milieu,Real Valladolid,25,75,75,0,10,0.0,34.2
2013/2014,Javi Moreno Marquez,Milieu,Elche CF,27,72,68,-4,-6,-4.0,63.2
2013/2014,Juanfran,Défenseur,Atlético Madrid,28,79,79,0,1,0.0,92.1
2013/2014,Mario Suarez,Milieu,Atlético Madrid,26,78,78,0,2,0.0,42.1
2013/2014,Claudio Bravo,Gardien,Real Sociedad,30,80,81,1,2,1.0,97.4
2013/2014,Carlos Martinez,Défenseur,Real Sociedad,27,76,77,1,3,1.0,63.2
2013/2014,Xabier Prieto,Milieu,Real Sociedad,30,80,80,0,3,0.0,47.4
2013/2014,Antoine Griezmann,Milieu,Real Sociedad,22,79,82,3,3,3.0,81.6
2013/2014,Juanfran Garcia,Défenseur,Levante UD,37,74,74,0,3,0.0,92.1
2013/2014,Wilfredo Caballero,Gardien,Málaga CF,32,80,79,-1,5,-1.0,100.0
2013/2014,Ignacio Camacho,Milieu,Málaga CF,23,78,78,0,5,0.0,71.1
2013/2014,Federico Fazio,Défenseur,Sevilla FC,26,77,78,1,-1,1.0,71.1
2013/2014,Nicolas Pareja,Défenseur,Sevilla FC,29,73,75,2,,2.0,60.5
2013/2014,Diego Alves,Gardien,Valencia CF,28,81,81,0,1,0.0,71.1
2013/2014,Alex Lopez,Milieu,RC Celta de Vigo,25,71,73,2,2,2.0,63.2
2013/2014,Gato Silva,Milieu,CA Osasuna,27,71,71,0,,0.0,76.3
2013/2014,Manucho,Attaquant,Real Valladolid,30,73,73,0,8,0.0,21.1
2013/2014,Cristian Sapunaru,Défenseur,Elche CF,29,76,70,-6,0,-6.0,21.1
2013/2014,Domingo Cisma,Défenseur,Elche CF,31,70,70,0,-2,0.0,47.4
2013/2014,Daniel Carrico,Milieu,Sevilla FC,25,74,74,0,-2,0.0,57.9
2013/2014,Martin Montoya,Défenseur,FC Barcelona,22,75,77,2,3,2.0,31.6
2013/2014,Adriano,Défenseur,FC Barcelona,29,76,77,1,-1,1.0,63.2
2013/2014,Ibai Gomez,Milieu,Athletic Club de Bilbao,24,75,76,1,10,1.0,15.8
2013/2014,Juan Rafael Fuentes,Défenseur,RCD Espanyol,23,68,68,0,,0.0,84.2
2013/2014,Jeremy Perbet,Attaquant,Villarreal CF,29,72,72,0,2,0.0,34.2
2013/2014,Juan Valera,Défenseur,Getafe CF,29,75,75,0,3,0.0,55.3
2013/2014,Alexandre Coeff,Défenseur,Granada CF,21,62,70,8,,7.0,21.1
2013/2014,Filipe Luis,Défenseur,Atlético Madrid,28,81,82,1,4,1.0,84.2
2013/2014,Oier,Défenseur,CA Osasuna,27,71,71,0,4,0.0,23.7
2013/2014,Cristian Portu,Milieu,Valencia CF,21,64,66,2,,1.0,2.6
2013/2014,Zakarya Bergdich,Milieu,Real Valladolid,24,68,67,-1,,-1.0,50.0
2013/2014,Levy Madinda,Milieu,RC Celta de Vigo,21,67,67,0,,0.0,13.2
2013/2014,Lluis Sastre,Milieu,Real Valladolid,27,70,70,0,7,0.0,26.3
2013/2014,Liassine Cadamuro,Défenseur,Real Sociedad,25,70,71,1,5,1.0,10.5
2013/2014,Nacho Fernandez,Défenseur,Real Madrid CF,23,71,71,0,7,0.0,21.1
2013/2014,Baba,Attaquant,Levante UD,25,71,73,2,-5,2.0,28.9
2013/2014,Angel Rodriguez,Attaquant,Levante UD,26,70,68,-2,-3,-2.0,2.6
2013/2014,Sergio Alvarez,Gardien,RC Celta de Vigo,27,68,68,0,6,0.0,7.9
2013/2014,Nagore,Défenseur,Levante UD,33,70,70,0,,0.0,2.6
2013/2014,Sebastian Fernandez,Milieu,Rayo Vallecano,28,72,72,0,-1,0.0,5.3
2013/2014,Carlos Lorens Bellvis,Défenseur,RC Celta de Vigo,28,67,66,-1,5,-1.0,2.6
2013/2014,David Rodriguez,Attaquant,RC Celta de Vigo,27,68,68,0,,0.0,2.6
2014/2015,Carlos Bacca,Attaquant,Sevilla FC,28,78,81,3,3,3.0,81.6
2014/2015,Ruben Vezo,Défenseur,Valencia CF,20,69,74,5,,5.0,15.8
2014/2015,Andre Gomes,Milieu,Valencia CF,21,73,76,3,4,3.0,81.6
2014/2015,Francisco Alcacer,Attaquant,Valencia CF,21,75,80,5,4,5.0,68.4
2014/2015,Nikos Karabelas,Défenseur,Levante UD,30,71,70,-1,2,-1.0,31.6
2014/2015,Victor Ruiz,Défenseur,Villarreal CF,25,77,77,0,0,0.0,63.2
2014/2015,Miguel Angel Moya,Gardien,Atlético Madrid,30,77,80,3,1,3.0,71.1
2014/2015,Mario Mandzukic,Attaquant,Atlético Madrid,28,83,83,0,0,0.0,63.2
2014/2015,Ricardo Horta,Milieu,Málaga CF,20,71,71,0,11,0.0,42.1
2014/2015,Carlos Gurpegi,Défenseur,Athletic Club de Bilbao,34,75,76,1,0,1.0,39.5
2014/2015,Vicente Guaita,Gardien,Getafe CF,27,79,79,0,-1,0.0,76.3
2014/2015,Alexis,Défenseur,Getafe CF,29,75,74,-1,-1,-1.0,73.7
2014/2015,Roberto Lago,Défenseur,Getafe CF,29,73,71,-2,0,-2.0,28.9
2014/2015,Jean-Sylvain Babin,Défenseur,Granada CF,28,70,71,1,,1.0,89.5
2014/2015,Jeremy Mathieu,Défenseur,FC Barcelona,31,78,80,2,1,2.0,60.5
2014/2015,Jordi Alba,Défenseur,FC Barcelona,25,82,81,-1,0,-1.0,71.1
2014/2015,Ivan Rakitic,Milieu,FC Barcelona,26,81,83,2,2,2.0,60.5
2014/2015,Andres Iniesta,Milieu,FC Barcelona,30,89,89,0,-1,0.0,50.0
2014/2015,Munir El Haddadi,Attaquant,FC Barcelona,19,63,71,8,,7.0,18.4
2014/2015,Luka Modric,Milieu,Real Madrid CF,29,86,87,1,2,1.0,42.1
2014/2015,Toni Kroos,Milieu,Real Madrid CF,24,84,85,1,0,1.0,94.7
2014/2015,James Rodriguez,Milieu,Real Madrid CF,23,83,86,3,1,3.0,76.3
2014/2015,Daniel Pinillos,Défenseur,Córdoba CF,22,59,64,5,,4.0,23.7
2014/2015,Mauro Dos Santos,Défenseur,UD Almería,25,63,70,7,,6.0,71.1
2014/2015,Fernando Soriano,Milieu,UD Almería,35,72,72,0,1,0.0,34.2
2014/2015,Carlos Vela,Milieu,Real Sociedad,25,82,83,1,1,1.0,60.5
2014/2015,Nordin Amrabat,Attaquant,Málaga CF,27,76,77,1,-2,1.0,52.6
2014/2015,Fidel,Milieu,Córdoba CF,25,72,72,0,-1,0.0,44.7
2014/2015,Alvaro Arroyo,Défenseur,Getafe CF,26,68,68,0,5,0.0,26.3
2014/2015,Benoit Tremoulinas,Défenseur,Sevilla FC,29,77,78,1,0,1.0,47.4
2014/2015,Stephane M'Bia,Milieu,Sevilla FC,28,75,75,0,2,0.0,44.7
2014/2015,Hugo Mallo,Défenseur,RC Celta de Vigo,23,75,75,0,1,0.0,71.1
2014/2015,Success Isaac,Attaquant,Granada CF,18,56,60,4,,3.0,23.7
2014/2015,Tono,Gardien,Rayo Vallecano,35,73,74,1,0,1.0,52.6
2014/2015,Mikel Gonzalez,Défenseur,Real Sociedad,29,79,78,-1,4,-1.0,36.8
2014/2015,Abel Gomez,Milieu,Córdoba CF,32,67,70,3,,3.0,36.8
2014/2015,Marcos Angeleri,Défenseur,Málaga CF,31,72,73,1,,1.0,55.3
2014/2015,Tomas Pina,Milieu,Villarreal CF,27,75,75,0,0,0.0,44.7
2014/2015,Ivan Lopez,Défenseur,Levante UD,21,63,70,7,,6.0,60.5
2014/2015,Alvaro Negredo,Attaquant,Valencia CF,29,83,83,0,0,0.0,36.8
2014/2015,Jose Luis Morales,Milieu,Levante UD,27,64,73,9,,8.0,86.8
2014/2015,Asier Illarramendi,Milieu,Real Madrid CF,24,80,79,-1,5,-1.0,26.3
2014/2015,Patrick Ekeng Ekeng,Milieu,Córdoba CF,24,59,68,9,0,8.0,21.1
2014/2015,Aaron Niguez,Milieu,Elche CF,25,69,70,1,3,1.0,39.5
2014/2015,Jesus Gamez,Défenseur,Atlético Madrid,29,79,78,-1,0,-1.0,31.6
2014/2015,Nabil El Zhar,Milieu,Levante UD,28,74,73,-1,1,-1.0,13.2
2014/2015,Mateo Pablo Musacchio,Défenseur,Villarreal CF,24,76,80,4,2,4.0,31.6
2014/2015,Joao Cancelo,Défenseur,Valencia CF,20,68,70,2,3,2.0,13.2
2014/2015,Yoel Rodriguez,Gardien,Valencia CF,26,72,73,1,8,1.0,2.6
2014/2015,Jaime Gavilan,Milieu,Levante UD,29,73,72,-1,0,-1.0,2.6
2015/2016,Simao,Milieu,Levante UD,27,72,75,3,0,1.0,68.4
2015/2016,Gustavo Cabral,Défenseur,RC Celta de Vigo,30,73,77,4,2,2.0,81.6
2015/2016,Fabian Orellana,Milieu,RC Celta de Vigo,29,77,80,3,4,2.0,86.8
2015/2016,Hernan,Milieu,UD Las Palmas,25,69,71,2,,0.0,28.9
2015/2016,Roque Mesa,Milieu,UD Las Palmas,26,68,73,5,,3.0,89.5
2015/2016,Jonathan Viera,Milieu,UD Las Palmas,26,74,77,3,-1,1.0,94.7
2015/2016,Grzegorz Krychowiak,Milieu,Sevilla FC,25,80,82,2,3,1.0,65.8
2015/2016,Ever Banega,Milieu,Sevilla FC,27,80,81,1,-1,0.0,52.6
2015/2016,Oscar de Marcos,Défenseur,Athletic Club de Bilbao,26,78,80,2,1,1.0,86.8
2015/2016,Benat Etxebarria,Milieu,Athletic Club de Bilbao,28,78,80,2,-1,1.0,84.2
2015/2016,Aritz Aduriz,Attaquant,Athletic Club de Bilbao,34,82,82,0,3,-1.0,78.9
2015/2016,Lionel Messi,Attaquant,FC Barcelona,28,93,94,1,-1,0.0,81.6
2015/2016,Dimitri Foulquier,Défenseur,Granada CF,22,70,71,1,4,-1.0,42.1
2015/2016,Ruben Rochina,Milieu,Granada CF,24,72,73,1,2,-1.0,76.3
2015/2016,Alvaro Gonzalez Soberon,Défenseur,RCD Espanyol,25,70,76,6,-3,4.0,94.7
2015/2016,Santiago Vergini,Défenseur,Getafe CF,27,73,73,0,0,-2.0,63.2
2015/2016,Carlos Vigaray,Défenseur,Getafe CF,21,60,69,9,3,6.0,36.8
2015/2016,Bruno Gonzalez,Défenseur,Real Betis Balompié,25,69,74,5,,3.0,84.2
2015/2016,Alphonse Areola,Gardien,Villarreal CF,22,72,80,8,0,6.0,84.2
2015/2016,Bernardo,Défenseur,Real Sporting de Gijón,26,72,76,4,,2.0,42.1
2015/2016,Isma Lopez,Défenseur,Real Sporting de Gijón,25,69,73,4,,2.0,73.7
2015/2016,Keylor Navas,Gardien,Real Madrid CF,29,79,82,3,1,2.0,89.5
2015/2016,Gareth Bale,Attaquant,Real Madrid CF,26,87,87,0,0,-1.0,55.3
2015/2016,Laure,Défenseur,RC Deportivo de La Coruña,30,72,74,2,2,0.0,42.1
2015/2016,Alberto Lopo,Défenseur,RC Deportivo de La Coruña,35,71,72,1,3,-1.0,21.1
2015/2016,Bruma,Milieu,Real Sociedad,21,74,76,2,,0.0,36.8
2015/2016,Tito,Défenseur,Rayo Vallecano,30,77,77,0,3,-1.0,76.3
2015/2016,Miku,Attaquant,Rayo Vallecano,30,71,73,2,0,0.0,47.4
2015/2016,Javi Fuego,Milieu,Valencia CF,31,79,80,1,1,0.0,60.5
2015/2016,Razvan Rat,Défenseur,Rayo Vallecano,34,73,75,2,,0.0,21.1
2015/2016,Gerard Pique,Défenseur,FC Barcelona,28,84,85,1,-2,0.0,78.9
2015/2016,Neymar,Attaquant,FC Barcelona,23,86,90,4,1,3.0,89.5
2015/2016,Michael Krohn-Dehli,Milieu,Sevilla FC,32,75,79,4,3,3.0,42.1
2015/2016,Alen Halilovic,Milieu,Real Sporting de Gijón,19,70,77,7,,5.0,63.2
2015/2016,Weligton,Défenseur,Málaga CF,36,77,78,1,-1,0.0,78.9
2015/2016,Xabier Etxeita,Défenseur,Athletic Club de Bilbao,28,75,77,2,4,1.0,73.7
2015/2016,Pepe,Défenseur,Real Madrid CF,32,83,84,1,0,0.0,55.3
2015/2016,Zouhair Feddal,Défenseur,Levante UD,26,61,75,14,,11.0,73.7
2015/2016,Alejandro Arribas,Défenseur,RC Deportivo de La Coruña,26,78,75,-3,2,-4.0,81.6
2015/2016,Didier Digard,Milieu,Real Betis Balompié,29,75,76,1,-1,0.0,5.3
2015/2016,Jonathan Rodriguez,Attaquant,RC Deportivo de La Coruña,22,73,74,1,,-1.0,15.8
2015/2016,Samuel Garcia,Milieu,Villarreal CF,25,71,77,6,7,4.0,18.4
2015/2016,John Guidetti,Attaquant,RC Celta de Vigo,23,72,74,2,-1,0.0,31.6
2015/2016,Dani Ndi,Milieu,Real Sporting de Gijón,20,69,70,1,,-1.0,26.3
2015/2016,Luciano Dario Vietto,Attaquant,Atlético Madrid,22,78,78,0,5,-1.0,31.6
2015/2016,Egor Filipenko,Défenseur,Málaga CF,27,65,73,8,,6.0,15.8
2015/2016,Arda Turan,Milieu,FC Barcelona,28,84,83,-1,-1,-2.0,23.7
2015/2016,Roque Santa Cruz,Attaquant,Málaga CF,34,74,74,0,-2,-2.0,7.9
2015/2016,Fabian,Milieu,Real Betis Balompié,19,59,70,11,,8.0,15.8
2015/2016,Iago Herrerin,Gardien,Athletic Club de Bilbao,27,72,74,2,4,0.0,2.6
2015/2016,Jota,Milieu,SD Eibar,24,68,70,2,,0.0,21.1
2015/2016,Adrian Lopez,Attaquant,Villarreal CF,27,75,77,2,-3,1.0,26.3
2012/2013,Alexandre Pasche,Milieu,Servette FC,21,60,61,1,,-1.0,86.1
2012/2013,Lionel Pizzinat,Milieu,Servette FC,35,52,52,0,,-2.0,16.7
2012/2013,Geoffrey Treand,Milieu,Servette FC,26,61,61,0,,-2.0,83.3
2012/2013,Yann Sommer,Gardien,FC Basel,24,72,76,4,,4.0,100.0
2012/2013,Benjamin Luethi,Défenseur,FC Thun,24,64,63,-1,,-3.0,88.9
2012/2013,Anthony Favre,Gardien,FC Lausanne-Sports,28,58,59,1,,-1.0,75.0
2012/2013,Michel Avanzini,Milieu,FC Lausanne-Sports,23,57,58,1,,-1.0,30.6
2012/2013,Rodrigo Lacerda,Milieu,FC Lausanne-Sports,32,58,58,0,,-2.0,55.6
2012/2013,Tomislav Puljic,Défenseur,FC Luzern,29,67,65,-2,,-2.0,91.7
2012/2013,Michel Renggli,Milieu,FC Luzern,32,65,64,-1,,-1.0,33.3
2012/2013,Dimitar Rangelov,Attaquant,FC Luzern,29,71,62,-9,,-9.0,61.1
2012/2013,Stefan Glarner,Défenseur,FC Zürich,25,58,58,0,,-2.0,55.6
2012/2013,Michael Lang,Défenseur,Grasshopper Club Zürich,21,61,57,-4,,-6.0,91.7
2012/2013,Taulant Xhaka,Défenseur,Grasshopper Club Zürich,21,62,61,-1,,-3.0,52.8
2012/2013,Shkelzen Gashi,Milieu,Grasshopper Club Zürich,24,57,61,4,,2.0,47.2
2012/2013,Andris Vanins,Gardien,FC Sion,32,71,72,1,,1.0,100.0
2012/2013,Aislan,Défenseur,FC Sion,24,67,65,-2,,-2.0,36.1
2012/2013,Michael Dingsdag,Défenseur,FC Sion,30,71,72,1,,1.0,80.6
2012/2013,Arnaud Buhler,Défenseur,FC Sion,27,64,64,0,,-2.0,91.7
2012/2013,Alexander Farnerud,Milieu,BSC Young Boys,28,75,74,-1,,-1.0,88.9
2012/2013,Michael Silberbauer,Milieu,BSC Young Boys,31,71,69,-2,,-2.0,5.6
2012/2013,Kyle Lafferty,Attaquant,FC Sion,25,72,70,-2,,-2.0,44.4
2012/2013,Alain Wiss,Milieu,FC Luzern,22,61,60,-1,,-3.0,69.4
2012/2013,Genseric Kusunga,Défenseur,Servette FC,24,64,64,0,,-2.0,50.0
2012/2013,Gabri,Milieu,FC Lausanne-Sports,33,59,60,1,,-1.0,58.3
2012/2013,Raphael Nuzzolo,Milieu,BSC Young Boys,29,66,65,-1,,-1.0,80.6
2012/2013,Stephane Besle,Défenseur,FC St. Gallen,28,59,60,1,,-1.0,63.9
2012/2013,Sebastian Meoli,Défenseur,FC Lausanne-Sports,32,81,80,-1,,-1.0,16.7
2012/2013,Adailton,Défenseur,FC Sion,29,66,66,0,,0.0,38.9
2012/2013,Mikael Ishak,Attaquant,FC St. Gallen,19,64,67,3,,1.0,30.6
2012/2013,Omar Kossoko,Milieu,Servette FC,24,66,66,0,,0.0,22.2
2013/2014,Philipp Degen,Défenseur,FC Basel,30,68,65,-3,0,-3.0,36.1
2013/2014,Marco Woelfli,Gardien,BSC Young Boys,31,66,64,-2,-4,-2.0,47.2
2013/2014,Gonzalo Zarate,Milieu,BSC Young Boys,29,66,68,2,-1,2.0,63.9
2013/2014,Alexander Gerndt,Attaquant,BSC Young Boys,27,70,71,1,,1.0,52.8
2013/2014,Vincent Ruefli,Défenseur,FC Sion,25,65,69,4,-1,4.0,72.2
2013/2014,Marco Schneuwly,Attaquant,FC Thun,28,63,65,2,0,1.0,61.1
2013/2014,Guillaume Katz,Défenseur,FC Lausanne-Sports,24,60,60,0,1,-1.0,52.8
2013/2014,Dario Vidosic,Milieu,FC Sion,26,67,68,1,,1.0,55.6
2013/2014,Stjepan Kukuruzovic,Milieu,FC Zürich,24,63,63,0,0,-1.0,16.7
2013/2014,Dario Lezcano,Attaquant,FC Luzern,23,66,66,0,-2,0.0,44.4
2013/2014,Christian Schneuwly,Milieu,FC Thun,25,68,69,1,0,1.0,80.6
2013/2014,Luca Zuffi,Milieu,FC Thun,23,53,56,3,,2.0,72.2
2013/2014,Antonio Signori Dominique,Gardien,FC Lausanne-Sports,19,51,54,3,,2.0,27.8
2013/2014,Ante Vukusic,Attaquant,FC Lausanne-Sports,22,72,69,-3,,-3.0,33.3
2013/2014,Marcel Herzog,Gardien,FC St. Gallen,33,55,58,3,0,2.0,16.7
2013/2014,Steven Deana,Gardien,FC Sion,23,56,58,2,,1.0,2.8
2014/2015,Sven Luescher,Milieu,FC Aarau,30,63,65,2,,1.0,83.3
2014/2015,Breel Embolo,Attaquant,FC Basel,17,66,73,7,,7.0,50.0
2014/2015,Mario Mutsch,Défenseur,FC St. Gallen,30,59,58,-1,-2,-2.0,66.7
2014/2015,Dzengis Cavusevic,Attaquant,FC St. Gallen,27,61,64,3,-1,2.0,61.1
2014/2015,Scott Lee Sutter,Défenseur,BSC Young Boys,28,64,65,1,0,0.0,55.6
2014/2015,Jan Lecjaks,Défenseur,BSC Young Boys,24,63,63,0,1,-1.0,83.3
2014/2015,Joel Untersee,Défenseur,FC Vaduz,20,57,58,1,,0.0,44.4
2014/2015,Florian Stahel,Défenseur,FC Vaduz,29,60,60,0,0,-1.0,88.9
2014/2015,Carlitos,Milieu,FC Sion,32,71,67,-4,0,-4.0,80.6
2014/2015,Yassine Chikhaoui,Attaquant,FC Zürich,28,74,78,4,1,4.0,80.6
2014/2015,Daniel Pavlovic,Défenseur,Grasshopper Club Zürich,26,61,62,1,-1,0.0,69.4
2014/2015,Fabian Schaer,Défenseur,FC Basel,23,74,76,2,4,2.0,83.3
2014/2015,Guillaume Faivre,Gardien,FC Thun,27,61,60,-1,5,-2.0,88.9
2014/2015,Caio,Milieu,Grasshopper Club Zürich,28,69,72,3,-1,3.0,72.2
2014/2015,Franck Etoundi,Attaquant,FC Zürich,24,64,66,2,6,1.0,47.2
2014/2015,Michael Perrier,Défenseur,FC Sion,25,60,58,-2,,-3.0,22.2
2014/2015,Nicola Sutter,Milieu,FC Thun,19,51,51,0,,-1.0,38.9
2014/2015,Mario Gavranovic,Attaquant,FC Zürich,25,71,70,-1,2,-1.0,16.7
2014/2015,Alexander Merkel,Milieu,Grasshopper Club Zürich,22,69,66,-3,,-3.0,8.3
2014/2015,Arlind Ajeti,Défenseur,FC Basel,21,66,65,-1,4,-1.0,5.6
2014/2015,Matias Vitkieviez,Milieu,BSC Young Boys,29,65,65,0,0,0.0,2.8
2015/2016,Jerome Thiesson,Défenseur,FC Luzern,28,57,60,3,0,0.0,100.0
2015/2016,Claudio Lustenberger,Défenseur,FC Luzern,28,63,65,2,-1,-1.0,61.1
2015/2016,Clemens Fandrich,Milieu,FC Luzern,24,63,65,2,,-1.0,30.6
2015/2016,Jakob Jantscher,Milieu,FC Luzern,26,70,70,0,-1,-2.0,58.3
2015/2016,Yoichiro Kakitani,Milieu,FC Basel,25,67,71,4,,2.0,11.1
2015/2016,Daniel Lopar,Gardien,FC St. Gallen,30,60,63,3,-2,0.0,94.4
2015/2016,Mickael Facchinetti,Défenseur,FC St. Gallen,24,62,63,1,0,-2.0,33.3
2015/2016,Marco Mathys,Milieu,FC St. Gallen,28,64,63,-1,1,-4.0,25.0
2015/2016,Hekuran Kryeziu,Milieu,FC Luzern,22,58,63,5,-1,2.0,63.9
2015/2016,Artem Simonyan,Milieu,FC Zürich,20,54,57,3,,0.0,11.1
2015/2016,Vilmos Vanczak,Défenseur,FC Sion,32,62,65,3,-5,0.0,36.1
2015/2016,Birama Ndoye,Défenseur,FC Sion,21,63,69,6,0,3.0,44.4
2015/2016,Migjen Basha,Milieu,FC Luzern,28,71,71,0,-1,-2.0,11.1
2015/2016,Joel Mall,Gardien,Grasshopper Club Zürich,24,62,65,3,0,0.0,52.8
2015/2016,Vincent Sierro,Milieu,FC Sion,20,54,56,2,,-1.0,36.1
2015/2016,Georgi Milanov,Milieu,Grasshopper Club Zürich,23,71,74,3,,1.0,27.8
2014/2015,Adrian Embarba,Milieu,Rayo Vallecano,22,57,70,13,,12.0,23.7
2014/2015,Bojan Jokic,Défenseur,Villarreal CF,28,74,71,-3,0,-3.0,15.8
2014/2015,Kike Sola,Attaquant,Athletic Club de Bilbao,28,72,74,2,0,2.0,2.6
2014/2015,Diogo Salomao,Milieu,RC Deportivo de La Coruña,26,70,71,1,-1,1.0,5.3
2015/2016,Jesus Fernandez,Gardien,Granada CF,27,69,69,0,3,-2.0,2.6
2015/2016,Isaac Cuenca,Milieu,Granada CF,24,70,69,-1,-5,-3.0,21.1
2012/2013,Davide Taini,Gardien,Grasshopper Club Zürich,36,57,55,-2,,-4.0,5.6
2012/2013,Darko Jevtic,Milieu,FC Basel,19,53,57,4,,2.0,2.8
2012/2013,Julian Esteban,Milieu,Servette FC,26,59,61,2,,0.0,8.3
2015/2016,Anton Mitryushkin,Gardien,FC Sion,19,63,64,1,,-2.0,19.4
2012/2013,Marcin Wasilewski,Défenseur,RSC Anderlecht,32,70,71,1,,1.0,30.0
2012/2013,Stijn Stijnen,Gardien,Beerschot AC,31,71,69,-2,,-2.0,66.7
2012/2013,Hernan Losada,Milieu,Beerschot AC,30,72,70,-2,,-2.0,70.0
2012/2013,Hamdi Harbaoui,Attaquant,Sporting Lokeren,27,66,70,4,,4.0,86.7
2012/2013,Zola Matumona,Milieu,RAEC Mons,31,68,68,0,,0.0,66.7
2012/2013,Wim Raymaekers,Défenseur,Oud-Heverlee Leuven,27,58,63,5,,3.0,43.3
2012/2013,Karel Geraerts,Milieu,Oud-Heverlee Leuven,30,67,69,2,,2.0,96.7
2012/2013,Kenneth van Goethem,Milieu,Oud-Heverlee Leuven,28,62,64,2,,0.0,83.3
2012/2013,Ebrahima Ibou Sawaneh,Attaquant,Oud-Heverlee Leuven,26,66,70,4,,4.0,90.0
2012/2013,Jelle van Damme,Défenseur,Standard de Liège,29,72,73,1,,1.0,93.3
2012/2013,William Vainqueur,Milieu,Standard de Liège,24,70,74,4,,4.0,86.7
2012/2013,Olafur Ingi Skulason,Milieu,SV Zulte-Waregem,29,66,66,0,,0.0,36.7
2012/2013,Aleksandar Trajkovski,Attaquant,SV Zulte-Waregem,20,65,66,1,,1.0,40.0
2012/2013,Steven De Petter,Milieu,KV Mechelen,27,66,67,1,,1.0,60.0
2012/2013,Jim Larsen,Défenseur,Club Brugge KV,27,73,71,-2,,-2.0,40.0
2012/2013,Victor Vazquez,Milieu,Club Brugge KV,25,72,72,0,,0.0,60.0
2012/2013,Rafinha,Défenseur,KAA Gent,30,69,67,-2,,-2.0,73.3
2012/2013,Melli,Défenseur,KAA Gent,28,73,69,-4,,-4.0,70.0
2012/2013,Ibrahima Conte,Milieu,KAA Gent,21,68,68,0,,0.0,43.3
2012/2013,Ibrahim Ayew,Défenseur,Lierse SK,24,62,64,2,,0.0,56.7
2012/2013,Anthony Portier,Défenseur,KSV Cercle Brugge,30,62,63,1,,-1.0,43.3
2012/2013,Rudy,Attaquant,KSV Cercle Brugge,23,69,68,-1,,-1.0,53.3
2012/2013,David Biton,Attaquant,Standard de Liège,24,72,67,-5,,-5.0,3.3
2012/2013,Giuseppe Rossini,Attaquant,Sporting Charleroi,26,64,64,0,,-2.0,50.0
2012/2013,Boubacar Barry Copa,Gardien,Sporting Lokeren,33,72,72,0,,0.0,66.7
2012/2013,Nill De Pauw,Milieu,Sporting Lokeren,22,67,69,2,,2.0,50.0
2012/2013,Kenny van Hoevelen,Défenseur,KV Mechelen,29,65,65,0,,0.0,43.3
2012/2013,Ezekiel Fryers,Défenseur,Standard de Liège,20,56,61,5,,3.0,20.0
2012/2013,Astrit Ajdarevic,Milieu,Standard de Liège,22,69,67,-2,,-2.0,23.3
2012/2013,Ronald Vargas,Attaquant,RSC Anderlecht,26,75,71,-4,,-4.0,16.7
2012/2013,Bennard Yao Kumordzi,Milieu,KRC Genk,27,68,69,1,,1.0,20.0
2012/2013,Sacha Kljestan,Milieu,RSC Anderlecht,27,71,71,0,,0.0,70.0
2012/2013,Cedric D'Ulivo,Défenseur,Waasland-Beveren,23,58,64,6,,4.0,66.7
2012/2013,Michael Uchebo,Attaquant,KSV Cercle Brugge,22,65,65,0,,0.0,53.3
2012/2013,Ayub Masika,Milieu,KRC Genk,20,58,63,5,,3.0,6.7
2012/2013,Maor Bar Buzaglo,Milieu,Standard de Liège,24,68,68,0,,0.0,26.7
2012/2013,Roei Dayan,Attaquant,Beerschot AC,28,66,64,-2,,-2.0,13.3
2012/2013,Connor Laerenbergh,Attaquant,Beerschot AC,19,54,57,3,,1.0,3.3
2012/2013,Thomas Chatelle,Milieu,RAEC Mons,31,66,66,0,,0.0,26.7
2012/2013,Hassan El Mouataz,Défenseur,Sporting Lokeren,31,63,63,0,,-2.0,26.7
2012/2013,Daylon Claasen,Milieu,Lierse SK,22,64,67,3,,1.0,20.0
2013/2014,Julien Vercauteren,Attaquant,Lierse SK,20,59,62,3,,2.0,16.7
2013/2014,Fredric Brillant,Défenseur,KV Oostende,28,64,65,1,,0.0,83.3
2013/2014,Yaya Soumahoro,Attaquant,KAA Gent,24,68,69,1,-5,1.0,66.7
2014/2015,Parfait Mandanda,Gardien,Sporting Charleroi,25,68,68,0,,0.0,16.7
2014/2015,David Hubert,Milieu,Waasland-Beveren,26,68,66,-2,,-2.0,73.3
2014/2015,Mathew Ryan,Gardien,Club Brugge KV,22,72,76,4,,4.0,90.0
2014/2015,Laurens De Bock,Défenseur,Club Brugge KV,22,70,70,0,,0.0,90.0
2014/2015,Didier Ovono,Gardien,KV Oostende,31,68,67,-1,2,-1.0,90.0
2014/2015,Fernando Canesin Matos,Milieu,KV Oostende,22,68,68,0,2,0.0,80.0
2014/2015,Mitch Apau,Défenseur,KVC Westerlo,24,64,64,0,,-1.0,100.0
2014/2015,Evander Sno,Milieu,KVC Westerlo,27,72,73,1,1,1.0,6.7
2014/2015,Davino Verhulst,Gardien,Sporting Lokeren,27,67,69,2,,2.0,46.7
2014/2015,Jordan Remacle,Attaquant,Sporting Lokeren,27,70,69,-1,,-1.0,30.0
2014/2015,Michael Heylen,Défenseur,RSC Anderlecht,20,67,67,0,,0.0,36.7
2014/2015,Enes Saglik,Milieu,Sporting Charleroi,23,64,65,1,,0.0,40.0
2014/2015,Thibault Peyre,Défenseur,Royal Excel Mouscron,22,59,63,4,,3.0,63.3
2014/2015,Jonny Rowell,Milieu,Waasland-Beveren,25,63,65,2,,1.0,53.3
2014/2015,Vinicius Araujo,Attaquant,Standard de Liège,21,71,69,-2,,-2.0,10.0
2014/2015,Theo Bongonda,Milieu,SV Zulte-Waregem,19,65,67,2,,2.0,20.0
2014/2015,Xavier Luissint,Défenseur,KV Oostende,30,64,63,-1,,-2.0,26.7
2014/2015,Herve Kage,Milieu,KRC Genk,25,69,68,-1,0,-1.0,13.3
2014/2015,Daniel Mojsov,Défenseur,Lierse SK,27,60,59,-1,,-2.0,30.0
2014/2015,Gilles Dewaele,Défenseur,KSV Cercle Brugge,18,50,57,7,,6.0,10.0
2014/2015,Mathieu Maertens,Milieu,KSV Cercle Brugge,19,52,58,6,,5.0,20.0
2014/2015,Claudemir,Milieu,Club Brugge KV,26,73,69,-4,,-4.0,10.0
2015/2016,Aboubakar Kamara,Attaquant,KV Kortrijk,20,60,61,1,,-2.0,10.0
2015/2016,Yohan Thuram Ulien,Gardien,Standard de Liège,27,72,69,-3,1,-5.0,36.7
2015/2016,Alexander Scholz,Défenseur,Standard de Liège,23,72,74,2,,0.0,50.0
2015/2016,Ivan Santini,Attaquant,Standard de Liège,26,71,71,0,2,-2.0,56.7
2015/2016,Christian Kabasele,Défenseur,KRC Genk,24,72,75,3,,1.0,100.0
2015/2016,Derrick Tshimanga,Défenseur,KRC Genk,27,71,71,0,-1,-2.0,60.0
2015/2016,"Onyinye Ndidi,26",Milieu,KRC Genk,19,61,68,7,,4.0,83.3
2015/2016,Dalibor Veselinovic,Attaquant,KV Mechelen,28,67,69,2,2,0.0,50.0
2015/2016,Sammy Bossuyt,Gardien,SV Zulte-Waregem,30,71,71,0,0,-2.0,80.0
2015/2016,Denis Odoi,Défenseur,Sporting Lokeren,27,70,72,2,1,0.0,100.0
2015/2016,Benjamin De Ceulaer,Attaquant,KVC Westerlo,32,69,69,0,-2,-2.0,73.3
2015/2016,Leander Dendoncker,Milieu,RSC Anderlecht,20,69,75,6,9,4.0,53.3
2015/2016,Erdin Demir,Défenseur,Waasland-Beveren,25,63,66,3,,0.0,100.0
2015/2016,Noe Dussenne,Défenseur,Royal Excel Mouscron,23,63,68,5,0,2.0,93.3
2015/2016,Teddy Mezague,Défenseur,Royal Excel Mouscron,25,65,66,1,3,-1.0,93.3
2015/2016,Julian Michel,Milieu,Royal Excel Mouscron,23,64,69,5,,2.0,66.7
2015/2016,Thomas Matton,Milieu,KAA Gent,30,69,72,3,4,1.0,20.0
2015/2016,Danijel Milicevic,Attaquant,KAA Gent,29,71,76,5,2,3.0,73.3
2015/2016,Amara Baby,Milieu,Sporting Charleroi,26,63,67,4,,1.0,46.7
2015/2016,Khaleem Hyland,Milieu,KVC Westerlo,26,69,70,1,-2,-1.0,86.7
2015/2016,Stijn De Smet,Milieu,KV Kortrijk,30,68,68,0,1,-2.0,63.3
2015/2016,Joao Rodriguez,Attaquant,Sint-Truidense VV,19,59,60,1,,-2.0,3.3
2015/2016,Frederic Gounongbe,Attaquant,KVC Westerlo,27,66,70,4,,2.0,80.0
2015/2016,Enes Unal,Attaquant,KRC Genk,18,68,69,1,,-1.0,10.0
2015/2016,Clement Tainmont,Milieu,Sporting Charleroi,29,69,71,2,5,0.0,40.0
2015/2016,Yanis Mbombo Lokwa,Attaquant,Sint-Truidense VV,21,62,63,1,4,-2.0,23.3
2015/2016,Mikel Agu,Milieu,Club Brugge KV,22,64,66,2,,-1.0,6.7
2015/2016,Birger Verstraete,Milieu,KV Kortrijk,21,63,64,1,-2,-2.0,30.0
2015/2016,Ahmed El Messaoudi,Défenseur,KV Mechelen,20,64,64,0,3,-3.0,6.7
2015/2016,Ioannis Maniatis,Milieu,Standard de Liège,29,74,73,-1,,-3.0,10.0
2012/2013,Carl Jenkinson,Défenseur,Arsenal,20,64,70,6,,4.0,36.8
2012/2013,Santi Cazorla,Milieu,Arsenal,28,84,85,1,,1.0,97.4
2012/2013,Lee Cattermole,Milieu,Sunderland,24,75,76,1,,1.0,26.3
2012/2013,Leon Osman,Milieu,Everton,31,77,78,1,,1.0,94.7
2012/2013,Nemanja Vidic,Défenseur,Manchester United,31,89,87,-2,,-2.0,47.4
2012/2013,Tom Cleverley,Milieu,Manchester United,23,77,78,1,,1.0,47.4
2012/2013,Brede Hangeland,Défenseur,Fulham,31,81,81,0,,0.0,92.1
2012/2013,Anthony Pilkington,Milieu,Norwich City,24,71,73,2,,2.0,65.8
2012/2013,Joleon Lescott,Défenseur,Manchester City,30,82,81,-1,,-1.0,44.7
2012/2013,Jay Rodriguez,Attaquant,Southampton,23,71,73,2,,2.0,63.2
2012/2013,Davide Santon,Défenseur,Newcastle United,21,75,75,0,,0.0,81.6
2012/2013,Cheik Tiote,Milieu,Newcastle United,26,78,80,2,,2.0,57.9
2012/2013,Robert Green,Gardien,Queens Park Rangers,32,76,76,0,,0.0,36.8
2012/2013,Michel Vorm,Gardien,Swansea City,29,81,81,0,,0.0,68.4
2012/2013,Neil Taylor,Défenseur,Swansea City,23,69,73,4,,4.0,10.5
2012/2013,Adam Le Fondre,Attaquant,Reading,26,67,73,6,,6.0,28.9
2012/2013,Liam Ridgewell,Défenseur,West Bromwich Albion,28,73,70,-3,,-3.0,73.7
2012/2013,James Morrison,Milieu,West Bromwich Albion,26,71,75,4,,4.0,86.8
2012/2013,Ron Vlaar,Défenseur,Aston Villa,27,74,78,4,,4.0,71.1
2012/2013,Brett Holman,Milieu,Aston Villa,28,73,74,1,,1.0,42.1
2012/2013,David Luiz,Défenseur,Chelsea,25,80,80,0,,0.0,76.3
2012/2013,Ashley Cole,Défenseur,Chelsea,32,85,84,-1,,-1.0,81.6
2012/2013,Jose Enrique,Défenseur,Liverpool,26,80,79,-1,,-1.0,65.8
2012/2013,Suso,Attaquant,Liverpool,19,57,73,16,,14.0,21.1
2012/2013,Raheem Sterling,Attaquant,Liverpool,18,61,76,15,,13.0,50.0
2012/2013,Julio Cesar,Gardien,Queens Park Rangers,33,85,83,-2,,-2.0,63.2
2012/2013,Graham Dorrans,Milieu,West Bromwich Albion,25,75,73,-2,,-2.0,55.3
2012/2013,Paulo Gazzaniga,Gardien,Southampton,20,54,65,11,,9.0,23.7
2012/2013,Matt Jarvis,Milieu,West Ham United,26,77,76,-1,,-1.0,76.3
2012/2013,Aleksandar Kolarov,Défenseur,Manchester City,27,79,78,-1,,-1.0,28.9
2012/2013,Maicon,Défenseur,Manchester City,31,85,79,-6,,-6.0,10.5
2012/2013,Kieron Dyer,Milieu,Queens Park Rangers,34,69,68,-1,,-1.0,2.6
2012/2013,Ronnie Stam,Milieu,Wigan Athletic,28,71,71,0,,0.0,28.9
2012/2013,Jonjo Shelvey,Milieu,Liverpool,20,71,74,3,,3.0,23.7
2012/2013,Eric Lichaj,Défenseur,Aston Villa,24,71,69,-2,,-2.0,23.7
2012/2013,Connor Wickham,Attaquant,Sunderland,19,70,69,-1,,-1.0,7.9
2012/2013,Dwight Tiendalli,Défenseur,Swansea City,27,69,69,0,,0.0,28.9
2012/2013,Nathan Delfouneso,Attaquant,Aston Villa,21,72,68,-4,,-4.0,2.6
2012/2013,Matthew Briggs,Défenseur,Fulham,21,63,66,3,,1.0,7.9
2012/2013,Stephen Kelly,Défenseur,Reading,29,70,71,1,,1.0,42.1
2012/2013,Roger Espinoza,Milieu,Wigan Athletic,26,64,73,9,,7.0,15.8
2012/2013,Christopher Samba,Défenseur,Queens Park Rangers,28,79,78,-1,,-1.0,26.3
2013/2014,Laurent Koscielny,Défenseur,Arsenal,28,81,82,1,1,1.0,84.2
2013/2014,Jack Wilshere,Milieu,Arsenal,21,82,82,0,0,0.0,50.0
2013/2014,Theo Walcott,Milieu,Arsenal,24,81,81,0,-1,0.0,23.7
2013/2014,Alex Oxlade-Chamberlain,Milieu,Arsenal,20,77,78,1,3,1.0,15.8
2013/2014,Ashley R. Westwood,Milieu,Aston Villa,23,70,72,2,10,2.0,92.1
2013/2014,Curtis Davies,Défenseur,Hull City,28,70,74,4,,4.0,97.4
2013/2014,Damien Delaney,Défenseur,Crystal Palace,32,68,71,3,,3.0,97.4
2013/2014,Mile Jedinak,Milieu,Crystal Palace,29,72,74,2,,2.0,100.0
2013/2014,Dwight Gayle,Attaquant,Crystal Palace,23,64,70,6,,5.0,21.1
2013/2014,Stephen Dobbie,Milieu,Crystal Palace,31,71,70,-1,,-1.0,2.6
2013/2014,Michael Dawson,Défenseur,Tottenham Hotspur,30,79,79,0,-1,0.0,81.6
2013/2014,Simon Mignolet,Gardien,Liverpool,25,78,82,4,4,4.0,100.0
2013/2014,Kolo Toure,Défenseur,Liverpool,32,80,79,-1,-2,-1.0,39.5
2013/2014,Ryan Shawcross,Défenseur,Stoke City,26,78,76,-2,1,-2.0,97.4
2013/2014,Matthew Etherington,Milieu,Stoke City,32,77,75,-2,-3,-2.0,13.2
2013/2014,Sergio Aguero,Milieu,Manchester City,25,87,88,1,0,1.0,52.6
2013/2014,David Silva,Milieu,Manchester City,27,88,87,-1,0,-1.0,68.4
2013/2014,Edin Dzeko,Attaquant,Manchester City,27,83,83,0,0,0.0,60.5
2013/2014,Tim Krul,Gardien,Newcastle United,25,79,79,0,1,0.0,94.7
2013/2014,Hatem Ben Arfa,Milieu,Newcastle United,26,81,79,-2,2,-2.0,34.2
2013/2014,John Ruddy,Gardien,Norwich City,27,78,79,1,4,1.0,100.0
2013/2014,Steven Whittaker,Défenseur,Norwich City,29,71,71,0,0,0.0,42.1
2013/2014,Javier Garrido,Défenseur,Norwich City,28,74,73,-1,0,-1.0,15.8
2013/2014,Bradley Johnson,Milieu,Norwich City,26,72,73,1,1,1.0,73.7
2013/2014,Jonathan Howson,Milieu,Norwich City,25,72,73,1,1,1.0,60.5
2013/2014,Elliott Bennett,Milieu,Norwich City,25,71,71,0,2,0.0,2.6
2013/2014,Kieren Westwood,Gardien,Sunderland,29,74,74,0,,0.0,26.3
2013/2014,Jack Colback,Milieu,Sunderland,24,71,70,-1,-1,-1.0,73.7
2013/2014,Jozy Altidore,Attaquant,Sunderland,24,76,74,-2,4,-2.0,50.0
2013/2014,Leon Britton,Milieu,Swansea City,31,75,75,0,2,0.0,60.5
2013/2014,Danny Welbeck,Attaquant,Manchester United,23,79,78,-1,0,-1.0,39.5
2013/2014,Billy Jones,Défenseur,West Bromwich Albion,26,68,70,2,0,2.0,55.3
2013/2014,Gareth McAuley,Défenseur,West Bromwich Albion,34,73,73,0,2,0.0,84.2
2013/2014,Luke Shaw,Défenseur,Southampton,18,70,74,4,,4.0,92.1
2013/2014,Rickie Lambert,Attaquant,Southampton,31,75,76,1,4,1.0,81.6
2013/2014,Mark Noble,Milieu,West Ham United,26,75,75,0,-1,0.0,100.0
2013/2014,Mohamed Diame,Milieu,West Ham United,26,73,73,0,4,0.0,76.3
2013/2014,Aron Gunnarsson,Milieu,Cardiff City,24,69,68,-1,,-1.0,44.7
2013/2014,Phil Bardsley,Défenseur,Sunderland,28,73,72,-1,0,-1.0,68.4
2013/2014,Sebastien Bassong,Défenseur,Norwich City,27,75,75,0,0,0.0,71.1
2013/2014,Boaz Myhill,Gardien,West Bromwich Albion,31,72,72,0,-1,0.0,36.8
2013/2014,Morgan Amalfitano,Milieu,West Bromwich Albion,28,74,75,1,-3,1.0,68.4
2013/2014,Shinji Kagawa,Milieu,Manchester United,24,83,81,-2,1,-2.0,36.8
2013/2014,Darren Bent,Attaquant,Fulham,29,81,74,-7,-1,-7.0,28.9
2013/2014,Maya Yoshida,Défenseur,Southampton,25,72,71,-1,,-1.0,18.4
2013/2014,Saido Berahino,Attaquant,West Bromwich Albion,20,59,67,8,,7.0,28.9
2013/2014,John Arne Riise,Défenseur,Fulham,33,75,74,-1,-1,-1.0,44.7
2013/2014,Andre Schuerrle,Milieu,Chelsea,23,80,80,0,1,0.0,39.5
2013/2014,Kyle Naughton,Défenseur,Tottenham Hotspur,25,73,72,-1,1,-1.0,50.0
2013/2014,Diego Lugano,Défenseur,West Bromwich Albion,33,76,74,-2,-5,-2.0,18.4
2013/2014,Adrian,Gardien,West Ham United,26,76,76,0,,0.0,52.6
2013/2014,Emmanuel Adebayor,Attaquant,Tottenham Hotspur,29,80,80,0,-2,0.0,52.6
2013/2014,Scott Sinclair,Milieu,West Bromwich Albion,24,75,72,-3,2,-3.0,10.5
2013/2014,Ashley Young,Milieu,Manchester United,28,82,79,-3,-1,-3.0,34.2
2013/2014,Andy Wilkinson,Défenseur,Stoke City,29,74,73,-1,0,-1.0,5.3
2013/2014,John Stones,Défenseur,Everton,19,68,69,1,,1.0,39.5
2013/2014,Serge Gnabry,Milieu,Arsenal,18,63,70,7,,6.0,13.2
2013/2014,Jack Butland,Gardien,Stoke City,20,71,72,1,,1.0,5.3
2014/2015,Aaron Ramsey,Milieu,Arsenal,24,82,82,0,5,0.0,60.5
2014/2015,Jason Puncheon,Milieu,Crystal Palace,28,72,74,2,-1,2.0,81.6
2014/2015,Ben Mee,Défenseur,Burnley,25,67,70,3,,3.0,84.2
2014/2015,Dean Marney,Milieu,Burnley,30,68,69,1,,1.0,52.6
2014/2015,Eden Hazard,Milieu,Chelsea,23,88,88,0,3,0.0,100.0
2014/2015,Ritchie De Laet,Défenseur,Leicester City,26,68,70,2,,2.0,52.6
2014/2015,Riyad Mahrez,Milieu,Leicester City,23,67,70,3,,3.0,65.8
2014/2015,Sylvain Distin,Défenseur,Everton,37,77,76,-1,0,-1.0,31.6
2014/2015,Aiden McGeady,Milieu,Everton,28,78,78,0,-1,0.0,26.3
2014/2015,Steven Naismith,Milieu,Everton,28,75,76,1,3,1.0,57.9
2014/2015,Nathaniel Clyne,Défenseur,Southampton,23,74,76,2,-1,2.0,92.1
2014/2015,Jose Fonte,Défenseur,Southampton,31,75,78,3,3,3.0,97.4
2014/2015,Dusan Tadic,Milieu,Southampton,26,80,80,0,1,0.0,63.2
2014/2015,Victor Wanyama,Milieu,Southampton,23,76,76,0,0,0.0,68.4
2014/2015,Wayne Rooney,Attaquant,Manchester United,29,87,86,-1,0,-1.0,86.8
2014/2015,Jordi Amat,Défenseur,Swansea City,22,74,74,0,0,0.0,18.4
2014/2015,Gylfi Sigurdsson,Milieu,Swansea City,25,74,78,4,-2,4.0,84.2
2014/2015,Fabricio Coloccini,Défenseur,Newcastle United,32,80,78,-2,-1,-2.0,84.2
2014/2015,Paul Dummett,Défenseur,Newcastle United,23,64,68,4,2,3.0,63.2
2014/2015,Joe Hart,Gardien,Manchester City,27,82,83,1,-2,1.0,94.7
2014/2015,Fernando,Milieu,Manchester City,27,79,78,-1,-1,-1.0,57.9
2014/2015,Robert Snodgrass,Attaquant,Hull City,27,75,74,-1,0,-1.0,2.6
2014/2015,Bojan Krkic,Milieu,Stoke City,24,78,80,2,0,2.0,36.8
2014/2015,Mame Biram Diouf,Attaquant,Stoke City,27,79,77,-2,0,-2.0,73.7
2014/2015,Brad Guzan,Gardien,Aston Villa,30,78,78,0,1,0.0,89.5
2014/2015,Ben Foster,Gardien,West Bromwich Albion,31,78,78,0,0,0.0,73.7
2014/2015,Sebastien Pocognoli,Défenseur,West Bromwich Albion,27,72,72,0,-1,0.0,39.5
2014/2015,John O'Shea,Défenseur,Sunderland,33,75,74,-1,0,-1.0,97.4
2014/2015,Adam Johnson,Milieu,Sunderland,27,77,77,0,-2,0.0,60.5
2014/2015,Ricardo Vaz Te,Milieu,West Ham United,28,70,70,0,0,0.0,7.9
2014/2015,Carlton Cole,Attaquant,West Ham United,31,72,72,0,-1,0.0,21.1
2014/2015,Etienne Capoue,Milieu,Tottenham Hotspur,26,78,78,0,-1,0.0,28.9
2014/2015,Per Mertesacker,Défenseur,Arsenal,30,82,82,0,2,0.0,92.1
2014/2015,Wilfried Zaha,Milieu,Crystal Palace,22,72,74,2,-2,2.0,60.5
2014/2015,Costel Pantilimon,Gardien,Sunderland,27,75,75,0,1,0.0,73.7
2014/2015,Paul McShane,Défenseur,Hull City,28,67,66,-1,0,-1.0,50.0
2014/2015,Alex Song,Milieu,West Ham United,27,83,80,-3,0,-3.0,65.8
2014/2015,Ashley Barnes,Attaquant,Burnley,25,69,70,1,,1.0,73.7
2014/2015,Ramires,Milieu,Chelsea,27,81,81,0,0,0.0,28.9
2014/2015,Jeffrey Schlupp,Milieu,Leicester City,22,57,66,9,,8.0,78.9
2014/2015,Ayoze Perez,Attaquant,Newcastle United,21,67,73,6,,6.0,65.8
2014/2015,Adam Lallana,Attaquant,Liverpool,26,79,80,1,2,1.0,60.5
2014/2015,Gaston Ramirez,Milieu,Hull City,24,78,77,-1,-2,-1.0,28.9
2014/2015,Ben Hamer,Gardien,Leicester City,27,65,65,0,,0.0,21.1
2014/2015,Adam Armstrong,Attaquant,Newcastle United,17,62,59,-3,,-4.0,2.6
2014/2015,Matt Targett,Défenseur,Southampton,19,57,61,4,,3.0,7.9
2014/2015,Glenn Murray,Attaquant,Crystal Palace,31,71,71,0,0,0.0,23.7
2014/2015,Steven Reid,Milieu,Burnley,33,70,68,-2,0,-2.0,2.6
2015/2016,Nacho Monreal,Défenseur,Arsenal,29,77,80,3,1,2.0,94.7
2015/2016,Cheikhou Kouyate,Milieu,West Ham United,26,72,76,4,-2,2.0,89.5
2015/2016,Dimitri Payet,Milieu,West Ham United,28,81,83,2,3,1.0,76.3
2015/2016,Gabriel Agbonlahor,Attaquant,Aston Villa,29,73,74,1,0,-1.0,34.2
2015/2016,Sung-Yueng Ki,Milieu,Swansea City,26,74,77,3,0,1.0,55.3
2015/2016,Bafetimbi Gomis,Attaquant,Swansea City,30,77,77,0,-1,-1.0,47.4
2015/2016,Tim Howard,Gardien,Everton,36,79,79,0,-2,-1.0,65.8
2015/2016,James McCarthy,Milieu,Everton,25,80,80,0,3,-1.0,76.3
2015/2016,Sebastian Proedl,Défenseur,Watford,28,75,76,1,1,0.0,50.0
2015/2016,Jack Rodwell,Milieu,Sunderland,24,76,75,-1,0,-2.0,23.7
2015/2016,Juan Mata,Milieu,Manchester United,27,85,83,-2,-2,-3.0,89.5
2015/2016,Nacer Chadli,Milieu,Tottenham Hotspur,26,77,78,1,0,0.0,26.3
2015/2016,Chancel Mbemba,Défenseur,Newcastle United,21,74,77,3,2,1.0,86.8
2015/2016,Georginio Wijnaldum,Milieu,Newcastle United,25,78,80,2,0,1.0,94.7
2015/2016,Martin Skrtel,Défenseur,Liverpool,31,80,81,1,-1,0.0,55.3
2015/2016,Craig Dawson,Défenseur,West Bromwich Albion,25,68,66,-2,0,-4.0,100.0
2015/2016,Craig Gardner,Milieu,West Bromwich Albion,29,74,75,1,0,-1.0,52.6
2015/2016,Eliaquim Mangala,Défenseur,Manchester City,24,79,79,0,-1,-1.0,60.5
2015/2016,Gabriel Paulista,Défenseur,Arsenal,25,77,78,1,,0.0,47.4
2015/2016,Alexis Sanchez,Milieu,Arsenal,27,85,86,1,3,0.0,73.7
2015/2016,Ander Herrera,Milieu,Manchester United,26,79,81,2,0,1.0,44.7
2015/2016,Asmir Begovic,Gardien,Chelsea,28,82,82,0,0,-1.0,39.5
2015/2016,James Ward-Prowse,Milieu,Southampton,21,74,75,1,1,-1.0,36.8
2015/2016,Jonas Olsson,Défenseur,West Bromwich Albion,32,76,77,1,0,0.0,65.8
2015/2016,Fabian Delph,Milieu,Manchester City,26,76,77,1,2,0.0,21.1
2015/2016,Oriol Romeu,Milieu,Southampton,24,72,73,1,0,-1.0,44.7
2015/2016,Mathieu Flamini,Milieu,Arsenal,31,75,76,1,-4,0.0,31.6
2015/2016,Ryan Mason,Milieu,Tottenham Hotspur,24,73,75,2,10,0.0,21.1
2015/2016,Guillermo Varela,Défenseur,Manchester United,22,60,68,8,,5.0,7.9
2015/2016,Leighton Baines,Défenseur,Everton,31,81,82,1,-1,0.0,42.1
2015/2016,Thomas Carroll,Milieu,Tottenham Hotspur,23,69,71,2,-1,0.0,10.5
2015/2016,Vito Mannone,Gardien,Sunderland,27,73,74,1,1,-1.0,50.0
2015/2016,Matt Grimes,Défenseur,Swansea City,20,58,62,4,,1.0,2.6
2015/2016,Marvin Emnes,Milieu,Swansea City,27,69,68,-1,-1,-3.0,2.6
2015/2016,Kieran Trippier,Défenseur,Tottenham Hotspur,25,73,76,3,1,1.0,13.2
2015/2016,Fraser Forster,Gardien,Southampton,27,75,76,1,0,0.0,47.4
2015/2016,Jordan Pickford,Gardien,Sunderland,21,63,71,8,,5.0,5.3
2015/2016,Jamaal Lascelles,Défenseur,Newcastle United,22,67,69,2,,0.0,26.3
2015/2016,Kevin Wimmer,Défenseur,Tottenham Hotspur,23,75,78,3,6,2.0,23.7
2015/2016,Sandro,Milieu,West Bromwich Albion,26,76,73,-3,-5,-4.0,13.2
2015/2016,Emmanuel Riviere,Attaquant,Newcastle United,25,72,71,-1,-1,-3.0,2.6
2015/2016,Giorgos Galitsios,Défenseur,Sporting Lokeren,29,71,70,-1,0,-3.0,13.3
2015/2016,Niels De Schutter,Milieu,KV Oostende,27,64,65,1,2,-2.0,3.3
2012/2013,Tal Ben Haim,Défenseur,Queens Park Rangers,30,70,70,0,,0.0,5.3
2012/2013,Steve Harper,Gardien,Newcastle United,37,72,69,-3,,-3.0,13.2
2013/2014,Luuk de Jong,Attaquant,Newcastle United,23,79,75,-4,1,-4.0,21.1
2013/2014,Johnny Heitinga,Défenseur,Fulham,30,78,76,-2,2,-2.0,36.8
2013/2014,Jordan Bowery,Attaquant,Aston Villa,22,59,61,2,5,1.0,5.3
2013/2014,Lukasz Fabianski,Gardien,Arsenal,28,76,75,-1,0,-1.0,2.6
2014/2015,Jason Davidson,Défenseur,West Bromwich Albion,23,67,67,0,3,0.0,2.6
2014/2015,Kelvin Davis,Gardien,Southampton,38,70,70,0,-2,0.0,15.8
2014/2015,Wayne Hennessey,Gardien,Crystal Palace,27,72,72,0,0,0.0,5.3
2014/2015,Fredrik Ulvestad,Milieu,Burnley,22,67,67,0,,0.0,2.6
2015/2016,Callum McManaman,Milieu,West Bromwich Albion,24,72,73,1,0,-1.0,5.3
2015/2016,Brad Smith,Défenseur,Liverpool,21,58,60,2,,-1.0,7.9
2015/2016,Darron Gibson,Milieu,Everton,28,76,76,0,-1,-1.0,5.3
2012/2013,Giacomo Bonaventura,Milieu,Atalanta,23,73,79,6,,6.0,81.6
2012/2013,Abdoulay Konko,Défenseur,Lazio,28,78,79,1,,1.0,65.8
2012/2013,Alvaro Gonzalez,Milieu,Lazio,28,76,78,2,,2.0,76.3
2012/2013,Gennaro Sardo,Défenseur,Chievo Verona,33,72,72,0,,0.0,47.4
2012/2013,Sergio Pellissier,Attaquant,Chievo Verona,33,79,77,-2,,-2.0,34.2
2012/2013,Saphir Taider,Milieu,Bologna,20,67,72,5,,5.0,84.2
2012/2013,Zeljko Brkic,Gardien,Udinese,26,71,78,7,,7.0,81.6
2012/2013,Danilo,Défenseur,Udinese,28,78,81,3,,3.0,84.2
2012/2013,Cristian Battocchio,Milieu,Udinese,20,59,67,8,,6.0,2.6
2012/2013,Daniele Dessena,Milieu,Cagliari,25,71,74,3,,3.0,73.7
2012/2013,Joaquin Larrivey,Attaquant,Cagliari,28,72,72,0,,0.0,5.3
2012/2013,Mauricio Pinilla,Attaquant,Cagliari,28,78,77,-1,,-1.0,34.2
2012/2013,Arturo Vidal,Milieu,Juventus,25,83,85,2,,2.0,76.3
2012/2013,Andrea Pirlo,Milieu,Juventus,33,85,87,2,,2.0,84.2
2012/2013,Sebastian Giovinco,Attaquant,Juventus,25,81,80,-1,,-1.0,60.5
2012/2013,Daniele Bonera,Défenseur,Milan,31,77,78,1,,1.0,34.2
2012/2013,Ezequiel Munoz,Défenseur,Palermo,22,75,73,-2,,-2.0,76.3
2012/2013,Steve von Bergen,Défenseur,Palermo,29,74,72,-2,,-2.0,86.8
2012/2013,Damiano Zanon,Défenseur,Pescara,29,63,67,4,,2.0,55.3
2012/2013,Walter Gargano,Milieu,Inter,28,79,77,-2,,-2.0,63.2
2012/2013,Wesley Sneijder,Attaquant,Inter,28,87,86,-1,,-1.0,13.2
2012/2013,Diego Milito,Attaquant,Inter,33,82,83,1,,1.0,50.0
2012/2013,Ivan Piris,Défenseur,Roma,23,70,71,1,,1.0,76.3
2012/2013,Mariano Andujar,Gardien,Catania,29,76,76,0,,0.0,89.5
2012/2013,Pablo Sebastian Alvarez,Défenseur,Catania,28,72,72,0,,0.0,68.4
2012/2013,Sergio Bernardo Almiron,Milieu,Catania,32,75,77,2,,2.0,68.4
2012/2013,Pablo Barrientos,Attaquant,Catania,27,73,79,6,,6.0,78.9
2012/2013,Carlos Carmona,Milieu,Atalanta,25,74,75,1,,1.0,50.0
2012/2013,Riccardo Cazzola,Milieu,Atalanta,27,68,71,3,,3.0,23.7
2012/2013,Alessandro Gamberini,Défenseur,Napoli,31,78,78,0,,0.0,63.2
2012/2013,Andrea Bertolacci,Attaquant,Genoa,21,70,73,3,,3.0,63.2
2012/2013,Archimede Morleo,Défenseur,Bologna,29,70,72,2,,2.0,73.7
2012/2013,Marquinhos,Défenseur,Roma,18,64,76,12,,10.0,57.9
2012/2013,Dodo,Défenseur,Roma,20,66,68,2,,2.0,18.4
2012/2013,Ciro Capuano,Défenseur,Catania,31,72,69,-3,,-3.0,23.7
2012/2013,Massimo Ambrosini,Milieu,Milan,35,79,77,-2,,-2.0,42.1
2012/2013,Yohan Benalouane,Défenseur,Parma,25,69,72,3,,3.0,47.4
2012/2013,Lorenzo De Silvestri,Milieu,Sampdoria,24,74,74,0,,0.0,50.0
2012/2013,Paolo Hernan Dellafiore,Défenseur,Siena,27,67,68,1,,1.0,5.3
2012/2013,Reginaldo,Attaquant,Siena,29,71,71,0,,0.0,13.2
2012/2013,Mattia Destro,Attaquant,Roma,21,72,76,4,,4.0,31.6
2012/2013,Giampiero Pinzi,Milieu,Udinese,31,77,76,-1,,-1.0,44.7
2012/2013,Angelo Palombo,Défenseur,Sampdoria,31,74,73,-1,,-1.0,39.5
2012/2013,Milton Joel Caraglio,Attaquant,Pescara,24,72,70,-2,,-2.0,7.9
2012/2013,Innocent Emeghara,Attaquant,Siena,23,66,70,4,,4.0,42.1
2012/2013,Gabriel Silva,Milieu,Udinese,21,70,73,3,,3.0,34.2
2012/2013,Luciano Zauri,Défenseur,Pescara,34,71,68,-3,,-3.0,15.8
2012/2013,Ivan Pelizzoli,Gardien,Pescara,32,69,71,2,,2.0,26.3
2012/2013,Bakaye Traore,Milieu,Milan,27,68,73,5,,5.0,2.6
2013/2014,Marko Livaja,Attaquant,Atalanta,20,72,70,-2,,-2.0,21.1
2013/2014,Alberto Aquilani,Milieu,Fiorentina,29,81,79,-2,1,-2.0,81.6
2013/2014,Giuseppe Bellusci,Défenseur,Catania,24,76,72,-4,3,-4.0,50.0
2013/2014,Luca Toni,Attaquant,Hellas Verona,36,74,74,0,-1,0.0,89.5
2013/2014,Andrea Poli,Milieu,Milan,24,76,77,1,1,1.0,47.4
2013/2014,Isaac Cofie,Milieu,Genoa,22,71,71,0,5,0.0,18.4
2013/2014,Luis Pedro Cavanda,Défenseur,Lazio,22,74,75,1,4,1.0,39.5
2013/2014,Lucas Biglia,Milieu,Lazio,27,76,77,1,0,1.0,60.5
2013/2014,Pasquale Schiattarella,Milieu,Livorno,26,67,68,1,,1.0,44.7
2013/2014,Alfred Duncan,Milieu,Livorno,20,70,66,-4,,-4.0,50.0
2013/2014,Leandro Castan,Défenseur,Roma,27,77,82,5,4,5.0,94.7
2013/2014,Miguel Britos,Défenseur,Napoli,28,77,77,0,1,0.0,39.5
2013/2014,Gokhan Inler,Milieu,Napoli,29,82,79,-3,2,-3.0,78.9
2013/2014,Jose Maria Callejon,Milieu,Napoli,26,76,81,5,-4,5.0,84.2
2013/2014,Gonzalo Higuain,Attaquant,Napoli,26,84,84,0,-1,0.0,73.7
2013/2014,Mattia Cassani,Défenseur,Parma,30,73,75,2,,2.0,92.1
2013/2014,Massimo Gobbi,Défenseur,Parma,33,74,72,-2,1,-2.0,68.4
2013/2014,Paul Papp,Défenseur,Chievo Verona,24,72,69,-3,,-3.0,10.5
2013/2014,Daniele Gastaldello,Défenseur,Sampdoria,30,74,74,0,1,0.0,81.6
2013/2014,Carlos Tevez,Attaquant,Juventus,29,86,86,0,0,0.0,78.9
2013/2014,Rolando,Défenseur,Inter,28,78,78,0,-2,0.0,73.7
2013/2014,Walter Samuel,Défenseur,Inter,35,83,80,-3,-1,-3.0,34.2
2013/2014,Facundo Sebastian Roncaglia,Défenseur,Fiorentina,26,78,74,-4,6,-4.0,28.9
2013/2014,Francelino Matuzalem,Milieu,Genoa,33,74,73,-1,0,-1.0,52.6
2013/2014,Emil Hallfredsson,Milieu,Hellas Verona,29,70,72,2,,2.0,78.9
2013/2014,Mauricio Isla,Milieu,Juventus,25,79,77,-2,-1,-2.0,26.3
2013/2014,Nicola Legrottaglie,Défenseur,Catania,37,78,70,-8,3,-8.0,39.5
2013/2014,Cristiano Biraghi,Défenseur,Catania,21,63,67,4,,3.0,44.7
2013/2014,Bruno Petkovic,Attaquant,Catania,19,55,63,8,,7.0,5.3
2013/2014,Christian Daniel Ledesma,Milieu,Lazio,31,82,78,-4,2,-4.0,65.8
2013/2014,Luca Antei,Défenseur,Sassuolo,21,61,70,9,,8.0,57.9
2013/2014,Paolo Bianco,Défenseur,Sassuolo,36,64,68,4,,3.0,39.5
2013/2014,Karim Laribi,Milieu,Sassuolo,22,65,68,3,,3.0,10.5
2013/2014,Domenico Berardi,Attaquant,Sassuolo,19,70,75,5,,5.0,68.4
2013/2014,Sebastian Eriksson,Milieu,Cagliari,24,70,70,0,2,0.0,31.6
2013/2014,Diego Perez,Milieu,Bologna,33,74,72,-2,-1,-2.0,47.4
2013/2014,Lino Marzoratti,Défenseur,Sassuolo,27,63,66,3,,2.0,15.8
2013/2014,Afriyie Acquah,Milieu,Parma,21,73,72,-1,0,-1.0,50.0
2013/2014,Federico Peluso,Milieu,Juventus,29,77,71,-6,,-6.0,10.5
2013/2014,Daniele Baselli,Milieu,Atalanta,21,64,70,6,,5.0,36.8
2013/2014,"Alberto Frison,18",Gardien,Catania,25,72,71,-1,-1,-1.0,36.8
2013/2014,Moussa Konate,Attaquant,Genoa,20,67,65,-2,,-2.0,34.2
2013/2014,Gianluca Sansone,Attaquant,Sampdoria,26,73,73,0,,0.0,23.7
2013/2014,Giuseppe Biava,Défenseur,Lazio,36,77,74,-3,2,-3.0,50.0
2013/2014,Daniele Cacia,Attaquant,Hellas Verona,30,69,71,2,,2.0,7.9
2013/2014,Adryan,Milieu,Cagliari,19,70,70,0,,0.0,5.3
2013/2014,Alessio Romagnoli,Défenseur,Roma,18,67,70,3,,3.0,21.1
2013/2014,Ibson,Milieu,Bologna,30,74,70,-4,,-4.0,5.3
2014/2015,Rafael,Gardien,Hellas Verona,32,75,73,-2,6,-2.0,52.6
2014/2015,Mounir Obbadi,Milieu,Hellas Verona,31,74,73,-1,2,-1.0,36.8
2014/2015,Bosko Jankovic,Attaquant,Hellas Verona,30,74,73,-1,-1,-1.0,44.7
2014/2015,Francesco Renzetti,Défenseur,Cesena,26,67,69,2,,2.0,55.3
2014/2015,Giuseppe De Feudis,Milieu,Cesena,31,67,65,-2,,-2.0,60.5
2014/2015,Nicholas Sebastian Frey,Défenseur,Chievo Verona,30,71,70,-1,-1,-1.0,81.6
2014/2015,Bostjan Cesar,Défenseur,Chievo Verona,32,73,72,-1,-1,-1.0,71.1
2014/2015,Mattia Perin,Gardien,Genoa,22,77,78,1,2,1.0,84.2
2014/2015,Christian Maggio,Défenseur,Napoli,32,77,74,-3,-4,-3.0,75.7
2014/2015,Juan Camilo Zuniga,Défenseur,Napoli,29,74,74,0,-5,0.0,16.2
2014/2015,Vasilios Torosidis,Défenseur,Roma,29,75,74,-1,-1,-1.0,44.7
2014/2015,Daniele De Rossi,Milieu,Roma,31,85,83,-2,0,-2.0,65.8
2014/2015,Juan Vargas,Milieu,Fiorentina,31,76,75,-1,-2,-1.0,21.1
2014/2015,Mario Gomez,Attaquant,Fiorentina,29,84,80,-4,-2,-4.0,42.1
2014/2015,Simone Zaza,Attaquant,Sassuolo,23,74,77,3,2,3.0,76.3
2014/2015,Simone Colombi,Gardien,Cagliari,23,65,67,2,,2.0,7.9
2014/2015,Emiliano Moretti,Défenseur,Torino,33,76,75,-1,4,-1.0,92.1
2014/2015,Nikola Maksimovic,Défenseur,Torino,23,74,76,2,,2.0,71.1
2014/2015,Andrea Ranocchia,Défenseur,Inter,26,78,77,-1,-3,-1.0,84.2
2014/2015,Lorenzo Tonelli,Défenseur,Empoli,24,70,75,5,,5.0,71.1
2014/2015,Alberto Paloschi,Attaquant,Chievo Verona,24,77,75,-2,0,-2.0,78.9
2014/2015,Francesco Acerbi,Défenseur,Sassuolo,26,73,73,0,-2,0.0,84.2
2014/2015,Matias Fernandez,Milieu,Fiorentina,28,79,76,-3,3,-3.0,60.5
2014/2015,Phillippe Mexes,Défenseur,Milan,32,78,76,-2,-3,-2.0,47.4
2014/2015,Henrique,Défenseur,Napoli,28,76,75,-1,-1,-1.0,24.3
2014/2015,Juan Sanchez Mino,Milieu,Torino,24,75,73,-2,,-2.0,10.5
2014/2015,Duvan Zapata,Attaquant,Napoli,23,74,75,1,,1.0,16.2
2014/2015,Felipe Anderson,Attaquant,Lazio,21,74,78,4,2,4.0,59.5
2014/2015,Nenad Krsticic,Milieu,Sampdoria,24,73,71,-2,1,-2.0,5.3
2014/2015,Alexandre Geijo,Attaquant,Udinese,32,68,68,0,,0.0,13.2
2014/2015,Luca Valzania,Milieu,Cesena,18,49,55,6,,5.0,5.3
2014/2015,Marco Andreolli,Défenseur,Inter,28,75,75,0,-2,0.0,13.2
2014/2015,Alessandro Diamanti,Attaquant,Fiorentina,31,75,75,0,-8,0.0,23.7
2014/2015,Mate Jajalo,Milieu,Palermo,26,69,71,2,,2.0,36.8
2014/2015,Cristian Zaccardo,Défenseur,Milan,33,73,73,0,-3,0.0,7.9
2014/2015,Joaquin Correa,Milieu,Sampdoria,20,67,73,6,,6.0,5.3
2014/2015,Federico Mattiello,Défenseur,Chievo Verona,19,54,56,2,,1.0,5.3
2014/2015,Lukasz Skorupski,Gardien,Roma,23,67,71,4,0,4.0,7.9
2014/2015,Federico Balzaretti,Défenseur,Roma,33,73,71,-2,-4,-2.0,2.6
2015/2016,Mario Rui,Défenseur,Empoli,24,72,76,4,6,2.0,94.7
2015/2016,Massimo Maccarone,Attaquant,Empoli,36,73,75,2,1,0.0,92.1
2015/2016,Ivan Radovanovic,Milieu,Chievo Verona,27,71,73,2,-1,0.0,65.8
2015/2016,Marcos Alonso,Milieu,Fiorentina,25,73,75,2,7,0.0,68.4
2015/2016,Borja Valero,Milieu,Fiorentina,30,81,82,1,-1,0.0,92.1
2015/2016,Rodrigo Ely,Défenseur,Milan,22,68,70,2,,0.0,5.3
2015/2016,Bruno Peres,Milieu,Torino,25,75,80,5,5,4.0,78.9
2015/2016,Marco Benassi,Milieu,Torino,21,72,75,3,4,1.0,55.3
2015/2016,Alessandro Gazzi,Milieu,Torino,32,74,74,0,2,-2.0,28.9
2015/2016,Eros Pisano,Défenseur,Hellas Verona,28,64,72,8,,5.0,86.8
2015/2016,Alessandro Florenzi,Défenseur,Roma,24,77,79,2,0,1.0,81.6
2015/2016,Radja Nainggolan,Milieu,Roma,27,81,83,2,1,1.0,86.8
2015/2016,Gary Medel,Milieu,Inter,28,80,81,1,4,0.0,73.7
2015/2016,Stephan Lichtsteiner,Milieu,Juventus,31,77,82,5,-2,4.0,57.9
2015/2016,Patrice Evra,Milieu,Juventus,34,79,81,2,-1,1.0,63.2
2015/2016,Stefan de Vrij,Défenseur,Lazio,23,79,81,2,4,1.0,5.3
2015/2016,Antonio Mirante,Gardien,Bologna,32,77,78,1,-2,0.0,86.8
2015/2016,Achraf Lazaar,Défenseur,Palermo,23,72,73,1,9,-1.0,68.4
2015/2016,Robin Quaison,Attaquant,Palermo,22,70,73,3,5,1.0,36.8
2015/2016,Diego Laxalt,Milieu,Genoa,22,68,73,5,-1,3.0,92.1
2015/2016,Roberto Soriano,Milieu,Sampdoria,24,74,76,2,6,0.0,86.8
2015/2016,Andrea Consigli,Gardien,Sassuolo,28,78,80,2,-1,1.0,97.4
2015/2016,Paolo Cannavaro,Défenseur,Sassuolo,34,74,75,1,0,-1.0,78.9
2015/2016,Wesley Hoedt,Défenseur,Lazio,21,72,75,3,10,1.0,63.2
2015/2016,Emanuele Giaccherini,Attaquant,Bologna,30,77,77,0,-1,-1.0,71.1
2015/2016,Luca Rizzo,Attaquant,Bologna,23,66,71,5,1,3.0,44.7
2015/2016,Carlos Carbonero,Attaquant,Sampdoria,25,74,74,0,1,-2.0,28.9
2015/2016,Marcel Buechel,Milieu,Empoli,24,64,71,7,,4.0,47.4
2015/2016,Nicola Sansone,Attaquant,Sassuolo,24,74,77,3,0,1.0,73.7
2015/2016,Cristian Molinaro,Milieu,Torino,32,69,75,6,-3,4.0,60.5
2015/2016,Leonardo Pavoletti,Attaquant,Genoa,27,70,75,5,3,3.0,57.9
2015/2016,Raffaele Bianco,Milieu,Carpi,28,67,69,2,,0.0,55.3
2015/2016,Roberto Inglese,Attaquant,Chievo Verona,24,63,70,7,,4.0,36.8
2015/2016,Daniele Verde,Attaquant,Frosinone,19,64,69,5,,2.0,2.6
2015/2016,Danilo D'Ambrosio,Défenseur,Inter,27,73,74,1,4,-1.0,47.4
2015/2016,Yuto Nagatomo,Défenseur,Inter,29,73,74,1,-4,-1.0,50.0
2015/2016,Stevan Jovetic,Attaquant,Inter,26,81,80,-1,-2,-2.0,47.4
2015/2016,Emanuele Terranova,Défenseur,Sassuolo,28,68,70,2,-1,0.0,7.9
2015/2016,Alessandro Longhi,Défenseur,Sassuolo,26,66,69,3,-1,1.0,10.5
2015/2016,Luca Cigarini,Milieu,Atalanta,29,77,76,-1,-1,-2.0,55.3
2015/2016,Filip Djordjevic,Attaquant,Lazio,28,79,76,-3,4,-4.0,42.1
2015/2016,Jonathan Biabiany,Milieu,Inter,27,78,77,-1,-2,-2.0,18.4
2015/2016,Kwadwo Asamoah,Milieu,Juventus,27,79,79,0,-1,-1.0,15.8
2015/2016,Martin Caceres,Défenseur,Juventus,28,80,80,0,1,-1.0,13.2
2015/2016,Erick Pulgar,Milieu,Bologna,21,68,68,0,,-2.0,15.8
2015/2016,Josef Martinez,Attaquant,Torino,22,72,73,1,7,-1.0,26.3
2015/2016,Giulio Migliaccio,Milieu,Atalanta,34,71,71,0,-1,-2.0,7.9
2015/2016,Joel Chukwuma Obi,Milieu,Torino,24,68,72,4,-3,2.0,18.4
2015/2016,Pablo Armero,Milieu,Udinese,29,76,75,-1,1,-2.0,13.2
2015/2016,Juan Pablo Carrizo,Gardien,Inter,31,73,74,1,-2,-1.0,5.3
2012/2013,Jelle ten Rouwelaar,Gardien,NAC Breda,32,72,70,-2,,-2.0,100.0
2012/2013,Kees Luijckx,Défenseur,NAC Breda,26,67,68,1,,1.0,97.1
2012/2013,Jeroen Zoet,Gardien,RKC Waalwijk,21,69,75,6,,6.0,97.1
2012/2013,Jetro Willems,Défenseur,PSV,18,64,71,7,,5.0,73.5
2012/2013,Atiba Hutchinson,Défenseur,PSV,29,73,78,5,,5.0,97.1
2012/2013,Jeremain Lens,Attaquant,PSV,25,76,78,2,,2.0,85.3
2012/2013,Sanharib Bueyueksal,Attaquant,Roda JC Kerkrade,28,69,69,0,,0.0,88.2
2012/2013,Niki Maeenpaeae,Gardien,VVV-Venlo,27,65,64,-1,,-1.0,97.1
2012/2013,Mike van der Hoorn,Défenseur,FC Utrecht,20,63,73,10,,8.0,91.2
2012/2013,Adam Sarota,Milieu,FC Utrecht,24,64,68,4,,2.0,52.9
2012/2013,Sekou Cisse,Attaquant,Feyenoord,27,66,68,2,,2.0,17.6
2012/2013,Ruud Vormer,Milieu,Feyenoord,24,75,72,-3,,-3.0,20.6
2012/2013,Guyon Fernandez,Attaquant,Feyenoord,26,67,66,-1,,-1.0,11.8
2012/2013,David Texeira,Attaquant,FC Groningen,21,69,67,-2,,-2.0,38.2
2012/2013,Patrick van Aanholt,Défenseur,Vitesse,22,70,72,2,,2.0,91.2
2012/2013,Jan-Arie van der Heijden,Défenseur,Vitesse,24,68,69,1,,1.0,88.2
2012/2013,Ryan Koolwijk,Milieu,N.E.C.,27,69,68,-1,,-1.0,91.2
2012/2013,Toby Alderweireld,Défenseur,Ajax,23,76,78,2,,2.0,97.1
2012/2013,Maarten Martens,Attaquant,AZ,28,75,75,0,,0.0,17.6
2012/2013,Tommy Oar,Attaquant,FC Utrecht,21,67,71,4,,4.0,64.7
2012/2013,Lorenzo Burnet,Défenseur,FC Groningen,21,68,67,-1,,-1.0,76.5
2012/2013,Victor Palsson,Milieu,N.E.C.,21,62,69,7,,5.0,70.6
2012/2013,Leroy George,Attaquant,N.E.C.,25,68,68,0,,0.0,47.1
2012/2013,Yuki Otsu,Attaquant,VVV-Venlo,22,67,66,-1,,-1.0,23.5
2012/2013,Mats Seuntjes,Milieu,NAC Breda,20,60,64,4,,2.0,23.5
2012/2013,Timothy Derijck,Défenseur,PSV,25,74,71,-3,,-3.0,64.7
2012/2013,Nils Roeseler,Défenseur,VVV-Venlo,20,60,64,4,,2.0,76.5
2012/2013,Niels Fleuren,Défenseur,VVV-Venlo,26,62,62,0,,-2.0,47.1
2012/2013,Robert Cullen,Attaquant,VVV-Venlo,27,67,66,-1,,-1.0,41.2
2012/2013,Jerson Cabral,Attaquant,FC Twente,21,70,69,-1,,-1.0,2.9
2012/2013,Arnold Kruiswijk,Défenseur,SC Heerenveen,28,67,68,1,,1.0,50.0
2012/2013,Erik Pieters,Défenseur,PSV,24,74,72,-2,,-2.0,2.9
2012/2013,Mark Uth,Attaquant,SC Heerenveen,21,63,65,2,,0.0,2.9
2012/2013,Ola Toivonen,Milieu,PSV,26,77,77,0,,0.0,44.1
2013/2014,Daley Blind,Milieu,Ajax,23,74,77,3,7,3.0,85.3
2013/2014,Hakim Ziyech,Milieu,SC Heerenveen,20,65,73,8,,8.0,79.4
2013/2014,Alfred Finnbogason,Attaquant,SC Heerenveen,24,75,76,1,12,1.0,91.2
2013/2014,Jeffrey Gouweleeuw,Défenseur,AZ,22,69,71,2,-1,2.0,97.1
2013/2014,Marco Bizot,Gardien,FC Groningen,22,67,71,4,,4.0,100.0
2013/2014,Filip Kostic,Attaquant,FC Groningen,21,65,70,5,,5.0,97.1
2013/2014,Stijn Schaars,Milieu,PSV,29,76,75,-1,-1,-1.0,76.5
2013/2014,Zakaria Bakkali,Attaquant,PSV,17,63,73,10,,9.0,20.6
2013/2014,Memphis Depay,Attaquant,PSV,19,70,76,6,6,6.0,94.1
2013/2014,Dico Koppers,Défenseur,FC Twente,21,65,66,1,1,1.0,58.8
2013/2014,Joshua John,Attaquant,FC Twente,25,71,71,0,,0.0,2.9
2013/2014,Paco van Moorsel,Milieu,SC Cambuur,24,65,65,0,,0.0,41.2
2013/2014,Kees Kwakman,Défenseur,NAC Breda,30,68,67,-1,-2,-1.0,76.5
2013/2014,Tim Gilissen,Milieu,NAC Breda,31,65,65,0,-2,0.0,35.3
2013/2014,Mustafa Saymak,Attaquant,PEC Zwolle,20,63,67,4,,3.0,85.3
2013/2014,Jesper Drost,Milieu,PEC Zwolle,20,64,68,4,,3.0,67.6
2013/2014,Graziano Pelle,Attaquant,Feyenoord,28,78,77,-1,5,-1.0,82.4
2013/2014,Remko Pasveer,Gardien,Heracles Almelo,30,71,71,0,3,0.0,97.1
2013/2014,Bart Schenkeveld,Défenseur,Heracles Almelo,22,66,66,0,0,0.0,85.3
2013/2014,Ben Rienstra,Milieu,Heracles Almelo,23,68,68,0,2,0.0,94.1
2013/2014,Mikhail Rosheuvel,Attaquant,Heracles Almelo,23,65,66,1,,1.0,91.2
2013/2014,Thomas Bruns,Milieu,Heracles Almelo,21,68,67,-1,7,-1.0,47.1
2013/2014,Marc van de Maarel,Défenseur,FC Utrecht,24,67,67,0,2,0.0,85.3
2013/2014,Krisztian Adorjan,Milieu,FC Groningen,20,58,63,5,,4.0,38.2
2013/2014,Stefano Denswil,Défenseur,Ajax,20,67,72,5,3,5.0,44.1
2013/2014,Peter Jungschlaeger,Milieu,RKC Waalwijk,29,63,63,0,0,-1.0,38.2
2013/2014,Marcel Ritzmaier,Milieu,SC Cambuur,20,65,69,4,2,4.0,85.3
2013/2014,Jeroen Veldmate,Défenseur,Heracles Almelo,25,64,65,1,,0.0,50.0
2013/2014,Michel Breuer,Défenseur,N.E.C.,33,67,64,-3,3,-3.0,20.6
2013/2014,Stefan Nijland,Attaquant,PEC Zwolle,25,66,65,-1,,-1.0,26.5
2013/2014,Dan Mori,Défenseur,Vitesse,25,65,65,0,,0.0,11.8
2013/2014,Giovanni Gravenbeek,Défenseur,PEC Zwolle,25,64,63,-1,,-2.0,35.3
2013/2014,Joris Mathijsen,Défenseur,Feyenoord,33,75,74,-1,-3,-1.0,55.9
2013/2014,Mitchell te Vrede,Attaquant,Feyenoord,22,64,65,1,,0.0,14.7
2013/2014,Danny Hoesen,Attaquant,Ajax,22,71,71,0,,0.0,11.8
2013/2014,Arnaud Sutchuin Djoum,Milieu,Roda JC Kerkrade,24,65,63,-2,0,-2.0,55.9
2013/2014,Elroy Pappot,Attaquant,FC Utrecht,20,60,62,2,,1.0,11.8
2013/2014,Florian Jozefzoon,Attaquant,PSV,22,69,70,1,4,1.0,8.8
2013/2014,Ruben Ligeon,Défenseur,Ajax,21,64,68,4,0,3.0,11.8
2013/2014,Mathias Joergensen,Défenseur,PSV,23,71,70,-1,-2,-1.0,8.8
2013/2014,Sven van Beek,Défenseur,Feyenoord,19,61,65,4,,3.0,11.8
2013/2014,Jesus Corona,Attaquant,FC Twente,20,70,71,1,,1.0,8.8
2013/2014,Donny Gorter,Défenseur,AZ,25,67,67,0,0,0.0,8.8
2013/2014,Steven Berghuis,Attaquant,AZ,22,68,70,2,1,2.0,44.1
2013/2014,Jonathan Reis,Attaquant,Vitesse,24,72,71,-1,-3,-1.0,2.9
2013/2014,Matthieu Delpierre,Défenseur,FC Utrecht,32,73,73,0,-3,0.0,41.2
2014/2015,Bram van Polen,Défenseur,PEC Zwolle,29,66,68,2,1,2.0,94.1
2014/2015,Trent Sainsbury,Défenseur,PEC Zwolle,22,66,72,6,0,6.0,41.2
2014/2015,Ramon Leeuwin,Défenseur,FC Utrecht,27,69,70,1,6,1.0,79.4
2014/2015,Christiaan Kum,Défenseur,FC Utrecht,29,68,66,-2,0,-2.0,76.5
2014/2015,Anouar Kali,Milieu,FC Utrecht,23,70,70,0,-1,0.0,38.2
2014/2015,Joey van den Berg,Milieu,SC Heerenveen,28,68,70,2,1,2.0,85.3
2014/2015,William Troost-Ekong,Défenseur,FC Dordrecht,21,63,63,0,,-1.0,50.0
2014/2015,Leonard Nienhuis,Gardien,SC Cambuur,24,66,66,0,,0.0,100.0
2014/2015,Etienne Reijnen,Défenseur,SC Cambuur,27,66,67,1,1,1.0,97.1
2014/2015,Darryl Lachman,Défenseur,FC Twente,25,71,70,-1,4,-1.0,38.2
2014/2015,Markus Henriksen,Milieu,AZ,22,72,70,-2,-1,-2.0,64.7
2014/2015,Guus Hupperts,Attaquant,AZ,22,70,70,0,3,0.0,38.2
2014/2015,Mike van Duinen,Attaquant,ADO Den Haag,23,69,69,0,1,0.0,91.2
2014/2015,Erwin Mulder,Gardien,Feyenoord,25,72,71,-1,0,-1.0,11.8
2014/2015,Luke Wilkshire,Défenseur,Feyenoord,33,72,69,-3,,-3.0,47.1
2014/2015,Lex Immers,Milieu,Feyenoord,28,71,71,0,0,0.0,88.2
2014/2015,Jordy Clasie,Milieu,Feyenoord,23,76,77,1,-1,1.0,91.2
2014/2015,Elvis Manu,Attaquant,Feyenoord,21,67,72,5,,5.0,44.1
2014/2015,Jop van der Linden,Défenseur,Go Ahead Eagles,24,65,66,1,,1.0,94.1
2014/2015,Alex Schalk,Attaquant,Go Ahead Eagles,22,63,63,0,-2,-1.0,35.3
2014/2015,Davy Klaassen,Milieu,Ajax,21,74,77,3,8,3.0,88.2
2014/2015,Wallace,Défenseur,Vitesse,20,65,67,2,,2.0,38.2
2014/2015,Zakaria Labyad,Attaquant,Vitesse,21,74,74,0,-2,0.0,70.6
2014/2015,Joel Veltman,Défenseur,Ajax,22,73,75,2,6,2.0,73.5
2014/2015,Giliano Wijnaldum,Défenseur,Go Ahead Eagles,22,65,64,-1,0,-1.0,50.0
2014/2015,Furdjel Narsingh,Attaquant,SC Cambuur,26,64,66,2,0,1.0,55.9
2014/2015,Michael de Leeuw,Attaquant,FC Groningen,28,70,70,0,0,0.0,67.6
2014/2015,Ryo Miyaichi,Attaquant,FC Twente,22,67,69,2,,2.0,17.6
2014/2015,Mickey van der Hart,Gardien,Go Ahead Eagles,20,66,65,-1,,-1.0,64.7
2014/2015,Daniel de Ridder,Attaquant,SC Cambuur,30,67,66,-1,0,-1.0,44.1
2014/2015,Andreas Bjelland,Défenseur,FC Twente,26,75,75,0,1,0.0,76.5
2014/2015,Renato Ibarra,Attaquant,Vitesse,23,74,73,-1,2,-1.0,32.4
2014/2015,Damiano Schet,Attaquant,SC Cambuur,24,62,63,1,,0.0,5.9
2014/2015,Frank van der Struijk,Défenseur,Willem II,29,66,65,-1,0,-1.0,73.5
2014/2015,Jordy van Deelen,Défenseur,FC Dordrecht,21,62,62,0,,-1.0,29.4
2014/2015,Renato Tapia,Milieu,FC Twente,19,61,69,8,,7.0,35.3
2014/2015,Cedric Badjeck,Attaquant,FC Utrecht,19,60,60,0,0,-1.0,2.9
2015/2016,Edwin Gyasi,Attaquant,Roda JC Kerkrade,24,65,66,1,,-1.0,41.2
2015/2016,Ramon Zomer,Défenseur,Heracles Almelo,32,66,70,4,-1,2.0,91.2
2015/2016,Ruben Schaken,Attaquant,ADO Den Haag,33,72,72,0,0,-2.0,79.4
2015/2016,Giovanni Korte,Attaquant,ADO Den Haag,22,66,66,0,,-2.0,11.8
2015/2016,Edouard Duplan,Attaquant,ADO Den Haag,32,69,72,3,0,1.0,91.2
2015/2016,Miquel Nelom,Défenseur,Feyenoord,25,69,69,0,0,-2.0,35.3
2015/2016,Ridgeciano Haps,Défenseur,AZ,22,63,70,7,1,4.0,76.5
2015/2016,Mitchell Dijks,Défenseur,Ajax,22,67,74,7,0,5.0,85.3
2015/2016,Filip Kurto,Gardien,Excelsior,24,63,66,3,0,0.0,32.4
2015/2016,Khalid Karami,Défenseur,Excelsior,26,63,66,3,,0.0,88.2
2015/2016,Sander Fischer,Défenseur,Excelsior,27,66,70,4,,2.0,94.1
2015/2016,Abel Tamata,Défenseur,FC Groningen,25,66,68,2,0,0.0,26.5
2015/2016,Giorgos Katsikas,Défenseur,FC Twente,25,69,72,3,,1.0,8.8
2015/2016,Kamohelo Mokotjo,Milieu,FC Twente,24,74,73,-1,1,-3.0,91.2
2015/2016,"Shadrach Eghan Kwesi,20",Attaquant,FC Twente,21,70,68,-2,1,-4.0,2.9
2015/2016,Lesley de Sa,Attaquant,Willem II,22,66,66,0,-2,-2.0,17.6
2015/2016,Kevin Diks,Défenseur,Vitesse,19,62,70,8,,5.0,85.3
2015/2016,Joel Drommel,Gardien,FC Twente,19,60,66,6,,3.0,32.4
2015/2016,Tomi Juric,Attaquant,Roda JC Kerkrade,24,64,67,3,,0.0,35.3
2015/2016,Jack Byrne,Milieu,SC Cambuur,19,54,66,12,,9.0,73.5
2015/2016,Martijn Barto,Attaquant,SC Cambuur,31,64,66,2,1,-1.0,58.8
2015/2016,Mimoun Mahi,Attaquant,FC Groningen,21,66,70,4,,2.0,11.8
2015/2016,Jorrit Hendrix,Milieu,PSV,20,70,75,5,3,3.0,61.8
2015/2016,Tonny Vilhena,Milieu,Feyenoord,20,73,75,2,0,0.0,55.9
2015/2016,Kenji Gorre,Attaquant,ADO Den Haag,21,61,65,4,,1.0,2.9
2015/2016,Nick Viergever,Défenseur,Ajax,26,72,73,1,0,-1.0,41.2
2015/2016,Gino Bosz,Défenseur,Heracles Almelo,22,57,63,6,,3.0,5.9
2015/2016,Luigi Bruins,Milieu,Excelsior,28,66,69,3,-1,1.0,50.0
2015/2016,Dario Dumic,Défenseur,N.E.C.,23,66,63,-3,,-5.0,47.1
2015/2016,Rai Vloet,Attaquant,SC Cambuur,20,64,65,1,,-2.0,8.8
2013/2014,Filip Starzynski,Milieu,Ruch Chorzów,22,57,63,6,,5.0,86.7
2013/2014,Marcin Kaminski,Défenseur,Lech Poznań,21,67,66,-1,5,-1.0,76.7
2013/2014,Hubert Wolakiewicz,Défenseur,Lech Poznań,28,67,66,-1,0,-1.0,73.3
2013/2014,Marcin Kus,Défenseur,Cracovia,32,63,61,-2,,-3.0,36.7
2013/2014,"Dariusz Latka,27",Milieu,Podbeskidzie Bielsko-Biała,35,64,61,-3,5,-4.0,90.0
2013/2014,Hachem Abbes,Défenseur,Widzew Łódź,27,63,63,0,6,-1.0,3.3
2013/2014,Michal Miskiewicz,Gardien,Wisła Kraków,24,59,67,8,,7.0,100.0
2013/2014,Lukasz Gargula,Milieu,Wisła Kraków,32,63,66,3,-3,2.0,93.3
2013/2014,Pawel Olkowski,Défenseur,Polonia Bytom,23,63,67,4,3,3.0,80.0
2013/2014,Jacek Kielb,Milieu,Korona Kielce,25,61,62,1,-1,0.0,53.3
2013/2014,Martin Baran,Défenseur,Jagiellonia Białystok,25,60,63,3,,2.0,60.0
2013/2014,Dani Quintana,Milieu,Jagiellonia Białystok,26,63,69,6,,5.0,93.3
2013/2014,Takafumi Akahoshi,Milieu,Pogoń Szczecin,27,65,69,4,,4.0,96.7
2013/2014,Maksymilian Rogalski,Milieu,Pogoń Szczecin,30,62,64,2,,1.0,76.7
2013/2014,Rafal Boguski,Milieu,Wisła Kraków,29,63,62,-1,-1,-2.0,56.7
2013/2014,Lukasz Broz,Défenseur,Legia Warszawa,28,66,66,0,1,0.0,66.7
2013/2014,Marian Kelemen,Gardien,Śląsk Wrocław,34,65,65,0,0,0.0,63.3
2013/2014,Dariusz Trela,Gardien,Piast Gliwice,24,65,66,1,,1.0,60.0
2013/2014,De Amo,Défenseur,Widzew Łódź,23,55,57,2,,1.0,43.3
2013/2014,Krzysztof Ostrowski,Défenseur,Śląsk Wrocław,31,57,59,2,1,1.0,56.7
2013/2014,Marek Sokolowski,Milieu,Podbeskidzie Bielsko-Biała,35,62,61,-1,6,-2.0,76.7
2013/2014,Bartosz Iwan,Milieu,Polonia Bytom,29,63,65,2,,1.0,26.7
2013/2014,Bartosz Kaniecki,Gardien,Lechia Gdańsk,25,59,59,0,0,-1.0,10.0
2013/2014,Patryk Wolanski,Gardien,Widzew Łódź,22,55,55,0,,-1.0,30.0
2013/2014,Wojciech Kedziora,Attaquant,Piast Gliwice,33,64,64,0,,-1.0,13.3
2013/2014,Kamil Kuzera,Défenseur,Korona Kielce,30,64,64,0,4,-1.0,10.0
2014/2015,Karol Linetty,Milieu,Lech Poznań,19,67,70,3,7,3.0,50.0
2014/2015,Carles Martinez,Milieu,Piast Gliwice,26,59,65,6,,5.0,60.0
2014/2015,Dusan Kuciak,Gardien,Legia Warszawa,29,71,71,0,0,0.0,76.7
2014/2015,Adam Danch,Défenseur,Polonia Bytom,27,67,67,0,1,0.0,96.7
2014/2015,Maciej Gajos,Milieu,Jagiellonia Białystok,23,59,63,4,3,3.0,93.3
2014/2015,Marcin Pietrowski,Défenseur,Lechia Gdańsk,26,65,65,0,1,0.0,50.0
2014/2015,Korneliusz Sochan,Milieu,Zawisza Bydgoszcz,18,52,52,0,,-1.0,3.3
2014/2015,Vlastimir Jovanovic,Milieu,Korona Kielce,29,64,64,0,0,-1.0,80.0
2014/2015,"Richard Zajac,28",Gardien,Podbeskidzie Bielsko-Biała,38,66,67,1,2,1.0,33.3
2014/2015,Frank Adu Kwame,Défenseur,Podbeskidzie Bielsko-Biała,29,55,60,5,0,4.0,33.3
2014/2015,Alan Uryga,Milieu,Wisła Kraków,20,58,61,3,0,2.0,90.0
2014/2015,Marcin Malinowski,Défenseur,Ruch Chorzów,39,63,64,1,-2,0.0,73.3
2014/2015,Ondrej Duda,Milieu,Legia Warszawa,20,66,69,3,,3.0,36.7
2014/2015,Szymon Pawlowski,Milieu,Lech Poznań,28,70,71,1,0,1.0,66.7
2014/2015,Mateusz Bak,Gardien,Lechia Gdańsk,31,64,65,1,0,0.0,70.0
2014/2015,Michal Pazdan,Défenseur,Jagiellonia Białystok,27,66,67,1,1,1.0,63.3
2014/2015,Adam Pazio,Défenseur,Podbeskidzie Bielsko-Biała,22,63,64,1,0,0.0,36.7
2014/2015,Krzysztof Danielewicz,Milieu,Śląsk Wrocław,23,58,56,-2,,-3.0,60.0
2014/2015,Marek Saganowski,Attaquant,Legia Warszawa,36,65,64,-1,-2,-1.0,50.0
2014/2015,Herold Goulon,Milieu,Zawisza Bydgoszcz,26,67,68,1,,1.0,23.3
2014/2015,Tomasz Lisowski,Défenseur,Pogoń Szczecin,29,65,65,0,0,0.0,3.3
2014/2015,Maciej Manka,Défenseur,Polonia Bytom,25,57,57,0,,-1.0,3.3
2014/2015,Emilijus Zubas,Gardien,GKS Bełchatów,24,67,66,-1,,-1.0,13.3
2014/2015,"Maciej Malkowski,24",Milieu,GKS Bełchatów,29,61,62,1,-1,0.0,33.3
2014/2015,Jakub Swierczok,Attaquant,Zawisza Bydgoszcz,22,64,63,-1,,-2.0,13.3
2014/2015,Dzikamai Andre Gwaze,Milieu,Polonia Bytom,25,55,54,-1,,-2.0,10.0
2015/2016,Jaroslaw Fojut,Défenseur,Pogoń Szczecin,28,64,68,4,1,1.0,80.0
2015/2016,Ricardo Nunes,Défenseur,Pogoń Szczecin,29,63,65,2,,-1.0,46.7
2015/2016,Jakub Wawrzyniak,Défenseur,Lechia Gdańsk,32,67,67,0,-1,-2.0,80.0
2015/2016,Mariusz Pawelek,Gardien,Śląsk Wrocław,34,63,64,1,,-2.0,73.3
2015/2016,Tomasz Brzyski,Défenseur,Legia Warszawa,33,67,69,2,0,0.0,70.0
2015/2016,Michal Koj,Défenseur,Ruch Chorzów,22,56,61,5,4,2.0,70.0
2015/2016,Maciej Urbanczyk,Milieu,Ruch Chorzów,20,54,62,8,,5.0,33.3
2015/2016,Piotr Malarczyk,Défenseur,Korona Kielce,24,62,65,3,0,0.0,16.7
2015/2016,Pawel Sobolewski,Milieu,Korona Kielce,36,64,60,-4,-1,-7.0,16.7
2015/2016,Boban Jovic,Défenseur,Wisła Kraków,24,59,67,8,,5.0,90.0
2015/2016,Lukasz Madej,Milieu,Polonia Bytom,33,64,65,1,-2,-2.0,86.7
2015/2016,Grzegorz Kuswik,Attaquant,Lechia Gdańsk,28,66,67,1,3,-1.0,70.0
2015/2016,Wilde-Donald Guerrier,Milieu,Wisła Kraków,26,64,66,2,0,-1.0,46.7
2015/2016,Michal Kucharczyk,Milieu,Legia Warszawa,24,69,69,0,4,-2.0,80.0
2015/2016,Dawid Kownacki,Attaquant,Lech Poznań,18,60,63,3,2,0.0,30.0
2015/2016,Tomasz Kedziora,Défenseur,Lech Poznań,21,67,69,2,4,0.0,63.3
2015/2016,Adam Deja,Milieu,Podbeskidzie Bielsko-Biała,22,59,62,3,5,0.0,53.3
2015/2016,Damian Zbozien,Défenseur,Zagłębie Lubin,26,64,66,2,-1,-1.0,20.0
2015/2016,Radoslaw Janukiewicz,Gardien,Polonia Bytom,31,66,65,-1,0,-3.0,40.0
2015/2016,Armin Cerimagic,Milieu,Polonia Bytom,21,64,62,-2,,-5.0,3.3
2015/2016,Lukasz Boguslawski,Milieu,Górnik Łęczna,22,66,69,3,,1.0,23.3
2015/2016,Lukasz Zejdler,Défenseur,Cracovia,23,58,58,0,1,-3.0,6.7
2015/2016,Pawel Golanski,Défenseur,Polonia Bytom,33,65,62,-3,0,-5.0,13.3
2015/2016,Boubacar Diabang Dialiba,Milieu,Cracovia,27,64,66,2,-1,-1.0,10.0
2012/2013,Antonio Donnarumma,Gardien,Genoa,22,65,65,0,,0.0,2.6
2013/2014,Francesco Fedato,Milieu,Catania,21,61,66,5,,4.0,2.6
2015/2016,Kevin-Prince Boateng,Milieu,Milan,28,79,77,-2,-1,-3.0,2.6
2012/2013,Frank Demouge,Attaquant,Roda JC Kerkrade,30,66,66,0,,0.0,29.4
2013/2014,Marcel Stutter,Milieu,N.E.C.,25,60,60,0,,-1.0,8.8
2013/2014,Sven Kums,Milieu,SC Heerenveen,25,69,69,0,-2,0.0,2.9
2014/2015,Felipe Gutierrez,Milieu,FC Twente,24,74,74,0,1,0.0,5.9
2015/2016,Kyle Ebecilio,Milieu,ADO Den Haag,21,71,72,1,1,-1.0,2.9
2015/2016,Andy Kawaya,Attaquant,Willem II,19,63,65,2,,-1.0,2.9
2015/2016,Filip Bednarek,Gardien,FC Utrecht,23,60,62,2,,-1.0,14.7
2012/2013,Hilton,Défenseur,Montpellier Hérault SC,35,75,77,2,,2.0,78.9
2012/2013,Pantxi Sirieix,Milieu,Toulouse FC,32,65,66,1,,1.0,36.8
2012/2013,Brice Dja Djedje,Défenseur,Évian Thonon Gaillard FC,22,62,70,8,,6.0,71.1
2012/2013,Thomas Mangani,Milieu,AS Nancy-Lorraine,25,66,65,-1,,-1.0,68.4
2012/2013,Bernard Mendy,Défenseur,Stade Brestois 29,31,68,67,-1,,-1.0,78.9
2012/2013,Charlison Benschop,Attaquant,Stade Brestois 29,23,70,71,1,,1.0,36.8
2012/2013,Fabrice Abriel,Milieu,OGC Nice,33,71,71,0,,0.0,50.0
2012/2013,Yann Jouffre,Milieu,FC Lorient,28,74,74,0,,0.0,78.9
2012/2013,Mickael Tacalfred,Défenseur,Stade de Reims,31,64,71,7,,5.0,68.4
2012/2013,Odair Fortes,Milieu,Stade de Reims,25,64,67,3,,1.0,44.7
2012/2013,Floyd Ayite,Milieu,Stade de Reims,24,66,67,1,,1.0,39.5
2012/2013,Jeremy Morel,Défenseur,Olympique de Marseille,28,73,74,1,,1.0,94.7
2012/2013,Jires Kembo-Ekoko,Milieu,Stade Rennais FC,24,74,75,1,,1.0,2.6
2012/2013,Julien Feret,Milieu,Stade Rennais FC,30,76,79,3,,3.0,86.8
2012/2013,Faouzi Ghoulam,Défenseur,AS Saint-Étienne,21,64,72,8,,6.0,50.0
2012/2013,Florent Balmont,Milieu,LOSC Lille,32,79,78,-1,,-1.0,78.9
2012/2013,Ishmael Yartey,Milieu,FC Sochaux-Montbéliard,22,66,68,2,,2.0,13.2
2012/2013,Sloan Privat,Attaquant,FC Sochaux-Montbéliard,23,71,70,-1,,-1.0,50.0
2012/2013,Matthieu Saunier,Défenseur,ES Troyes AC,22,63,63,0,,-2.0,36.8
2012/2013,Nicolas Penneteau,Gardien,Valenciennes FC,31,75,74,-1,,-1.0,100.0
2012/2013,Rudy Mater,Défenseur,Valenciennes FC,32,72,72,0,,0.0,63.2
2012/2013,Gilles Cioni,Défenseur,SC Bastia,28,60,62,2,,0.0,63.2
2012/2013,Jeremy Choplin,Défenseur,SC Bastia,27,65,68,3,,3.0,63.2
2012/2013,David Rozehnal,Milieu,LOSC Lille,32,74,71,-3,,-3.0,15.8
2012/2013,Benjamin Corgnet,Milieu,FC Lorient,25,76,74,-2,,-2.0,63.2
2012/2013,Jeremy Pied,Milieu,OGC Nice,23,73,72,-1,,-1.0,47.4
2012/2013,Ziri Hammar,Milieu,AS Nancy-Lorraine,20,64,64,0,,-2.0,10.5
2012/2013,Fabien Camus,Milieu,ES Troyes AC,27,65,72,7,,7.0,73.7
2012/2013,Sidney Govou,Milieu,Évian Thonon Gaillard FC,33,72,69,-3,,-3.0,13.2
2012/2013,Yannick Djalo,Attaquant,Toulouse FC,26,76,70,-6,,-6.0,28.9
2012/2013,Souleymane Diawara,Défenseur,Olympique de Marseille,34,80,75,-5,,-5.0,21.1
2012/2013,Anthony Lippini,Défenseur,AC Ajaccio,24,65,66,1,,1.0,18.4
2012/2013,Kassim Abdallah,Défenseur,Olympique de Marseille,25,63,69,6,,4.0,28.9
2012/2013,Gaetan Charbonnier,Attaquant,Montpellier Hérault SC,24,67,71,4,,4.0,26.3
2012/2013,Jussie,Attaquant,Girondins de Bordeaux,29,74,73,-1,,-1.0,23.7
2012/2013,Youssef Adnane,Attaquant,Évian Thonon Gaillard FC,27,62,65,3,,1.0,18.4
2012/2013,Thiago Motta,Milieu,Paris Saint-Germain,30,81,81,0,,0.0,28.9
2012/2013,Jean-Christophe Bahebeck,Attaquant,ES Troyes AC,19,68,68,0,,0.0,42.1
2012/2013,Florent Ghisolfi,Milieu,Stade de Reims,27,59,63,4,,2.0,7.9
2012/2013,David Bellion,Attaquant,Girondins de Bordeaux,30,71,68,-3,,-3.0,15.8
2012/2013,Andre Biyogo Poko,Milieu,Girondins de Bordeaux,19,60,68,8,,6.0,18.4
2012/2013,Rafael Dias,Milieu,FC Sochaux-Montbéliard,21,58,65,7,,5.0,15.8
2012/2013,Giovanni Sio,Attaquant,FC Sochaux-Montbéliard,23,75,73,-2,,-2.0,34.2
2012/2013,Nicolas De Preville,Attaquant,Stade de Reims,21,55,66,11,,9.0,10.5
2013/2014,Stephane Ruffier,Gardien,AS Saint-Étienne,27,82,82,0,3,0.0,100.0
2013/2014,Loic Perrin,Défenseur,AS Saint-Étienne,28,77,79,2,2,2.0,89.5
2013/2014,Mariano,Défenseur,Girondins de Bordeaux,27,76,74,-2,5,-2.0,100.0
2013/2014,Marc Planus,Défenseur,Girondins de Bordeaux,31,73,71,-2,-1,-2.0,31.6
2013/2014,Jeremy Toulalan,Milieu,AS Monaco,30,82,84,2,0,2.0,76.3
2013/2014,Lucas Ariel Ocampos,Milieu,AS Monaco,19,70,74,4,,4.0,28.9
2013/2014,Radamel Falcao,Attaquant,AS Monaco,27,90,89,-1,5,-1.0,42.1
2013/2014,Jonathan Mensah,Défenseur,Évian Thonon Gaillard FC,23,65,65,0,0,0.0,55.3
2013/2014,Cedric Barbosa,Milieu,Évian Thonon Gaillard FC,37,74,74,0,6,0.0,52.6
2013/2014,Sebastien Corchia,Défenseur,FC Sochaux-Montbéliard,23,74,74,0,1,0.0,86.8
2013/2014,Younousse Sankhare,Milieu,En Avant de Guingamp,24,69,69,0,-1,0.0,92.1
2013/2014,Rod Fanni,Défenseur,Olympique de Marseille,32,76,75,-1,1,-1.0,55.3
2013/2014,Andre-Pierre Gignac,Attaquant,Olympique de Marseille,28,77,79,2,0,2.0,78.9
2013/2014,Franck Beria,Défenseur,LOSC Lille,30,75,74,-1,-1,-1.0,68.4
2013/2014,Idrissa Gana Gueye,Milieu,LOSC Lille,24,72,76,4,1,4.0,97.4
2013/2014,Wesley Lautoa,Défenseur,FC Lorient,26,68,69,1,4,1.0,89.5
2013/2014,Maxime Barthelme,Milieu,FC Lorient,25,70,70,0,13,0.0,31.6
2013/2014,Clement Grenier,Milieu,Olympique Lyonnais,22,77,78,1,4,1.0,65.8
2013/2014,Romain Genevois,Défenseur,OGC Nice,26,68,69,1,1,1.0,76.3
2013/2014,Javier Pastore,Milieu,Paris Saint-Germain,24,81,79,-2,-2,-2.0,47.4
2013/2014,Yannick Cahuzac,Milieu,SC Bastia,28,67,67,0,3,0.0,76.3
2013/2014,Jean Makoun,Milieu,Stade Rennais FC,30,75,74,-1,-1,-1.0,78.9
2013/2014,Aissa Mandi,Défenseur,Stade de Reims,22,66,75,9,5,9.0,86.8
2013/2014,Prince Oniangue,Milieu,Stade de Reims,25,64,72,8,,7.0,76.3
2013/2014,Gaetan Bong,Défenseur,Valenciennes FC,25,70,71,1,1,1.0,2.6
2013/2014,Jesper Hansen,Gardien,Évian Thonon Gaillard FC,28,67,67,0,,0.0,57.9
2013/2014,Aldo Angoula,Défenseur,Évian Thonon Gaillard FC,32,69,69,0,1,0.0,50.0
2013/2014,Nolan Roux,Attaquant,LOSC Lille,25,76,75,-1,0,-1.0,76.3
2013/2014,Mathieu Bodmer,Défenseur,OGC Nice,31,75,75,0,,0.0,71.1
2013/2014,Martin Braithwaite,Attaquant,Toulouse FC,22,67,74,7,,7.0,78.9
2013/2014,Romain Alessandrini,Milieu,Stade Rennais FC,24,76,76,0,2,0.0,55.3
2013/2014,Tongo Hamed Doumbia,Milieu,Valenciennes FC,24,71,72,1,,1.0,89.5
2013/2014,Anthony Le Tallec,Attaquant,Valenciennes FC,29,74,71,-3,0,-3.0,18.4
2013/2014,Ismael Diomande,Milieu,AS Saint-Étienne,21,61,64,3,,2.0,15.8
2013/2014,Yohan Mollo,Attaquant,AS Saint-Étienne,24,76,76,0,,0.0,26.3
2013/2014,Victor Hugo Montano,Attaquant,Montpellier Hérault SC,29,72,70,-2,-5,-2.0,39.5
2013/2014,Dorian Leveque,Défenseur,En Avant de Guingamp,24,56,62,6,,5.0,34.2
2013/2014,Maxime Gonalons,Milieu,Olympique Lyonnais,24,78,79,1,0,1.0,94.7
2013/2014,Edinson Cavani,Attaquant,Paris Saint-Germain,26,87,87,0,1,0.0,65.8
2013/2014,Pavle Ninkov,Milieu,Toulouse FC,28,70,69,-1,-1,-1.0,34.2
2013/2014,Julien Sable,Milieu,SC Bastia,33,70,70,0,0,0.0,36.8
2013/2014,Claudiu Keseru,Attaquant,SC Bastia,27,72,71,-1,,-1.0,18.4
2013/2014,Abdoul Razzagui Camara,Milieu,FC Sochaux-Montbéliard,23,69,69,0,0,0.0,5.3
2013/2014,Mustapha Bayal Sall,Défenseur,AS Saint-Étienne,28,73,75,2,1,2.0,81.6
2013/2014,Jonathan Zebina,Défenseur,Toulouse FC,35,75,73,-2,0,-2.0,44.7
2013/2014,Alexy Bosetti,Milieu,OGC Nice,20,64,65,1,9,0.0,21.1
2013/2014,Kevin Gomis,Défenseur,OGC Nice,24,64,65,1,0,0.0,18.4
2013/2014,Bakary Kone,Défenseur,Olympique Lyonnais,25,74,73,-1,-3,-1.0,47.4
2013/2014,Loic Poujol,Milieu,FC Sochaux-Montbéliard,24,67,66,-1,11,-1.0,7.9
2013/2014,Ricardo Faty,Milieu,AC Ajaccio,27,66,67,1,,1.0,50.0
2013/2014,Abdul Majeed Waris,Attaquant,Valenciennes FC,22,71,74,3,,3.0,42.1
2013/2014,Johan Audel,Milieu,FC Nantes,30,72,69,-3,,-3.0,15.8
2013/2014,Jean-Louis Leca,Gardien,SC Bastia,28,63,67,4,,3.0,18.4
2013/2014,Ryan Mendes,Attaquant,LOSC Lille,23,70,72,2,-1,2.0,18.4
2013/2014,Ismael Bangoura,Attaquant,FC Nantes,28,71,66,-5,,-5.0,5.3
2013/2014,Kamil Grosicki,Milieu,Stade Rennais FC,25,74,76,2,,2.0,23.7
2013/2014,Remy Gomis,Milieu,FC Nantes,29,71,68,-3,-1,-3.0,13.2
2014/2015,Salvatore Sirigu,Gardien,Paris Saint-Germain,27,84,83,-1,0,-1.0,89.5
2014/2015,Zlatan Ibrahimovic,Attaquant,Paris Saint-Germain,33,90,89,-1,1,-1.0,60.5
2014/2015,Nicolas N'Koulou,Défenseur,Olympique de Marseille,24,79,79,0,-1,0.0,60.5
2014/2015,Jordan Adeoti,Milieu,SM Caen,25,65,68,3,,3.0,47.4
2014/2015,Florian Raspentino,Milieu,SM Caen,25,68,68,0,0,0.0,23.7
2014/2015,N'Golo Kante,Milieu,SM Caen,23,69,73,4,,4.0,94.7
2014/2015,Jeremy Sorbon,Défenseur,En Avant de Guingamp,31,70,71,1,1,1.0,92.1
2014/2015,Thibault Giresse,Milieu,En Avant de Guingamp,33,71,73,2,1,2.0,68.4
2014/2015,Christophe Mandanne,Attaquant,En Avant de Guingamp,29,65,74,9,1,9.0,65.8
2014/2015,Fabien Lemoine,Milieu,AS Saint-Étienne,27,74,75,1,1,1.0,81.6
2014/2015,Marko Basa,Défenseur,LOSC Lille,32,79,79,0,2,0.0,78.9
2014/2015,Romain Rocchi,Milieu,FC Metz,33,69,63,-6,,-6.0,7.9
2014/2015,Lindsay Rose,Défenseur,Olympique Lyonnais,22,69,72,3,1,3.0,34.2
2014/2015,Alexandre Lacazette,Attaquant,Olympique Lyonnais,23,78,82,4,3,4.0,86.8
2014/2015,Benjamin Andre,Milieu,Stade Rennais FC,24,65,70,5,0,5.0,42.1
2014/2015,Geoffrey Jourdren,Gardien,Montpellier Hérault SC,28,77,75,-2,1,-2.0,76.3
2014/2015,Dylan Gissi,Défenseur,Montpellier Hérault SC,23,64,58,-6,,-7.0,2.6
2014/2015,Cheick Diabate,Attaquant,Girondins de Bordeaux,26,75,77,2,0,2.0,34.2
2014/2015,Vincent Bessat,Milieu,FC Nantes,29,73,73,0,3,0.0,50.0
2014/2015,Rudy Riou,Gardien,RC Lens,34,64,70,6,,5.0,84.2
2014/2015,Loiik Landre,Défenseur,RC Lens,22,64,68,4,,3.0,68.4
2014/2015,Alharbi El Jadeyaoui,Milieu,RC Lens,28,66,69,3,,3.0,34.2
2014/2015,Yoann Touzghar,Attaquant,RC Lens,28,68,71,3,,3.0,57.9
2014/2015,Zacharie Boucher,Gardien,Toulouse FC,22,73,72,-1,4,-1.0,39.5
2014/2015,Dragos Grigore,Défenseur,Toulouse FC,28,71,71,0,,0.0,65.8
2014/2015,Benjamin Brou Angoua,Défenseur,En Avant de Guingamp,28,69,72,3,1,3.0,42.1
2014/2015,Sylvain Marveaux,Milieu,En Avant de Guingamp,28,73,74,1,-2,1.0,50.0
2014/2015,Mehdi Mostefa,Milieu,FC Lorient,31,68,71,3,0,3.0,50.0
2014/2015,Ricky van Wolfswinkel,Attaquant,AS Saint-Étienne,25,72,74,2,-3,2.0,47.4
2014/2015,Oscar Trejo,Milieu,Toulouse FC,26,72,73,1,0,1.0,65.8
2014/2015,Guido Milan,Défenseur,FC Metz,27,66,67,1,,1.0,57.9
2014/2015,Modibo Maiga,Attaquant,FC Metz,27,72,70,-2,-3,-2.0,50.0
2014/2015,Yoann Gourcuff,Milieu,Olympique Lyonnais,28,79,79,0,0,0.0,21.1
2014/2015,Thomas Toure,Attaquant,Girondins de Bordeaux,21,60,71,11,,10.0,42.1
2014/2015,Mohamed Fofana,Défenseur,Stade de Reims,29,70,69,-1,1,-1.0,26.3
2014/2015,Joris Steve Marveaux,Milieu,Montpellier Hérault SC,32,73,71,-2,1,-2.0,52.6
2014/2015,Anthony Martial,Attaquant,AS Monaco,19,63,74,11,4,10.0,50.0
2014/2015,Benjamin Leroy,Gardien,Évian Thonon Gaillard FC,25,68,70,2,,2.0,60.5
2014/2015,Francois Modesto,Défenseur,SC Bastia,36,72,72,0,2,0.0,65.8
2014/2015,Gadji Tallo,Attaquant,SC Bastia,22,65,68,3,-1,3.0,26.3
2014/2015,Christopher Glombard,Défenseur,Stade de Reims,25,68,68,0,-1,0.0,7.9
2014/2015,Gaetan Courtet,Attaquant,Stade de Reims,25,67,68,1,-2,1.0,7.9
2014/2015,Isaac Kiese Thelin,Attaquant,Girondins de Bordeaux,22,59,66,7,,6.0,31.6
2014/2015,Chris Philipps,Milieu,FC Metz,20,55,62,7,,6.0,23.7
2014/2015,Henri Saivet,Attaquant,Girondins de Bordeaux,24,74,73,-1,0,-1.0,18.4
2014/2015,Juan Pablo Pino,Attaquant,SC Bastia,27,68,68,0,,0.0,5.3
2015/2016,Julien Palmieri,Défenseur,SC Bastia,29,68,74,6,0,4.0,86.8
2015/2016,Pedro Henrique,Attaquant,Stade Rennais FC,25,70,75,5,2,3.0,39.5
2015/2016,Cedric Carrasso,Gardien,Girondins de Bordeaux,34,80,80,0,0,-1.0,52.6
2015/2016,Antoine Devaux,Milieu,Stade de Reims,30,73,71,-2,2,-4.0,86.8
2015/2016,David Ngog,Attaquant,Stade de Reims,26,68,69,1,-2,-1.0,28.9
2015/2016,Benjamin Pavard,Défenseur,LOSC Lille,19,59,67,8,,5.0,15.8
2015/2016,Sehrou Guirassy,Attaquant,LOSC Lille,19,60,67,7,,4.0,7.9
2015/2016,Kevin Trapp,Gardien,Paris Saint-Germain,25,80,82,2,0,1.0,92.1
2015/2016,Adrien Rabiot,Milieu,Paris Saint-Germain,20,73,77,4,0,2.0,50.0
2015/2016,Francois Bellugou,Milieu,FC Lorient,28,68,70,2,1,0.0,71.1
2015/2016,Stephane Sparagna,Défenseur,Olympique de Marseille,20,62,69,7,,4.0,5.3
2015/2016,Jacques Alaixys Romao,Milieu,Olympique de Marseille,31,75,73,-2,0,-3.0,34.2
2015/2016,Jonathan Delaplace,Milieu,SM Caen,29,72,72,0,3,-2.0,55.3
2015/2016,Daniel Congre,Défenseur,Montpellier Hérault SC,30,69,74,5,-4,3.0,92.1
2015/2016,Romain Thomas,Défenseur,Angers SCO,27,70,74,4,,2.0,94.7
2015/2016,Vincent Manceau,Défenseur,Angers SCO,26,63,70,7,,4.0,71.1
2015/2016,Olivier Veigneau,Défenseur,FC Nantes,30,71,72,1,0,-1.0,5.3
2015/2016,Lionel Mathis,Milieu,En Avant de Guingamp,34,72,74,2,7,0.0,44.7
2015/2016,Jean Michael Seri,Milieu,OGC Nice,24,70,76,6,5,4.0,92.1
2015/2016,Alassane Plea,Attaquant,OGC Nice,22,68,75,7,5,5.0,44.7
2015/2016,Romain Hamouma,Milieu,AS Saint-Étienne,28,77,78,1,-1,0.0,44.7
2015/2016,Jules Stephane Goda,Gardien,GFC Ajaccio,26,60,61,1,,-2.0,7.9
2015/2016,Pablo Martinez,Défenseur,GFC Ajaccio,26,57,66,9,,6.0,68.4
2015/2016,Jaroslav Plasil,Milieu,Girondins de Bordeaux,33,74,75,1,3,-1.0,65.8
2015/2016,Laurent Pionnier,Gardien,Montpellier Hérault SC,33,69,72,3,-5,1.0,65.8
2015/2016,Stophira Sunzu,Défenseur,LOSC Lille,26,71,71,0,,-2.0,26.3
2015/2016,Javier Manquillo,Défenseur,Olympique de Marseille,21,69,72,3,2,1.0,81.6
2015/2016,Christophe Jallet,Défenseur,Olympique Lyonnais,32,78,78,0,3,-1.0,52.6
2015/2016,Youssouf Sabaly,Défenseur,FC Nantes,22,67,73,6,6,4.0,73.7
2015/2016,Dusan Veskovac,Défenseur,ES Troyes AC,29,69,70,1,1,-1.0,28.9
2015/2016,Grejohn Kyei,Attaquant,Stade de Reims,20,61,66,5,,2.0,18.4
2015/2016,Robert Beric,Attaquant,AS Saint-Étienne,24,70,74,4,,2.0,18.4
2015/2016,Kevin Mayi,Attaquant,GFC Ajaccio,22,64,66,2,,-1.0,21.1
2015/2016,Yann Bodiger,Milieu,Toulouse FC,20,62,69,7,,4.0,31.6
2015/2016,Baptiste Guillaume,Attaquant,LOSC Lille,20,63,68,5,7,2.0,13.2
2015/2016,Yassine Benzia,Attaquant,LOSC Lille,21,68,69,1,2,-1.0,44.7
2015/2016,Guido Marcelo Carrillo,Attaquant,AS Monaco,24,72,72,0,,-2.0,39.5
2015/2016,Diego Contento,Défenseur,Girondins de Bordeaux,25,72,73,1,0,-1.0,63.2
2015/2016,Fabio Coentrao,Défenseur,AS Monaco,27,79,80,1,0,0.0,34.2
2015/2016,Jeremie Boga,Attaquant,Stade Rennais FC,18,59,67,8,,5.0,15.8
2015/2016,Neal Maupay,Attaquant,AS Saint-Étienne,19,64,68,4,0,1.0,13.2
2015/2016,Gnaly Maxwell Cornet,Attaquant,Olympique Lyonnais,19,66,72,6,8,4.0,42.1
2015/2016,Atila Turan,Défenseur,Stade de Reims,23,67,69,2,,0.0,21.1
2015/2016,Jamel Saihi,Milieu,Montpellier Hérault SC,28,72,73,1,-4,-1.0,21.1
2015/2016,Mamadou Samassa,Gardien,En Avant de Guingamp,25,70,71,1,2,-1.0,2.6
2015/2016,Charles Diers,Milieu,Angers SCO,34,65,63,-2,,-4.0,13.2
2015/2016,Franck Tabanou,Défenseur,AS Saint-Étienne,26,74,76,2,-1,0.0,21.1
2012/2013,Kevin Grosskreutz,Milieu,Borussia Dortmund,24,77,75,-2,,-2.0,55.9
2012/2013,Aaron Hunt,Milieu,SV Werder Bremen,26,75,79,4,,4.0,76.5
2012/2013,Mario Eggimann,Défenseur,Hannover 96,31,70,72,2,,2.0,61.8
2012/2013,Manuel Schmiedebach,Milieu,Hannover 96,24,76,75,-1,,-1.0,41.2
2012/2013,Jan Schlaudraff,Attaquant,Hannover 96,29,78,77,-1,,-1.0,64.7
2012/2013,Timo Hildebrand,Gardien,FC Schalke 04,33,74,75,1,,1.0,61.8
2012/2013,Atsuto Uchida,Défenseur,FC Schalke 04,24,72,74,2,,2.0,70.6
2012/2013,William Kvist,Milieu,VfB Stuttgart,27,78,78,0,,0.0,61.8
2012/2013,Ibrahima Traore,Attaquant,VfB Stuttgart,24,72,76,4,,4.0,79.4
2012/2013,Diego Benaglio,Gardien,VfL Wolfsburg,29,78,80,2,,2.0,100.0
2012/2013,Ivica Olic,Attaquant,VfL Wolfsburg,33,79,78,-1,,-1.0,82.4
2012/2013,Cedric Makiadi,Milieu,SC Freiburg,28,73,75,2,,2.0,76.5
2012/2013,Anton Putsila,Milieu,SC Freiburg,25,73,71,-2,,-2.0,2.9
2012/2013,Christian Wetklo,Gardien,1. FSV Mainz 05,32,74,73,-1,,-1.0,91.2
2012/2013,Knowledge Musona,Milieu,FC Augsburg,22,71,69,-2,,-2.0,23.5
2012/2013,Ja-Cheol Koo,Milieu,FC Augsburg,23,73,76,3,,3.0,52.9
2012/2013,Michael Mancienne,Défenseur,Hamburger SV,24,71,72,1,,1.0,61.8
2012/2013,Timm Klose,Défenseur,1. FC Nürnberg,24,71,76,5,,5.0,94.1
2012/2013,Hanno Balitsch,Milieu,1. FC Nürnberg,31,74,74,0,,0.0,91.2
2012/2013,Stefan Kiessling,Attaquant,Bayer 04 Leverkusen,28,78,80,2,,2.0,100.0
2012/2013,Martin Stranzl,Défenseur,Borussia Mönchengladbach,32,76,78,2,,2.0,76.5
2012/2013,Sebastian Rudy,Milieu,TSG 1899 Hoffenheim,22,77,75,-2,,-2.0,61.8
2012/2013,Raphael Holzhauser,Milieu,VfB Stuttgart,19,62,69,7,,5.0,41.2
2012/2013,Lukas Schmitz,Défenseur,SV Werder Bremen,24,72,71,-1,,-1.0,58.8
2012/2013,Jan Polak,Milieu,VfL Wolfsburg,31,74,74,0,,0.0,76.5
2012/2013,Tomas Rincon,Milieu,Hamburger SV,24,75,74,-1,,-1.0,26.5
2012/2013,Milan Badelj,Milieu,Hamburger SV,23,75,76,1,,1.0,88.2
2012/2013,David Alaba,Défenseur,FC Bayern Munich,20,76,79,3,,3.0,64.7
2012/2013,Javier Martinez,Milieu,FC Bayern Munich,24,82,83,1,,1.0,55.9
2012/2013,Assani Lukimya-Mulongoti,Défenseur,SV Werder Bremen,26,72,74,2,,2.0,50.0
2012/2013,Jens Hegeler,Milieu,Bayer 04 Leverkusen,24,73,73,0,,0.0,14.7
2012/2013,Robert Zillner,Milieu,SpVgg Greuther Fürth,27,63,65,2,,0.0,8.8
2012/2013,Jan Rosenthal,Attaquant,SC Freiburg,26,74,74,0,,0.0,52.9
2012/2013,Markus Feulner,Milieu,1. FC Nürnberg,30,74,74,0,,0.0,50.0
2012/2013,Marcel Risse,Attaquant,1. FSV Mainz 05,23,72,71,-1,,-1.0,11.8
2012/2013,Koen Casteels,Gardien,TSG 1899 Hoffenheim,20,64,66,2,,0.0,44.1
2012/2013,Niclas Fuellkrug,Attaquant,SV Werder Bremen,19,57,68,11,,9.0,2.9
2012/2013,Sven Schipplock,Attaquant,TSG 1899 Hoffenheim,24,67,70,3,,3.0,20.6
2012/2013,Dong-Won Ji,Milieu,FC Augsburg,21,69,70,1,,1.0,50.0
2012/2013,Robert Tesche,Milieu,Fortuna Düsseldorf,25,72,71,-1,,-1.0,35.3
2012/2013,Christoph Metzelder,Défenseur,FC Schalke 04,32,75,74,-1,,-1.0,2.9
2012/2013,Raffael,Milieu,FC Schalke 04,27,77,77,0,,0.0,20.6
2012/2013,Tom Starke,Gardien,FC Bayern Munich,31,77,76,-1,,-1.0,8.8
2012/2013,Adrian Nikci,Milieu,Hannover 96,23,66,68,2,,2.0,2.9
2013/2014,Jerome Boateng,Défenseur,FC Bayern Munich,25,79,84,5,0,5.0,73.5
2013/2014,Arjen Robben,Milieu,FC Bayern Munich,29,87,88,1,-2,1.0,58.8
2013/2014,Franck Ribery,Milieu,FC Bayern Munich,30,90,89,-1,1,-1.0,52.9
2013/2014,Julian Baumgartlinger,Milieu,1. FSV Mainz 05,25,75,75,0,4,0.0,17.6
2013/2014,Benedikt Roecker,Défenseur,VfB Stuttgart,24,62,65,3,,2.0,2.9
2013/2014,Gotoku Sakai,Défenseur,VfB Stuttgart,22,74,73,-1,7,-1.0,76.5
2013/2014,Christian Gentner,Milieu,VfB Stuttgart,28,76,78,2,2,2.0,82.4
2013/2014,David Abraham,Défenseur,TSG 1899 Hoffenheim,27,75,77,2,,2.0,58.8
2013/2014,Jannik Vestergaard,Défenseur,TSG 1899 Hoffenheim,21,72,73,1,5,1.0,55.9
2013/2014,Roberto Firmino,Milieu,TSG 1899 Hoffenheim,22,77,80,3,0,3.0,97.1
2013/2014,Anthony Modeste,Attaquant,TSG 1899 Hoffenheim,25,73,76,3,0,3.0,58.8
2013/2014,Per Nilsson,Défenseur,1. FC Nürnberg,31,73,73,0,2,0.0,58.8
2013/2014,Emanuel Pogatetz,Défenseur,1. FC Nürnberg,30,75,74,-1,,-1.0,61.8
2013/2014,Timo Gebhart,Milieu,1. FC Nürnberg,24,75,74,-1,-1,-1.0,5.9
2013/2014,Daniel Ginczek,Attaquant,1. FC Nürnberg,22,70,74,4,,4.0,35.3
2013/2014,Julian Draxler,Milieu,FC Schalke 04,20,78,80,2,4,2.0,73.5
2013/2014,Lasse Sobiech,Défenseur,Hamburger SV,22,69,69,0,2,0.0,20.6
2013/2014,Rafael van der Vaart,Milieu,Hamburger SV,30,84,82,-2,,-2.0,76.5
2013/2014,Stefan Reinartz,Milieu,Bayer 04 Leverkusen,24,77,78,1,1,1.0,38.2
2013/2014,Matthias Ginter,Défenseur,SC Freiburg,19,72,76,4,10,4.0,100.0
2013/2014,Fallou Diagne,Défenseur,SC Freiburg,24,76,74,-2,7,-2.0,35.3
2013/2014,Admir Mehmedi,Attaquant,SC Freiburg,22,68,74,6,,6.0,85.3
2013/2014,Leonardo Bittencourt,Milieu,Hannover 96,20,69,73,4,5,4.0,58.8
2013/2014,Szabolcs Huszti,Milieu,Hannover 96,30,78,73,-5,2,-5.0,88.2
2013/2014,Mohamed Amsif,Gardien,FC Augsburg,24,71,70,-1,3,-1.0,5.9
2013/2014,Nuri Sahin,Milieu,Borussia Dortmund,25,81,82,1,,1.0,91.2
2013/2014,Deniz Dogan,Défenseur,Eintracht Braunschweig,34,70,68,-2,,-2.0,55.9
2013/2014,Marco Caligiuri,Milieu,Eintracht Braunschweig,29,71,70,-1,0,-1.0,29.4
2013/2014,Simeon Jackson,Attaquant,Eintracht Braunschweig,26,71,69,-2,3,-2.0,17.6
2013/2014,Sebastian Mielitz,Gardien,SV Werder Bremen,24,73,71,-2,1,-2.0,38.2
2013/2014,John Anthony Brooks,Défenseur,Hertha BSC Berlin,20,71,71,0,,0.0,41.2
2013/2014,Oscar Wendt,Défenseur,Borussia Mönchengladbach,28,74,75,1,1,1.0,47.1
2013/2014,Tranquillo Barnetta,Milieu,Eintracht Frankfurt,28,76,77,1,-3,1.0,58.8
2013/2014,Jeong-Ho Hong,Défenseur,FC Augsburg,24,70,71,1,,1.0,17.6
2013/2014,Kevin Vogt,Milieu,FC Augsburg,22,69,71,2,4,2.0,64.7
2013/2014,Georg Niedermaier,Défenseur,VfB Stuttgart,27,75,74,-1,2,-1.0,52.9
2013/2014,Adam Hlousek,Milieu,1. FC Nürnberg,25,72,72,0,,0.0,79.4
2013/2014,Christian Schulz,Défenseur,Hannover 96,30,75,74,-1,0,-1.0,70.6
2013/2014,Luiz Gustavo,Milieu,VfL Wolfsburg,26,81,81,0,1,0.0,85.3
2013/2014,Christian Guenter,Défenseur,SC Freiburg,20,64,68,4,,3.0,73.5
2013/2014,Daniel Davari,Gardien,Eintracht Braunschweig,25,68,68,0,,0.0,85.3
2013/2014,Sokratis Papastathopoulos,Défenseur,Borussia Dortmund,25,79,82,3,3,3.0,70.6
2013/2014,Andre Hoffmann,Défenseur,Hannover 96,20,69,72,3,7,3.0,47.1
2013/2014,Ivo Ilicevic,Milieu,Hamburger SV,27,74,74,0,-3,0.0,26.5
2013/2014,Thiago Alcantara,Milieu,FC Bayern Munich,22,79,81,2,0,2.0,32.4
2013/2014,Christoph Moritz,Milieu,1. FSV Mainz 05,23,72,73,1,0,1.0,61.8
2013/2014,Berkay Tolga Dabanli,Défenseur,1. FC Nürnberg,23,68,68,0,,0.0,8.8
2013/2014,Haavard Nordtveit,Milieu,Borussia Mönchengladbach,23,75,75,0,2,0.0,41.2
2014/2015,Manuel Neuer,Gardien,FC Bayern Munich,28,87,90,3,1,3.0,91.2
2014/2015,Philipp Lahm,Milieu,FC Bayern Munich,31,87,87,0,0,0.0,50.0
2014/2015,Mario Goetze,Milieu,FC Bayern Munich,22,85,85,0,0,0.0,82.4
2014/2015,Sebastian Boenisch,Défenseur,Bayer 04 Leverkusen,27,72,72,0,-1,0.0,26.5
2014/2015,Alvaro Dominguez,Défenseur,Borussia Mönchengladbach,25,76,77,1,-1,1.0,67.6
2014/2015,Florian Klein,Défenseur,VfB Stuttgart,28,66,71,5,,5.0,97.1
2014/2015,Andreas Beck,Défenseur,TSG 1899 Hoffenheim,27,74,74,0,0,0.0,97.1
2014/2015,Tarik Elyounoussi,Milieu,TSG 1899 Hoffenheim,26,73,74,1,0,1.0,50.0
2014/2015,Roman Neustaedter,Milieu,FC Schalke 04,26,76,74,-2,0,-2.0,82.4
2014/2015,Eric Maxim Choupo-Moting,Attaquant,FC Schalke 04,25,75,79,4,1,4.0,88.2
2014/2015,Klaas Jan Huntelaar,Attaquant,FC Schalke 04,31,84,83,-1,1,-1.0,79.4
2014/2015,Hajime Hosogai,Milieu,Hertha BSC Berlin,28,76,72,-4,2,-4.0,47.1
2014/2015,Roy Beerens,Milieu,Hertha BSC Berlin,27,73,73,0,1,0.0,70.6
2014/2015,Lucas Piazon,Milieu,Eintracht Frankfurt,20,76,75,-1,3,-1.0,32.4
2014/2015,Pavel Krmas,Défenseur,SC Freiburg,34,69,68,-1,1,-1.0,64.7
2014/2015,Jonathan Schmid,Milieu,SC Freiburg,24,75,74,-1,1,-1.0,94.1
2014/2015,Mike Frantz,Attaquant,SC Freiburg,28,72,70,-2,1,-2.0,41.2
2014/2015,Timo Horn,Gardien,1. FC Köln,21,73,76,3,,3.0,97.1
2014/2015,Adam Matuschyk,Milieu,1. FC Köln,25,71,71,0,,0.0,11.8
2014/2015,Rene Adler,Gardien,Hamburger SV,29,82,78,-4,-2,-4.0,32.4
2014/2015,Dennis Diekmeier,Défenseur,Hamburger SV,25,73,73,0,0,0.0,55.9
2014/2015,Heiko Westermann,Défenseur,Hamburger SV,31,75,75,0,-2,0.0,79.4
2014/2015,Valon Behrami,Milieu,Hamburger SV,29,79,77,-2,0,-2.0,64.7
2014/2015,Pierre-Michel Lasogga,Attaquant,Hamburger SV,23,77,77,0,3,0.0,64.7
2014/2015,Loris Karius,Gardien,1. FSV Mainz 05,21,69,76,7,7,7.0,97.1
2014/2015,Mehdi Benatia,Défenseur,FC Bayern Munich,27,85,84,-1,3,-1.0,38.2
2014/2015,Jairo,Milieu,1. FSV Mainz 05,21,69,72,3,0,3.0,32.4
2014/2015,Alejandro Galvez,Défenseur,SV Werder Bremen,25,74,74,0,2,0.0,52.9
2014/2015,Alexander Madlung,Défenseur,Eintracht Frankfurt,32,73,73,0,0,0.0,41.2
2014/2015,Daniel Caligiuri,Milieu,VfL Wolfsburg,26,76,77,1,0,1.0,52.9
2014/2015,Lars Bender,Milieu,Bayer 04 Leverkusen,25,81,81,0,-1,0.0,73.5
2014/2015,Simon Zoller,Attaquant,1. FC Köln,23,69,69,0,,0.0,14.7
2014/2015,Julian Brandt,Milieu,Bayer 04 Leverkusen,18,68,71,3,,3.0,29.4
2014/2015,Bastian Oczipka,Défenseur,Eintracht Frankfurt,25,75,74,-1,1,-1.0,82.4
2014/2015,Christian Fuchs,Milieu,FC Schalke 04,28,74,73,-1,-2,-1.0,58.8
2014/2015,Roberto Hilbert,Défenseur,Bayer 04 Leverkusen,30,73,73,0,,0.0,61.8
2014/2015,Sascha Moelders,Attaquant,FC Augsburg,29,72,72,0,0,0.0,11.8
2014/2015,Maximilian Arnold,Milieu,VfL Wolfsburg,20,74,75,1,7,1.0,50.0
2014/2015,Richard Strebinger,Gardien,SV Werder Bremen,21,62,64,2,,1.0,2.9
2015/2016,Robert Lewandowski,Attaquant,FC Bayern Munich,27,87,88,1,1,0.0,85.3
2015/2016,Johan Djourou,Défenseur,Hamburger SV,28,74,76,2,0,0.0,76.5
2015/2016,Fabian Johnson,Milieu,Borussia Mönchengladbach,28,75,78,3,2,2.0,73.5
2015/2016,Kyriakos Papadopoulos,Défenseur,Bayer 04 Leverkusen,23,77,78,1,-1,0.0,29.4
2015/2016,Pirmin Schwegler,Milieu,TSG 1899 Hoffenheim,28,77,77,0,0,-1.0,47.1
2015/2016,Steven Zuber,Milieu,TSG 1899 Hoffenheim,24,72,73,1,0,-1.0,17.6
2015/2016,Vieirinha,Milieu,VfL Wolfsburg,29,78,80,2,0,1.0,64.7
2015/2016,Max Kruse,Attaquant,VfL Wolfsburg,27,79,81,2,1,1.0,82.4
2015/2016,Marco Russ,Défenseur,Eintracht Frankfurt,30,74,75,1,4,-1.0,76.5
2015/2016,Haris Seferovic,Attaquant,Eintracht Frankfurt,23,76,76,0,2,-1.0,73.5
2015/2016,Timo Baumgartl,Défenseur,VfB Stuttgart,19,64,68,4,,1.0,50.0
2015/2016,Frederik Soerensen,Défenseur,1. FC Köln,23,71,74,3,1,1.0,55.9
2015/2016,Joel Matip,Défenseur,FC Schalke 04,24,78,81,3,1,2.0,100.0
2015/2016,Pierre Bengtsson,Défenseur,1. FSV Mainz 05,27,71,73,2,1,0.0,41.2
2015/2016,Matthew Leckie,Attaquant,FC Ingolstadt 04,24,72,72,0,,-2.0,82.4
2015/2016,Luca Caldirola,Défenseur,SV Darmstadt 98,24,73,74,1,0,-1.0,100.0
2015/2016,Jerome Gondorf,Milieu,SV Darmstadt 98,27,65,72,7,,5.0,97.1
2015/2016,Salif Sane,Milieu,Hannover 96,25,71,77,6,-1,4.0,88.2
2015/2016,Gonzalo Castro,Milieu,Borussia Dortmund,28,80,81,1,0,0.0,47.1
2015/2016,Jan-Ingwer Callsen-Bracker,Défenseur,FC Augsburg,31,73,73,0,0,-2.0,23.5
2015/2016,Julian Korb,Défenseur,Borussia Mönchengladbach,23,73,75,2,4,0.0,41.2
2015/2016,Max Meyer,Milieu,FC Schalke 04,20,76,79,3,3,2.0,79.4
2015/2016,Hiroshi Kiyotake,Milieu,Hannover 96,26,75,77,2,-1,1.0,58.8
2015/2016,Constant Djakpa,Défenseur,Eintracht Frankfurt,29,73,73,0,1,-2.0,23.5
2015/2016,Santiago Garcia,Défenseur,SV Werder Bremen,27,73,75,2,-1,0.0,85.3
2015/2016,Markus Suttner,Défenseur,FC Ingolstadt 04,28,67,71,4,,2.0,44.1
2015/2016,Romain Bregerie,Milieu,FC Ingolstadt 04,29,68,72,4,,2.0,35.3
2015/2016,Christian Traesch,Défenseur,VfL Wolfsburg,28,76,77,1,0,0.0,67.6
2015/2016,Nicklas Bendtner,Attaquant,VfL Wolfsburg,27,75,74,-1,0,-2.0,11.8
2015/2016,Pablo De Blasis,Milieu,1. FSV Mainz 05,27,74,75,1,,-1.0,52.9
2015/2016,Aleksandar Ignjovski,Défenseur,Eintracht Frankfurt,24,72,73,1,0,-1.0,38.2
2015/2016,Marcel Schaefer,Défenseur,VfL Wolfsburg,31,75,75,0,0,-1.0,41.2
2015/2016,Jaroslav Drobny,Gardien,Hamburger SV,36,77,76,-1,1,-2.0,26.5
2015/2016,Jhon Cordoba,Attaquant,1. FSV Mainz 05,22,71,75,4,2,2.0,41.2
2012/2013,Fouad Rachid,Milieu,AS Nancy-Lorraine,21,62,62,0,,-2.0,2.6
2012/2013,Andy Delort,Attaquant,AC Ajaccio,21,66,66,0,,0.0,2.6
2012/2013,Johan Liebus,Gardien,Stade de Reims,34,68,65,-3,,-3.0,2.6
2013/2014,Mana Dembele,Attaquant,En Avant de Guingamp,25,62,66,4,,3.0,5.3
2013/2014,Gael Danic,Milieu,Olympique Lyonnais,32,74,74,0,-1,0.0,2.6
2013/2014,Garry Bocaly,Défenseur,Montpellier Hérault SC,25,73,72,-1,-1,-1.0,7.9
2013/2014,Nabil Dirar,Milieu,AS Monaco,27,74,73,-1,,-1.0,5.3
2013/2014,Nicolas Douchez,Gardien,Paris Saint-Germain,33,76,74,-2,-2,-2.0,2.6
2013/2014,Jerome Roussillon,Défenseur,FC Sochaux-Montbéliard,20,67,67,0,9,0.0,2.6
2014/2015,Djamel Bakar,Attaquant,Montpellier Hérault SC,25,71,70,-1,0,-1.0,2.6
2014/2015,Leo Dubois,Défenseur,FC Nantes,20,58,58,0,,-1.0,2.6
2014/2015,Rachid Alioui,Attaquant,En Avant de Guingamp,22,62,66,4,5,3.0,5.3
2015/2016,Thievy Bifouma,Attaquant,Stade de Reims,23,73,73,0,0,-2.0,26.3
2015/2016,Deniz Hummet,Attaquant,ES Troyes AC,19,57,60,3,,0.0,5.3
2012/2013,Mathis Bolly,Attaquant,Fortuna Düsseldorf,22,57,64,7,,5.0,14.7
2012/2013,Marco Terrazzino,Attaquant,SC Freiburg,21,66,66,0,,0.0,2.9
2012/2013,Patrick Helmes,Attaquant,VfL Wolfsburg,28,76,78,2,,2.0,2.9
2012/2013,Felix Kroos,Milieu,SV Werder Bremen,21,66,64,-2,,-2.0,14.7
2013/2014,Slobodan Rajkovic,Défenseur,Hamburger SV,24,73,73,0,0,0.0,5.9
2013/2014,Julian Schieber,Attaquant,Borussia Dortmund,24,76,75,-1,0,-1.0,2.9
2013/2014,Daniel Didavi,Milieu,VfB Stuttgart,23,75,74,-1,,-1.0,17.6
2014/2015,Maximilian Philipp,Attaquant,SC Freiburg,20,59,67,8,,7.0,29.4
2014/2015,Gojko Kacar,Milieu,Hamburger SV,27,71,71,0,,0.0,20.6
2014/2015,Artur Sobiech,Attaquant,Hannover 96,24,73,71,-2,0,-2.0,11.8
2014/2015,Leroy Sane,Milieu,FC Schalke 04,18,58,66,8,,7.0,20.6
2014/2015,Jakub Blaszczykowski,Milieu,Borussia Dortmund,29,83,82,-1,2,-1.0,17.6
2014/2015,Jefferson Farfan,Milieu,FC Schalke 04,30,83,83,0,-1,0.0,17.6
2014/2015,Jeremy Toljan,Défenseur,TSG 1899 Hoffenheim,20,64,65,1,8,0.0,11.8
2014/2015,Vaclav Kadlec,Milieu,Eintracht Frankfurt,22,72,72,0,3,0.0,2.9
2014/2015,Sascha Burchert,Gardien,Hertha BSC Berlin,25,65,65,0,,0.0,2.9
2014/2015,Marc Vucinovic,Milieu,SC Paderborn 07,26,60,62,2,,1.0,8.8
2015/2016,Alex Manninger,Gardien,FC Augsburg,38,71,72,1,-2,-1.0,2.9
2015/2016,Nabil Bahoui,Milieu,Hamburger SV,24,71,72,1,,-1.0,5.9
2012/2013,Douglao,Défenseur,SC Braga,26,69,71,2,,2.0,43.3
2012/2013,Ruben Amorim,Milieu,SC Braga,27,76,74,-2,,-2.0,56.7
2012/2013,Manuel Jose,Attaquant,FC Paços de Ferreira,31,69,70,1,,1.0,63.3
2012/2013,Rui Rego,Gardien,SC Beira Mar,32,69,67,-2,,-2.0,100.0
2012/2013,Miguel Fernandes Vieira Hugo,Défenseur,SC Beira Mar,36,70,70,0,,0.0,56.7
2012/2013,Serginho,Attaquant,SC Beira Mar,21,58,66,8,,6.0,40.0
2012/2013,Jander,Défenseur,S.C. Olhanense,24,63,69,6,,4.0,76.7
2012/2013,Fernando Alexandre,Milieu,S.C. Olhanense,27,70,69,-1,,-1.0,73.3
2012/2013,Helton,Gardien,FC Porto,34,82,81,-1,,-1.0,100.0
2012/2013,Maicon,Défenseur,FC Porto,24,74,78,4,,4.0,40.0
2012/2013,Rafael Bracalli,Gardien,S.C. Olhanense,31,77,75,-2,,-2.0,83.3
2012/2013,Amidio Balde,Attaquant,Vitória Guimarães,21,64,68,4,,2.0,63.3
2012/2013,Joao Diogo,Défenseur,CS Marítimo,24,58,63,5,,3.0,30.0
2012/2013,Marcio Nascimento Rozario,Défenseur,CS Marítimo,29,69,70,1,,1.0,66.7
2012/2013,Wilson Eduardo,Attaquant,Académica de Coimbra,22,73,73,0,,0.0,70.0
2012/2013,Eder,Attaquant,SC Braga,25,72,78,6,,6.0,56.7
2012/2013,Bruno Gallo,Milieu,Vitória Setúbal,24,63,66,3,,1.0,16.7
2012/2013,Nicolas Gaitan,Milieu,SL Benfica,24,83,81,-2,,-2.0,36.7
2012/2013,Mauricio,Défenseur,S.C. Olhanense,36,69,66,-3,,-3.0,40.0
2012/2013,Luisinho,Défenseur,SL Benfica,27,66,70,4,,4.0,16.7
2012/2013,Pedro Mendes,Défenseur,Sporting CP,22,70,70,0,,0.0,6.7
2012/2013,Jonathan Urretaviscaya,Milieu,SL Benfica,22,73,70,-3,,-3.0,3.3
2012/2013,Elderson,Défenseur,SC Braga,24,72,71,-1,,-1.0,56.7
2012/2013,Nuno Henrique,Défenseur,Académica de Coimbra,26,70,70,0,,0.0,3.3
2012/2013,Abdoulaye Ba,Défenseur,FC Porto,21,70,68,-2,,-2.0,6.7
2013/2014,Helgi Valur Danielsson,Milieu,CF Os Belenenses,32,64,67,3,,2.0,73.3
2013/2014,Ukra,Milieu,Rio Ave FC,25,74,72,-2,0,-2.0,76.7
2013/2014,Diego Lopes,Milieu,Rio Ave FC,19,66,68,2,,2.0,76.7
2013/2014,Yohan Tavares,Défenseur,Estoril Praia,25,68,71,3,,3.0,93.3
2013/2014,Mateus,Attaquant,CD Nacional,29,74,74,0,4,0.0,13.3
2013/2014,Joao Vilela,Milieu,Gil Vicente FC,28,65,67,2,0,2.0,56.7
2013/2014,Jean Barrientos,Attaquant,Vitória Guimarães,23,69,69,0,1,0.0,70.0
2013/2014,Nuno Santos,Défenseur,FC Paços de Ferreira,33,62,65,3,2,2.0,36.7
2013/2014,Cedric Soares,Défenseur,Sporting CP,22,71,76,5,5,5.0,93.3
2013/2014,Pintassilgo,Attaquant,FC Arouca,28,65,67,2,,2.0,70.0
2013/2014,Jackson Martinez,Attaquant,FC Porto,27,80,81,1,6,1.0,96.7
2013/2014,Eric Dier,Défenseur,Sporting CP,19,70,73,3,-2,3.0,26.7
2013/2014,Per Kroeldrup,Défenseur,S.C. Olhanense,34,71,70,-1,-4,-1.0,73.3
2013/2014,Tony,Défenseur,FC Paços de Ferreira,33,67,66,-1,0,-1.0,63.3
2013/2014,Ricardo,Défenseur,FC Paços de Ferreira,33,72,68,-4,3,-4.0,56.7
2013/2014,Seba,Attaquant,Estoril Praia,21,67,72,5,,5.0,53.3
2013/2014,Cassio,Gardien,FC Arouca,33,71,71,0,4,0.0,90.0
2013/2014,Pecks,Défenseur,Gil Vicente FC,20,60,64,4,,3.0,53.3
2013/2014,Diogo Amado,Milieu,Estoril Praia,23,66,68,2,,2.0,63.3
2013/2014,Joao Real,Défenseur,Académica de Coimbra,30,66,68,2,3,2.0,60.0
2013/2014,Roland Linz,Attaquant,CF Os Belenenses,32,67,64,-3,,-3.0,3.3
2013/2014,Etien Velikonja,Attaquant,Rio Ave FC,25,65,63,-2,,-2.0,10.0
2013/2014,Nabil Ghilas,Attaquant,FC Porto,23,74,75,1,,1.0,10.0
2013/2014,Betinho,Attaquant,Vitória Setúbal,20,67,67,0,,0.0,10.0
2013/2014,Eduardo Salvio,Milieu,SL Benfica,23,78,79,1,1,1.0,13.3
2013/2014,Romario,Attaquant,FC Arouca,21,64,64,0,,-1.0,6.7
2014/2015,Marcos Paulo,Milieu,Académica de Coimbra,26,68,69,1,3,1.0,55.9
2014/2015,Rui Patricio,Gardien,Sporting CP,26,81,80,-1,-1,-1.0,97.1
2014/2015,Toze,Milieu,Estoril Praia,21,68,71,3,2,3.0,64.7
2014/2015,Jardel,Défenseur,SL Benfica,28,75,77,2,0,2.0,91.2
2014/2015,Helder Lopes,Défenseur,FC Paços de Ferreira,25,65,66,1,-1,1.0,88.2
2014/2015,Gabriel Moura,Défenseur,Gil Vicente FC,26,66,69,3,,3.0,88.2
2014/2015,Diogo Viana,Attaquant,Gil Vicente FC,24,70,68,-2,,-2.0,73.5
2014/2015,Paulinho,Milieu,Gil Vicente FC,22,62,62,0,,-1.0,11.8
2014/2015,Bernard Mensah,Milieu,Vitória Guimarães,20,69,75,6,,6.0,85.3
2014/2015,Tiago Pinto,Défenseur,Rio Ave FC,26,65,70,5,0,5.0,76.5
2014/2015,Pedro Queiros,Défenseur,Vitória Setúbal,30,66,68,2,0,2.0,82.4
2014/2015,Frederico Venancio,Défenseur,Vitória Setúbal,21,65,67,2,3,2.0,91.2
2014/2015,Matthew Jones,Gardien,CF Os Belenenses,28,68,68,0,,0.0,44.1
2014/2015,Joao Afonso,Défenseur,CF Os Belenenses,32,65,65,0,,0.0,35.3
2014/2015,Joao Dias,Défenseur,Boavista FC,28,63,63,0,-1,-1.0,58.8
2014/2015,Fabiano,Gardien,FC Porto,26,74,77,3,0,3.0,79.4
2014/2015,Danilo,Défenseur,FC Porto,23,77,79,2,1,2.0,85.3
2014/2015,Fernando Marcal,Défenseur,CD Nacional,25,71,73,2,2,2.0,82.4
2014/2015,Edivaldo Rojas,Milieu,Moreirense FC,29,65,65,0,,0.0,20.6
2014/2015,Brito,Attaquant,Boavista FC,27,64,68,4,2,3.0,61.8
2014/2015,Andre Vilas Boas,Défenseur,Rio Ave FC,31,66,67,1,-1,1.0,55.9
2014/2015,Marvin Zeegelaar,Milieu,Rio Ave FC,24,63,67,4,,3.0,47.1
2014/2015,Alex Soares,Milieu,CS Marítimo,23,63,67,4,,3.0,61.8
2014/2015,Miguel Lopes,Défenseur,Sporting CP,28,74,73,-1,-1,-1.0,23.5
2014/2015,Tiago Caeiro,Attaquant,CF Os Belenenses,30,65,65,0,,0.0,5.9
2014/2015,Reginaldo,Attaquant,CD Nacional,24,64,66,2,,1.0,5.9
2014/2015,Luis Olim,Défenseur,CS Marítimo,33,62,63,1,-1,0.0,2.9
2014/2015,Filipe Goncalves,Milieu,Estoril Praia,30,67,67,0,-1,0.0,41.2
2015/2016,Dalcio Gomes,Attaquant,CF Os Belenenses,19,63,69,6,,3.0,5.9
2015/2016,Sturgeon,Milieu,CF Os Belenenses,21,71,74,3,8,1.0,91.2
2015/2016,Lionn,Défenseur,Rio Ave FC,26,68,72,4,0,2.0,79.4
2015/2016,Tarantini,Milieu,Rio Ave FC,32,73,74,1,3,-1.0,73.5
2015/2016,Luisao,Défenseur,SL Benfica,34,80,79,-1,0,-2.0,26.5
2015/2016,Ljubomir Fejsa,Milieu,SL Benfica,27,75,78,3,0,2.0,44.1
2015/2016,Jonas,Attaquant,SL Benfica,31,82,83,1,1,0.0,97.1
2015/2016,Babanco,Milieu,Estoril Praia,30,69,71,2,0,0.0,47.1
2015/2016,Gerso Fernandes,Attaquant,Estoril Praia,24,70,74,4,1,2.0,88.2
2015/2016,Andrezinho,Milieu,FC Paços de Ferreira,20,63,70,7,,4.0,70.6
2015/2016,Emmanuel Boateng,Attaquant,Moreirense FC,19,64,65,1,,-2.0,14.7
2015/2016,David Simao,Milieu,FC Arouca,25,72,73,1,0,-1.0,47.1
2015/2016,Lukas Raeder,Gardien,Vitória Setúbal,22,65,67,2,5,0.0,29.4
2015/2016,Paulo Tavares,Milieu,Vitória Setúbal,30,67,70,3,1,1.0,35.3
2015/2016,Iker Casillas,Gardien,FC Porto,34,84,82,-2,-2,-3.0,94.1
2015/2016,Danilo Pereira,Milieu,FC Porto,24,76,80,4,5,3.0,82.4
2015/2016,Bakary Sare,Milieu,Vitória Guimarães,25,72,74,2,,0.0,67.6
2015/2016,Alex,Milieu,Vitória Guimarães,24,73,71,-2,7,-4.0,5.9
2015/2016,Andre Moreira,Gardien,Uniao da Madeira,20,64,71,7,,4.0,55.9
2015/2016,Joao Mario,Milieu,Sporting CP,22,76,80,4,3,3.0,91.2
2015/2016,Artur,Milieu,FC Arouca,31,71,70,-1,-1,-3.0,79.4
2015/2016,Anderson Talisca,Milieu,SL Benfica,21,76,75,-1,6,-2.0,17.6
2015/2016,Raul,Défenseur,CS Marítimo,26,63,66,3,0,0.0,32.4
2015/2016,Edimar Fraga,Défenseur,Rio Ave FC,29,70,73,3,1,1.0,76.5
2015/2016,Helder Tiago Guedes,Attaquant,Rio Ave FC,28,66,71,5,,3.0,47.1
2015/2016,Andre Micael,Défenseur,Moreirense FC,26,65,66,1,-2,-1.0,55.9
2015/2016,Romeu Rocha,Milieu,FC Paços de Ferreira,29,63,67,4,0,1.0,41.2
2015/2016,Barnes Osei,Milieu,FC Paços de Ferreira,20,62,64,2,,-1.0,32.4
2015/2016,Lica,Milieu,Vitória Guimarães,27,73,72,-1,0,-3.0,70.6
2015/2016,Fredy Montero,Attaquant,Sporting CP,28,76,77,1,-1,0.0,14.7
2015/2016,Mauro,Milieu,SC Braga,25,70,73,3,0,1.0,55.9
2015/2016,Pedro Moreira,Milieu,Rio Ave FC,26,68,69,1,,-1.0,44.1
2015/2016,Uche Nwofor,Attaquant,Boavista FC,24,64,65,1,-1,-2.0,2.9
2015/2016,Rui Fonte,Attaquant,SC Braga,25,69,71,2,2,0.0,32.4
2015/2016,Steven Thicot,Défenseur,Tondela,28,66,66,0,,-2.0,38.2
2015/2016,Anderson Esiti,Milieu,Estoril Praia,21,69,72,3,,1.0,41.2
2015/2016,Enaut Zubikarai,Gardien,Tondela,31,71,71,0,3,-2.0,14.7
2015/2016,Rafael Amorim,Défenseur,CF Os Belenenses,28,65,65,0,2,-2.0,17.6
2015/2016,Rabiola,Attaquant,Académica de Coimbra,26,67,69,2,2,0.0,26.5
2015/2016,Lee,Gardien,Académica de Coimbra,27,66,68,2,-4,0.0,2.9
2012/2013,Adam Matthews,Défenseur,Celtic,20,72,72,0,,0.0,50.0
2012/2013,Russell Anderson,Défenseur,Aberdeen,34,65,66,1,,1.0,78.9
2012/2013,Andrew Considine,Défenseur,Aberdeen,25,62,65,3,,1.0,44.7
2012/2013,Darren Barr,Milieu,Heart of Midlothian,27,63,63,0,,-2.0,78.9
2012/2013,Ryan O'Leary,Défenseur,Kilmarnock,25,61,61,0,,-2.0,57.9
2012/2013,Martin Scott,Milieu,Ross County FC,26,63,60,-3,,-5.0,21.1
2012/2013,Tom Hateley,Défenseur,Motherwell,23,69,66,-3,,-3.0,89.5
2012/2013,Gary Teale,Milieu,St. Mirren,34,65,63,-2,,-2.0,60.5
2012/2013,David Raven,Défenseur,Inverness Caledonian Thistle,27,58,59,1,,-1.0,94.7
2012/2013,Simon King,Défenseur,Inverness Caledonian Thistle,29,59,57,-2,,-4.0,10.5
2012/2013,Barry Douglas,Défenseur,Dundee United,23,64,61,-3,,-5.0,71.1
2012/2013,Jon Daly,Attaquant,Dundee United,29,70,68,-2,,-2.0,92.1
2012/2013,Eoin Doyle,Attaquant,Hibernian,24,58,65,7,,5.0,73.7
2012/2013,Chris Clark,Milieu,Aberdeen,32,63,60,-3,,-5.0,15.8
2012/2013,Danny Grainger,Défenseur,Heart of Midlothian,26,62,65,3,,1.0,34.2
2012/2013,Rowan Vine,Attaquant,St. Johnstone FC,30,62,63,1,,-1.0,73.7
2012/2013,Jim Goodwin,Défenseur,St. Mirren,31,61,64,3,,1.0,76.3
2012/2013,James Forrest,Milieu,Celtic,21,73,72,-1,,-1.0,26.3
2012/2013,Josh Magennis,Milieu,Aberdeen,22,61,62,1,,-1.0,47.4
2012/2013,Mitchell Megginson,Milieu,Aberdeen,20,60,60,0,,-2.0,2.6
2012/2013,Michael Ngoo,Attaquant,Heart of Midlothian,20,62,64,2,,0.0,39.5
2012/2013,Tom Rogic,Milieu,Celtic,20,56,67,11,,9.0,7.9
2012/2013,Paddy McCourt,Milieu,Celtic,29,70,65,-5,,-5.0,10.5
2012/2013,Chris Hogg,Défenseur,Inverness Caledonian Thistle,27,61,60,-1,,-3.0,7.9
2013/2014,Scott Brown,Milieu,Celtic,28,73,72,-1,1,-1.0,97.4
2013/2014,Mark Brown,Gardien,Ross County FC,32,62,58,-4,1,-5.0,73.7
2013/2014,Ross Draper,Milieu,Inverness Caledonian Thistle,25,62,64,2,7,1.0,86.8
2013/2014,Nick Ross,Attaquant,Inverness Caledonian Thistle,22,64,64,0,0,-1.0,65.8
2013/2014,Steven Thompson,Attaquant,St. Mirren,35,68,67,-1,0,-1.0,97.4
2013/2014,Gary Harkins,Milieu,St. Mirren,28,69,66,-3,,-3.0,18.4
2013/2014,Stuart Armstrong,Milieu,Dundee United,21,65,69,4,-1,4.0,84.2
2013/2014,Patrick Cregg,Milieu,St. Johnstone FC,27,63,59,-4,1,-5.0,34.2
2013/2014,Callum Tapping,Milieu,Heart of Midlothian,20,58,57,-1,1,-2.0,34.2
2013/2014,Scott Robinson,Milieu,Heart of Midlothian,21,61,61,0,1,-1.0,81.6
2013/2014,John Rankin,Milieu,Dundee United,30,63,63,0,-4,-1.0,92.1
2013/2014,Ryan McGivern,Défenseur,Hibernian,23,64,60,-4,0,-5.0,81.6
2013/2014,Stewart Carswell,Milieu,Motherwell,20,55,57,2,6,1.0,63.2
2013/2014,Sean Kelly,Défenseur,St. Mirren,20,52,56,4,,3.0,84.2
2013/2014,Brian Graham,Attaquant,Dundee United,25,61,61,0,,-1.0,28.9
2013/2014,Yoann Arquin,Attaquant,Ross County FC,25,59,61,2,,1.0,36.8
2013/2014,Cameron Smith,Milieu,Aberdeen,18,58,61,3,,2.0,21.1
2013/2014,Alan Maybury,Défenseur,Hibernian,35,62,58,-4,-4,-5.0,36.8
2013/2014,Dan Twardzik,Gardien,Motherwell,22,58,58,0,,-1.0,13.2
2013/2014,Orhan Mustafi,Attaquant,Ross County FC,23,59,57,-2,,-3.0,5.3
2013/2014,Stefan Johansen,Milieu,Celtic,22,72,73,1,,1.0,34.2
2013/2014,Liam Polworth,Milieu,Inverness Caledonian Thistle,19,55,56,1,,0.0,18.4
2013/2014,Michael O'Halloran,Milieu,St. Johnstone FC,22,63,63,0,,-1.0,23.7
2013/2014,Samuel Stanton,Milieu,Hibernian,19,60,64,4,,3.0,39.5
2014/2015,Conor Townsend,Défenseur,Dundee United,21,57,61,4,,3.0,42.1
2014/2015,Efe Ambrose,Défenseur,Celtic,26,69,68,-1,1,-1.0,55.3
2014/2015,Ryan Stevenson,Attaquant,Partick Thistle F.C.,30,61,63,2,-4,1.0,73.7
2014/2015,Kevin Thomson,Milieu,Dundee FC,30,60,60,0,-7,-1.0,52.6
2014/2015,Mark Connolly,Défenseur,Kilmarnock,23,62,62,0,,-1.0,65.8
2014/2015,Manuel Pascali,Défenseur,Kilmarnock,33,64,62,-2,-2,-3.0,76.3
2014/2015,Billy McKay,Attaquant,Inverness Caledonian Thistle,26,71,69,-2,3,-2.0,57.9
2014/2015,Craig Reid,Défenseur,Motherwell,28,56,59,3,,2.0,50.0
2014/2015,Fraser Kerr,Défenseur,Motherwell,21,60,60,0,-1,-1.0,42.1
2014/2015,Callum Ball,Attaquant,St. Mirren,22,62,62,0,,-1.0,28.9
2014/2015,David Mackay,Défenseur,St. Johnstone FC,34,64,65,1,1,0.0,89.5
2014/2015,Frazer Wright,Défenseur,St. Johnstone FC,35,66,65,-1,2,-1.0,60.5
2014/2015,Thomas Scobbie,Défenseur,St. Johnstone FC,26,61,61,0,1,-1.0,44.7
2014/2015,Steven Lawless,Milieu,Partick Thistle F.C.,23,60,65,5,,4.0,73.7
2014/2015,Kris Doolan,Attaquant,Partick Thistle F.C.,28,62,64,2,,1.0,47.4
2014/2015,Mark O'Brien,Défenseur,Motherwell,22,68,66,-2,,-2.0,44.7
2014/2015,Brian Easton,Défenseur,St. Johnstone FC,26,61,64,3,0,2.0,81.6
2014/2015,Adam Drury,Milieu,St. Mirren,21,56,57,1,,0.0,26.3
2014/2015,Steven Hammell,Défenseur,Motherwell,32,68,65,-3,0,-3.0,21.1
2014/2015,Stefan Scepovic,Attaquant,Celtic,24,70,69,-1,,-1.0,10.5
2014/2015,Michael Gardyne,Milieu,Ross County FC,28,61,61,0,0,-1.0,57.9
2014/2015,Steven Ross,Milieu,Ross County FC,21,54,56,2,0,1.0,5.3
2014/2015,Alex Harris,Milieu,Dundee FC,20,61,62,1,7,0.0,28.9
2014/2015,Liam Henderson,Milieu,Celtic,18,53,58,5,,4.0,10.5
2014/2015,Marcus Fraser,Défenseur,Ross County FC,20,53,56,3,,2.0,42.1
2014/2015,Paul Dixon,Défenseur,Dundee United,28,67,65,-2,,-2.0,39.5
2014/2015,Lewis Morgan,Milieu,St. Mirren,18,54,54,0,,-1.0,2.6
2014/2015,Filip Twardzik,Milieu,Celtic,21,61,61,0,1,-1.0,2.6
2015/2016,Ryan McGowan,Défenseur,Dundee United,26,67,68,1,0,-1.0,57.9
2015/2016,Charles Telfer,Milieu,Dundee United,20,62,62,0,14,-3.0,13.2
2015/2016,Graeme Shinnie,Défenseur,Aberdeen,24,69,73,4,0,2.0,97.4
2015/2016,Juan Delgado,Attaquant,Heart of Midlothian,22,69,70,1,,-1.0,71.1
2015/2016,Alan Mannus,Gardien,St. Johnstone FC,33,66,68,2,1,0.0,86.8
2015/2016,David Wotherspoon,Milieu,St. Johnstone FC,24,64,65,1,-2,-2.0,84.2
2015/2016,Gary Warren,Défenseur,Inverness Caledonian Thistle,31,67,66,-1,2,-3.0,60.5
2015/2016,Daniel Devine,Défenseur,Inverness Caledonian Thistle,23,59,62,3,0,0.0,97.4
2015/2016,Greg Stewart,Milieu,Dundee FC,25,62,65,3,,0.0,94.7
2015/2016,Darian MacKinnon,Milieu,Hamilton Academical FC,29,55,57,2,,-1.0,78.9
2015/2016,Carlton Morris,Attaquant,Hamilton Academical FC,20,57,59,2,,-1.0,71.1
2015/2016,Emilio Izaguirre,Défenseur,Celtic,29,73,71,-2,1,-4.0,36.8
2015/2016,Kris Commons,Milieu,Celtic,32,73,73,0,-2,-2.0,42.1
2015/2016,Mark O'Hara,Défenseur,Kilmarnock,20,58,60,2,0,-1.0,60.5
2015/2016,Greg Kiltie,Milieu,Kilmarnock,18,56,58,2,0,-1.0,78.9
2015/2016,Sean Dillon,Défenseur,Dundee United,32,60,62,2,0,-1.0,57.9
2015/2016,Darko Bodul,Attaquant,Dundee United,26,65,66,1,,-1.0,18.4
2015/2016,Mark Reynolds,Défenseur,Aberdeen,28,69,70,1,3,-1.0,50.0
2015/2016,Ryan Edwards,Milieu,Partick Thistle F.C.,22,60,60,0,,-3.0,26.3
2015/2016,Jake Taylor,Milieu,Motherwell,24,63,65,2,,-1.0,15.8
2015/2016,Lee Ashcroft,Défenseur,Kilmarnock,22,61,63,2,8,-1.0,36.8
2015/2016,David Wilson,Milieu,Partick Thistle F.C.,21,50,52,2,0,-1.0,10.5
2015/2016,Eiji Kawashima,Gardien,Dundee United,32,69,69,0,-5,-2.0,42.1
2015/2016,Erik Sviatchenko,Défenseur,Celtic,24,70,74,4,,2.0,36.8
2015/2016,Eamonn Brophy,Attaquant,Hamilton Academical FC,19,56,58,2,,-1.0,18.4
2015/2016,Henri Anier,Attaquant,Dundee United,25,61,61,0,-4,-3.0,13.2
2015/2016,Charles Mulgrew,Défenseur,Celtic,29,67,67,0,-1,-2.0,21.1
2015/2016,Barry Robson,Milieu,Aberdeen,37,64,64,0,-2,-3.0,7.9
2015/2016,Ryan McLaughlin,Défenseur,Aberdeen,21,58,61,3,,0.0,2.6
2015/2016,Craig Samson,Gardien,Motherwell,31,63,64,1,0,-2.0,5.3
2015/2016,Justin Johnson,Milieu,Dundee United,19,57,58,1,,-2.0,2.6
2015/2016,Aaron Lennox,Gardien,Aberdeen,22,48,48,0,,-3.0,2.6
2015/2016,Lee McCulloch,Milieu,Kilmarnock,37,63,64,1,,-2.0,2.6
2015/2016,Declan McDaid,Milieu,Partick Thistle F.C.,20,59,59,0,5,-3.0,2.6
2012/2013,Fabri,Gardien,Real Betis Balompié,25,69,71,2,,2.0,5.3
2012/2013,Ruben Perez,Milieu,Real Betis Balompié,23,71,74,3,,3.0,47.4
2012/2013,Jorge Molina,Attaquant,Real Betis Balompié,30,72,74,2,,2.0,57.9
2012/2013,Alvaro Arbeloa,Défenseur,Real Madrid CF,29,80,78,-2,,-2.0,65.8
2012/2013,Joao Pereira,Défenseur,Valencia CF,28,79,80,1,,1.0,73.7
2012/2013,Ricardo Costa,Défenseur,Valencia CF,31,75,76,1,,1.0,65.8
2012/2013,Pedro Rodriguez,Attaquant,FC Barcelona,25,84,84,0,,0.0,60.5
2012/2013,Gonzalo Castro,Milieu,Real Sociedad,28,76,78,2,,2.0,34.2
2012/2013,Fernando Navarro,Défenseur,Sevilla FC,30,76,76,0,,0.0,92.1
2012/2013,Piotr Trochowski,Milieu,Sevilla FC,28,78,75,-3,,-3.0,15.8
2012/2013,Pedro Lopez,Défenseur,Levante UD,29,71,73,2,,2.0,42.1
2012/2013,Pape Kouli Diop,Milieu,Levante UD,26,74,76,2,,2.0,84.2
2012/2013,Diego Godin,Défenseur,Atlético Madrid,26,79,83,4,,4.0,92.1
2012/2013,Javier Paredes,Défenseur,Real Zaragoza,30,68,69,1,,1.0,42.1
2012/2013,Andres Tunez,Défenseur,RC Celta de Vigo,25,63,73,10,,8.0,78.9
2012/2013,Cristian Bustos,Milieu,RC Celta de Vigo,29,66,69,3,,3.0,5.3
2012/2013,Isco,Milieu,Málaga CF,20,77,83,6,,6.0,94.7
2012/2013,Tommer Hemed,Attaquant,RCD Mallorca,25,69,73,4,,4.0,73.7
2012/2013,Javi Lopez,Défenseur,RCD Espanyol,26,70,71,1,,1.0,73.7
2012/2013,Victor Sanchez Mata,Milieu,RCD Espanyol,25,71,74,3,,3.0,86.8
2012/2013,Artiles Oliva Aythami,Défenseur,RC Deportivo de La Coruña,26,69,70,1,,1.0,63.2
2012/2013,Marc Bertran,Défenseur,CA Osasuna,30,71,74,3,,3.0,52.6
2012/2013,Eliseu,Défenseur,Málaga CF,29,73,78,5,,5.0,65.8
2012/2013,Dani Hernandez,Gardien,Real Valladolid,27,64,72,8,,6.0,63.2
2012/2013,Rafa Lopez,Défenseur,Getafe CF,27,74,72,-2,,-2.0,42.1
2012/2013,Iker Muniain,Milieu,Athletic Club de Bilbao,20,80,77,-3,,-3.0,71.1
2012/2013,Obafemi Martins,Attaquant,Levante UD,28,77,78,1,,1.0,47.4
2012/2013,Angel Javier Arizmendi,Milieu,RCD Mallorca,28,70,70,0,,0.0,13.2
2012/2013,Diego Ifran,Attaquant,Real Sociedad,25,70,73,3,,3.0,23.7
2012/2013,Antonio Barragan,Défenseur,Valencia CF,25,73,71,-2,,-2.0,23.7
2012/2013,Michel Herrero,Milieu,Levante UD,24,72,76,4,,4.0,52.6
2012/2013,David Zurutuza,Milieu,Real Sociedad,26,74,74,0,,0.0,36.8
2012/2013,Angel Lopez,Défenseur,Real Betis Balompié,31,74,72,-2,,-2.0,21.1
2012/2013,German Dario Lux,Gardien,RC Deportivo de La Coruña,30,70,72,2,,2.0,7.9
2012/2013,Pablo Piatti,Milieu,Valencia CF,23,74,73,-1,,-1.0,26.3
2012/2013,Francisco Casilla,Gardien,RCD Espanyol,26,68,75,7,,7.0,52.6
2012/2013,Roberto Fernandez,Gardien,Granada CF,33,74,73,-1,,-1.0,36.8
2012/2013,Antonio Adan,Gardien,Real Madrid CF,25,72,69,-3,,-3.0,7.9
2012/2013,Raphael Varane,Défenseur,Real Madrid CF,19,73,81,8,,8.0,31.6
2012/2013,Pablo Sarabia,Milieu,Getafe CF,20,73,70,-3,,-3.0,7.9
2012/2013,Felipe Mattioni Rohde,Défenseur,RCD Espanyol,24,70,69,-1,,-1.0,10.5
2012/2013,Jose Angel,Milieu,Real Sociedad,23,74,72,-2,,-2.0,5.3
2012/2013,Sergio Escudero,Défenseur,Getafe CF,23,71,71,0,,0.0,23.7
2013/2014,Jose Carlos,Milieu,Rayo Vallecano,26,74,75,1,5,1.0,2.6
2013/2014,Javier Jimenez,Gardien,Levante UD,26,65,67,2,,2.0,2.6
2014/2015,Ezequiel Calvente,Attaquant,FC Penafiel,23,68,68,0,,0.0,8.8
2014/2015,Diego Capel,Attaquant,Sporting CP,26,77,74,-3,-2,-3.0,5.9
2014/2015,Luis Gustavo,Milieu,Rio Ave FC,22,65,65,0,1,0.0,2.9
2014/2015,Marcelo Boeck,Gardien,Sporting CP,30,72,72,0,,0.0,2.9
2013/2014,Curtis Good,Défenseur,Dundee United,20,61,61,0,,-1.0,10.5
2013/2014,Euan Murray,Défenseur,Motherwell,19,52,52,0,,-1.0,2.6
2012/2013,Jordi Codina,Gardien,Getafe CF,30,73,71,-2,,-2.0,15.8
2012/2013,Henri Bienvenu Ntsama,Attaquant,Real Zaragoza,24,69,65,-4,,-4.0,2.6
2012/2013,Alberto Moreno,Défenseur,Sevilla FC,20,61,68,7,,5.0,31.6
2012/2013,Leonardo Franco,Gardien,Real Zaragoza,35,70,70,0,,0.0,10.5
2012/2013,Pablo Alcolea Guerrero,Gardien,Real Zaragoza,23,61,61,0,,-2.0,2.6
2012/2013,Sergio Asenjo,Gardien,Atlético Madrid,23,75,74,-1,,-1.0,2.6
2012/2013,Alberto Perea,Milieu,Rayo Vallecano,22,64,64,0,,-2.0,2.6
2012/2013,Dariusz Dudka,Défenseur,Levante UD,29,72,67,-5,,-5.0,2.6
2013/2014,Jhon Cordoba,Attaquant,RCD Espanyol,20,67,69,2,,2.0,39.5
2013/2014,Gustavo Cabral,Défenseur,RC Celta de Vigo,28,70,71,1,1,1.0,60.5
2013/2014,Fabian Orellana,Attaquant,RC Celta de Vigo,27,73,73,0,,0.0,57.9
2013/2014,Oscar de Marcos,Défenseur,Athletic Club de Bilbao,24,75,77,2,5,2.0,50.0
2013/2014,Ander Herrera,Milieu,Athletic Club de Bilbao,24,77,79,2,1,2.0,81.6
2013/2014,Aritz Aduriz,Attaquant,Athletic Club de Bilbao,32,79,79,0,1,0.0,68.4
2013/2014,Pepe,Défenseur,Real Madrid CF,30,84,83,-1,-1,-1.0,78.9
2013/2014,Jordan Loties,Défenseur,CA Osasuna,29,71,71,0,-3,0.0,78.9
2013/2014,Jesus Rueda,Défenseur,Real Valladolid,26,72,72,0,3,0.0,86.8
2013/2014,Carlos Pena,Défenseur,Real Valladolid,30,70,69,-1,3,-1.0,97.4
2013/2014,Fausto Rossi,Milieu,Real Valladolid,23,65,72,7,,7.0,65.8
2013/2014,Julian Ramos Omar,Milieu,Real Valladolid,25,74,74,0,8,0.0,36.8
2013/2014,Manu del Moral,Milieu,Elche CF,29,75,73,-2,-3,-2.0,50.0
2013/2014,Ferran Corominas,Milieu,Elche CF,30,74,74,0,,0.0,86.8
2013/2014,Jose Sosa,Milieu,Atlético Madrid,28,76,77,1,,1.0,10.5
2013/2014,Keylor Navas,Gardien,Levante UD,27,71,78,7,2,7.0,97.4
2013/2014,Loukas Vyntra,Défenseur,Levante UD,32,74,75,1,1,1.0,81.6
2013/2014,Simao,Milieu,Levante UD,25,70,72,2,-1,2.0,78.9
2013/2014,Tito,Défenseur,Rayo Vallecano,28,74,74,0,5,0.0,57.9
2013/2014,Ruben Rochina,Milieu,Rayo Vallecano,22,68,70,2,2,2.0,39.5
2013/2014,Gerard Pique,Défenseur,FC Barcelona,26,86,86,0,-2,0.0,68.4
2013/2014,Alexis Sanchez,Attaquant,FC Barcelona,25,83,82,-1,-2,-1.0,71.1
2013/2014,Lionel Messi,Attaquant,FC Barcelona,26,94,94,0,0,0.0,76.3
2013/2014,Oriol Romeu,Milieu,Valencia CF,22,72,72,0,0,0.0,28.9
2013/2014,Javi Fuego,Milieu,Valencia CF,29,78,78,0,4,0.0,65.8
2013/2014,Cristian Stuani,Milieu,RCD Espanyol,27,74,71,-3,3,-3.0,73.7
2013/2014,Michael Krohn-Dehli,Milieu,RC Celta de Vigo,30,73,72,-1,-1,-1.0,55.3
2013/2014,Gareth Bale,Attaquant,Real Madrid CF,24,86,87,1,1,1.0,63.2
2013/2014,Alejandro Arribas,Défenseur,CA Osasuna,24,76,76,0,4,0.0,94.7
2013/2014,Javier Manquillo,Défenseur,Atlético Madrid,19,62,67,5,,4.0,7.9
2013/2014,Arda Turan,Milieu,Atlético Madrid,26,84,85,1,1,1.0,57.9
2013/2014,Samuel Garcia,Milieu,Málaga CF,23,54,64,10,,9.0,52.6
2013/2014,Marc Valiente,Défenseur,Real Valladolid,26,74,74,0,5,0.0,71.1
2013/2014,Helder Barbosa,Milieu,UD Almería,26,75,74,-1,1,-1.0,18.4
2013/2014,Mounir El Hamdaoui,Attaquant,Málaga CF,29,75,74,-1,-1,-1.0,15.8
2013/2014,Haris Seferovic,Attaquant,Real Sociedad,21,69,74,5,1,5.0,23.7
2013/2014,Damien Perquis,Défenseur,Real Betis Balompié,29,74,74,0,-1,0.0,34.2
2013/2014,Adrian Lopez,Milieu,Atlético Madrid,25,79,78,-1,2,-1.0,10.5
2013/2014,Roque Santa Cruz,Attaquant,Málaga CF,32,76,76,0,-1,0.0,63.2
2013/2014,Neymar,Attaquant,FC Barcelona,21,83,85,2,,2.0,50.0
2013/2014,Fabio Coentrao,Défenseur,Real Madrid CF,25,80,79,-1,-1,-1.0,21.1
2013/2014,Corona,Milieu,UD Almería,32,68,68,0,,0.0,31.6
2013/2014,Jonas,Milieu,Valencia CF,29,81,81,0,1,0.0,60.5
2013/2014,Miguel Pallardo,Milieu,Levante UD,27,67,64,-3,,-3.0,2.6
2013/2014,Sergio Pinto,Milieu,Levante UD,33,75,73,-2,-1,-2.0,26.3
2013/2014,Enaut Zubikarai,Gardien,Real Sociedad,29,68,68,0,2,0.0,2.6
2013/2014,Marko Marin,Milieu,Sevilla FC,24,78,78,0,0,0.0,26.3
2013/2014,Iago Herrerin,Gardien,Athletic Club de Bilbao,25,64,68,4,,3.0,13.2
2013/2014,Benat Etxebarria,Milieu,Athletic Club de Bilbao,26,82,79,-3,8,-3.0,31.6
2013/2014,Fabrice Olinga,Attaquant,Málaga CF,17,62,67,5,,4.0,15.8
2013/2014,Ever Banega,Milieu,Valencia CF,25,79,81,2,-1,2.0,36.8
2013/2014,Weligton,Défenseur,Málaga CF,34,78,78,0,6,0.0,39.5
2013/2014,Joan Roman,Attaquant,Villarreal CF,20,61,66,5,,4.0,2.6
2013/2014,Xabier Etxeita,Défenseur,Athletic Club de Bilbao,26,75,71,-4,,-4.0,5.3
2013/2014,Iker Casillas,Gardien,Real Madrid CF,32,88,86,-2,-1,-2.0,5.3
2013/2014,Sergio Mantecon,Milieu,Elche CF,33,70,68,-2,,-2.0,5.3
2013/2014,Miku,Attaquant,Getafe CF,28,71,71,0,,0.0,7.9
2013/2014,Christian Fernandez,Défenseur,UD Almería,28,69,67,-2,,-2.0,10.5
2014/2015,Beto,Gardien,Sevilla FC,32,78,80,2,0,2.0,47.4
2014/2015,Daniel Parejo,Milieu,Valencia CF,25,77,81,4,1,4.0,86.8
2014/2015,Issam El Adoua,Défenseur,Levante UD,28,70,69,-1,2,-1.0,7.9
2014/2015,Victor Camarasa,Milieu,Levante UD,20,63,71,8,,7.0,52.6
2014/2015,Antonio Rukavina,Défenseur,Villarreal CF,30,75,72,-3,-1,-3.0,39.5
2014/2015,Ikechukwu Uche,Attaquant,Villarreal CF,30,74,78,4,2,4.0,50.0
2014/2015,Miranda,Défenseur,Atlético Madrid,30,81,83,2,1,2.0,60.5
2014/2015,Sergio Sanchez,Défenseur,Málaga CF,28,75,75,0,0,0.0,50.0
2014/2015,Mikel Balenziaga,Défenseur,Athletic Club de Bilbao,26,75,77,2,1,2.0,86.8
2014/2015,Ander Iturraspe,Milieu,Athletic Club de Bilbao,25,78,78,0,2,0.0,52.6
2014/2015,Nolito,Attaquant,RC Celta de Vigo,28,76,79,3,0,3.0,84.2
2014/2015,Sammir,Milieu,Getafe CF,27,73,73,0,,0.0,42.1
2014/2015,Raul Navas,Défenseur,SD Eibar,26,63,73,10,,9.0,73.7
2014/2015,Markel Bergara,Milieu,Real Sociedad,28,76,73,-3,3,-3.0,63.2
2014/2015,Imanol Agirretxe,Attaquant,Real Sociedad,27,77,78,1,1,1.0,55.3
2014/2015,Hector Yuste,Milieu,Granada CF,26,65,67,2,,2.0,10.5
2014/2015,Sergio Busquets,Milieu,FC Barcelona,26,85,85,0,0,0.0,76.3
2014/2015,Przemyslaw Tyton,Gardien,Elche CF,27,75,75,0,-1,0.0,84.2
2014/2015,Pedro Mosquera,Milieu,Elche CF,26,70,74,4,1,4.0,63.2
2014/2015,Jonathas,Attaquant,Elche CF,25,71,75,4,,4.0,89.5
2014/2015,Juan Carlos,Gardien,Córdoba CF,26,60,69,9,,8.0,84.2
2014/2015,Adrian Gunino,Défenseur,Córdoba CF,25,66,68,2,,2.0,55.3
2014/2015,Aleksandar Pantic,Défenseur,Córdoba CF,22,70,71,1,,1.0,71.1
2014/2015,Inigo Lopez,Défenseur,Córdoba CF,32,71,72,1,0,1.0,55.3
2014/2015,Anaitz Arbilla,Défenseur,RCD Espanyol,27,70,70,0,2,0.0,65.8
2014/2015,Guilherme Siqueira,Défenseur,Atlético Madrid,28,77,77,0,2,0.0,63.2
2014/2015,Luso,Milieu,Córdoba CF,30,64,69,5,,4.0,42.1
2014/2015,Fredy Hinestroza,Milieu,Getafe CF,24,66,67,1,,1.0,55.3
2014/2015,Cristian Herrera,Attaquant,Elche CF,23,67,70,3,7,3.0,18.4
2014/2015,Lucas Vazquez,Milieu,RCD Espanyol,23,65,72,7,,7.0,78.9
2014/2015,Jose Dorado,Défenseur,Villarreal CF,32,71,73,2,0,2.0,34.2
2014/2015,Luis Suarez,Attaquant,FC Barcelona,27,89,89,0,3,0.0,65.8
2014/2015,Sergi Gomez,Défenseur,RC Celta de Vigo,22,65,69,4,,4.0,36.8
2014/2015,Raul Garcia,Milieu,Atlético Madrid,28,79,79,0,1,0.0,44.7
2014/2015,Borja Viguera,Milieu,Athletic Club de Bilbao,27,66,74,8,,8.0,26.3
2014/2015,Emiliano Insua,Défenseur,Rayo Vallecano,25,78,77,-1,1,-1.0,55.3
2014/2015,Jose Gimenez,Défenseur,Atlético Madrid,19,71,75,4,,4.0,50.0
2014/2015,Piti,Milieu,Granada CF,33,75,76,1,0,1.0,73.7
2014/2015,Jon Aurtenetxe,Défenseur,Athletic Club de Bilbao,22,72,74,2,-2,2.0,7.9
2014/2015,Inaki Williams,Milieu,Athletic Club de Bilbao,20,60,73,13,,12.0,39.5
2014/2015,Mane,Défenseur,UD Almería,33,68,70,2,-1,2.0,7.9
2014/2015,Jozabed,Milieu,Rayo Vallecano,23,61,65,4,,3.0,26.3
2014/2015,Charles,Attaquant,RC Celta de Vigo,30,75,76,1,1,1.0,31.6
2014/2015,Alejandro Pozuelo,Milieu,Rayo Vallecano,23,71,71,0,3,0.0,7.9
2014/2015,Bebe,Milieu,Córdoba CF,24,70,73,3,5,3.0,42.1
2015/2016,Juanfran Garcia,Défenseur,Levante UD,39,71,72,1,-3,-1.0,50.0
2015/2016,Nabil Ghilas,Attaquant,Levante UD,25,75,73,-2,0,-3.0,26.3
2015/2016,Johny,Défenseur,RC Celta de Vigo,21,72,76,4,2,2.0,89.5
2015/2016,Pablo Hernandez,Milieu,RC Celta de Vigo,29,74,77,3,1,1.0,73.7
2015/2016,Juanfran,Défenseur,Atlético Madrid,30,79,81,2,0,1.0,89.5
2015/2016,Filipe Luis,Défenseur,Atlético Madrid,30,81,82,1,-1,0.0,84.2
2015/2016,Antoine Griezmann,Attaquant,Atlético Madrid,24,82,84,2,0,1.0,94.7
2015/2016,Jackson Martinez,Attaquant,Atlético Madrid,29,83,83,0,2,-1.0,21.1
2015/2016,Carlos Kameni,Gardien,Málaga CF,31,75,79,4,0,3.0,73.7
2015/2016,Raul Albentosa,Défenseur,Málaga CF,27,70,74,4,6,2.0,71.1
2015/2016,Claudio Bravo,Gardien,FC Barcelona,32,83,83,0,2,-1.0,84.2
2015/2016,Salva Ruiz,Défenseur,Granada CF,20,64,67,3,,0.0,2.6
2015/2016,Javi Moreno Marquez,Milieu,Granada CF,29,72,74,2,4,0.0,42.1
2015/2016,Xabi Irureta,Gardien,SD Eibar,29,75,75,0,10,-1.0,10.5
2015/2016,Pedro Leon,Milieu,Getafe CF,29,79,78,-1,0,-2.0,60.5
2015/2016,Jaume Costa,Défenseur,Villarreal CF,27,72,78,6,2,4.0,44.7
2015/2016,Sergio Ramos,Défenseur,Real Madrid CF,29,87,87,0,1,-1.0,60.5
2015/2016,Cristiano Ronaldo,Attaquant,Real Madrid CF,30,92,93,1,0,0.0,94.7
2015/2016,Celso Borges,Milieu,RC Deportivo de La Coruña,27,73,77,4,1,2.0,55.3
2015/2016,Xabier Prieto,Milieu,Real Sociedad,32,79,77,-2,-1,-3.0,71.1
2015/2016,Manucho,Attaquant,Rayo Vallecano,32,74,76,2,1,0.0,13.2
2015/2016,Nacho Fernandez,Défenseur,Real Madrid CF,25,72,77,5,1,3.0,31.6
2015/2016,Yuri Berchiche,Défenseur,Real Sociedad,25,70,74,4,6,2.0,55.3
2015/2016,Sergio Alvarez,Gardien,RC Celta de Vigo,29,74,76,2,6,0.0,78.9
2015/2016,Jaume,Gardien,Valencia CF,25,65,74,9,,7.0,44.7
2015/2016,Jonas Gutierrez,Milieu,RC Deportivo de La Coruña,32,73,74,1,0,-1.0,7.9
2015/2016,Ignacio Camacho,Milieu,Málaga CF,25,80,80,0,2,-1.0,60.5
2015/2016,Adnane Tighadouini,Milieu,Málaga CF,23,70,74,4,5,2.0,10.5
2015/2016,Cristiano Biraghi,Défenseur,Granada CF,23,70,73,3,3,1.0,84.2
2015/2016,Mariano,Défenseur,Sevilla FC,29,74,77,3,0,1.0,47.4
2015/2016,Carlos Martinez,Défenseur,Real Sociedad,29,76,78,2,-1,1.0,15.8
2015/2016,Petros,Milieu,Real Betis Balompié,26,72,76,4,,2.0,71.1
2015/2016,Rafael van der Vaart,Milieu,Real Betis Balompié,32,77,77,0,-5,-1.0,5.3
2015/2016,Juan Rafael Fuentes,Défenseur,RCD Espanyol,25,68,71,3,0,1.0,23.7
2015/2016,Sergio Canales,Milieu,Real Sociedad,24,79,79,0,2,-1.0,28.9
2015/2016,Eneko Boveda,Défenseur,Athletic Club de Bilbao,27,73,76,3,7,1.0,39.5
2015/2016,Igor Lichnovsky,Défenseur,Real Sporting de Gijón,21,66,68,2,,0.0,5.3
2015/2016,Adriano,Défenseur,FC Barcelona,31,76,77,1,-1,0.0,10.5
2015/2016,Diego Marino,Gardien,Levante UD,25,72,73,1,1,-1.0,60.5
2015/2016,Joan Jordan,Milieu,RCD Espanyol,21,57,66,9,,6.0,13.2
2015/2016,Daniel Carrico,Défenseur,Sevilla FC,27,79,80,1,5,0.0,28.9
2015/2016,Ibai Gomez,Milieu,Athletic Club de Bilbao,26,77,77,0,1,-1.0,2.6
2015/2016,Moi Gomez,Milieu,Getafe CF,21,77,76,-1,7,-2.0,23.7
2015/2016,Federico Fazio,Défenseur,Sevilla FC,28,78,77,-1,0,-2.0,10.5
2015/2016,Diego Alves,Gardien,Valencia CF,30,82,82,0,1,-1.0,34.2
2012/2013,Laglais Xavier Kouassi,Milieu,Servette FC,23,62,64,2,,0.0,75.0
2012/2013,Cabral,Milieu,FC Basel,24,65,65,0,,0.0,63.9
2012/2013,Gilles Yapi,Milieu,FC Basel,30,72,74,2,,2.0,33.3
2012/2013,Valentin Stocker,Milieu,FC Basel,23,75,75,0,,0.0,80.6
2012/2013,Nelson Ferreira,Milieu,FC Thun,30,67,65,-2,,-2.0,58.3
2012/2013,Dennis Hediger,Milieu,FC Thun,26,63,60,-3,,-5.0,50.0
2012/2013,Enrico Schirinzi,Défenseur,FC Thun,28,62,58,-4,,-6.0,86.1
2012/2013,David Zibung,Gardien,FC Luzern,28,66,64,-2,,-2.0,94.4
2012/2013,Loris Benito,Défenseur,FC Zürich,20,55,57,2,,0.0,77.8
2012/2013,Marco Schoenbaechler,Milieu,FC Zürich,22,65,64,-1,,-1.0,58.3
2012/2013,Xavier Hochstrasser,Milieu,FC Luzern,24,64,62,-2,,-4.0,44.4
2012/2013,Jerome Sonnerat,Défenseur,FC Lausanne-Sports,27,58,59,1,,-1.0,75.0
2012/2013,Thomas Reinmann,Défenseur,FC Thun,29,61,61,0,,-2.0,77.8
2012/2013,Roland Baettig,Milieu,FC Thun,33,65,64,-1,,-1.0,50.0
2012/2013,Philippe Koch,Défenseur,FC Zürich,21,66,66,0,,0.0,75.0
2012/2013,Davide Chiumiento,Milieu,FC Zürich,28,69,65,-4,,-4.0,44.4
2012/2013,Fabian Frei,Milieu,FC Basel,23,69,70,1,,1.0,66.7
2012/2013,Vullnet Basha,Milieu,FC Sion,22,62,63,1,,-1.0,50.0
2012/2013,Jeremy Maniere,Défenseur,FC Thun,21,52,51,-1,,-3.0,2.8
2012/2013,Moritz Bauer,Défenseur,Grasshopper Club Zürich,20,54,55,1,,-1.0,30.6
2012/2013,Michael Siegfried,Milieu,FC Thun,24,56,56,0,,-2.0,16.7
2012/2013,Francois Affolter,Défenseur,BSC Young Boys,21,70,70,0,,0.0,8.3
2012/2013,Christian Schlauri,Défenseur,Servette FC,27,53,53,0,,-2.0,2.8
2013/2014,Christoph Spycher,Milieu,BSC Young Boys,35,65,64,-1,-2,-1.0,72.2
2013/2014,Michael Frey,Milieu,BSC Young Boys,19,60,65,5,11,4.0,80.6
2013/2014,Andre Marques,Milieu,FC Sion,26,64,64,0,-4,-1.0,2.8
2013/2014,Pedro Henrique,Milieu,FC Zürich,23,63,68,5,0,4.0,55.6
2013/2014,Amine Mohamed Chermiti,Attaquant,FC Zürich,26,69,68,-1,2,-1.0,22.2
2013/2014,Berat Sadik,Attaquant,FC Thun,27,64,64,0,0,-1.0,41.7
2013/2014,Jerome Thiesson,Milieu,FC Luzern,26,58,57,-1,-1,-2.0,61.1
2013/2014,Claudio Lustenberger,Défenseur,FC Luzern,26,63,64,1,1,0.0,69.4
2013/2014,Mickael Facchinetti,Milieu,FC Lausanne-Sports,22,62,62,0,-1,-1.0,72.2
2013/2014,Daniel Lopar,Gardien,FC St. Gallen,28,62,62,0,,-1.0,83.3
2013/2014,Kristian Nushi,Milieu,FC St. Gallen,31,61,62,1,,0.0,61.1
2013/2014,Veroljub Salatic,Milieu,Grasshopper Club Zürich,28,69,71,2,,2.0,86.1
2013/2014,Vilmos Vanczak,Défenseur,FC Sion,30,68,67,-1,1,-1.0,80.6
2013/2014,Marco Mathys,Milieu,FC St. Gallen,26,56,63,7,,6.0,80.6
2013/2014,Yaya Banana,Défenseur,FC Lausanne-Sports,22,69,70,1,2,1.0,63.9
2013/2014,Hekuran Kryeziu,Défenseur,FC Luzern,20,59,59,0,-4,-1.0,8.3
2013/2014,Frank Feltscher,Milieu,Grasshopper Club Zürich,25,65,62,-3,4,-3.0,16.7
2013/2014,Anatole Ngamukol,Attaquant,Grasshopper Club Zürich,25,65,66,1,,1.0,33.3
2013/2014,Birama Ndoye,Milieu,FC Sion,19,54,63,9,,8.0,52.8
2013/2014,Marcelo Diaz,Milieu,FC Basel,27,67,70,3,0,3.0,36.1
2013/2014,Sava Miladinovic Bento,Milieu,FC Luzern,22,61,57,-4,,-5.0,8.3
2013/2014,Romain Dessarzin,Milieu,FC Lausanne-Sports,20,48,53,5,,4.0,11.1
2013/2014,Matteo Fedele,Milieu,FC Sion,21,57,60,3,,2.0,25.0
2014/2015,Olivier Jaeckle,Défenseur,FC Aarau,21,58,58,0,,-1.0,69.4
2014/2015,Kim Jaggy,Défenseur,FC Aarau,32,63,61,-2,,-3.0,97.2
2014/2015,Sandro Burki,Milieu,FC Aarau,29,58,59,1,,0.0,94.4
2014/2015,Dejan Janjatovic,Milieu,FC St. Gallen,22,64,66,2,7,1.0,72.2
2014/2015,Albert Bunjaku,Milieu,FC St. Gallen,31,72,68,-4,,-4.0,66.7
2014/2015,Yvon Mvogo,Gardien,BSC Young Boys,20,59,71,12,10,11.0,97.2
2014/2015,Alexander Gonzalez,Milieu,FC Thun,22,63,65,2,1,1.0,66.7
2014/2015,Remo Freuler,Milieu,FC Luzern,22,64,64,0,,-1.0,91.7
2014/2015,Jahmir Hyka,Milieu,FC Luzern,26,70,64,-6,4,-6.0,22.2
2014/2015,Demetris Christofi,Milieu,FC Sion,26,72,69,-3,,-3.0,36.1
2014/2015,Sanel Jahic,Défenseur,Grasshopper Club Zürich,33,68,63,-5,,-5.0,36.1
2014/2015,Munas Dabbur,Attaquant,Grasshopper Club Zürich,22,61,70,9,,8.0,88.9
2014/2015,Marco Streller,Attaquant,FC Basel,33,72,71,-1,0,-1.0,55.6
2014/2015,Nicolas Schindelholz,Défenseur,FC Thun,26,63,63,0,0,-1.0,25.0
2014/2015,Dusan Djuric,Milieu,FC Aarau,30,70,65,-5,,-5.0,38.9
2014/2015,Florent Hadergjonaj,Défenseur,BSC Young Boys,20,51,57,6,,5.0,63.9
2014/2015,Lorenzo Bucchi,Gardien,FC Luzern,31,57,56,-1,,-2.0,5.6
2014/2015,Alain Nef,Défenseur,FC Zürich,32,65,62,-3,-1,-3.0,75.0
2014/2015,Nathan Sinkala,Milieu,Grasshopper Club Zürich,24,63,63,0,,-1.0,11.1
2014/2015,Asmir Kajevic,Milieu,FC Zürich,24,58,58,0,0,-1.0,38.9
2014/2015,Chadrac Akolo,Milieu,FC Sion,19,55,55,0,,-1.0,8.3
2014/2015,Nico Elvedi,Défenseur,FC Zürich,18,50,55,5,,4.0,33.3
2014/2015,Nassim Ben Khalifa,Milieu,Grasshopper Club Zürich,22,68,64,-4,-1,-4.0,22.2
2014/2015,Ebenezer Assifuah,Milieu,FC Sion,21,67,65,-2,,-2.0,22.2
2014/2015,Richard Magyar,Défenseur,FC Aarau,23,64,64,0,,-1.0,13.9
2014/2015,Mike Kleiber,Milieu,FC Zürich,21,53,53,0,,-1.0,5.6
2015/2016,Marco Schneuwly,Attaquant,FC Luzern,30,67,68,1,2,-1.0,97.2
2015/2016,Vincent Ruefli,Défenseur,FC Sion,27,67,69,2,-2,0.0,58.3
2015/2016,Moussa Konate,Attaquant,FC Sion,22,70,73,3,5,1.0,72.2
2015/2016,Adama Traore,Défenseur,FC Basel,25,71,74,3,,1.0,44.4
2015/2016,Peter Jehle,Gardien,FC Vaduz,33,61,62,1,,-2.0,94.4
2015/2016,Diego Ciccone,Milieu,FC Vaduz,28,52,57,5,,2.0,86.1
2015/2016,Shani Tarashaj,Milieu,Grasshopper Club Zürich,20,58,68,10,7,7.0,72.2
2015/2016,Alexander Gerndt,Attaquant,BSC Young Boys,29,70,72,2,-1,0.0,63.9
2015/2016,Philipp Degen,Défenseur,FC Basel,32,62,65,3,-3,0.0,16.7
2015/2016,Luca Zuffi,Milieu,FC Basel,25,69,76,7,13,5.0,77.8
2015/2016,Davide Calla,Milieu,FC Basel,31,63,66,3,0,0.0,38.9
2015/2016,Sebastian Schachten,Défenseur,FC Luzern,31,66,68,2,,0.0,38.9
2015/2016,Gonzalo Zarate,Milieu,FC Thun,31,64,64,0,-4,-3.0,72.2
2015/2016,Walter Samuel,Défenseur,FC Basel,37,70,74,4,-10,2.0,41.7
2015/2016,Marco Woelfli,Gardien,BSC Young Boys,33,64,65,1,0,-2.0,5.6
2015/2016,Daniel Follonier,Milieu,FC Sion,21,64,64,0,11,-3.0,16.7
2014/2015,Dejan Lekic,Attaquant,SD Eibar,29,69,70,1,,1.0,2.6
2014/2015,Sergi Roberto,Milieu,FC Barcelona,22,74,75,1,0,1.0,10.5
2014/2015,Jan Oblak,Gardien,Atlético Madrid,21,77,77,0,3,0.0,28.9
2014/2015,Fernando Damian Tissone,Milieu,Málaga CF,28,74,73,-1,1,-1.0,7.9
2014/2015,"Juanpi,20",Attaquant,Málaga CF,20,57,69,12,,11.0,5.3
2014/2015,Jese Rodriguez,Attaquant,Real Madrid CF,21,76,76,0,1,0.0,7.9
2014/2015,Thomas Vermaelen,Défenseur,FC Barcelona,29,79,79,0,-2,0.0,2.6
2015/2016,Nacho Monsalve,Défenseur,Atlético Madrid,21,58,65,7,,4.0,2.6
2015/2016,Mariano Damian Barbosa,Gardien,Villarreal CF,31,74,75,1,4,-1.0,5.3
2015/2016,Nicolas Pareja,Défenseur,Sevilla FC,31,78,77,-1,3,-2.0,2.6
2012/2013,Abdoul Karim Yoda,Attaquant,FC Sion,24,63,63,0,,-2.0,5.6
2012/2013,Yanick Brecher,Gardien,FC Zürich,19,57,60,3,,1.0,2.8
2015/2016,Marcel Herzog,Gardien,FC St. Gallen,35,61,60,-1,3,-4.0,5.6
2012/2013,Baptiste Martin,Défenseur,KV Kortrijk,27,64,68,4,,2.0,90.0
2012/2013,Silvio Proto,Gardien,RSC Anderlecht,29,73,75,2,,2.0,96.7
2012/2013,Olivier Deschacht,Défenseur,RSC Anderlecht,31,70,70,0,,0.0,66.7
2012/2013,Behrang Safari,Défenseur,RSC Anderlecht,27,70,70,0,,0.0,43.3
2012/2013,Reynaldo,Milieu,RSC Anderlecht,23,65,66,1,,1.0,3.3
2012/2013,Kanu,Milieu,RSC Anderlecht,25,68,70,2,,2.0,46.7
2012/2013,Dries Wuytens,Milieu,Beerschot AC,21,61,63,2,,0.0,6.7
2012/2013,Ludovic Buysens,Défenseur,Oud-Heverlee Leuven,26,63,63,0,,-2.0,30.0
2012/2013,Stefan Gislason,Milieu,Oud-Heverlee Leuven,32,65,65,0,,0.0,86.7
2012/2013,Laurent Ciman,Défenseur,Standard de Liège,27,70,71,1,,1.0,96.7
2012/2013,Steve Colpaert,Défenseur,SV Zulte-Waregem,26,67,69,2,,2.0,80.0
2012/2013,Jens Naessens,Attaquant,SV Zulte-Waregem,21,62,67,5,,3.0,60.0
2012/2013,Wannes van Tricht,Milieu,KV Mechelen,19,52,63,11,,9.0,23.3
2012/2013,Tom Hoegli,Défenseur,Club Brugge KV,28,71,69,-2,,-2.0,46.7
2012/2013,Siebe Blondelle,Défenseur,Waasland-Beveren,26,62,63,1,,-1.0,70.0
2012/2013,Bas Sibum,Milieu,Waasland-Beveren,30,67,67,0,,0.0,96.7
2012/2013,Christian Bruels,Milieu,KAA Gent,24,72,70,-2,,-2.0,70.0
2012/2013,Matz Sels,Gardien,Lierse SK,20,52,65,13,,11.0,100.0
2012/2013,Rachid Bourabia,Milieu,Lierse SK,27,64,66,2,,0.0,100.0
2012/2013,Lucas van Eenoo,Milieu,KSV Cercle Brugge,21,64,67,3,,1.0,93.3
2012/2013,Igor Vetokele,Attaquant,KSV Cercle Brugge,20,63,67,4,,2.0,13.3
2012/2013,Bart Buysse,Défenseur,Club Brugge KV,26,66,67,1,,1.0,43.3
2012/2013,Valery Nahayo,Défenseur,KAA Gent,28,67,66,-1,,-1.0,33.3
2012/2013,Cristophe Diandy,Milieu,Sporting Charleroi,22,61,65,4,,2.0,73.3
2012/2013,Thorgan Hazard,Milieu,SV Zulte-Waregem,19,56,72,16,,14.0,76.7
2012/2013,Tomislav Pacovski,Gardien,KV Mechelen,30,66,68,2,,2.0,73.3
2012/2013,Brecht Dejaeghere,Milieu,KV Kortrijk,21,60,68,8,,6.0,83.3
2012/2013,Paul-Jose M'Poku,Milieu,Standard de Liège,20,63,72,9,,7.0,46.7
2012/2013,Abdul-Yakinu Iddi,Milieu,KV Mechelen,26,61,66,5,,3.0,60.0
2012/2013,Mathieu Debisschop,Défenseur,RAEC Mons,28,59,62,3,,1.0,33.3
2012/2013,Fredrik Stenman,Défenseur,Club Brugge KV,29,72,71,-1,,-1.0,33.3
2012/2013,Jeroen Simaeys,Défenseur,KRC Genk,27,69,71,2,,2.0,33.3
2012/2013,Jerry Vandam,Défenseur,KV Mechelen,24,67,66,-1,,-1.0,13.3
2013/2014,Danijel Milicevic,Milieu,KAA Gent,27,65,69,4,,4.0,66.7
2013/2014,Dalibor Veselinovic,Attaquant,Waasland-Beveren,26,64,65,1,-1,0.0,33.3
2014/2015,Mehdi Carcela-Gonzalez,Milieu,Standard de Liège,25,73,73,0,,0.0,30.0
2014/2015,Francois Marquet,Milieu,Standard de Liège,19,59,62,3,,2.0,10.0
2014/2015,Igor de Camargo,Attaquant,Standard de Liège,31,73,73,0,,0.0,86.7
2014/2015,Houdret,Milieu,Sporting Charleroi,21,58,60,2,,1.0,16.7
2014/2015,Fernando,Milieu,Club Brugge KV,33,70,72,2,,2.0,26.7
2014/2015,Joey Godee,Milieu,KSV Cercle Brugge,25,62,63,1,0,0.0,43.3
2014/2015,Igor Berezovsky,Gardien,Lierse SK,24,65,65,0,11,0.0,26.7
2014/2015,Andile Jali,Milieu,KV Oostende,24,73,71,-2,-1,-2.0,76.7
2014/2015,Sheldon Bateau,Défenseur,KV Mechelen,23,67,67,0,,0.0,60.0
2014/2015,Luka Milivojevic,Milieu,RSC Anderlecht,23,69,70,1,,1.0,10.0
2014/2015,Jose Izquierdo,Milieu,Club Brugge KV,22,72,74,2,,2.0,53.3
2014/2015,Steven Defour,Milieu,RSC Anderlecht,26,75,76,1,-2,1.0,63.3
2014/2015,Joachim van Damme,Milieu,KV Mechelen,23,63,65,2,,1.0,36.7
2014/2015,Tiago Ferreira,Défenseur,SV Zulte-Waregem,21,64,64,0,,-1.0,6.7
2014/2015,Kenny Steppe,Gardien,Waasland-Beveren,26,63,63,0,0,-1.0,26.7
2014/2015,Sverrir Ingi Ingason,Défenseur,Sporting Lokeren,21,56,66,10,,9.0,20.0
2014/2015,Boli Bolingoli-Mbombo,Attaquant,Club Brugge KV,19,63,66,3,,2.0,6.7
2015/2016,Yuji Ono,Milieu,Sint-Truidense VV,23,67,68,1,0,-1.0,63.3
2015/2016,Maxime Chanot,Défenseur,KV Kortrijk,26,67,72,5,3,3.0,90.0
2015/2016,Nebojsa Pavlovic,Milieu,KV Kortrijk,34,69,69,0,2,-2.0,76.7
2015/2016,Dino Arslanagic,Défenseur,Standard de Liège,22,69,69,0,-1,-2.0,40.0
2015/2016,Ricardo Faty,Défenseur,Standard de Liège,29,68,70,2,1,0.0,16.7
2015/2016,Thomas Buffel,Milieu,KRC Genk,34,71,71,0,-1,-2.0,86.7
2015/2016,Michiel Jonckheere,Milieu,KV Oostende,25,62,67,5,1,2.0,30.0
2015/2016,Laurens Paulussens,Défenseur,KV Mechelen,25,63,67,4,,1.0,80.0
2015/2016,Abdou Diallo,Défenseur,SV Zulte-Waregem,19,62,66,4,,1.0,90.0
2015/2016,Killan Overmeire,Milieu,Sporting Lokeren,30,71,73,2,0,0.0,93.3
2015/2016,Sven Kums,Milieu,KAA Gent,27,71,78,7,2,5.0,100.0
2015/2016,Laurent Depoitre,Attaquant,KAA Gent,27,70,76,6,5,4.0,83.3
2015/2016,Idrissa Sylla,Attaquant,RSC Anderlecht,25,69,72,3,3,1.0,33.3
2015/2016,Gary Coulibaly,Défenseur,Waasland-Beveren,29,64,67,3,,0.0,90.0
2015/2016,David Pollet,Attaquant,Sporting Charleroi,27,69,70,1,-1,-1.0,60.0
2015/2016,Seth De Witte,Défenseur,KV Mechelen,28,70,72,2,2,0.0,76.7
2015/2016,Darwin Andrade,Défenseur,Standard de Liège,24,68,70,2,2,0.0,36.7
2015/2016,Mame Baba Thiam,Attaquant,SV Zulte-Waregem,23,63,71,8,,5.0,76.7
2015/2016,Tim Matthijs,Attaquant,KV Mechelen,32,64,68,4,-4,1.0,66.7
2015/2016,Fredric Brillant,Défenseur,KV Oostende,30,65,66,1,0,-1.0,23.3
2015/2016,Kalifa Coulibaly,Attaquant,KAA Gent,24,64,69,5,,2.0,16.7
2015/2016,Fabrice N'Sakala,Défenseur,RSC Anderlecht,25,70,70,0,0,-2.0,13.3
2015/2016,Eyong Enoh,Milieu,Standard de Liège,29,71,71,0,0,-2.0,40.0
2015/2016,Jordan Mustoe,Défenseur,KVC Westerlo,24,60,64,4,3,1.0,53.3
2015/2016,Marco Bizot,Gardien,KRC Genk,24,70,71,1,-1,-1.0,46.7
2015/2016,Bjorn Engels,Défenseur,Club Brugge KV,21,72,75,3,2,1.0,33.3
2015/2016,Marko Poletanovic,Attaquant,SV Zulte-Waregem,22,66,65,-1,,-3.0,13.3
2012/2013,Antonio Valencia,Milieu,Manchester United,27,83,83,0,,0.0,63.2
2012/2013,Alex Kacaniklic,Milieu,Fulham,21,63,72,9,,7.0,42.1
2012/2013,Bryan Ruiz,Attaquant,Fulham,27,81,82,1,,1.0,68.4
2012/2013,Steven Taylor,Défenseur,Newcastle United,26,76,76,0,,0.0,63.2
2012/2013,William Gallas,Défenseur,Tottenham Hotspur,35,78,76,-2,,-2.0,42.1
2012/2013,Jake Livermore,Milieu,Tottenham Hotspur,23,70,74,4,,4.0,10.5
2012/2013,Jermain Defoe,Attaquant,Tottenham Hotspur,30,81,82,1,,1.0,71.1
2012/2013,Angel Rangel,Défenseur,Swansea City,30,71,76,5,,5.0,78.9
2012/2013,Wayne Routledge,Milieu,Swansea City,27,73,74,1,,1.0,78.9
2012/2013,Chris Gunter,Défenseur,Reading,23,72,70,-2,,-2.0,52.6
2012/2013,Kaspars Gorkss,Défenseur,Reading,31,69,67,-2,,-2.0,36.8
2012/2013,Hal Robson-Kanu,Milieu,Reading,23,65,68,3,,3.0,34.2
2012/2013,Marc Wilson,Défenseur,Stoke City,25,74,74,0,,0.0,50.0
2012/2013,Glenn Whelan,Milieu,Stoke City,28,75,73,-2,,-2.0,81.6
2012/2013,Jonathan Walters,Milieu,Stoke City,29,75,73,-2,,-2.0,100.0
2012/2013,Peter Odemwingie,Attaquant,West Bromwich Albion,31,78,74,-4,,-4.0,34.2
2012/2013,Kevin Nolan,Milieu,West Ham United,30,74,70,-4,,-4.0,92.1
2012/2013,Matthew Taylor,Milieu,West Ham United,31,73,71,-2,,-2.0,36.8
2012/2013,Matthew Lowton,Défenseur,Aston Villa,23,63,73,10,,8.0,97.4
2012/2013,Ali Al-Habsi,Gardien,Wigan Athletic,31,77,79,2,,2.0,76.3
2012/2013,Petr Cech,Gardien,Chelsea,30,84,84,0,,0.0,94.7
2012/2013,Bacary Sagna,Défenseur,Arsenal,29,83,80,-3,,-3.0,65.8
2012/2013,Olivier Giroud,Attaquant,Arsenal,26,80,80,0,,0.0,63.2
2012/2013,Esteban Granero,Milieu,Queens Park Rangers,25,79,78,-1,,-1.0,50.0
2012/2013,Andreas Weimann,Attaquant,Aston Villa,21,67,72,5,,5.0,68.4
2012/2013,Oscar,Milieu,Chelsea,21,77,82,5,,5.0,63.2
2012/2013,Tom Huddlestone,Milieu,Tottenham Hotspur,26,79,77,-2,,-2.0,28.9
2012/2013,Ben Watson,Milieu,Wigan Athletic,27,72,72,0,,0.0,18.4
2012/2013,Steven Davis,Milieu,Southampton,27,75,73,-2,,-2.0,57.9
2012/2013,Gareth Barry,Milieu,Manchester City,31,82,80,-2,,-2.0,71.1
2012/2013,Mike Williamson,Défenseur,Newcastle United,29,74,74,0,,0.0,50.0
2012/2013,James Tomkins,Défenseur,West Ham United,23,75,73,-2,,-2.0,47.4
2012/2013,Romelu Lukaku,Attaquant,West Bromwich Albion,19,75,77,2,,2.0,52.6
2012/2013,Chris Brunt,Milieu,West Bromwich Albion,28,75,75,0,,0.0,60.5
2012/2013,James Milner,Milieu,Manchester City,26,82,81,-1,,-1.0,50.0
2012/2013,Bryan Oviedo,Milieu,Everton,22,67,68,1,,1.0,2.6
2012/2013,Chris Herd,Défenseur,Aston Villa,23,68,66,-2,,-2.0,23.7
2012/2013,Markus Rosenberg,Milieu,West Bromwich Albion,30,73,72,-1,,-1.0,13.2
2012/2013,Kemy Agustien,Milieu,Swansea City,26,69,69,0,,0.0,10.5
2012/2013,Leon Barnett,Défenseur,Norwich City,27,68,68,0,,0.0,15.8
2012/2013,Joe Cole,Milieu,West Ham United,31,81,77,-4,,-4.0,18.4
2012/2013,Emmanuel Frimpong,Milieu,Fulham,20,71,68,-3,,-3.0,5.3
2012/2013,Kyle Bartley,Défenseur,Swansea City,21,69,68,-1,,-1.0,2.6
2012/2013,Robert Elliot,Gardien,Newcastle United,26,65,66,1,,1.0,23.7
2012/2013,Stuart Taylor,Gardien,Reading,32,72,69,-3,,-3.0,10.5
2012/2013,Alexander Buettner,Défenseur,Manchester United,23,69,73,4,,4.0,10.5
2013/2014,Fabian Delph,Milieu,Aston Villa,24,71,74,3,-2,3.0,86.8
2013/2014,Gabriel Agbonlahor,Attaquant,Aston Villa,27,73,73,0,-2,0.0,76.3
2013/2014,Frank Lampard,Milieu,Chelsea,35,81,80,-1,-3,-1.0,52.6
2013/2014,Fernando Torres,Attaquant,Chelsea,29,82,82,0,-2,0.0,42.1
2013/2014,Maynor Figueroa,Défenseur,Hull City,30,76,75,-1,2,-1.0,81.6
2013/2014,Nacer Chadli,Milieu,Tottenham Hotspur,24,78,77,-1,1,-1.0,39.5
2013/2014,Steven Gerrard,Milieu,Liverpool,33,83,83,0,-3,0.0,86.8
2013/2014,Asmir Begovic,Gardien,Stoke City,26,80,82,2,4,2.0,84.2
2013/2014,Mathieu Debuchy,Défenseur,Newcastle United,28,78,80,2,,2.0,73.7
2013/2014,Russell Martin,Défenseur,Norwich City,27,72,73,1,0,1.0,76.3
2013/2014,Wesley Hoolahan,Attaquant,Norwich City,31,76,75,-1,1,-1.0,26.3
2013/2014,Tim Howard,Gardien,Everton,34,81,81,0,1,0.0,97.4
2013/2014,Leighton Baines,Défenseur,Everton,29,82,82,0,2,0.0,84.2
2013/2014,Emanuele Giaccherini,Milieu,Sunderland,28,77,78,1,-1,1.0,42.1
2013/2014,Steve Sidwell,Milieu,Fulham,31,75,75,0,0,0.0,94.7
2013/2014,Derek Boateng,Milieu,Fulham,30,75,71,-4,,-4.0,5.3
2013/2014,Patrice Evra,Défenseur,Manchester United,32,82,80,-2,-2,-2.0,86.8
2013/2014,Ryan Giggs,Milieu,Manchester United,40,80,78,-2,-2,-2.0,15.8
2013/2014,Jonas Olsson,Défenseur,West Bromwich Albion,30,76,76,0,1,0.0,84.2
2013/2014,Artur Boruc,Gardien,Southampton,33,75,76,1,1,1.0,76.3
2013/2014,James Ward-Prowse,Milieu,Southampton,19,68,73,5,10,5.0,42.1
2013/2014,Joey O'Brien,Défenseur,West Ham United,27,69,70,1,0,1.0,34.2
2013/2014,Gary Medel,Milieu,Cardiff City,26,78,76,-2,0,-2.0,89.5
2013/2014,Martin Skrtel,Défenseur,Liverpool,29,82,81,-1,2,-1.0,94.7
2013/2014,Aly Cissokho,Défenseur,Liverpool,26,75,74,-1,,-1.0,31.6
2013/2014,James McCarthy,Milieu,Everton,23,75,77,2,1,2.0,81.6
2013/2014,Sandro,Milieu,Tottenham Hotspur,24,81,81,0,2,0.0,26.3
2013/2014,Shola Ameobi,Attaquant,Newcastle United,32,71,70,-1,0,-1.0,36.8
2013/2014,Barry Bannan,Milieu,Crystal Palace,24,71,70,-1,-2,-1.0,34.2
2013/2014,Jack Collison,Milieu,West Ham United,25,68,68,0,0,0.0,15.8
2013/2014,Ravel Morrison,Milieu,West Ham United,20,67,76,9,,9.0,31.6
2013/2014,Libor Kozak,Attaquant,Aston Villa,24,75,74,-1,1,-1.0,21.1
2013/2014,Mathieu Flamini,Milieu,Arsenal,29,76,79,3,-1,3.0,47.4
2013/2014,Vito Mannone,Gardien,Sunderland,25,71,72,1,1,1.0,73.7
2013/2014,Sung-Yueng Ki,Milieu,Sunderland,24,74,74,0,1,0.0,65.8
2013/2014,Wilson Palacios,Milieu,Stoke City,29,73,70,-3,,-3.0,13.2
2013/2014,Jos Hooiveld,Défenseur,Southampton,30,70,70,0,1,0.0,7.9
2013/2014,Javier Hernandez,Attaquant,Manchester United,25,82,82,0,-1,0.0,15.8
2013/2014,Craig Gardner,Milieu,Sunderland,27,74,74,0,0,0.0,18.4
2013/2014,Alex Bruce,Défenseur,Hull City,29,66,67,1,,1.0,50.0
2013/2014,Nacho Monreal,Défenseur,Arsenal,27,78,76,-2,,-2.0,34.2
2013/2014,Nicklas Bendtner,Attaquant,Arsenal,25,76,75,-1,-2,-1.0,2.6
2013/2014,Nani,Milieu,Manchester United,27,84,82,-2,-2,-2.0,18.4
2013/2014,Thomas Sorensen,Gardien,Stoke City,37,74,72,-2,,-2.0,10.5
2013/2014,Craig Dawson,Défenseur,West Bromwich Albion,23,68,68,0,0,0.0,26.3
2013/2014,Clint Dempsey,Milieu,Fulham,30,80,81,1,0,1.0,10.5
2013/2014,Stuart O'Keefe,Milieu,Crystal Palace,22,64,67,3,,2.0,5.3
2014/2015,Kieran Gibbs,Défenseur,Arsenal,25,78,77,-1,0,-1.0,47.4
2014/2015,Marouane Chamakh,Attaquant,Crystal Palace,30,75,75,0,-1,0.0,39.5
2014/2015,John Terry,Défenseur,Chelsea,34,83,83,0,0,0.0,100.0
2014/2015,Phil Jagielka,Défenseur,Everton,32,80,80,0,0,0.0,97.4
2014/2015,Dejan Lovren,Défenseur,Liverpool,25,79,79,0,1,0.0,57.9
2014/2015,Glen Johnson,Défenseur,Liverpool,30,78,75,-3,-1,-3.0,39.5
2014/2015,Jordan Henderson,Milieu,Liverpool,24,78,79,1,4,1.0,94.7
2014/2015,Morgan Schneiderlin,Milieu,Southampton,25,78,81,3,2,3.0,63.2
2014/2015,Remy Cabella,Milieu,Newcastle United,24,78,79,1,2,1.0,55.3
2014/2015,Yoan Gouffran,Milieu,Newcastle United,28,74,74,0,-3,0.0,63.2
2014/2015,Gael Clichy,Défenseur,Manchester City,29,80,78,-2,-1,-2.0,60.5
2014/2015,Vincent Kompany,Défenseur,Manchester City,28,86,86,0,0,0.0,60.5
2014/2015,Yaya Toure,Milieu,Manchester City,31,86,85,-1,0,-1.0,71.1
2014/2015,Steven Caulker,Défenseur,Queens Park Rangers,23,76,75,-1,1,-1.0,89.5
2014/2015,Andrew Robertson,Milieu,Hull City,20,65,71,6,,6.0,44.7
2014/2015,Steven Nzonzi,Milieu,Stoke City,26,78,78,0,1,0.0,100.0
2014/2015,Kieran Richardson,Milieu,Aston Villa,30,74,73,-1,0,-1.0,42.1
2014/2015,Youssuf Mulumbu,Milieu,West Bromwich Albion,27,77,76,-1,2,-1.0,26.3
2014/2015,Younes Kaboul,Défenseur,Tottenham Hotspur,28,79,77,-2,-1,-2.0,28.9
2014/2015,Nathan Baker,Défenseur,Aston Villa,23,71,71,0,0,0.0,21.1
2014/2015,Christian Benteke,Attaquant,Aston Villa,24,81,81,0,4,0.0,68.4
2014/2015,Anthony Reveillere,Défenseur,Sunderland,35,74,74,0,-3,0.0,39.5
2014/2015,William Buckley,Milieu,Sunderland,25,72,69,-3,,-3.0,23.7
2014/2015,Antolin Alcaraz,Défenseur,Everton,32,74,74,0,0,0.0,15.8
2014/2015,Matthew James,Milieu,Leicester City,23,68,68,0,,0.0,52.6
2014/2015,Angel Di Maria,Milieu,Manchester United,26,86,85,-1,0,-1.0,52.6
2014/2015,Mario Balotelli,Attaquant,Liverpool,24,83,80,-3,0,-3.0,26.3
2014/2015,Victor Moses,Milieu,Stoke City,24,75,75,0,-1,0.0,50.0
2014/2015,Enner Valencia,Attaquant,West Ham United,25,70,75,5,,5.0,65.8
2014/2015,Andros Townsend,Milieu,Tottenham Hotspur,23,74,74,0,3,0.0,26.3
2014/2015,Harry Kane,Attaquant,Tottenham Hotspur,21,68,78,10,1,10.0,73.7
2014/2015,Massadio Haidara,Défenseur,Newcastle United,22,69,70,1,0,1.0,31.6
2014/2015,Jores Okore,Défenseur,Aston Villa,22,73,75,2,0,2.0,57.9
2014/2015,Claudio Yacob,Milieu,West Bromwich Albion,27,78,77,-1,0,-1.0,42.1
2014/2015,David Meyler,Milieu,Hull City,25,67,70,3,-1,3.0,50.0
2014/2015,Stephen Quinn,Milieu,Hull City,28,68,69,1,1,1.0,44.7
2014/2015,Jak Alnwick,Gardien,Newcastle United,21,61,65,4,,3.0,13.2
2014/2015,Matthew Phillips,Milieu,Queens Park Rangers,23,71,72,1,,1.0,52.6
2014/2015,Gerhard Tremmel,Gardien,Swansea City,36,73,73,0,0,0.0,2.6
2014/2015,Kyle Walker,Défenseur,Tottenham Hotspur,24,77,77,0,-2,0.0,39.5
2014/2015,Francis Coquelin,Milieu,Arsenal,23,71,75,4,-2,4.0,50.0
2015/2016,Laurent Koscielny,Défenseur,Arsenal,30,82,84,2,0,1.0,86.8
2015/2016,Mesut Oezil,Milieu,Arsenal,27,86,88,2,-1,1.0,92.1
2015/2016,Alex Oxlade-Chamberlain,Milieu,Arsenal,22,78,78,0,0,-1.0,23.7
2015/2016,Adrian,Gardien,West Ham United,28,77,78,1,1,0.0,84.2
2015/2016,Mark Noble,Milieu,West Ham United,28,75,77,2,0,1.0,97.4
2015/2016,Idrissa Gana Gueye,Milieu,Aston Villa,26,76,75,-1,0,-2.0,92.1
2015/2016,Ashley R. Westwood,Milieu,Aston Villa,25,72,74,2,0,0.0,81.6
2015/2016,Scott Sinclair,Attaquant,Aston Villa,26,72,75,3,0,1.0,50.0
2015/2016,Lukasz Fabianski,Gardien,Swansea City,30,77,78,1,2,0.0,97.4
2015/2016,John Stones,Défenseur,Everton,21,75,77,2,6,1.0,81.6
2015/2016,Kasper Schmeichel,Gardien,Leicester City,29,74,78,4,0,2.0,100.0
2015/2016,Billy Jones,Défenseur,Sunderland,28,70,71,1,0,-1.0,60.5
2015/2016,Luke Shaw,Défenseur,Manchester United,20,75,78,3,1,2.0,13.2
2015/2016,Memphis Depay,Milieu,Manchester United,21,79,79,0,3,-1.0,42.1
2015/2016,Ashley Young,Défenseur,Manchester United,30,78,79,1,-1,0.0,28.9
2015/2016,Eric Dier,Milieu,Tottenham Hotspur,21,73,76,3,0,1.0,97.4
2015/2016,Tim Krul,Gardien,Newcastle United,27,78,78,0,-1,-1.0,21.1
2015/2016,Jack Colback,Milieu,Newcastle United,26,73,76,3,3,1.0,73.7
2015/2016,Cedric Soares,Défenseur,Southampton,24,76,77,1,0,0.0,60.5
2015/2016,Maya Yoshida,Défenseur,Southampton,27,72,72,0,1,-2.0,26.3
2015/2016,Graziano Pelle,Attaquant,Southampton,30,77,77,0,0,-1.0,60.5
2015/2016,Damien Delaney,Défenseur,Crystal Palace,34,73,74,1,2,-1.0,84.2
2015/2016,James McArthur,Milieu,Crystal Palace,28,73,76,3,3,1.0,68.4
2015/2016,Jack Butland,Gardien,Stoke City,22,72,79,7,0,5.0,81.6
2015/2016,Simon Mignolet,Gardien,Liverpool,27,80,78,-2,-2,-3.0,89.5
2015/2016,Jordon Ibe,Milieu,Liverpool,20,70,71,1,3,-1.0,31.6
2015/2016,Rickie Lambert,Attaquant,West Bromwich Albion,33,76,75,-1,0,-2.0,13.2
2015/2016,Saido Berahino,Attaquant,West Bromwich Albion,22,73,76,3,6,1.0,44.7
2015/2016,David Silva,Milieu,Manchester City,29,87,86,-1,0,-2.0,57.9
2015/2016,Gareth McAuley,Défenseur,West Bromwich Albion,36,73,75,2,0,0.0,89.5
2015/2016,Jose Salomon Rondon,Attaquant,West Bromwich Albion,26,79,79,0,,-1.0,78.9
2015/2016,Miguel Britos,Défenseur,Watford,30,73,74,1,-4,-1.0,63.2
2015/2016,Nathan Ake,Défenseur,Watford,20,67,72,5,,3.0,52.6
2015/2016,Roberto Firmino,Attaquant,Liverpool,24,81,82,1,1,0.0,63.2
2015/2016,Dwight Gayle,Attaquant,Crystal Palace,25,71,71,0,1,-2.0,21.1
2015/2016,Ryan Shawcross,Défenseur,Stoke City,28,78,80,2,2,1.0,52.6
2015/2016,Joel Campbell,Milieu,Arsenal,23,75,76,1,-1,0.0,28.9
2015/2016,Sergio Aguero,Attaquant,Manchester City,27,87,88,1,-1,0.0,76.3
2015/2016,Leon Britton,Milieu,Swansea City,33,75,76,1,0,0.0,50.0
2015/2016,Wilfredo Caballero,Gardien,Manchester City,34,78,77,-1,-1,-2.0,7.9
2015/2016,Mile Jedinak,Milieu,Crystal Palace,31,75,76,1,1,0.0,42.1
2015/2016,Theo Walcott,Milieu,Arsenal,26,80,81,1,-1,0.0,39.5
2015/2016,Gokhan Inler,Milieu,Leicester City,31,79,77,-2,0,-3.0,7.9
2015/2016,Kolo Toure,Défenseur,Liverpool,34,77,78,1,-2,0.0,23.7
2015/2016,Jan Kirchhoff,Milieu,Sunderland,25,74,75,1,1,-1.0,36.8
2015/2016,Emmanuel Adebayor,Attaquant,Crystal Palace,31,79,78,-1,-1,-2.0,18.4
2015/2016,Danny Welbeck,Attaquant,Arsenal,25,78,79,1,0,0.0,18.4
2015/2016,Phil Bardsley,Défenseur,Stoke City,30,72,72,0,0,-2.0,23.7
2015/2016,Emmanuel Emenike,Attaquant,West Ham United,28,76,75,-1,,-2.0,13.2
2015/2016,Danny Ings,Attaquant,Liverpool,23,74,76,2,3,0.0,7.9
2015/2016,Pieter Gerkens,Milieu,Sint-Truidense VV,20,67,67,0,3,-2.0,20.0
2013/2014,Sammy Ameobi,Milieu,Newcastle United,21,64,68,4,1,3.0,10.5
2013/2014,Stevan Jovetic,Attaquant,Manchester City,24,84,83,-1,2,-1.0,5.3
2013/2014,Marvin Emnes,Milieu,Swansea City,25,71,70,-1,,-1.0,5.3
2013/2014,Konstantinos Mitroglou,Attaquant,Fulham,25,76,78,2,,2.0,2.6
2013/2014,Dan Gosling,Milieu,Newcastle United,23,73,72,-1,,-1.0,10.5
2013/2014,Mark Schwarzer,Gardien,Chelsea,41,79,77,-2,-1,-2.0,10.5
2013/2014,Jack Rodwell,Milieu,Manchester City,22,77,76,-1,1,-1.0,2.6
2014/2015,Fabio Borini,Attaquant,Liverpool,23,72,75,3,-3,3.0,7.9
2014/2015,Paulinho,Milieu,Tottenham Hotspur,26,81,79,-2,1,-2.0,7.9
2014/2015,Robert Huth,Défenseur,Leicester City,30,77,75,-2,0,-2.0,36.8
2014/2015,Sam Vokes,Attaquant,Burnley,25,70,70,0,,0.0,13.2
2014/2015,Jack Grealish,Milieu,Aston Villa,19,63,71,8,,7.0,18.4
2015/2016,Matt Miazga,Défenseur,Chelsea,20,66,72,6,,4.0,5.3
2015/2016,Kevin Stewart,Milieu,Liverpool,22,54,62,8,,5.0,15.8
2015/2016,Jack Wilshere,Milieu,Arsenal,23,81,81,0,-1,-1.0,2.6
2012/2013,Maxi Moralez,Attaquant,Atalanta,25,78,76,-2,,-2.0,68.4
2012/2013,David Di Michele,Attaquant,Chievo Verona,36,72,71,-1,,-1.0,15.8
2012/2013,Marco Motta,Défenseur,Bologna,26,73,72,-1,,-1.0,47.4
2012/2013,Thomas Heurtaux,Défenseur,Udinese,24,70,70,0,,0.0,34.2
2012/2013,Maicosuel,Attaquant,Udinese,26,77,74,-3,,-3.0,39.5
2012/2013,Juraj Kucka,Milieu,Genoa,25,77,76,-1,,-1.0,84.2
2012/2013,Luca Rossettini,Défenseur,Cagliari,27,71,74,3,,3.0,76.3
2012/2013,Andrea Cossu,Attaquant,Cagliari,32,80,78,-2,,-2.0,34.2
2012/2013,Mirko Vucinic,Attaquant,Juventus,29,82,83,1,,1.0,63.2
2012/2013,Gabriel Paletta,Défenseur,Parma,26,74,78,4,,4.0,92.1
2012/2013,Jaime Valdes,Milieu,Parma,31,75,75,0,,0.0,73.7
2012/2013,Mario Yepes,Défenseur,Milan,36,77,79,2,,2.0,34.2
2012/2013,Jonathan Rossini,Défenseur,Sampdoria,23,67,70,3,,3.0,63.2
2012/2013,Nicolas Bertolo,Milieu,Palermo,26,75,70,-5,,-5.0,7.9
2012/2013,Matias Silvestre,Défenseur,Inter,28,78,76,-2,,-2.0,15.8
2012/2013,Fredy Guarin,Milieu,Inter,26,80,82,2,,2.0,68.4
2012/2013,Esteban Cambiasso,Milieu,Inter,32,84,79,-5,,-5.0,68.4
2012/2013,Nicolas Burdisso,Défenseur,Roma,31,78,76,-2,,-2.0,68.4
2012/2013,Miralem Pjanic,Milieu,Roma,22,78,78,0,,0.0,55.3
2012/2013,Giovanni Marchese,Défenseur,Catania,28,69,73,4,,4.0,76.3
2012/2013,Gonzalo Bergessio,Attaquant,Catania,28,74,77,3,,3.0,84.2
2012/2013,Neto,Défenseur,Siena,24,68,77,9,,9.0,52.6
2012/2013,Felipe,Défenseur,Siena,28,71,70,-1,,-1.0,89.5
2012/2013,Matteo Darmian,Défenseur,Torino,23,69,74,5,,5.0,78.9
2012/2013,Angelo Obinze Ogbonna,Défenseur,Torino,24,75,80,5,,5.0,57.9
2012/2013,Matteo Brighi,Milieu,Torino,31,74,74,0,,0.0,47.4
2012/2013,Riccardo Meggiorini,Attaquant,Torino,27,74,73,-1,,-1.0,47.4
2012/2013,Rolando Bianchi,Attaquant,Torino,29,75,75,0,,0.0,65.8
2012/2013,Boukari Drame,Défenseur,Chievo Verona,27,68,74,6,,6.0,55.3
2012/2013,Antonio Bocchetti,Défenseur,Pescara,32,60,68,8,,6.0,60.5
2012/2013,Paul Pogba,Milieu,Juventus,19,60,79,19,,17.0,47.4
2012/2013,Michele Pazienza,Milieu,Bologna,30,76,75,-1,,-1.0,26.3
2012/2013,Albano Benjamin Bizzarri,Gardien,Lazio,35,73,74,1,,1.0,13.2
2012/2013,Lorik Cana,Défenseur,Lazio,29,77,78,1,,1.0,34.2
2012/2013,Mario Alberto Santana,Milieu,Torino,31,77,77,0,,0.0,55.3
2012/2013,Andrea Mantovani,Milieu,Palermo,28,74,69,-5,,-5.0,10.5
2012/2013,Amauri,Attaquant,Parma,32,76,76,0,,0.0,68.4
2012/2013,Maurizio Domizzi,Défenseur,Udinese,32,76,79,3,,3.0,76.3
2012/2013,Andrea Lazzari,Milieu,Udinese,28,75,75,0,,0.0,55.3
2012/2013,Antonio Di Natale,Attaquant,Udinese,35,86,84,-2,,-2.0,81.6
2012/2013,Dusan Basta,Milieu,Udinese,28,76,78,2,,2.0,71.1
2012/2013,Cristian Llama,Milieu,Fiorentina,26,73,73,0,,0.0,2.6
2012/2013,Nicola Murru,Défenseur,Cagliari,18,55,68,13,,11.0,34.2
2012/2013,Juan,Défenseur,Inter,21,72,78,6,,6.0,81.6
2012/2013,Giampaolo Pazzini,Attaquant,Milan,28,84,82,-2,,-2.0,39.5
2012/2013,Enzo Maresca,Milieu,Sampdoria,32,73,70,-3,,-3.0,39.5
2012/2013,Ze Eduardo,Attaquant,Siena,25,73,73,0,,0.0,15.8
2012/2013,Gianluca Musacci,Milieu,Parma,25,69,69,0,,0.0,13.2
2012/2013,Kamil Vacek,Milieu,Chievo Verona,25,71,68,-3,,-3.0,18.4
2012/2013,Stefan Daniel Radu,Défenseur,Lazio,26,78,79,1,,1.0,57.9
2012/2013,Christian Brocchi,Milieu,Lazio,36,75,73,-2,,-2.0,5.3
2012/2013,Alessandro Rosina,Attaquant,Siena,28,76,73,-3,,-3.0,76.3
2012/2013,Lorenzo Ariaudo,Défenseur,Cagliari,23,72,74,2,,2.0,39.5
2012/2013,Rene Krhin,Milieu,Bologna,22,68,70,2,,2.0,31.6
2012/2013,Marco Rossi,Milieu,Genoa,34,76,73,-3,,-3.0,18.4
2012/2013,Valter Birsa,Milieu,Torino,26,75,75,0,,0.0,10.5
2012/2013,Pablo Caceres,Défenseur,Torino,27,70,68,-2,,-2.0,5.3
2012/2013,Keko,Milieu,Catania,21,70,70,0,,0.0,5.3
2012/2013,Giuseppe Sculli,Milieu,Pescara,31,75,73,-2,,-2.0,21.1
2012/2013,Nicolas Lopez,Attaquant,Roma,19,62,70,8,,6.0,2.6
2013/2014,Daniele Conti,Milieu,Cagliari,34,75,75,0,0,0.0,81.6
2013/2014,Andrea Consigli,Gardien,Atalanta,26,79,79,0,6,0.0,92.1
2013/2014,Luca Cigarini,Milieu,Atalanta,27,78,78,0,3,0.0,73.7
2013/2014,Borja Valero,Milieu,Fiorentina,28,83,82,-1,1,-1.0,81.6
2013/2014,Romulo,Milieu,Hellas Verona,26,73,76,3,3,3.0,76.3
2013/2014,Christian Abbiati,Gardien,Milan,36,81,76,-5,0,-5.0,73.7
2013/2014,Yuto Nagatomo,Milieu,Inter,27,78,77,-1,1,-1.0,84.2
2013/2014,Federico Ceccherini,Défenseur,Livorno,21,61,68,7,,6.0,84.2
2013/2014,Emerson,Défenseur,Livorno,33,71,73,2,,2.0,78.9
2013/2014,Michael Bradley,Milieu,Roma,26,77,80,3,2,3.0,13.2
2013/2014,Alessandro Florenzi,Attaquant,Roma,22,75,77,2,19,2.0,57.9
2013/2014,Gianluca Curci,Gardien,Bologna,28,72,73,1,0,1.0,97.4
2013/2014,Mikael Antonsson,Défenseur,Bologna,32,75,74,-1,2,-1.0,84.2
2013/2014,Francesco Della Rocca,Milieu,Bologna,26,72,70,-2,2,-2.0,15.8
2013/2014,Antonio Mirante,Gardien,Parma,30,77,79,2,1,2.0,94.7
2013/2014,Alessandro Lucarelli,Défenseur,Parma,36,74,75,1,1,1.0,89.5
2013/2014,Jonathan Biabiany,Attaquant,Parma,25,79,80,1,3,1.0,84.2
2013/2014,Christian Puggioni,Gardien,Chievo Verona,32,74,70,-4,1,-4.0,60.5
2013/2014,Ivan Radovanovic,Milieu,Chievo Verona,25,71,72,1,4,1.0,68.4
2013/2014,Luca Rigoni,Milieu,Chievo Verona,29,74,74,0,1,0.0,86.8
2013/2014,Stephan Lichtsteiner,Milieu,Juventus,29,81,79,-2,0,-2.0,63.2
2013/2014,Kwadwo Asamoah,Milieu,Juventus,25,80,80,0,3,0.0,84.2
2013/2014,Alessio Cerci,Attaquant,Torino,26,80,81,1,5,1.0,92.1
2013/2014,Emanuele Terranova,Défenseur,Sassuolo,26,70,69,-1,,-1.0,7.9
2013/2014,Victor Ibarbo,Attaquant,Cagliari,23,77,76,-1,3,-1.0,52.6
2013/2014,Frederik Soerensen,Défenseur,Bologna,21,72,70,-2,-1,-2.0,34.2
2013/2014,Luca Antonini,Défenseur,Genoa,31,76,72,-4,-1,-4.0,65.8
2013/2014,Martin Caceres,Défenseur,Juventus,26,81,79,-2,3,-2.0,36.8
2013/2014,Alessandro Gazzi,Milieu,Torino,30,71,72,1,1,1.0,13.2
2013/2014,Bruno Pereirinha,Défenseur,Lazio,25,72,70,-2,-2,-2.0,23.7
2013/2014,Giulio Migliaccio,Milieu,Atalanta,32,75,72,-3,-2,-3.0,34.2
2013/2014,Matos,Attaquant,Fiorentina,20,69,71,2,,2.0,13.2
2013/2014,Alessandro Longhi,Défenseur,Sassuolo,24,65,67,2,,2.0,71.1
2013/2014,Migjen Basha,Milieu,Torino,26,73,72,-1,4,-1.0,34.2
2013/2014,Jose Angel Crespo,Milieu,Bologna,26,65,68,3,,3.0,18.4
2013/2014,Joel Chukwuma Obi,Milieu,Parma,22,74,71,-3,-1,-3.0,5.3
2013/2014,Roberto Soriano,Milieu,Sampdoria,22,66,68,2,1,2.0,55.3
2013/2014,Ezequiel Adrian Cirigliano,Milieu,Hellas Verona,21,72,70,-2,,-2.0,18.4
2013/2014,Rafael,Gardien,Napoli,23,77,75,-2,,-2.0,18.4
2013/2014,Marco Benassi,Milieu,Livorno,19,69,68,-1,,-1.0,44.7
2013/2014,Emanuele Calaio,Attaquant,Genoa,31,76,74,-2,,-2.0,21.1
2013/2014,Stefano Sturaro,Milieu,Genoa,20,60,68,8,,7.0,34.2
2013/2014,Marco Storari,Gardien,Juventus,36,77,75,-2,-1,-2.0,13.2
2013/2014,Rodrigo Taddei,Milieu,Roma,33,71,73,2,-5,2.0,18.4
2013/2014,Matteo Bianchetti,Défenseur,Hellas Verona,20,64,67,3,,2.0,2.6
2014/2015,Ivan Martic,Défenseur,Hellas Verona,24,56,69,13,3,12.0,34.2
2014/2015,Juan Gomez,Attaquant,Hellas Verona,29,71,71,0,1,0.0,52.6
2014/2015,Nicola Leali,Gardien,Cesena,21,70,72,2,,2.0,73.7
2014/2015,Raffaele Palladino,Attaquant,Parma,30,73,72,-1,-1,-1.0,42.1
2014/2015,Dario Dainelli,Défenseur,Chievo Verona,35,73,73,0,-2,0.0,73.7
2014/2015,Gianluigi Buffon,Gardien,Juventus,36,82,83,1,-5,1.0,86.8
2014/2015,Leonardo Bonucci,Défenseur,Juventus,27,79,80,1,-2,1.0,86.8
2014/2015,Claudio Marchisio,Milieu,Juventus,28,84,83,-1,-1,-1.0,86.8
2014/2015,Edenilson,Milieu,Genoa,25,75,75,0,,0.0,73.7
2014/2015,Jorginho,Milieu,Napoli,23,75,76,1,,1.0,37.8
2014/2015,Stephan El Shaarawy,Attaquant,Milan,22,80,78,-2,-2,-2.0,36.8
2014/2015,Miroslav Klose,Attaquant,Lazio,36,82,80,-2,-2,-2.0,56.8
2014/2015,Fabio Daprela,Milieu,Palermo,23,66,67,1,,1.0,28.9
2014/2015,Gervinho,Attaquant,Roma,27,82,81,-1,2,-1.0,55.3
2014/2015,Neto,Gardien,Fiorentina,25,77,78,1,4,1.0,76.3
2014/2015,Nenad Tomovic,Défenseur,Fiorentina,27,74,73,-1,-3,-1.0,57.9
2014/2015,Gonzalo Rodriguez,Défenseur,Fiorentina,30,79,79,0,0,0.0,78.9
2014/2015,Joshua Brillante,Milieu,Fiorentina,21,61,62,1,,0.0,2.6
2014/2015,Francesco Pisano,Défenseur,Cagliari,28,72,74,2,-1,2.0,31.6
2014/2015,Daniele Padelli,Gardien,Torino,29,75,75,0,5,0.0,65.8
2014/2015,Cesare Bovo,Défenseur,Torino,31,74,73,-1,2,-1.0,36.8
2014/2015,Kamil Glik,Défenseur,Torino,26,78,80,2,2,2.0,81.6
2014/2015,Omar El Kaddouri,Milieu,Torino,24,74,74,0,1,0.0,65.8
2014/2015,Fabio Quagliarella,Attaquant,Torino,31,78,78,0,-4,0.0,86.8
2014/2015,Samir Handanovic,Gardien,Inter,30,82,83,1,-1,1.0,97.4
2014/2015,Mateo Kovacic,Milieu,Inter,20,76,76,0,-1,0.0,68.4
2014/2015,Mauro Icardi,Attaquant,Inter,21,76,77,1,1,1.0,86.8
2014/2015,Daniele Rugani,Défenseur,Empoli,20,69,74,5,,5.0,100.0
2014/2015,Mirko Valdifiori,Milieu,Empoli,28,69,76,7,,7.0,94.7
2014/2015,Davide Brivio,Défenseur,Hellas Verona,26,72,72,0,-1,0.0,31.6
2014/2015,Davide Bassi,Gardien,Empoli,29,70,69,-1,,-1.0,18.4
2014/2015,Piotr Zielinski,Milieu,Empoli,20,68,70,2,,2.0,18.4
2014/2015,Giorgio Chiellini,Défenseur,Juventus,30,84,84,0,-1,0.0,71.1
2014/2015,Federico Marchetti,Gardien,Lazio,31,81,79,-2,-3,-2.0,78.4
2014/2015,Andrea Costa,Défenseur,Parma,28,73,72,-1,1,-1.0,52.6
2014/2015,Rodrigo Palacio,Attaquant,Inter,32,82,80,-2,0,-2.0,78.9
2014/2015,Djamel Mesbah,Défenseur,Sampdoria,30,71,70,-1,,-1.0,31.6
2014/2015,Micah Richards,Défenseur,Fiorentina,26,78,75,-3,-1,-3.0,18.4
2014/2015,Josip Ilicic,Attaquant,Fiorentina,26,76,76,0,-1,0.0,44.7
2014/2015,Iago Falque,Attaquant,Genoa,24,72,75,3,1,3.0,73.7
2014/2015,Fernando Llorente,Attaquant,Juventus,29,82,80,-2,-1,-2.0,65.8
2014/2015,Adem Ljajic,Attaquant,Roma,23,77,77,0,-2,0.0,60.5
2014/2015,Cristian Raimondi,Milieu,Atalanta,33,63,62,-1,-9,-2.0,10.5
2014/2015,Salvatore Andrea Molina,Attaquant,Atalanta,22,65,68,3,,3.0,5.3
2014/2015,Gianpaolo Bellini,Défenseur,Atalanta,34,69,68,-1,-2,-1.0,39.5
2014/2015,Jose Maria Basanta,Défenseur,Fiorentina,30,70,76,6,,6.0,60.5
2014/2015,Jonathan De Guzman,Milieu,Napoli,27,76,77,1,1,1.0,32.4
2014/2015,Stefan Ristovski,Milieu,Parma,22,59,61,2,,1.0,10.5
2014/2015,Milan Djuric,Attaquant,Cesena,24,65,66,1,,1.0,44.7
2014/2015,Riccardo Montolivo,Milieu,Milan,29,80,78,-2,-5,-2.0,23.7
2014/2015,Guillermo Rodriguez,Défenseur,Hellas Verona,30,73,72,-1,-1,-1.0,28.9
2014/2015,Jacopo Sala,Milieu,Hellas Verona,23,68,70,2,-1,2.0,42.1
2014/2015,Isaac Donkor,Défenseur,Inter,19,54,58,4,,3.0,2.6
2014/2015,Melker Hallberg,Milieu,Udinese,19,64,66,2,,1.0,5.3
2014/2015,Mohamed Salah,Attaquant,Fiorentina,22,77,77,0,,0.0,26.3
2014/2015,Lionel Scaloni,Défenseur,Atalanta,36,68,65,-3,1,-3.0,2.6
2014/2015,Marco Borriello,Attaquant,Genoa,32,75,74,-1,-1,-1.0,7.9
2014/2015,Alberto Gilardino,Attaquant,Fiorentina,32,73,74,1,-5,1.0,21.1
2014/2015,Walter Bressan,Gardien,Cesena,33,65,64,-1,,-1.0,2.6
2014/2015,Nicolas Federico Spolli,Défenseur,Roma,31,74,74,0,-5,0.0,2.6
2014/2015,Marco Marchionni,Milieu,Sampdoria,34,74,72,-2,0,-2.0,2.6
2015/2016,Daniele Croce,Milieu,Empoli,33,74,74,0,7,-2.0,50.0
2015/2016,Massimo Gobbi,Défenseur,Chievo Verona,35,71,73,2,-1,0.0,81.6
2015/2016,Facundo Sebastian Roncaglia,Défenseur,Fiorentina,28,74,75,1,0,-1.0,68.4
2015/2016,Alessio Romagnoli,Défenseur,Milan,20,72,76,4,2,2.0,86.8
2015/2016,Daniele Baselli,Milieu,Torino,23,75,78,3,5,2.0,65.8
2015/2016,Luca Toni,Attaquant,Hellas Verona,38,74,76,2,0,0.0,52.6
2015/2016,Leandro Castan,Défenseur,Roma,29,81,79,-2,-1,-3.0,10.5
2015/2016,Edin Dzeko,Attaquant,Roma,29,83,80,-3,0,-4.0,55.3
2015/2016,Lucas Biglia,Milieu,Lazio,29,80,81,1,3,0.0,68.4
2015/2016,Ricardo Kishna,Milieu,Lazio,20,74,75,1,4,-1.0,18.4
2015/2016,Stefano Sorrentino,Gardien,Palermo,36,76,77,1,1,0.0,92.1
2015/2016,Mattia Cassani,Défenseur,Sampdoria,32,73,72,-1,-2,-3.0,60.5
2015/2016,Edgar Barreto,Milieu,Sampdoria,31,75,73,-2,3,-3.0,68.4
2015/2016,Igor Bubnjic,Défenseur,Carpi,23,70,72,2,-2,0.0,21.1
2015/2016,Federico Peluso,Défenseur,Sassuolo,31,70,73,3,-1,1.0,89.5
2015/2016,Alfred Duncan,Milieu,Sassuolo,22,69,73,4,3,2.0,71.1
2015/2016,Domenico Berardi,Attaquant,Sassuolo,21,78,81,3,3,2.0,68.4
2015/2016,Gonzalo Higuain,Attaquant,Napoli,28,84,86,2,0,1.0,92.1
2015/2016,Daniele Gastaldello,Défenseur,Bologna,32,74,76,2,0,0.0,68.4
2015/2016,Daniel Ciofani,Attaquant,Frosinone,30,65,72,7,,5.0,86.8
2015/2016,Isaac Cofie,Milieu,Carpi,24,71,71,0,0,-2.0,68.4
2015/2016,Jose Maria Callejon,Attaquant,Napoli,28,80,81,1,-1,0.0,92.1
2015/2016,Molla Wague,Défenseur,Udinese,24,70,73,3,4,1.0,52.6
2015/2016,Leandro Daniel Paredes,Milieu,Empoli,21,68,74,6,-1,4.0,76.3
2015/2016,Andrea Poli,Milieu,Milan,26,75,75,0,-2,-1.0,10.5
2015/2016,Filippo Falco,Attaquant,Bologna,23,62,64,2,,-1.0,2.6
2015/2016,Luca Antei,Défenseur,Sassuolo,23,69,71,2,-1,0.0,10.5
2015/2016,Stefano Sabelli,Milieu,Carpi,22,65,67,2,,0.0,15.8
2015/2016,Levan Mchedlidze,Attaquant,Empoli,25,69,71,2,1,0.0,5.3
2015/2016,Patric,Défenseur,Lazio,22,64,68,4,,1.0,15.8
2015/2016,Edson Braafheid,Défenseur,Lazio,32,71,72,1,0,-1.0,7.9
2015/2016,Maurizio Pugliesi,Gardien,Empoli,39,61,62,1,,-2.0,2.6
2015/2016,Ronaldo,Milieu,Empoli,25,62,64,2,,-1.0,2.6
2012/2013,Genaro Snijders,Attaquant,Willem II,23,66,65,-1,,-1.0,41.2
2012/2013,Eric Fernando Botteghin,Défenseur,NAC Breda,25,68,70,2,,2.0,94.1
2012/2013,Anthony Lurling,Attaquant,NAC Breda,35,69,68,-1,,-1.0,82.4
2012/2013,Guy Ramos,Défenseur,RKC Waalwijk,27,67,67,0,,0.0,32.4
2012/2013,Robert Braber,Milieu,RKC Waalwijk,30,64,67,3,,1.0,94.1
2012/2013,Jeff Stans,Milieu,RKC Waalwijk,22,57,65,8,,6.0,47.1
2012/2013,Sander Duits,Milieu,RKC Waalwijk,29,64,67,3,,1.0,91.2
2012/2013,Joost Broerse,Milieu,PEC Zwolle,33,64,65,1,,-1.0,97.1
2012/2013,Wiljan Pluim,Milieu,PEC Zwolle,23,66,68,2,,2.0,100.0
2012/2013,Ricky van Haaren,Milieu,VVV-Venlo,21,64,66,2,,0.0,73.5
2012/2013,Roberto Rosales,Défenseur,FC Twente,24,72,72,0,,0.0,67.6
2012/2013,Tim Sparv,Milieu,FC Groningen,25,71,68,-3,,-3.0,50.0
2012/2013,Mitchell Schet,Attaquant,FC Groningen,24,64,68,4,,2.0,52.9
2012/2013,Piet Velthuizen,Gardien,Vitesse,26,77,77,0,,0.0,100.0
2012/2013,Guram Kashia,Défenseur,Vitesse,25,71,74,3,,3.0,97.1
2012/2013,Gino Coutinho,Gardien,ADO Den Haag,30,68,71,3,,3.0,76.5
2012/2013,Vito Wormgoor,Défenseur,ADO Den Haag,24,66,68,2,,2.0,94.1
2012/2013,Aaron Meijers,Milieu,ADO Den Haag,25,67,67,0,,0.0,88.2
2012/2013,Pele van Anholt,Défenseur,SC Heerenveen,21,60,67,7,,5.0,76.5
2012/2013,Pavel Cmovs,Défenseur,N.E.C.,22,63,66,3,,1.0,47.1
2012/2013,Navarone Foor,Attaquant,N.E.C.,20,65,68,3,,3.0,70.6
2012/2013,Lasse Schoene,Milieu,Ajax,26,75,75,0,,0.0,82.4
2012/2013,Adam Maher,Milieu,AZ,19,73,77,4,,4.0,91.2
2012/2013,Andraz Kirm,Attaquant,FC Groningen,28,68,68,0,,0.0,88.2
2012/2013,Robert Zwinkels,Gardien,ADO Den Haag,29,65,65,0,,0.0,17.6
2012/2013,Kelvin Leerdam,Milieu,Feyenoord,22,66,68,2,,2.0,20.6
2012/2013,Tobias Sana,Attaquant,Ajax,23,65,68,3,,3.0,26.5
2012/2013,Jurgen Locadia,Attaquant,PSV,19,64,70,6,,4.0,11.8
2012/2013,Johann Berg Gudmundsson,Attaquant,AZ,22,69,69,0,,0.0,52.9
2012/2013,Kevin Visser,Milieu,ADO Den Haag,24,63,64,1,,-1.0,8.8
2012/2013,Denni Avdic,Attaquant,PEC Zwolle,24,70,68,-2,,-2.0,50.0
2012/2013,Peter Wisgerhof,Défenseur,FC Twente,33,73,69,-4,,-4.0,20.6
2012/2013,Christian Supusepa,Défenseur,ADO Den Haag,23,64,64,0,,-2.0,35.3
2012/2013,Jimmy Hempte,Défenseur,Roda JC Kerkrade,30,66,64,-2,,-2.0,14.7
2012/2013,Roly Bonevacia,Milieu,Roda JC Kerkrade,21,65,66,1,,1.0,47.1
2012/2013,Valeri Kazaishvili,Attaquant,Vitesse,19,64,63,-1,,-3.0,2.9
2012/2013,Brian van Loo,Gardien,Heracles Almelo,37,69,66,-3,,-3.0,2.9
2012/2013,Dedryck Boyata,Défenseur,FC Twente,22,71,70,-1,,-1.0,2.9
2013/2014,Filip Kurto,Gardien,Roda JC Kerkrade,22,64,63,-1,8,-2.0,100.0
2013/2014,Bart Biemans,Défenseur,Roda JC Kerkrade,25,66,66,0,-1,0.0,70.6
2013/2014,Krisztian Nemeth,Attaquant,Roda JC Kerkrade,24,67,68,1,-3,1.0,64.7
2013/2014,Mitchell Dijks,Défenseur,SC Heerenveen,20,66,67,1,,1.0,61.8
2013/2014,Jan Wuytens,Défenseur,AZ,28,71,70,-1,1,-1.0,73.5
2013/2014,Nick Viergever,Défenseur,AZ,24,72,72,0,2,0.0,97.1
2013/2014,Tom Beugelsdijk,Défenseur,ADO Den Haag,23,67,66,-1,,-1.0,85.3
2013/2014,Georginio Wijnaldum,Milieu,PSV,23,77,78,1,1,1.0,26.5
2013/2014,Oliver Feldballe,Attaquant,SC Cambuur,23,52,61,9,,8.0,20.6
2013/2014,Kamohelo Mokotjo,Milieu,PEC Zwolle,22,66,73,7,,7.0,79.4
2013/2014,Stefan de Vrij,Défenseur,Feyenoord,21,76,75,-1,6,-1.0,94.1
2013/2014,Miquel Nelom,Défenseur,Feyenoord,23,68,69,1,2,1.0,35.3
2013/2014,Ruben Schaken,Attaquant,Feyenoord,31,74,72,-2,6,-2.0,73.5
2013/2014,Dave Bulthuis,Défenseur,FC Utrecht,23,69,68,-1,5,-1.0,70.6
2013/2014,Yoshiaki Takagi,Milieu,FC Utrecht,21,66,66,0,1,0.0,8.8
2013/2014,Doke Schmidt,Défenseur,Go Ahead Eagles,21,63,64,1,,0.0,79.4
2013/2014,Tonny Vilhena,Milieu,Feyenoord,18,73,73,0,11,0.0,85.3
2013/2014,Maikel Kieftenbeld,Milieu,FC Groningen,23,68,68,0,1,0.0,79.4
2013/2014,Jorrit Hendrix,Défenseur,PSV,18,63,67,4,,3.0,38.2
2013/2014,Kyle Ebecilio,Milieu,FC Twente,19,67,70,3,,3.0,97.1
2013/2014,"Shadrach Eghan Kwesi,20",Milieu,FC Twente,19,64,69,5,,4.0,50.0
2013/2014,Boldiszar Bodor,Défenseur,NAC Breda,31,63,64,1,,0.0,44.1
2013/2014,Jakob Jantscher,Attaquant,N.E.C.,24,72,71,-1,,-1.0,64.7
2013/2014,Abel Tamata,Défenseur,PSV,23,67,66,-1,-2,-1.0,14.7
2013/2014,Anour Hadouir,Milieu,NAC Breda,31,67,67,0,-2,0.0,35.3
2013/2014,Edouard Duplan,Milieu,FC Utrecht,30,70,69,-1,1,-1.0,11.8
2013/2014,Simon Cziommer,Milieu,Heracles Almelo,33,68,67,-1,1,-1.0,47.1
2013/2014,Ramon Zomer,Défenseur,SC Heerenveen,30,67,67,0,-2,0.0,8.8
2014/2015,Kristoffer Nordfeldt,Gardien,SC Heerenveen,25,71,71,0,-1,0.0,100.0
2014/2015,Lucas Bijker,Défenseur,SC Cambuur,21,63,66,3,,2.0,82.4
2014/2015,Remy Amieux,Défenseur,NAC Breda,28,66,64,-2,0,-2.0,58.8
2014/2015,Elson Hooi,Attaquant,NAC Breda,23,65,67,2,0,2.0,14.7
2014/2015,Dennis Telgenkamp,Gardien,Heracles Almelo,27,65,64,-1,,-1.0,64.7
2014/2015,Oussama Tannane,Attaquant,Heracles Almelo,20,65,67,2,1,2.0,55.9
2014/2015,Bryan Linssen,Attaquant,Heracles Almelo,24,70,68,-2,3,-2.0,91.2
2014/2015,Mattias Johansson,Défenseur,AZ,22,69,68,-1,3,-1.0,79.4
2014/2015,Nemanja Gudelj,Milieu,AZ,23,72,75,3,1,3.0,94.1
2014/2015,Martin Hansen,Gardien,ADO Den Haag,24,56,68,12,,11.0,94.1
2014/2015,Kevin Jansen,Milieu,ADO Den Haag,22,66,66,0,0,0.0,52.9
2014/2015,Tom Hiariej,Milieu,FC Groningen,26,66,66,0,1,0.0,47.1
2014/2015,Johan Kappelhof,Défenseur,FC Groningen,24,67,67,0,1,0.0,85.3
2014/2015,Nick van der Velden,Attaquant,FC Groningen,33,68,67,-1,2,-1.0,32.4
2014/2015,Joshua Brenet,Défenseur,PSV,20,67,67,0,6,0.0,38.2
2014/2015,Milano Koenders,Défenseur,Heracles Almelo,28,65,64,-1,0,-1.0,32.4
2014/2015,Jasper Cillessen,Gardien,Ajax,25,78,80,2,4,2.0,94.1
2014/2015,Ricardo van Rhijn,Défenseur,Ajax,23,73,74,1,0,1.0,82.4
2014/2015,Jeffrey Rijsdijk,Milieu,Go Ahead Eagles,27,63,66,3,,2.0,52.9
2014/2015,Yassine Ayoub,Milieu,FC Utrecht,20,70,72,2,6,2.0,91.2
2014/2015,Santiago Arias,Défenseur,PSV,22,71,74,3,2,3.0,55.9
2014/2015,Luciano Narsingh,Attaquant,PSV,24,75,75,0,-2,0.0,91.2
2014/2015,Maikel van der Werff,Défenseur,PEC Zwolle,25,66,67,1,4,1.0,85.3
2014/2015,Wilfried Kanon,Défenseur,ADO Den Haag,21,64,68,4,,3.0,41.2
2014/2015,Sepp De Roover,Défenseur,NAC Breda,30,65,63,-2,0,-2.0,23.5
2014/2015,Gyliano van Velzen,Attaquant,FC Utrecht,20,61,62,1,,0.0,2.9
2014/2015,Sean Klaiber,Milieu,FC Dordrecht,20,60,61,1,,0.0,29.4
2014/2015,Sebastien Haller,Attaquant,FC Utrecht,20,64,65,1,,0.0,41.2
2014/2015,Wesley Verhoek,Attaquant,Go Ahead Eagles,28,68,67,-1,-2,-1.0,44.1
2014/2015,Tim Hoelscher,Milieu,FC Twente,19,66,65,-1,,-1.0,2.9
2014/2015,Danny Verbeek,Attaquant,FC Utrecht,24,67,68,1,1,1.0,8.8
2015/2016,Jerry St. Juste,Milieu,SC Heerenveen,19,61,70,9,,6.0,79.4
2015/2016,Mitchell te Vrede,Attaquant,SC Heerenveen,24,67,68,1,2,-1.0,61.8
2015/2016,Kevin Begois,Gardien,PEC Zwolle,33,64,67,3,,0.0,47.1
2015/2016,Thomas Lam,Défenseur,PEC Zwolle,22,66,69,3,2,1.0,97.1
2015/2016,Rick Dekker,Milieu,PEC Zwolle,20,64,66,2,,-1.0,58.8
2015/2016,Vytautas Andriuskevicius,Défenseur,SC Cambuur,25,64,66,2,3,-1.0,73.5
2015/2016,Sjoerd Overgoor,Milieu,SC Cambuur,29,66,66,0,2,-2.0,61.8
2015/2016,Thomas Bruns,Milieu,Heracles Almelo,23,67,70,3,0,1.0,97.1
2015/2016,Iiass Bel Hassani,Milieu,Heracles Almelo,23,69,72,3,2,1.0,100.0
2015/2016,Luuk de Jong,Attaquant,PSV,25,77,78,1,2,0.0,94.1
2015/2016,Sven van Beek,Défenseur,Feyenoord,21,74,75,1,9,-1.0,88.2
2015/2016,Marc van de Maarel,Défenseur,FC Utrecht,26,66,69,3,-1,1.0,94.1
2015/2016,Hans Hateboer,Défenseur,FC Groningen,21,66,68,2,1,0.0,91.2
2015/2016,Dico Koppers,Défenseur,Willem II,23,65,67,2,-1,0.0,52.9
2015/2016,Peet Bijen,Défenseur,FC Twente,20,60,65,5,,2.0,47.1
2015/2016,Danny Hoesen,Attaquant,FC Groningen,24,67,68,1,-4,-1.0,26.5
2015/2016,Derrick Luckassen,Défenseur,AZ,20,63,68,5,,2.0,38.2
2015/2016,Jesper Drost,Milieu,FC Groningen,22,71,71,0,3,-2.0,64.7
2015/2016,Stefan Nijland,Attaquant,PEC Zwolle,27,67,69,2,2,0.0,32.4
2015/2016,Joost van Aken,Défenseur,SC Heerenveen,21,66,71,5,6,3.0,55.9
2015/2016,Donny van de Beek,Milieu,Ajax,18,64,69,5,,2.0,11.8
2015/2016,Harm Zeinstra,Gardien,SC Cambuur,26,61,64,3,,0.0,17.6
2015/2016,Bradley Jones,Gardien,N.E.C.,33,70,70,0,-1,-2.0,50.0
2015/2016,Bart Schenkeveld,Défenseur,PEC Zwolle,24,66,67,1,0,-1.0,23.5
2015/2016,Darren Rosheuvel,Défenseur,FC Utrecht,21,60,62,2,,-1.0,2.9
2015/2016,Ruud Boymans,Attaquant,FC Utrecht,26,70,73,3,,1.0,20.6
2015/2016,Florian Jozefzoon,Attaquant,PSV,24,71,71,0,1,-2.0,2.9
2013/2014,Piotr Stawarczyk,Défenseur,Ruch Chorzów,30,62,64,2,-1,1.0,90.0
2013/2014,Pavel Sultes,Milieu,Ruch Chorzów,28,62,62,0,0,-1.0,16.7
2013/2014,Damian Zbozien,Défenseur,Piast Gliwice,24,64,65,1,6,0.0,60.0
2013/2014,Tomasz Gorkiewicz,Défenseur,Podbeskidzie Bielsko-Biała,28,61,59,-2,0,-3.0,76.7
2013/2014,Tomasz Brzyski,Défenseur,Legia Warszawa,31,64,67,3,,2.0,86.7
2013/2014,Michal Kucharczyk,Milieu,Legia Warszawa,22,66,65,-1,0,-1.0,33.3
2013/2014,Michal Chrapek,Milieu,Wisła Kraków,21,59,66,7,,6.0,90.0
2013/2014,Zbigniew Malkowski,Gardien,Korona Kielce,35,59,59,0,0,-1.0,96.7
2013/2014,Pawel Golanski,Défenseur,Korona Kielce,31,63,65,2,0,1.0,90.0
2013/2014,Piotr Malarczyk,Défenseur,Korona Kielce,22,62,62,0,6,-1.0,70.0
2013/2014,Pawel Sobolewski,Milieu,Korona Kielce,34,64,65,1,1,0.0,93.3
2013/2014,Michal Janota,Milieu,Korona Kielce,23,62,65,3,,2.0,76.7
2013/2014,Przemyslaw Kazmierczak,Milieu,Śląsk Wrocław,31,68,67,-1,1,-1.0,60.0
2013/2014,Tomasz Kupisz,Milieu,Jagiellonia Białystok,23,66,69,3,-2,3.0,20.0
2013/2014,Adam Banas,Défenseur,Zagłębie Lubin,31,66,64,-2,2,-2.0,63.3
2013/2014,Aleksander Kwiek,Milieu,Zagłębie Lubin,30,65,65,0,-2,0.0,80.0
2013/2014,Lukasz Piatek,Milieu,Zagłębie Lubin,28,66,66,0,3,0.0,70.0
2013/2014,Radoslaw Janukiewicz,Gardien,Pogoń Szczecin,29,66,66,0,,0.0,100.0
2013/2014,Osman Chavez,Défenseur,Wisła Kraków,29,65,63,-2,-4,-2.0,10.0
2013/2014,Dorde Cotra,Défenseur,Zagłębie Lubin,29,64,65,1,,0.0,86.7
2013/2014,Arkadiusz Piech,Attaquant,Zagłębie Lubin,28,70,70,0,5,0.0,73.3
2013/2014,Lukasz Madej,Milieu,Polonia Bytom,31,66,66,0,1,0.0,73.3
2013/2014,Andre Micael,Défenseur,Zawisza Bydgoszcz,24,66,67,1,7,1.0,80.0
2013/2014,Adam Deja,Milieu,Podbeskidzie Bielsko-Biała,20,51,54,3,,2.0,36.7
2013/2014,Adrian Klepczynski,Défenseur,Piast Gliwice,32,61,61,0,,-1.0,46.7
2013/2014,Rabiola,Attaquant,Piast Gliwice,24,69,65,-4,,-4.0,26.7
2013/2014,Marcin Kaczmarek,Milieu,Widzew Łódź,34,61,61,0,0,-1.0,90.0
2013/2014,Krystian Nowak,Défenseur,Widzew Łódź,19,48,59,11,,10.0,73.3
2013/2014,Karol Angielski,Attaquant,Korona Kielce,17,52,59,7,,6.0,10.0
2013/2014,Boris Godal,Milieu,Zagłębie Lubin,26,58,58,0,,-1.0,3.3
2013/2014,Wojciech Lisowski,Défenseur,Pogoń Szczecin,21,59,59,0,,-1.0,20.0
2013/2014,Boris Pandza,Défenseur,Polonia Bytom,27,69,66,-3,0,-3.0,33.3
2013/2014,Sergei Mosnikov,Milieu,Polonia Bytom,25,60,61,1,,0.0,6.7
2013/2014,Jakub Wawrzyniak,Défenseur,Legia Warszawa,30,69,68,-1,-1,-1.0,30.0
2013/2014,Antoni Lukasiewicz,Défenseur,Polonia Bytom,30,60,58,-2,0,-3.0,46.7
2013/2014,Hernani,Défenseur,Pogoń Szczecin,29,63,62,-1,0,-2.0,43.3
2013/2014,Grzegorz Kuswik,Attaquant,Ruch Chorzów,26,62,62,0,1,-1.0,60.0
2013/2014,Inaki Astiz,Défenseur,Legia Warszawa,30,66,67,1,0,1.0,23.3
2013/2014,Tomasz Kedziora,Défenseur,Lech Poznań,19,57,63,6,,5.0,20.0
2013/2014,Damian Kugiel,Attaquant,Lechia Gdańsk,18,57,60,3,,2.0,3.3
2014/2015,Piotr Brozek,Défenseur,Piast Gliwice,31,63,62,-1,-1,-2.0,70.0
2014/2015,Oleksandr Shevelyukhin,Défenseur,Polonia Bytom,32,64,64,0,-3,-1.0,43.3
2014/2015,Mateusz Zytko,Défenseur,Cracovia,32,60,60,0,,-1.0,70.0
2014/2015,Tomislav Mikulic,Défenseur,Cracovia,32,63,64,1,-2,0.0,3.3
2014/2015,Patryk Tuszynski,Attaquant,Jagiellonia Białystok,25,60,61,1,,0.0,90.0
2014/2015,Ariel Borysiuk,Milieu,Lechia Gdańsk,23,69,69,0,,0.0,86.7
2014/2015,Wahan Gevorgyan,Attaquant,Zawisza Bydgoszcz,33,63,62,-1,,-2.0,10.0
2014/2015,Marcin Cebula,Milieu,Korona Kielce,19,55,57,2,0,1.0,6.7
2014/2015,Martin Konczkowski,Défenseur,Ruch Chorzów,21,53,56,3,0,2.0,73.3
2014/2015,Roland Gigolaev,Milieu,Ruch Chorzów,24,62,63,1,,0.0,53.3
2014/2015,Michal Buchalik,Gardien,Wisła Kraków,25,61,64,3,0,2.0,100.0
2014/2015,Deniss Rakels,Attaquant,Cracovia,22,55,58,3,,2.0,83.3
2014/2015,Jakub Rzezniczak,Défenseur,Legia Warszawa,28,66,68,2,0,2.0,80.0
2014/2015,Michal Zyro,Milieu,Legia Warszawa,22,65,68,3,-3,3.0,56.7
2014/2015,Tomasz Jodlowiec,Milieu,Legia Warszawa,29,66,69,3,-1,3.0,66.7
2014/2015,Miroslav Radovic,Attaquant,Legia Warszawa,30,71,72,1,2,1.0,26.7
2014/2015,Sylwester Patejuk,Milieu,Podbeskidzie Bielsko-Biała,32,62,62,0,0,-1.0,43.3
2014/2015,Kornel Osyra,Défenseur,Piast Gliwice,21,53,60,7,0,6.0,86.7
2014/2015,Pawel Jaroszynski,Défenseur,Cracovia,20,58,58,0,,-1.0,26.7
2014/2015,Konstantin Vassiljev,Milieu,Piast Gliwice,30,67,66,-1,,-1.0,46.7
2014/2015,Tomasz Porebski,Défenseur,Jagiellonia Białystok,22,61,61,0,0,-1.0,3.3
2014/2015,Paulus Arajuuri,Défenseur,Lech Poznań,26,64,67,3,0,2.0,60.0
2014/2015,Dariusz Kolodziej,Milieu,Podbeskidzie Bielsko-Biała,32,55,59,4,1,3.0,13.3
2014/2015,Kamil Dankowski,Milieu,Śląsk Wrocław,18,49,51,2,,1.0,13.3
2014/2015,Krzysztof Kotorowski,Gardien,Lech Poznań,38,64,65,1,0,0.0,20.0
2015/2016,Marcin Kaminski,Défenseur,Lech Poznań,23,66,68,2,0,0.0,86.7
2015/2016,Marcin Robak,Attaquant,Lech Poznań,33,71,70,-1,0,-3.0,16.7
2015/2016,Dawid Kudla,Gardien,Pogoń Szczecin,23,60,63,3,,0.0,60.0
2015/2016,Karol Danielak,Milieu,Pogoń Szczecin,24,55,63,8,,5.0,20.0
2015/2016,Takafumi Akahoshi,Milieu,Pogoń Szczecin,29,68,68,0,-1,-2.0,83.3
2015/2016,Grzegorz Wojtkowiak,Défenseur,Lechia Gdańsk,31,66,67,1,0,-1.0,56.7
2015/2016,Bruno Nazario,Milieu,Lechia Gdańsk,20,65,65,0,1,-2.0,20.0
2015/2016,Hubert Wolakiewicz,Défenseur,Cracovia,30,63,62,-1,-3,-4.0,70.0
2015/2016,Pawel Zielinski,Défenseur,Śląsk Wrocław,25,62,65,3,4,0.0,60.0
2015/2016,Krzysztof Ostrowski,Milieu,Śląsk Wrocław,33,61,63,2,2,-1.0,23.3
2015/2016,Jacek Kielb,Milieu,Śląsk Wrocław,27,61,66,5,-1,2.0,43.3
2015/2016,Vejlko Nikitovic,Milieu,Górnik Łęczna,35,59,61,2,,-1.0,30.0
2015/2016,Wojciech Kaczmarek,Gardien,Podbeskidzie Bielsko-Biała,32,65,64,-1,,-3.0,13.3
2015/2016,Marek Sokolowski,Milieu,Podbeskidzie Bielsko-Biała,37,57,57,0,-4,-3.0,73.3
2015/2016,Aleksandrs Fertovs,Milieu,Korona Kielce,28,56,61,5,,2.0,56.7
2015/2016,Michal Przybyla,Attaquant,Korona Kielce,21,59,62,3,,0.0,23.3
2015/2016,Martin Baran,Défenseur,Jagiellonia Białystok,27,63,65,2,0,-1.0,23.3
2015/2016,Jakub Szmatula,Gardien,Piast Gliwice,34,61,66,5,0,2.0,100.0
2015/2016,Tomasz Cywka,Milieu,Wisła Kraków,27,65,65,0,,-2.0,26.7
2015/2016,Silvio Rodic,Gardien,Górnik Łęczna,28,60,61,1,0,-2.0,33.3
2015/2016,Pawel Sasin,Défenseur,Górnik Łęczna,32,57,60,3,,0.0,13.3
2015/2016,Grzegorz Bonin,Milieu,Górnik Łęczna,32,62,65,3,,0.0,86.7
2015/2016,Rafal Boguski,Milieu,Wisła Kraków,31,63,64,1,1,-2.0,86.7
2015/2016,Lukasz Broz,Défenseur,Legia Warszawa,30,66,67,1,0,-1.0,50.0
2015/2016,Wojciech Kedziora,Attaquant,Termalica Bruk-Bet Nieciecza,35,61,63,2,-3,-1.0,76.7
2015/2016,Michal Bartowiak,Attaquant,Śląsk Wrocław,18,51,53,2,,-1.0,3.3
2015/2016,Przemyslaw Trytko,Attaquant,Korona Kielce,28,60,61,1,0,-2.0,16.7
2015/2016,Sergei Pylypchuk,Milieu,Korona Kielce,31,65,64,-1,0,-3.0,23.3
2015/2016,Jakub Wrabel,Gardien,Śląsk Wrocław,19,51,52,1,1,-2.0,10.0
2015/2016,Matija Sirok,Défenseur,Jagiellonia Białystok,24,62,62,0,,-3.0,6.7
2015/2016,Lukasz Budzilek,Gardien,Lechia Gdańsk,24,51,60,9,,6.0,6.7
2015/2016,Marco Paixao,Attaquant,Lechia Gdańsk,31,71,69,-2,2,-4.0,6.7
2015/2016,Marquitos,Milieu,Górnik Łęczna,28,65,63,-2,,-4.0,6.7
2015/2016,Dariusz Formella,Milieu,Lech Poznań,20,64,64,0,9,-3.0,3.3
2012/2013,Antonio Rosati,Gardien,Napoli,29,69,69,0,,0.0,10.5
2012/2013,Naldo,Défenseur,Bologna,24,70,71,1,,1.0,5.3
2012/2013,Cesare Natali,Défenseur,Bologna,33,76,76,0,,0.0,10.5
2013/2014,Vincenzo Fiorillo,Gardien,Sampdoria,23,70,70,0,,0.0,13.2
2013/2014,Marco Silvestri,Gardien,Cagliari,22,65,69,4,,4.0,7.9
2013/2014,Andrea Tabanelli,Milieu,Cagliari,23,60,65,5,,4.0,5.3
2013/2014,Lorenzo Squizzi,Gardien,Chievo Verona,39,71,67,-4,5,-4.0,2.6
2013/2014,Juan Pablo Carrizo,Gardien,Inter,29,76,75,-1,2,-1.0,5.3
2014/2015,Pierluigi Gollini,Gardien,Hellas Verona,19,54,54,0,,-1.0,7.9
2014/2015,Luka Djordjevic,Attaquant,Sampdoria,20,68,67,-1,2,-1.0,2.6
2012/2013,Yassine El Ghanassy,Attaquant,SC Heerenveen,22,73,73,0,,0.0,29.4
2013/2014,Davy De Beule,Milieu,Roda JC Kerkrade,32,65,63,-2,-2,-2.0,5.9
2014/2015,Jaroslav Navratil,Attaquant,Heracles Almelo,23,62,65,3,,2.0,2.9
2012/2013,Serge Aurier,Défenseur,Toulouse FC,20,65,75,10,,10.0,73.7
2012/2013,Cedric Cambon,Défenseur,Évian Thonon Gaillard FC,26,63,68,5,,3.0,42.1
2012/2013,Daniel Wass,Défenseur,Évian Thonon Gaillard FC,23,68,73,5,,5.0,89.5
2012/2013,Kevin Berigaud,Attaquant,Évian Thonon Gaillard FC,24,62,68,6,,4.0,78.9
2012/2013,Gregory Sertic,Milieu,Girondins de Bordeaux,23,71,74,3,,3.0,47.4
2012/2013,Andre Luiz,Défenseur,AS Nancy-Lorraine,32,73,71,-2,,-2.0,47.4
2012/2013,Benjamin Moukandjo,Attaquant,AS Nancy-Lorraine,24,72,69,-3,,-3.0,65.8
2012/2013,John Jairo Culma,Milieu,Stade Brestois 29,31,72,72,0,,0.0,13.2
2012/2013,Eric Bautheac,Milieu,OGC Nice,25,71,75,4,,4.0,86.8
2012/2013,Samuel Bouhours,Défenseur,AC Ajaccio,25,64,64,0,,-2.0,76.3
2012/2013,Jean-Baptiste Pierazzi,Milieu,AC Ajaccio,27,66,65,-1,,-1.0,26.3
2012/2013,Marco Verratti,Milieu,Paris Saint-Germain,20,66,77,11,,11.0,60.5
2012/2013,Jeremy Menez,Attaquant,Paris Saint-Germain,25,78,79,1,,1.0,63.2
2012/2013,Gregory Bourillon,Défenseur,FC Lorient,28,73,73,0,,0.0,60.5
2012/2013,Anthony Weber,Défenseur,Stade de Reims,25,66,71,5,,5.0,89.5
2012/2013,Franck Signorino,Défenseur,Stade de Reims,31,65,65,0,,0.0,52.6
2012/2013,Steve Mandanda,Gardien,Olympique de Marseille,27,84,83,-1,,-1.0,100.0
2012/2013,Benoit Costil,Gardien,Stade Rennais FC,25,76,79,3,,3.0,97.4
2012/2013,Jean-Armel Kana-Biyik,Défenseur,Stade Rennais FC,23,75,76,1,,1.0,78.9
2012/2013,Mevlut Erdinc,Attaquant,Stade Rennais FC,25,76,75,-1,,-1.0,73.7
2012/2013,Rio Mavuba,Milieu,LOSC Lille,28,81,82,1,,1.0,44.7
2012/2013,Julien Faussurier,Défenseur,ES Troyes AC,25,66,67,1,,1.0,73.7
2012/2013,Carlos Sanchez,Milieu,Valenciennes FC,26,74,74,0,,0.0,71.1
2012/2013,Maxime Baca,Défenseur,FC Lorient,29,70,68,-2,,-2.0,57.9
2012/2013,Adrian Mutu,Attaquant,AC Ajaccio,33,79,74,-5,,-5.0,68.4
2012/2013,Thiago Silva,Défenseur,Paris Saint-Germain,28,87,86,-1,,-1.0,57.9
2012/2013,Sylvain Armand,Défenseur,Paris Saint-Germain,32,74,74,0,,0.0,28.9
2012/2013,Bocundji Ca,Milieu,Stade de Reims,26,66,67,1,,1.0,55.3
2012/2013,John Boye,Défenseur,Stade Rennais FC,25,65,72,7,,7.0,60.5
2012/2013,Steeve Yago,Défenseur,Toulouse FC,20,52,63,11,,9.0,50.0
2012/2013,Samuel Umtiti,Défenseur,Olympique Lyonnais,19,67,74,7,,7.0,65.8
2012/2013,Laurent Bonnart,Défenseur,LOSC Lille,33,74,70,-4,,-4.0,10.5
2012/2013,David Ospina,Gardien,OGC Nice,24,77,77,0,,0.0,68.4
2012/2013,Thomas Ayasse,Milieu,AS Nancy-Lorraine,25,63,66,3,,1.0,36.8
2012/2013,Frederic Sammaritano,Milieu,AC Ajaccio,26,73,68,-5,,-5.0,23.7
2012/2013,Guillaume Hoarau,Attaquant,Paris Saint-Germain,28,75,75,0,,0.0,2.6
2012/2013,Matthieu Sans,Défenseur,SC Bastia,24,58,65,7,,5.0,5.3
2012/2013,Benoit Pedretti,Milieu,LOSC Lille,32,76,76,0,,0.0,36.8
2012/2013,Romain Pitau,Milieu,Montpellier Hérault SC,35,73,73,0,,0.0,26.3
2012/2013,Sylvio Ronny Rodelin,Attaquant,LOSC Lille,23,69,70,1,,1.0,52.6
2012/2013,Bryan Dabo,Milieu,Montpellier Hérault SC,20,56,63,7,,5.0,21.1
2012/2013,Cedric Bakambu,Attaquant,FC Sochaux-Montbéliard,21,64,68,4,,2.0,65.8
2012/2013,Banel Nicolita,Milieu,AS Saint-Étienne,27,70,70,0,,0.0,5.3
2012/2013,Mattias Autret,Milieu,FC Lorient,21,65,68,3,,3.0,10.5
2012/2013,Kevin Diaz,Milieu,OGC Nice,24,64,64,0,,-2.0,13.2
2012/2013,Dennis Oliech,Milieu,AC Ajaccio,27,72,69,-3,,-3.0,23.7
2012/2013,Paul Alo'o Efoulou,Attaquant,AS Nancy-Lorraine,29,71,66,-5,,-5.0,34.2
2012/2013,Claudio Beauvue,Milieu,SC Bastia,24,62,65,3,,1.0,21.1
2012/2013,Julien Faubert,Défenseur,Girondins de Bordeaux,29,67,69,2,,2.0,26.3
2013/2014,Romain Hamouma,Milieu,AS Saint-Étienne,26,77,78,1,0,1.0,73.7
2013/2014,Franck Tabanou,Milieu,AS Saint-Étienne,24,75,75,0,-2,0.0,63.2
2013/2014,Cedric Carrasso,Gardien,Girondins de Bordeaux,32,81,80,-1,1,-1.0,94.7
2013/2014,Youssouf Sabaly,Défenseur,Évian Thonon Gaillard FC,20,59,61,2,,1.0,94.7
2013/2014,Mamadou Samassa,Gardien,En Avant de Guingamp,23,66,68,2,,2.0,50.0
2013/2014,Lionel Mathis,Milieu,En Avant de Guingamp,32,66,65,-1,,-1.0,78.9
2013/2014,Jacques Alaixys Romao,Milieu,Olympique de Marseille,29,74,75,1,,1.0,94.7
2013/2014,Dimitri Payet,Milieu,Olympique de Marseille,26,81,78,-3,2,-3.0,78.9
2013/2014,Simon Kjaer,Défenseur,LOSC Lille,24,76,79,3,0,3.0,89.5
2013/2014,Salomon Kalou,Attaquant,LOSC Lille,28,78,78,0,-1,0.0,94.7
2013/2014,Fabien Audard,Gardien,FC Lorient,35,76,71,-5,1,-5.0,60.5
2013/2014,Vincent Aboubakar,Attaquant,FC Lorient,21,71,76,5,-1,5.0,86.8
2013/2014,Yassine Benzia,Attaquant,Olympique Lyonnais,19,66,66,0,3,0.0,10.5
2013/2014,Didier Digard,Milieu,OGC Nice,27,74,76,2,3,2.0,73.7
2013/2014,Mahamane Traore,Milieu,OGC Nice,25,71,71,0,5,0.0,21.1
2013/2014,Daniel Congre,Défenseur,Montpellier Hérault SC,28,70,73,3,-3,3.0,78.9
2013/2014,Abdelhamid El Kaoutari,Défenseur,Montpellier Hérault SC,23,72,71,-1,0,-1.0,73.7
2013/2014,Benjamin Stambouli,Milieu,Montpellier Hérault SC,23,72,75,3,1,3.0,97.4
2013/2014,Christophe Jallet,Défenseur,Paris Saint-Germain,30,77,75,-2,0,-2.0,34.2
2013/2014,Olivier Veigneau,Défenseur,FC Nantes,28,69,71,2,,2.0,63.2
2013/2014,Filip Djordjevic,Attaquant,FC Nantes,26,73,75,2,,2.0,71.1
2013/2014,Drissa Diakite,Défenseur,SC Bastia,28,72,72,0,,0.0,78.9
2013/2014,Julien Palmieri,Défenseur,SC Bastia,27,66,68,2,-3,2.0,68.4
2013/2014,Vincent Pajot,Milieu,Stade Rennais FC,23,72,72,0,1,0.0,31.6
2013/2014,Grzegorz Krychowiak,Milieu,Stade de Reims,23,75,77,2,6,2.0,86.8
2013/2014,Antoine Devaux,Milieu,Stade de Reims,28,71,71,0,-2,0.0,78.9
2013/2014,Fatih Atik,Milieu,En Avant de Guingamp,29,65,66,1,,1.0,47.4
2013/2014,Bafetimbi Gomis,Attaquant,Olympique Lyonnais,28,81,78,-3,0,-3.0,76.3
2013/2014,Adrien Rabiot,Milieu,Paris Saint-Germain,18,65,73,8,,8.0,31.6
2013/2014,Loris Nery,Défenseur,Valenciennes FC,22,67,65,-2,5,-2.0,39.5
2013/2014,Gary Kagelmacher,Défenseur,Valenciennes FC,25,66,69,3,,3.0,81.6
2013/2014,Mathieu Coutadeur,Milieu,FC Lorient,27,73,72,-1,-1,-1.0,36.8
2013/2014,Saber Khalifa,Attaquant,Olympique de Marseille,27,75,73,-2,7,-2.0,13.2
2013/2014,Saliou Ciss,Défenseur,Valenciennes FC,24,73,69,-4,,-4.0,55.3
2013/2014,Teddy Mezague,Défenseur,Montpellier Hérault SC,23,61,62,1,0,0.0,15.8
2013/2014,Jamel Saihi,Milieu,Montpellier Hérault SC,26,76,76,0,2,0.0,23.7
2013/2014,Thomas Guerbert,Milieu,FC Sochaux-Montbéliard,24,66,67,1,,1.0,13.2
2013/2014,Jonathan Delaplace,Milieu,LOSC Lille,27,69,69,0,5,0.0,18.4
2013/2014,Alain Traore,Milieu,FC Lorient,25,76,72,-4,0,-4.0,47.4
2013/2014,Dan Nistor,Milieu,Évian Thonon Gaillard FC,25,69,70,1,,1.0,2.6
2013/2014,Emmanuel Riviere,Attaquant,AS Monaco,23,73,73,0,-2,0.0,50.0
2013/2014,Luigi Bruins,Milieu,OGC Nice,26,67,67,0,,0.0,10.5
2013/2014,Fernando Aristeguieta,Attaquant,FC Nantes,21,66,69,3,,3.0,10.5
2013/2014,Ludovic Genest,Milieu,SC Bastia,26,64,64,0,,-1.0,2.6
2013/2014,Thierry Doubai,Milieu,FC Sochaux-Montbéliard,25,73,73,0,0,0.0,18.4
2013/2014,Laurent Pionnier,Gardien,Montpellier Hérault SC,31,74,74,0,4,0.0,10.5
2013/2014,Carl Medjani,Défenseur,Valenciennes FC,28,68,70,2,0,2.0,42.1
2013/2014,Abdoulaye Doucoure,Milieu,Stade Rennais FC,20,61,69,8,6,7.0,31.6
2014/2015,Johny Placide,Gardien,Stade de Reims,26,70,74,4,1,4.0,55.3
2014/2015,Brandao,Attaquant,SC Bastia,34,73,73,0,0,0.0,18.4
2014/2015,Dennis Appiah,Défenseur,SM Caen,22,65,67,2,,2.0,76.3
2014/2015,Jeremy Clement,Milieu,AS Saint-Étienne,30,77,76,-1,0,-1.0,73.7
2014/2015,Divock Origi,Attaquant,LOSC Lille,19,71,75,4,10,4.0,57.9
2014/2015,Romain Metannire,Défenseur,FC Metz,24,67,72,5,,5.0,86.8
2014/2015,Arnold Mvuemba,Milieu,Olympique Lyonnais,29,74,73,-1,0,-1.0,26.3
2014/2015,Mexer,Défenseur,Stade Rennais FC,26,75,75,0,6,0.0,92.1
2014/2015,Paul-Georges Ntep,Milieu,Stade Rennais FC,22,73,74,1,7,1.0,76.3
2014/2015,Tiemoue Bakayoko,Milieu,AS Monaco,20,68,71,3,,3.0,26.3
2014/2015,"Abdoulaye Diallo Sadio,22",Attaquant,FC Lorient,24,72,71,-1,-1,-1.0,10.5
2014/2015,Souleymane Camara,Attaquant,Montpellier Hérault SC,32,74,71,-3,0,-3.0,18.4
2014/2015,Maxime Poundje,Défenseur,Girondins de Bordeaux,22,66,66,0,-1,0.0,31.6
2014/2015,Issa Cissokho,Défenseur,FC Nantes,29,71,73,2,5,2.0,84.2
2014/2015,Kian Hansen,Milieu,FC Nantes,25,65,70,5,,5.0,73.7
2014/2015,Lucas Deaux,Milieu,FC Nantes,26,73,73,0,8,0.0,60.5
2014/2015,Jean-Philippe Gbamin,Défenseur,RC Lens,19,62,65,3,,2.0,76.3
2014/2015,Ludovic Baal,Défenseur,RC Lens,28,68,70,2,,2.0,71.1
2014/2015,Adamo Coulibaly,Attaquant,RC Lens,33,70,69,-1,,-1.0,73.7
2014/2015,Adrien Regattin,Milieu,Toulouse FC,23,69,71,2,-3,2.0,44.7
2014/2015,Lalaina Nomenjanahary,Milieu,RC Lens,28,61,70,9,,8.0,44.7
2014/2015,Blaise Matuidi,Milieu,Paris Saint-Germain,27,83,83,0,2,0.0,65.8
2014/2015,Sambou Yatabare,Milieu,En Avant de Guingamp,25,67,70,3,0,3.0,28.9
2014/2015,Kevin Monnet-Paquet,Milieu,AS Saint-Étienne,26,73,73,0,6,0.0,47.4
2014/2015,Francois Moubandje,Défenseur,Toulouse FC,24,61,72,11,3,10.0,78.9
2014/2015,Jean-Daniel Akpa-Akpro,Milieu,Toulouse FC,22,70,71,1,4,1.0,65.8
2014/2015,Steven Moreira,Défenseur,Stade Rennais FC,20,65,66,1,6,1.0,34.2
2014/2015,Gelson Fernandes,Milieu,Stade Rennais FC,28,73,73,0,0,0.0,84.2
2014/2015,Philipp Hosiner,Attaquant,Stade Rennais FC,25,72,72,0,,0.0,7.9
2014/2015,Papy Djilobodji,Défenseur,FC Nantes,26,76,78,2,8,2.0,78.9
2014/2015,Itay Shechter,Attaquant,FC Nantes,27,71,69,-2,0,-2.0,15.8
2014/2015,Walid Mesloub,Milieu,FC Lorient,29,71,71,0,,0.0,76.3
2014/2015,Mario Lemina,Milieu,Olympique de Marseille,21,67,73,6,,6.0,34.2
2014/2015,Bernardo Silva,Milieu,AS Monaco,20,69,75,6,,6.0,65.8
2014/2015,Ali Ahamada,Gardien,Toulouse FC,23,74,75,1,0,1.0,60.5
2014/2015,Jonathan Brison,Défenseur,AS Saint-Étienne,31,72,72,0,1,0.0,23.7
2014/2015,Anders Konradsen,Milieu,Stade Rennais FC,24,73,72,-1,1,-1.0,26.3
2014/2015,Sanjin Prcic,Milieu,Stade Rennais FC,21,63,66,3,5,2.0,18.4
2014/2015,Azbe Jug,Gardien,Girondins de Bordeaux,22,64,64,0,5,-1.0,2.6
2014/2015,Jose Saez,Milieu,SM Caen,32,67,67,0,0,0.0,2.6
2014/2015,Bruno Ecuele Manga,Défenseur,FC Lorient,26,77,76,-1,-2,-1.0,7.9
2014/2015,Franck Honorat,Attaquant,OGC Nice,18,57,59,2,,1.0,2.6
2014/2015,El-Hadji Ba,Milieu,SC Bastia,21,59,59,0,,-1.0,18.4
2014/2015,Clement Chantome,Milieu,Girondins de Bordeaux,27,75,75,0,0,0.0,34.2
2014/2015,Alexi Peuget,Milieu,Stade de Reims,24,61,63,2,,1.0,13.2
2015/2016,Jean-Louis Leca,Gardien,SC Bastia,30,67,71,4,0,2.0,89.5
2015/2016,Yannick Cahuzac,Milieu,SC Bastia,30,67,70,3,0,1.0,76.3
2015/2016,Aissa Mandi,Défenseur,Stade de Reims,24,76,77,1,1,0.0,84.2
2015/2016,Prince Oniangue,Milieu,Stade de Reims,27,73,71,-2,1,-4.0,60.5
2015/2016,Sebastien Corchia,Défenseur,LOSC Lille,25,75,76,1,1,0.0,78.9
2015/2016,Edinson Cavani,Attaquant,Paris Saint-Germain,28,85,85,0,-2,-1.0,63.2
2015/2016,Javier Pastore,Milieu,Paris Saint-Germain,26,81,84,3,2,2.0,28.9
2015/2016,Wesley Lautoa,Défenseur,FC Lorient,28,71,73,2,2,0.0,28.9
2015/2016,Romain Alessandrini,Milieu,Olympique de Marseille,26,76,76,0,0,-1.0,42.1
2015/2016,Michy Batshuayi,Attaquant,Olympique de Marseille,22,76,79,3,0,2.0,84.2
2015/2016,Emiliano Sala,Attaquant,FC Nantes,25,68,72,4,,2.0,57.9
2015/2016,Dorian Leveque,Défenseur,En Avant de Guingamp,26,70,73,3,8,1.0,34.2
2015/2016,Younousse Sankhare,Milieu,En Avant de Guingamp,26,75,74,-1,6,-2.0,86.8
2015/2016,Maxime Le Marchand,Défenseur,OGC Nice,26,67,74,7,,5.0,68.4
2015/2016,Mathieu Bodmer,Défenseur,OGC Nice,33,74,77,3,0,1.0,42.1
2015/2016,Hatem Ben Arfa,Attaquant,OGC Nice,28,79,82,3,0,2.0,86.8
2015/2016,Jeremy Toulalan,Milieu,AS Monaco,32,82,82,0,-2,-1.0,65.8
2015/2016,Nabil Dirar,Milieu,AS Monaco,29,74,75,1,1,-1.0,52.6
2015/2016,Tongo Hamed Doumbia,Milieu,Toulouse FC,26,72,71,-1,0,-3.0,57.9
2015/2016,Martin Braithwaite,Attaquant,Toulouse FC,24,74,78,4,0,2.0,86.8
2015/2016,Stephane Ruffier,Gardien,AS Saint-Étienne,29,83,83,0,1,-1.0,100.0
2015/2016,Loic Perrin,Défenseur,AS Saint-Étienne,30,80,82,2,1,1.0,63.2
2015/2016,Mory Kone,Défenseur,ES Troyes AC,21,59,62,3,,0.0,7.9
2015/2016,Jessy Pi,Milieu,ES Troyes AC,22,64,66,2,,-1.0,92.1
2015/2016,Alexandre Coeff,Défenseur,GFC Ajaccio,23,69,68,-1,-1,-3.0,57.9
2015/2016,Amos Youga,Milieu,GFC Ajaccio,23,66,69,3,,1.0,36.8
2015/2016,John Tshibumbu,Attaquant,GFC Ajaccio,26,57,67,10,,7.0,31.6
2015/2016,Rolando,Défenseur,Olympique de Marseille,30,76,72,-4,-2,-5.0,47.4
2015/2016,Ibrahim Didier Ndong,Milieu,FC Lorient,21,61,71,10,,7.0,89.5
2015/2016,Maxime Gonalons,Milieu,Olympique Lyonnais,26,81,80,-1,2,-2.0,86.8
2015/2016,Fallou Diagne,Défenseur,Stade Rennais FC,26,74,74,0,0,-2.0,55.3
2015/2016,Mustapha Bayal Sall,Défenseur,AS Saint-Étienne,30,76,78,2,1,1.0,71.1
2015/2016,Johan Audel,Milieu,FC Nantes,32,69,71,2,0,0.0,28.9
2015/2016,Nolan Roux,Attaquant,AS Saint-Étienne,27,74,75,1,-1,-1.0,55.3
2015/2016,Theoson Jordan Siebatcheu,Attaquant,Stade de Reims,19,57,65,8,,5.0,15.8
2015/2016,Kamil Grosicki,Milieu,Stade Rennais FC,27,74,75,1,-2,-1.0,36.8
2015/2016,Maxime Barthelme,Milieu,FC Lorient,27,70,69,-1,0,-3.0,42.1
2015/2016,Pavle Ninkov,Défenseur,Toulouse FC,30,68,68,0,-1,-2.0,13.2
2015/2016,Romain Genevois,Défenseur,OGC Nice,28,72,72,0,3,-2.0,26.3
2015/2016,Mauricio Isla,Milieu,Olympique de Marseille,27,75,75,0,-2,-1.0,52.6
2015/2016,Stephan Raheriharimanana,Milieu,OGC Nice,22,57,58,1,,-2.0,2.6
2015/2016,Bakary Kone,Défenseur,Olympique Lyonnais,27,72,73,1,-1,-1.0,10.5
2015/2016,Laurent Dos Santos,Défenseur,En Avant de Guingamp,22,62,63,1,6,-2.0,15.8
2015/2016,Clement Grenier,Milieu,Olympique Lyonnais,24,78,76,-2,0,-3.0,26.3
2015/2016,Valentin Vada,Milieu,Girondins de Bordeaux,19,61,66,5,,2.0,26.3
2015/2016,Remy Gomis,Milieu,FC Nantes,31,71,71,0,3,-2.0,34.2
2012/2013,Oliver Kirch,Défenseur,Borussia Dortmund,30,69,68,-1,,-1.0,5.9
2012/2013,Mats Hummels,Défenseur,Borussia Dortmund,24,84,85,1,,1.0,82.4
2012/2013,Ilkay Guendogan,Milieu,Borussia Dortmund,22,76,82,6,,6.0,76.5
2012/2013,Sebastian Kehl,Milieu,Borussia Dortmund,32,78,79,1,,1.0,55.9
2012/2013,Kevin de Bruyne,Milieu,SV Werder Bremen,21,76,79,3,,3.0,97.1
2012/2013,Sven Ulreich,Gardien,VfB Stuttgart,24,77,80,3,,3.0,100.0
2012/2013,Ricardo Rodriguez,Défenseur,VfL Wolfsburg,20,70,74,4,,4.0,55.9
2012/2013,Bas Dost,Attaquant,VfL Wolfsburg,23,74,77,3,,3.0,58.8
2012/2013,Nicolai Mueller,Milieu,1. FSV Mainz 05,25,72,74,2,,2.0,76.5
2012/2013,Andreas Ivanschitz,Attaquant,1. FSV Mainz 05,29,75,76,1,,1.0,85.3
2012/2013,Adam Szalai,Attaquant,1. FSV Mainz 05,25,73,77,4,,4.0,76.5
2012/2013,Daniel Baier,Milieu,FC Augsburg,28,71,74,3,,3.0,97.1
2012/2013,Johannes van den Bergh,Défenseur,Fortuna Düsseldorf,26,66,71,5,,5.0,97.1
2012/2013,Oliver Fink,Milieu,Fortuna Düsseldorf,30,69,70,1,,1.0,61.8
2012/2013,Jeffrey Bruma,Défenseur,Hamburger SV,21,73,71,-2,,-2.0,29.4
2012/2013,Sebastian Jung,Défenseur,Eintracht Frankfurt,22,73,76,3,,3.0,94.1
2012/2013,Alexander Meier,Milieu,Eintracht Frankfurt,29,73,76,3,,3.0,91.2
2012/2013,Takashi Inui,Milieu,Eintracht Frankfurt,24,71,75,4,,4.0,97.1
2012/2013,Bernd Leno,Gardien,Bayer 04 Leverkusen,20,78,80,2,,2.0,94.1
2012/2013,Daniel Schwaab,Défenseur,Bayer 04 Leverkusen,24,74,74,0,,0.0,23.5
2012/2013,Max Gruen,Gardien,SpVgg Greuther Fürth,25,72,71,-1,,-1.0,50.0
2012/2013,Mergim Mavraj,Défenseur,SpVgg Greuther Fürth,26,69,69,0,,0.0,94.1
2012/2013,Felix Klaus,Milieu,SpVgg Greuther Fürth,20,65,68,3,,3.0,55.9
2012/2013,Sercan Sararer,Milieu,SpVgg Greuther Fürth,23,69,71,2,,2.0,61.8
2012/2013,Holger Badstuber,Défenseur,FC Bayern Munich,23,80,82,2,,2.0,35.3
2012/2013,Thomas Mueller,Milieu,FC Bayern Munich,23,83,84,1,,1.0,73.5
2012/2013,Dani Schahin,Attaquant,Fortuna Düsseldorf,23,63,70,7,,5.0,47.1
2012/2013,Karim Haggui,Défenseur,Hannover 96,28,76,75,-1,,-1.0,47.1
2012/2013,Marcel De Jong,Défenseur,FC Augsburg,26,69,69,0,,0.0,41.2
2012/2013,Tobias Werner,Milieu,FC Augsburg,27,69,71,2,,2.0,85.3
2012/2013,Torsten Oehrl,Milieu,FC Augsburg,26,66,68,2,,2.0,32.4
2012/2013,Radoslav Zabavnik,Défenseur,1. FSV Mainz 05,32,68,70,2,,2.0,38.2
2012/2013,Marvin Plattenhardt,Défenseur,1. FC Nürnberg,20,67,68,1,,1.0,23.5
2012/2013,Makoto Hasebe,Milieu,VfL Wolfsburg,28,74,75,1,,1.0,58.8
2012/2013,Benedikt Hoewedes,Défenseur,FC Schalke 04,24,80,82,2,,2.0,94.1
2012/2013,Milorad Pekovic,Milieu,SpVgg Greuther Fürth,35,65,67,2,,2.0,41.2
2012/2013,Claudio Pizarro,Attaquant,FC Bayern Munich,34,84,81,-3,,-3.0,20.6
2012/2013,Rafinha,Défenseur,FC Bayern Munich,27,78,76,-2,,-2.0,17.6
2012/2013,Shinji Okazaki,Milieu,VfB Stuttgart,26,75,75,0,,0.0,32.4
2012/2013,Leon Balogun,Défenseur,Fortuna Düsseldorf,24,64,69,5,,3.0,47.1
2012/2013,Johannes Flum,Milieu,SC Freiburg,25,72,74,2,,2.0,29.4
2012/2013,Moritz Leitner,Milieu,Borussia Dortmund,20,74,74,0,,0.0,23.5
2012/2013,Sofian Chahed,Défenseur,Hannover 96,29,67,67,0,,0.0,26.5
2012/2013,Matthias Zimmermann,Défenseur,SpVgg Greuther Fürth,20,68,68,0,,0.0,38.2
2012/2013,Athanasios Petsos,Milieu,SpVgg Greuther Fürth,21,70,68,-2,,-2.0,26.5
2012/2013,Yunus Malli,Milieu,1. FSV Mainz 05,20,69,70,1,,1.0,20.6
2012/2013,Erwin Hoffer,Attaquant,Eintracht Frankfurt,25,72,71,-1,,-1.0,5.9
2013/2014,Filip Daems,Défenseur,Borussia Mönchengladbach,35,73,73,0,0,0.0,38.2
2013/2014,Max Kruse,Attaquant,Borussia Mönchengladbach,25,76,78,2,5,2.0,100.0
2013/2014,Joo-Ho Park,Défenseur,1. FSV Mainz 05,26,67,73,6,0,6.0,76.5
2013/2014,Hiroshi Kiyotake,Milieu,1. FC Nürnberg,24,76,76,0,,0.0,94.1
2013/2014,Joel Matip,Défenseur,FC Schalke 04,22,76,77,1,1,1.0,91.2
2013/2014,Marcell Jansen,Défenseur,Hamburger SV,28,74,77,3,-3,3.0,58.8
2013/2014,Maximillian Beister,Milieu,Hamburger SV,23,73,74,1,0,1.0,41.2
2013/2014,Jacques Zoua Daogari,Attaquant,Hamburger SV,22,67,67,0,1,0.0,52.9
2013/2014,Gonzalo Castro,Milieu,Bayer 04 Leverkusen,26,80,80,0,3,0.0,88.2
2013/2014,Mike Hanke,Attaquant,SC Freiburg,30,74,72,-2,2,-2.0,11.8
2013/2014,Salif Sane,Défenseur,Hannover 96,23,70,72,2,2,2.0,47.1
2013/2014,Christian Traesch,Défenseur,VfL Wolfsburg,26,75,76,1,-3,1.0,61.8
2013/2014,Vieirinha,Milieu,VfL Wolfsburg,27,77,78,1,-1,1.0,20.6
2013/2014,Jan-Ingwer Callsen-Bracker,Défenseur,FC Augsburg,29,72,73,1,3,1.0,97.1
2013/2014,Robert Lewandowski,Attaquant,Borussia Dortmund,25,85,86,1,5,1.0,91.2
2013/2014,Kevin Kratz,Milieu,Eintracht Braunschweig,26,69,70,1,,1.0,35.3
2013/2014,Sebastian Proedl,Défenseur,SV Werder Bremen,26,74,74,0,0,0.0,76.5
2013/2014,Luca Caldirola,Défenseur,SV Werder Bremen,22,69,73,4,,4.0,97.1
2013/2014,Kevin Trapp,Gardien,Eintracht Frankfurt,23,79,80,1,2,1.0,100.0
2013/2014,Marco Russ,Milieu,Eintracht Frankfurt,28,72,70,-2,0,-2.0,82.4
2013/2014,Pirmin Schwegler,Milieu,Eintracht Frankfurt,26,76,77,1,1,1.0,41.2
2013/2014,Kevin-Prince Boateng,Milieu,FC Schalke 04,26,83,80,-3,0,-3.0,82.4
2013/2014,Julian Korb,Défenseur,Borussia Mönchengladbach,21,63,69,6,,5.0,64.7
2013/2014,Alex Manninger,Gardien,FC Augsburg,36,74,73,-1,2,-1.0,38.2
2013/2014,Santiago Garcia,Défenseur,SV Werder Bremen,25,73,74,1,6,1.0,61.8
2013/2014,Johan Djourou,Défenseur,Hamburger SV,26,75,74,-1,-1,-1.0,64.7
2013/2014,Shawn Parker,Milieu,1. FSV Mainz 05,20,67,69,2,7,2.0,8.8
2013/2014,Elkin Soto,Milieu,1. FSV Mainz 05,33,74,73,-1,0,-1.0,50.0
2013/2014,Sebastian Freis,Attaquant,SC Freiburg,28,70,68,-2,0,-2.0,38.2
2013/2014,Max Meyer,Milieu,FC Schalke 04,18,63,73,10,,9.0,61.8
2013/2014,Konstantin Rausch,Défenseur,VfB Stuttgart,23,72,73,1,-3,1.0,47.1
2013/2014,Fabian Johnson,Défenseur,TSG 1899 Hoffenheim,26,73,73,0,1,0.0,67.6
2013/2014,Ronny,Milieu,Hertha BSC Berlin,27,75,74,-1,,-1.0,29.4
2013/2014,Diego Contento,Défenseur,FC Bayern Munich,23,71,72,1,1,1.0,17.6
2013/2014,Jaroslav Drobny,Gardien,Hamburger SV,34,77,76,-1,-1,-1.0,11.8
2013/2014,Karim Guede,Attaquant,SC Freiburg,28,70,67,-3,9,-3.0,47.1
2013/2014,Constant Djakpa,Défenseur,Eintracht Frankfurt,27,69,72,3,0,3.0,55.9
2013/2014,Aleksandar Ignjovski,Défenseur,SV Werder Bremen,22,72,72,0,0,0.0,20.6
2013/2014,Matthias Henn,Défenseur,Eintracht Braunschweig,28,66,65,-1,,-1.0,5.9
2013/2014,Lukas Raeder,Gardien,FC Bayern Munich,20,60,60,0,,-1.0,2.9
2013/2014,Marcel Schaefer,Milieu,VfL Wolfsburg,29,76,75,-1,0,-1.0,14.7
2014/2015,Naldo,Défenseur,VfL Wolfsburg,32,80,83,3,0,3.0,94.1
2014/2015,Robin Knoche,Défenseur,VfL Wolfsburg,22,74,77,3,7,3.0,73.5
2014/2015,Mitchell Langerak,Gardien,Borussia Dortmund,26,70,73,3,1,3.0,26.5
2014/2015,Lukasz Piszczek,Défenseur,Borussia Dortmund,29,83,82,-1,1,-1.0,55.9
2014/2015,Henrik Mkhitaryan,Milieu,Borussia Dortmund,25,82,80,-2,,-2.0,61.8
2014/2015,Ciro Immobile,Attaquant,Borussia Dortmund,24,80,79,-1,5,-1.0,26.5
2014/2015,Karim Bellarabi,Milieu,Bayer 04 Leverkusen,24,74,80,6,2,6.0,94.1
2014/2015,Hakan Calhanoglu,Milieu,Bayer 04 Leverkusen,20,75,78,3,,3.0,91.2
2014/2015,Heung-Min Son,Milieu,Bayer 04 Leverkusen,22,76,76,0,1,0.0,82.4
2014/2015,Antonio Ruediger,Défenseur,VfB Stuttgart,21,73,74,1,6,1.0,52.9
2014/2015,Martin Harnik,Milieu,VfB Stuttgart,27,77,76,-1,-1,-1.0,76.5
2014/2015,Vedad Ibisevic,Attaquant,VfB Stuttgart,30,80,77,-3,1,-3.0,17.6
2014/2015,Marwin Hitz,Gardien,FC Augsburg,27,73,74,1,4,1.0,73.5
2014/2015,Paul Verhaegh,Défenseur,FC Augsburg,31,74,75,1,1,1.0,79.4
2014/2015,Ragnar Klavan,Défenseur,FC Augsburg,29,74,74,0,3,0.0,100.0
2014/2015,Abdul Rahman Baba,Défenseur,FC Augsburg,20,67,75,8,,8.0,85.3
2014/2015,Hiroki Sakai,Défenseur,Hannover 96,24,71,72,1,1,1.0,79.4
2014/2015,Christian Pander,Défenseur,Hannover 96,31,74,73,-1,0,-1.0,11.8
2014/2015,Joselu,Attaquant,Hannover 96,24,72,75,3,0,3.0,82.4
2014/2015,Sebastian Langkamp,Défenseur,Hertha BSC Berlin,26,74,74,0,3,0.0,44.1
2014/2015,Clemens Fritz,Milieu,SV Werder Bremen,34,73,72,-1,-1,-1.0,76.5
2014/2015,Jonas Hector,Défenseur,1. FC Köln,24,70,74,4,,4.0,97.1
2014/2015,Moritz Stoppelkamp,Milieu,SC Paderborn 07,28,70,71,1,,1.0,73.5
2014/2015,Stefan Bell,Défenseur,1. FSV Mainz 05,23,71,73,2,5,2.0,91.2
2014/2015,Nikolce Noveski,Défenseur,1. FSV Mainz 05,35,75,74,-1,1,-1.0,20.6
2014/2015,Daniel Brosinski,Défenseur,1. FSV Mainz 05,26,65,71,6,,6.0,94.1
2014/2015,Roman Weidenfeller,Gardien,Borussia Dortmund,34,83,81,-2,1,-2.0,73.5
2014/2015,Sven Bender,Milieu,Borussia Dortmund,25,81,80,-1,0,-1.0,41.2
2014/2015,Dennis Aogo,Milieu,FC Schalke 04,27,76,76,0,1,0.0,58.8
2014/2015,Dominik Kohr,Milieu,FC Augsburg,20,66,69,3,1,3.0,55.9
2014/2015,Stefan Aigner,Milieu,Eintracht Frankfurt,27,76,76,0,1,0.0,67.6
2014/2015,Marc Stendera,Milieu,Eintracht Frankfurt,19,64,72,8,3,7.0,61.8
2014/2015,Sonny Kittel,Milieu,Eintracht Frankfurt,21,68,68,0,,0.0,20.6
2014/2015,Thorsten Kirschbaum,Gardien,VfB Stuttgart,27,68,68,0,1,0.0,17.6
2014/2015,Giulio Donati,Défenseur,Bayer 04 Leverkusen,24,73,72,-1,9,-1.0,11.8
2014/2015,Sascha Riether,Défenseur,SC Freiburg,31,75,73,-2,-1,-2.0,47.1
2014/2015,Stefan Mitrovic,Défenseur,SC Freiburg,24,68,73,5,0,5.0,38.2
2014/2015,Marvin Ducksch,Attaquant,SC Paderborn 07,20,65,65,0,4,0.0,2.9
2014/2015,Per Ciljan Skjelbred,Milieu,Hertha BSC Berlin,27,74,75,1,2,1.0,76.5
2014/2015,Christian Strohdiek,Défenseur,SC Paderborn 07,26,67,68,1,,1.0,52.9
2014/2015,Lars Stindl,Milieu,Hannover 96,26,77,79,2,0,2.0,58.8
2014/2015,Levent Aycicek,Attaquant,SV Werder Bremen,20,60,63,3,,2.0,14.7
2014/2015,Timo Werner,Milieu,VfB Stuttgart,18,69,71,2,,2.0,47.1
2014/2015,Bastian Schweinsteiger,Milieu,FC Bayern Munich,30,88,88,0,1,0.0,44.1
2014/2015,Sejad Salihovic,Milieu,TSG 1899 Hoffenheim,30,77,76,-1,0,-1.0,14.7
2014/2015,Immanuel Hoehn,Défenseur,SC Freiburg,23,70,68,-2,2,-2.0,17.6
2014/2015,Carlos Zambrano,Défenseur,Eintracht Frankfurt,25,76,77,1,1,1.0,47.1
2014/2015,Chinedu Obasi,Milieu,FC Schalke 04,28,73,71,-2,0,-2.0,2.9
2015/2016,Jerome Boateng,Défenseur,FC Bayern Munich,27,87,87,0,3,-1.0,50.0
2015/2016,Arjen Robben,Milieu,FC Bayern Munich,31,90,89,-1,2,-2.0,41.2
2015/2016,Ivo Ilicevic,Milieu,Hamburger SV,29,73,74,1,-1,-1.0,70.6
2015/2016,Lewis Holtby,Milieu,Hamburger SV,25,76,77,1,-2,0.0,100.0
2015/2016,Sokratis Papastathopoulos,Défenseur,Borussia Dortmund,27,82,83,1,0,0.0,67.6
2015/2016,Shinji Kagawa,Milieu,Borussia Dortmund,26,82,82,0,1,-1.0,76.5
2015/2016,Oscar Wendt,Défenseur,Borussia Mönchengladbach,30,74,78,4,-1,2.0,88.2
2015/2016,Jin-Su Kim,Défenseur,TSG 1899 Hoffenheim,23,71,74,3,3,1.0,41.2
2015/2016,Kevin Kuranyi,Attaquant,TSG 1899 Hoffenheim,33,78,74,-4,,-5.0,14.7
2015/2016,David Abraham,Défenseur,Eintracht Frankfurt,29,75,75,0,-2,-1.0,82.4
2015/2016,Stefan Reinartz,Milieu,Eintracht Frankfurt,26,77,78,1,-1,0.0,41.2
2015/2016,Daniel Didavi,Milieu,VfB Stuttgart,25,75,79,4,1,3.0,88.2
2015/2016,Christian Gentner,Milieu,VfB Stuttgart,30,77,78,1,-1,0.0,85.3
2015/2016,Filip Kostic,Milieu,VfB Stuttgart,23,73,79,6,3,4.0,88.2
2015/2016,Daniel Ginczek,Attaquant,VfB Stuttgart,24,75,77,2,1,1.0,20.6
2015/2016,Pawel Olkowski,Défenseur,1. FC Köln,25,72,73,1,5,-1.0,38.2
2015/2016,Leonardo Bittencourt,Milieu,1. FC Köln,22,75,76,1,2,0.0,79.4
2015/2016,Anthony Modeste,Attaquant,1. FC Köln,27,77,78,1,1,0.0,97.1
2015/2016,Jeong-Ho Hong,Défenseur,FC Augsburg,26,71,73,2,0,0.0,55.9
2015/2016,Halil Altintop,Milieu,FC Augsburg,33,75,75,0,1,-1.0,44.1
2015/2016,Felix Wiedwald,Gardien,SV Werder Bremen,25,73,75,2,2,0.0,100.0
2015/2016,Anthony Ujah,Attaquant,SV Werder Bremen,25,74,76,2,2,0.0,76.5
2015/2016,Julian Baumgartlinger,Milieu,1. FSV Mainz 05,27,75,77,2,0,1.0,88.2
2015/2016,Florian Jungwirth,Défenseur,SV Darmstadt 98,26,68,68,0,,-2.0,47.1
2015/2016,Christian Schulz,Défenseur,Hannover 96,32,74,74,0,0,-2.0,70.6
2015/2016,Kevin Vogt,Milieu,1. FC Köln,24,74,75,1,3,-1.0,50.0
2015/2016,Matthias Ginter,Défenseur,Borussia Dortmund,21,75,76,1,-1,0.0,61.8
2015/2016,Kevin Kampl,Milieu,Bayer 04 Leverkusen,25,77,79,2,2,1.0,55.9
2015/2016,Admir Mehmedi,Milieu,Bayer 04 Leverkusen,24,75,77,2,1,1.0,41.2
2015/2016,Christoph Moritz,Milieu,1. FSV Mainz 05,25,73,74,1,0,-1.0,8.8
2015/2016,Luiz Gustavo,Milieu,VfL Wolfsburg,28,81,83,2,0,1.0,64.7
2015/2016,Elias Kachunga,Attaquant,FC Ingolstadt 04,23,69,69,0,2,-2.0,8.8
2015/2016,Yuya Osako,Milieu,1. FC Köln,25,72,73,1,1,-1.0,41.2
2015/2016,Haavard Nordtveit,Défenseur,Borussia Mönchengladbach,25,75,78,3,0,2.0,79.4
2015/2016,John Anthony Brooks,Défenseur,Hertha BSC Berlin,22,72,77,5,1,3.0,58.8
2015/2016,Gotoku Sakai,Défenseur,Hamburger SV,24,72,72,0,-1,-2.0,61.8
2015/2016,Luca-Milan Zander,Défenseur,SV Werder Bremen,20,59,60,1,,-2.0,2.9
2015/2016,Georg Niedermaier,Défenseur,VfB Stuttgart,29,72,73,1,-2,-1.0,47.1
2015/2016,Stefan Lex,Attaquant,FC Ingolstadt 04,26,67,69,2,,0.0,26.5
2015/2016,Thiago Alcantara,Milieu,FC Bayern Munich,24,81,83,2,0,1.0,47.1
2015/2016,Oerjan Haaskjold Nyland,Gardien,FC Ingolstadt 04,25,73,73,0,,-2.0,17.6
2015/2016,Slobodan Rajkovic,Défenseur,SV Darmstadt 98,26,73,73,0,0,-2.0,35.3
2015/2016,Martin Hinteregger,Défenseur,Borussia Mönchengladbach,23,72,75,3,,1.0,17.6
2015/2016,Konstantinos Stafylidis,Défenseur,FC Augsburg,22,68,71,3,,1.0,23.5
2015/2016,Andre Ramalho Silva,Défenseur,Bayer 04 Leverkusen,23,69,71,2,,0.0,32.4
2015/2016,Alfred Finnbogason,Attaquant,FC Augsburg,26,75,75,0,-1,-1.0,38.2
2015/2016,Nuri Sahin,Milieu,Borussia Dortmund,27,81,81,0,-1,-1.0,17.6
2015/2016,Franck Ribery,Milieu,FC Bayern Munich,32,88,86,-2,-1,-3.0,17.6
2012/2013,David Beckham,Milieu,Paris Saint-Germain,37,78,78,0,,0.0,5.3
2012/2013,Fabrice Begeorgi,Défenseur,AC Ajaccio,25,62,62,0,,-2.0,5.3
2012/2013,Anthony Lopes,Gardien,Olympique Lyonnais,22,66,66,0,,0.0,13.2
2013/2014,Romain Achilli,Milieu,SC Bastia,20,58,58,0,,-1.0,5.3
2013/2014,Wesley Said,Attaquant,Stade Rennais FC,18,60,61,1,,0.0,5.3
2014/2015,Maarten Stekelenburg,Gardien,AS Monaco,32,77,77,0,-2,0.0,2.6
2014/2015,Said Benrahma,Milieu,OGC Nice,19,54,59,5,,4.0,7.9
2014/2015,Mehdi Zeffane,Défenseur,Olympique Lyonnais,22,60,66,6,0,5.0,2.6
2015/2016,Jonathan Ligali,Gardien,Montpellier Hérault SC,24,69,68,-1,1,-3.0,15.8
2015/2016,Morgan Amalfitano,Attaquant,LOSC Lille,30,75,74,-1,0,-2.0,26.3
2015/2016,Jesper Hansen,Gardien,SC Bastia,30,67,70,3,0,1.0,7.9
2015/2016,Kevin Gomis,Défenseur,OGC Nice,26,69,69,0,4,-2.0,2.6
2015/2016,Adama Traore,Milieu,AS Monaco,20,64,68,4,,1.0,10.5
2015/2016,Franck Beria,Défenseur,LOSC Lille,32,73,73,0,-1,-2.0,2.6
2015/2016,Nicolas Douchez,Gardien,Paris Saint-Germain,35,74,75,1,0,-1.0,2.6
2013/2014,Kyriakos Papadopoulos,Défenseur,FC Schalke 04,21,78,78,0,2,0.0,2.9
2013/2014,Jonas Hofmann,Milieu,Borussia Dortmund,21,65,72,7,,7.0,11.8
2013/2014,Pierre-Emil Hoejbjerg,Milieu,FC Bayern Munich,18,63,64,1,,0.0,5.9
2014/2015,Didier Konan Ya,Attaquant,Hannover 96,30,77,76,-1,-1,-1.0,8.8
2014/2015,Marvin Friedrich,Défenseur,FC Schalke 04,19,58,60,2,,1.0,5.9
2015/2016,Vladlen Yurchenko,Milieu,Bayer 04 Leverkusen,21,61,64,3,,0.0,8.8
2015/2016,Charles Aranguiz,Milieu,Bayer 04 Leverkusen,26,78,78,0,,-1.0,14.7
2012/2013,Romain Salin,Gardien,CS Marítimo,28,65,69,4,,4.0,73.3
2012/2013,Briguel,Défenseur,CS Marítimo,33,65,65,0,,0.0,73.3
2012/2013,Joao Aurelio,Défenseur,CD Nacional,24,68,64,-4,,-4.0,60.0
2012/2013,Claudemir,Milieu,CD Nacional,28,67,70,3,,3.0,93.3
2012/2013,Ladji Keita,Attaquant,CD Nacional,29,69,66,-3,,-3.0,33.3
2012/2013,Miguel Pedro,Attaquant,Vitória Setúbal,29,67,68,1,,1.0,53.3
2012/2013,Maximiliano Pereira,Défenseur,SL Benfica,28,79,77,-2,,-2.0,93.3
2012/2013,Rodrigo,Attaquant,SL Benfica,21,76,77,1,,1.0,46.7
2012/2013,Oscar Cardozo,Attaquant,SL Benfica,29,82,82,0,,0.0,66.7
2012/2013,Caetano,Milieu,FC Paços de Ferreira,21,67,68,1,,1.0,13.3
2012/2013,Pedro Moreira,Défenseur,SC Beira Mar,29,66,65,-1,,-1.0,46.7
2012/2013,Ricardo,Gardien,Académica de Coimbra,30,65,73,8,,8.0,100.0
2012/2013,Marcos Rojo,Défenseur,Sporting CP,22,71,74,3,,3.0,80.0
2012/2013,Elias,Milieu,Sporting CP,27,78,77,-1,,-1.0,26.7
2012/2013,Adrien Silva,Milieu,Sporting CP,23,70,76,6,,6.0,50.0
2012/2013,Adriano Facchini,Gardien,Gil Vicente FC,29,66,68,2,,2.0,80.0
2012/2013,Luis Manuel,Milieu,Gil Vicente FC,31,65,67,2,,2.0,73.3
2012/2013,Nicolas Otamendi,Défenseur,FC Porto,24,79,80,1,,1.0,96.7
2012/2013,Manuel da Costa,Défenseur,CD Nacional,26,74,77,3,,3.0,53.3
2012/2013,Nuno Andre Coelho,Défenseur,SC Braga,26,74,72,-2,,-2.0,23.3
2012/2013,Kelvin,Attaquant,FC Porto,19,73,74,1,,1.0,3.3
2012/2013,Diogo Figueiras,Défenseur,FC Paços de Ferreira,21,61,67,6,,4.0,60.0
2012/2013,Nuno Piloto,Milieu,S.C. Olhanense,30,69,66,-3,,-3.0,30.0
2012/2013,Jeffren Suarez,Milieu,Sporting CP,24,76,76,0,,0.0,16.7
2012/2013,Vitor Vinha,Défenseur,Gil Vicente FC,26,65,65,0,,0.0,26.7
2012/2013,Adilson,Attaquant,CS Marítimo,30,68,66,-2,,-2.0,6.7
2012/2013,Mano,Défenseur,Estoril Praia,25,65,65,0,,0.0,26.7
2012/2013,Christian Atsu,Attaquant,FC Porto,20,74,76,2,,2.0,30.0
2012/2013,Edgar Costa,Milieu,CD Nacional,25,70,67,-3,,-3.0,6.7
2012/2013,Palmeira,Défenseur,SC Braga,23,64,64,0,,-2.0,6.7
2012/2013,Ibrahim Obayomi,Attaquant,CS Marítimo,20,60,60,0,,-2.0,3.3
2013/2014,Lionn,Défenseur,Rio Ave FC,24,68,68,0,,0.0,60.0
2013/2014,Edimar Fraga,Défenseur,Rio Ave FC,27,69,69,0,,0.0,80.0
2013/2014,Tarantini,Milieu,Rio Ave FC,30,70,70,0,7,0.0,80.0
2013/2014,Babanco,Défenseur,Estoril Praia,28,67,69,2,,2.0,60.0
2013/2014,Luis Filipe,Défenseur,S.C. Olhanense,34,64,63,-1,-1,-2.0,53.3
2013/2014,Igor Rossi,Défenseur,CS Marítimo,24,63,64,1,2,0.0,30.0
2013/2014,Danilo Pereira,Milieu,CS Marítimo,22,68,71,3,0,3.0,83.3
2013/2014,Artur,Milieu,CS Marítimo,29,73,72,-1,0,-1.0,66.7
2013/2014,Luisao,Défenseur,SL Benfica,32,80,80,0,-2,0.0,93.3
2013/2014,Ezequiel Garay,Défenseur,SL Benfica,27,82,82,0,3,0.0,90.0
2013/2014,Lima,Attaquant,SL Benfica,30,80,78,-2,,-2.0,86.7
2013/2014,Ruben Micael,Milieu,SC Braga,27,75,75,0,2,0.0,66.7
2013/2014,Mauro,Milieu,SC Braga,23,65,70,5,3,5.0,73.3
2013/2014,Fredy Montero,Attaquant,Sporting CP,26,74,77,3,,3.0,70.0
2013/2014,David Simao,Milieu,FC Arouca,23,72,72,0,2,0.0,86.7
2013/2014,Nelson Pedroso,Défenseur,Vitória Setúbal,28,65,65,0,,0.0,83.3
2013/2014,Paulo Tavares,Milieu,Vitória Setúbal,28,67,66,-1,,-1.0,26.7
2013/2014,Eliaquim Mangala,Défenseur,FC Porto,22,79,80,1,2,1.0,66.7
2013/2014,Alex Sandro,Défenseur,FC Porto,22,77,79,2,4,2.0,86.7
2013/2014,Lica,Milieu,FC Porto,25,75,73,-2,,-2.0,40.0
2013/2014,Claudio Pitbull,Attaquant,Gil Vicente FC,31,73,66,-7,,-7.0,3.3
2013/2014,Antonio Filipe,Gardien,FC Paços de Ferreira,28,60,63,3,,2.0,30.0
2013/2014,Ivan Balliu,Défenseur,FC Arouca,21,63,64,1,,0.0,86.7
2013/2014,William Soares,Milieu,FC Arouca,25,67,67,0,,0.0,26.7
2013/2014,Lucas Joao,Attaquant,CD Nacional,20,62,63,1,,0.0,10.0
2013/2014,Ljubomir Fejsa,Milieu,SL Benfica,25,72,75,3,,3.0,50.0
2013/2014,Mirko Bigazzi,Milieu,S.C. Olhanense,24,63,63,0,,-1.0,16.7
2013/2014,Federico Dionisi,Attaquant,S.C. Olhanense,26,70,69,-1,,-1.0,73.3
2013/2014,Freire,Défenseur,Vitória Guimarães,24,64,65,1,1,0.0,13.3
2013/2014,Javier Balboa,Attaquant,Estoril Praia,28,65,69,4,-2,4.0,53.3
2013/2014,Vincent Sasso,Défenseur,SC Braga,22,69,69,0,,0.0,16.7
2013/2014,Nuno Lopes,Défenseur,Rio Ave FC,27,63,65,2,0,1.0,36.7
2013/2014,Ney Santos,Milieu,Vitória Setúbal,32,68,67,-1,0,-1.0,10.0
2013/2014,Bruninho,Attaquant,Vitória Setúbal,25,63,63,0,,-1.0,3.3
2013/2014,Joao Mario,Milieu,Vitória Setúbal,20,69,73,4,,4.0,46.7
2013/2014,Rui Sampaio,Milieu,FC Arouca,26,68,67,-1,,-1.0,36.7
2013/2014,Filipe Augusto,Milieu,Rio Ave FC,20,69,68,-1,,-1.0,26.7
2013/2014,Alex,Attaquant,Vitória Guimarães,22,72,66,-6,,-6.0,6.7
2013/2014,Rogelio Funes Mori,Attaquant,SL Benfica,22,70,70,0,,0.0,3.3
2014/2015,Cristiano,Gardien,Académica de Coimbra,24,64,68,4,-1,3.0,73.5
2014/2015,Jefferson Nascimento,Défenseur,Sporting CP,26,75,76,1,3,1.0,67.6
2014/2015,Andre Martins,Milieu,Sporting CP,24,74,74,0,0,0.0,35.3
2014/2015,Bruno Amaro,Milieu,FC Arouca,31,70,68,-2,-1,-2.0,35.3
2014/2015,Jailson,Défenseur,FC Paços de Ferreira,23,60,63,3,,2.0,64.7
2014/2015,Luis Silva,Milieu,Gil Vicente FC,22,65,66,1,,1.0,38.2
2014/2015,Douglas,Gardien,Vitória Guimarães,31,70,73,3,0,3.0,55.9
2014/2015,Zequinha,Attaquant,Vitória Setúbal,27,67,69,2,,2.0,82.4
2014/2015,Pedro Tiba,Milieu,SC Braga,26,71,74,3,,3.0,85.3
2014/2015,Gege,Défenseur,CS Marítimo,26,65,67,2,4,2.0,55.9
2014/2015,Eduardo Gottardi,Gardien,CD Nacional,29,69,70,1,0,1.0,73.5
2014/2015,Danielson,Défenseur,Moreirense FC,33,71,70,-1,,-1.0,100.0
2014/2015,Josue,Défenseur,Vitória Guimarães,22,62,70,8,0,7.0,73.5
2014/2015,Mika,Gardien,Boavista FC,23,66,67,1,,1.0,85.3
2014/2015,Felipe Pardo,Milieu,SC Braga,24,73,75,2,,2.0,61.8
2014/2015,Casemiro,Milieu,FC Porto,22,75,76,1,1,1.0,76.5
2014/2015,Alhassan Wakaso,Milieu,Rio Ave FC,22,67,68,1,,1.0,76.5
2014/2015,Magique,Attaquant,Académica de Coimbra,21,64,64,0,0,-1.0,29.4
2014/2015,Nelson,Défenseur,CF Os Belenenses,31,72,71,-1,0,-1.0,82.4
2014/2015,Rui Silva,Gardien,CD Nacional,20,60,64,4,3,3.0,26.5
2014/2015,Edgar Salli,Milieu,Académica de Coimbra,22,68,68,0,,0.0,17.6
2014/2015,Ederson Moraes,Gardien,Rio Ave FC,21,68,71,3,4,3.0,50.0
2014/2015,Roderick Miranda,Défenseur,Rio Ave FC,23,68,67,-1,-1,-1.0,5.9
2014/2015,Leo Bonatini,Attaquant,Estoril Praia,20,65,65,0,,0.0,32.4
2014/2015,Pizzi,Milieu,SL Benfica,25,76,77,1,2,1.0,44.1
2014/2015,Joris Kayembe Ditu,Attaquant,FC Arouca,20,65,67,2,,2.0,35.3
2014/2015,Oriol Rosell,Milieu,Sporting CP,22,68,70,2,,2.0,17.6
2014/2015,Avto,Attaquant,Gil Vicente FC,23,65,64,-1,,-1.0,32.4
2014/2015,Tomas Dabo,Défenseur,FC Arouca,21,64,64,0,,-1.0,8.8
2014/2015,Ulises Davila,Attaquant,Vitória Setúbal,23,67,67,0,,0.0,11.8
2014/2015,Braga,Milieu,FC Penafiel,31,70,70,0,-1,0.0,26.5
2015/2016,Cassio,Gardien,Rio Ave FC,35,71,74,3,0,1.0,94.1
2015/2016,Yohan Tavares,Défenseur,Estoril Praia,27,72,74,2,1,0.0,88.2
2015/2016,Seba,Milieu,Estoril Praia,23,73,75,2,1,0.0,2.9
2015/2016,Joao Real,Défenseur,Académica de Coimbra,32,69,71,2,1,0.0,70.6
2015/2016,Nuno Coelho,Milieu,FC Arouca,28,68,70,2,-1,0.0,91.2
2015/2016,Roberto,Attaquant,FC Arouca,27,69,70,1,4,-1.0,29.4
2015/2016,Ivo Rodrigues,Attaquant,FC Arouca,20,65,72,7,,5.0,76.5
2015/2016,William Alves,Défenseur,Vitória Setúbal,28,69,67,-2,,-4.0,82.4
2015/2016,Samuel Inkoom,Défenseur,Boavista FC,26,69,69,0,,-2.0,23.5
2015/2016,Ivan Marcano,Défenseur,FC Porto,28,74,78,4,1,2.0,64.7
2015/2016,Tomane,Attaquant,Vitória Guimarães,23,68,69,1,2,-1.0,35.3
2015/2016,Fransergio,Milieu,CS Marítimo,25,69,73,4,4,2.0,88.2
2015/2016,Ruben Neves,Milieu,FC Porto,18,71,75,4,,2.0,38.2
2015/2016,Pedro Coronas,Défenseur,Moreirense FC,25,64,65,1,0,-2.0,35.3
2015/2016,Ricardo,Défenseur,FC Paços de Ferreira,35,70,74,4,2,2.0,67.6
2015/2016,Ricardo Dani,Milieu,Vitória Setúbal,33,69,68,-1,1,-3.0,44.1
2015/2016,Fabio Martins,Milieu,FC Paços de Ferreira,22,68,72,4,,2.0,17.6
2015/2016,Ukra,Milieu,Rio Ave FC,27,72,73,1,0,-1.0,55.9
2015/2016,Diogo Amado,Milieu,Estoril Praia,25,70,72,2,2,0.0,44.1
2015/2016,Alberto Aquilani,Milieu,Sporting CP,31,77,77,0,-2,-1.0,14.7
2015/2016,Carlos Santos,Défenseur,Boavista FC,26,64,66,2,,-1.0,5.9
2015/2016,Pintassilgo,Milieu,FC Arouca,30,69,69,0,2,-2.0,2.9
2015/2016,Baba,Attaquant,CS Marítimo,27,74,72,-2,1,-4.0,11.8
2015/2016,Matheus,Gardien,SC Braga,23,73,75,2,,0.0,8.8
2015/2016,Miguel Lourenco,Défenseur,Vitória Setúbal,23,64,66,2,,-1.0,20.6
2015/2016,Eduardo Salvio,Milieu,SL Benfica,25,80,79,-1,1,-2.0,2.9
2015/2016,Pablo Osvaldo,Attaquant,FC Porto,29,78,77,-1,-1,-2.0,5.9
2012/2013,Andy Webster,Défenseur,Heart of Midlothian,30,68,69,1,,1.0,86.8
2012/2013,Ryan Esson,Gardien,Inverness Caledonian Thistle,32,60,60,0,,-2.0,39.5
2012/2013,Keith Watson,Défenseur,Dundee United,23,63,62,-1,,-3.0,76.3
2012/2013,Willo Flood,Milieu,Dundee United,27,63,64,1,,-1.0,97.4
2012/2013,Thomas Reilly,Milieu,St. Mirren,18,52,56,4,,2.0,5.3
2012/2013,Borja Perez,Milieu,Kilmarnock,30,63,64,1,,-1.0,50.0
2012/2013,Paul Heffernan,Attaquant,Kilmarnock,31,67,68,1,,1.0,57.9
2012/2013,Gary Deegan,Milieu,Hibernian,25,63,63,0,,-2.0,50.0
2012/2013,Danny Wilson,Défenseur,Heart of Midlothian,21,70,66,-4,,-4.0,34.2
2012/2013,Robert Milsom,Milieu,Aberdeen,25,63,60,-3,,-5.0,7.9
2012/2013,Sammy Clingan,Milieu,Kilmarnock,28,68,67,-1,,-1.0,34.2
2012/2013,Mehdi Abeid,Milieu,St. Johnstone FC,20,60,61,1,,-1.0,23.7
2012/2013,Michael Doughty,Milieu,St. Johnstone FC,20,55,55,0,,-2.0,2.6
2012/2013,Ryan Dow,Milieu,Dundee United,21,59,61,2,,0.0,7.9
2012/2013,Paul Gallacher,Gardien,Ross County FC,33,65,63,-2,,-2.0,2.6
2013/2014,Mark Reynolds,Défenseur,Aberdeen,26,65,66,1,3,1.0,97.4
2013/2014,Barry Robson,Milieu,Aberdeen,35,66,66,0,,0.0,52.6
2013/2014,Calvin Zola Makongo,Attaquant,Aberdeen,29,62,60,-2,,-3.0,28.9
2013/2014,Craig Samson,Gardien,Kilmarnock,29,64,63,-1,-4,-2.0,100.0
2013/2014,Fraser Forster,Gardien,Celtic,25,76,75,-1,4,-1.0,97.4
2013/2014,Emilio Izaguirre,Défenseur,Celtic,27,71,72,1,-3,1.0,89.5
2013/2014,Charles Mulgrew,Milieu,Celtic,27,72,68,-4,-1,-4.0,71.1
2013/2014,Kris Commons,Attaquant,Celtic,30,74,75,1,-1,1.0,84.2
2013/2014,Michael Kovacevic,Défenseur,Ross County FC,25,63,61,-2,,-3.0,34.2
2013/2014,Grant Munro,Défenseur,Ross County FC,33,62,62,0,,-1.0,13.2
2013/2014,Stuart Kettlewell,Milieu,Ross County FC,29,63,61,-2,,-3.0,57.9
2013/2014,Graeme Shinnie,Défenseur,Inverness Caledonian Thistle,22,67,69,2,6,2.0,94.7
2013/2014,Gary Warren,Défenseur,Inverness Caledonian Thistle,29,61,65,4,,3.0,89.5
2013/2014,Sean Dillon,Défenseur,Dundee United,30,62,60,-2,-5,-3.0,57.9
2013/2014,David Goodwillie,Attaquant,Dundee United,24,68,67,-1,,-1.0,23.7
2013/2014,Alan Mannus,Gardien,St. Johnstone FC,31,66,65,-1,5,-1.0,89.5
2013/2014,David Wotherspoon,Milieu,St. Johnstone FC,22,63,66,3,-1,2.0,84.2
2013/2014,Simon Ramsden,Défenseur,Motherwell,32,62,59,-3,2,-4.0,47.4
2013/2014,Shaun Hutchinson,Défenseur,Motherwell,23,68,69,1,3,1.0,92.1
2013/2014,Ibrahim Rabiu,Milieu,Kilmarnock,22,65,63,-2,-1,-2.0,15.8
2013/2014,Kris Boyd,Attaquant,Kilmarnock,30,66,70,4,-6,4.0,92.1
2013/2014,Henri Anier,Attaquant,Motherwell,23,57,65,8,,7.0,50.0
2013/2014,Darren McGregor,Défenseur,St. Mirren,28,65,61,-4,-2,-4.0,92.1
2013/2014,Marian Kello,Gardien,St. Mirren,31,66,66,0,,0.0,55.3
2013/2014,Mark O'Hara,Défenseur,Kilmarnock,18,58,58,0,,-1.0,28.9
2013/2014,Jordan Slew,Attaquant,Ross County FC,21,63,63,0,,-1.0,44.7
2013/2014,Morgaro Gomis,Milieu,Dundee United,28,65,64,-1,,-1.0,13.2
2013/2014,Jason Naismith,Défenseur,St. Mirren,19,52,57,5,,4.0,68.4
2013/2014,Lee Ashcroft,Défenseur,Kilmarnock,20,51,53,2,,1.0,60.5
2013/2014,Robbie Muirhead,Milieu,Kilmarnock,17,52,53,1,,0.0,26.3
2013/2014,Daniel Devine,Défenseur,Inverness Caledonian Thistle,21,59,59,0,0,-1.0,21.1
2013/2014,Dale Carrick,Attaquant,Heart of Midlothian,19,58,58,0,,-1.0,36.8
2013/2014,John Baird,Attaquant,Partick Thistle F.C.,28,60,58,-2,,-3.0,5.3
2013/2014,David Mendes,Milieu,Kilmarnock,27,64,63,-1,1,-2.0,2.6
2014/2015,Aleksandar Tonev,Milieu,Celtic,24,66,66,0,-1,0.0,7.9
2014/2015,Stephen O'Donnell,Défenseur,Partick Thistle F.C.,22,59,61,2,,1.0,89.5
2014/2015,Conrad Balatoni,Défenseur,Partick Thistle F.C.,23,60,60,0,,-1.0,84.2
2014/2015,Stuart Bannigan,Milieu,Partick Thistle F.C.,22,65,64,-1,,-1.0,89.5
2014/2015,Chris Chantler,Défenseur,Kilmarnock,24,59,59,0,,-1.0,68.4
2014/2015,Christopher Johnston,Milieu,Kilmarnock,20,62,63,1,7,0.0,50.0
2014/2015,Rory McKenzie,Milieu,Kilmarnock,21,59,63,4,4,3.0,55.3
2014/2015,Daniel Redmond,Milieu,Hamilton Academical FC,23,62,62,0,,-1.0,52.6
2014/2015,Dean Brill,Gardien,Inverness Caledonian Thistle,29,65,65,0,,0.0,63.2
2014/2015,Josh Meekings,Défenseur,Inverness Caledonian Thistle,22,66,67,1,6,1.0,97.4
2014/2015,Greg Tansey,Milieu,Inverness Caledonian Thistle,26,61,64,3,2,2.0,94.7
2014/2015,Keith Lasley,Milieu,Motherwell,35,68,66,-2,0,-2.0,86.8
2014/2015,Scott Boyd,Défenseur,Ross County FC,28,58,59,1,-6,0.0,81.6
2014/2015,Jake Jervis,Attaquant,Ross County FC,23,64,61,-3,,-4.0,26.3
2014/2015,Graham Carey,Milieu,Ross County FC,25,63,62,-1,1,-2.0,44.7
2014/2015,Steven Anderson,Défenseur,St. Johnstone FC,29,66,65,-1,1,-1.0,97.4
2014/2015,Chris Millar,Milieu,St. Johnstone FC,31,60,61,1,0,0.0,84.2
2014/2015,Gary McDonald,Milieu,St. Johnstone FC,32,60,60,0,0,-1.0,26.3
2014/2015,Steven MacLean,Attaquant,St. Johnstone FC,32,61,64,3,1,2.0,60.5
2014/2015,Daniel Seaborne,Défenseur,Partick Thistle F.C.,27,63,63,0,,-1.0,47.4
2014/2015,Jack Leitch,Milieu,Motherwell,19,52,56,4,,3.0,10.5
2014/2015,David Clarkson,Attaquant,Dundee FC,29,57,64,7,,6.0,47.4
2014/2015,Mikael Lustig,Défenseur,Celtic,28,74,75,1,2,1.0,7.9
2014/2015,Marley Watkins,Attaquant,Inverness Caledonian Thistle,24,56,65,9,,8.0,76.3
2014/2015,Alexei Jr Eremenko,Attaquant,Kilmarnock,31,73,69,-4,0,-4.0,44.7
2014/2015,Jamie Reckord,Défenseur,Ross County FC,22,56,57,1,,0.0,68.4
2014/2015,Darryl Westlake,Défenseur,Kilmarnock,23,62,60,-2,,-3.0,42.1
2014/2015,Isaac Osbourne,Milieu,St. Mirren,28,63,60,-3,0,-4.0,34.2
2014/2015,Aaron Doran,Milieu,Inverness Caledonian Thistle,23,68,67,-1,-2,-1.0,39.5
2014/2015,Stephen Pearson,Milieu,Motherwell,32,63,63,0,,-1.0,34.2
2014/2015,Ruben Palazuelos,Milieu,Ross County FC,31,63,63,0,,-1.0,2.6
2014/2015,Paul Cairney,Milieu,Kilmarnock,27,60,60,0,-3,-1.0,7.9
2014/2015,Stephen McGinn,Milieu,Dundee FC,26,62,60,-2,,-3.0,28.9
2014/2015,Joe Shaughnessy,Milieu,Aberdeen,22,60,60,0,0,-1.0,2.6
2014/2015,Teemu Pukki,Attaquant,Celtic,24,68,68,0,-4,0.0,2.6
2015/2016,Scott Brown,Milieu,Celtic,30,75,73,-2,3,-3.0,57.9
2015/2016,Stefan Johansen,Milieu,Celtic,24,74,72,-2,1,-4.0,57.9
2015/2016,Coll Donaldson,Défenseur,Dundee United,20,61,61,0,,-3.0,39.5
2015/2016,John Rankin,Milieu,Dundee United,32,62,63,1,-1,-2.0,89.5
2015/2016,Chris Erskine,Attaquant,Dundee United,28,64,65,1,3,-2.0,21.1
2015/2016,Blair Spittal,Milieu,Dundee United,20,58,63,5,,2.0,71.1
2015/2016,Cameron Smith,Attaquant,Aberdeen,20,61,63,2,0,-1.0,5.3
2015/2016,Frederik Frans,Défenseur,Partick Thistle F.C.,26,64,65,1,0,-2.0,44.7
2015/2016,Liam Lindsay,Défenseur,Partick Thistle F.C.,20,54,59,5,0,2.0,65.8
2015/2016,Michael O'Halloran,Milieu,St. Johnstone FC,24,66,68,2,3,0.0,50.0
2015/2016,Ross Draper,Milieu,Inverness Caledonian Thistle,27,65,65,0,1,-2.0,81.6
2015/2016,Steven Smith,Milieu,Kilmarnock,30,60,61,1,,-2.0,55.3
2015/2016,Nick Ross,Milieu,Dundee FC,24,62,63,1,-2,-2.0,94.7
2015/2016,Gary Harkins,Milieu,Dundee FC,30,66,66,0,0,-2.0,57.9
2015/2016,Riccardo Calder,Milieu,Dundee FC,19,49,52,3,,0.0,7.9
2015/2016,Tyler Blackett,Défenseur,Celtic,21,65,66,1,7,-1.0,7.9
2015/2016,Callum Morris,Défenseur,Dundee United,25,62,64,2,,-1.0,34.2
2015/2016,Scott Fraser,Milieu,Dundee United,20,57,58,1,,-2.0,60.5
2015/2016,Brian Graham,Attaquant,Ross County FC,27,60,62,2,-1,-1.0,26.3
2015/2016,Liam Polworth,Milieu,Inverness Caledonian Thistle,21,57,59,2,1,-1.0,86.8
2015/2016,Carl Tremarco,Défenseur,Inverness Caledonian Thistle,30,58,61,3,0,0.0,73.7
2015/2016,Arnaud Sutchuin Djoum,Milieu,Heart of Midlothian,26,65,66,1,2,-1.0,63.2
2015/2016,Aidan Connolly,Milieu,Dundee United,20,59,61,2,4,-1.0,2.6
2015/2016,Eoghan O'Connell,Défenseur,Celtic,20,55,55,0,0,-3.0,2.6
2012/2013,Gorka Iraizoz Moreno,Gardien,Athletic Club de Bilbao,31,81,73,-8,,-8.0,92.1
2012/2013,Paulao,Défenseur,Real Betis Balompié,30,73,76,3,,3.0,50.0
2012/2013,Juan Carlos,Milieu,Real Betis Balompié,22,70,72,2,,2.0,55.3
2012/2013,Fernando Gago,Milieu,Valencia CF,26,77,79,2,,2.0,28.9
2012/2013,Tino Costa,Milieu,Valencia CF,27,79,80,1,,1.0,68.4
2012/2013,Roberto Soldado,Attaquant,Valencia CF,27,84,84,0,,0.0,86.8
2012/2013,Victor Valdes,Gardien,FC Barcelona,30,85,84,-1,,-1.0,81.6
2012/2013,Ion Ansotegi,Défenseur,Real Sociedad,30,71,69,-2,,-2.0,10.5
2012/2013,Alberto De la Bella,Défenseur,Real Sociedad,27,72,74,2,,2.0,94.7
2012/2013,David Navarro,Défenseur,Levante UD,32,75,75,0,,0.0,92.1
2012/2013,Vicente Iborra,Milieu,Levante UD,24,73,77,4,,4.0,92.1
2012/2013,Thibaut Courtois,Gardien,Atlético Madrid,20,76,83,7,,7.0,97.4
2012/2013,Cristian Rodriguez,Milieu,Atlético Madrid,27,78,79,1,,1.0,31.6
2012/2013,Romaric,Milieu,Real Zaragoza,29,75,73,-2,,-2.0,18.4
2012/2013,Paco Montanes,Milieu,Real Zaragoza,26,69,74,5,,5.0,100.0
2012/2013,Alvaro Rubio,Milieu,Real Valladolid,33,66,73,7,,7.0,89.5
2012/2013,Iago Aspas,Attaquant,RC Celta de Vigo,25,68,76,8,,8.0,89.5
2012/2013,Joaquin,Milieu,Málaga CF,31,80,82,2,,2.0,76.3
2012/2013,Dudu Aouate,Gardien,RCD Mallorca,35,77,73,-4,,-4.0,92.1
2012/2013,Emilio Nsue,Milieu,RCD Mallorca,23,72,72,0,,0.0,65.8
2012/2013,Hector Moreno,Défenseur,RCD Espanyol,24,78,77,-1,,-1.0,81.6
2012/2013,Joan Capdevila,Défenseur,RCD Espanyol,34,78,69,-9,,-9.0,65.8
2012/2013,Adrian Gonzalez,Milieu,Rayo Vallecano,24,71,70,-1,,-1.0,21.1
2012/2013,Alhassane Bangoura,Milieu,Rayo Vallecano,20,71,77,6,,6.0,52.6
2012/2013,Allan Nyom,Défenseur,Granada CF,24,73,72,-1,,-1.0,92.1
2012/2013,Abel Aguilar,Milieu,RC Deportivo de La Coruña,27,74,76,2,,2.0,71.1
2012/2013,Ivan Sanchez Riki,Attaquant,RC Deportivo de La Coruña,32,70,75,5,,5.0,94.7
2012/2013,Patxi Martinez Punal,Milieu,CA Osasuna,37,73,71,-2,,-2.0,34.2
2012/2013,Mikel Labaka,Défenseur,Rayo Vallecano,32,68,68,0,,0.0,18.4
2012/2013,Sergio Rodri,Défenseur,Rayo Vallecano,28,70,71,1,,1.0,7.9
2012/2013,Roberto Trashorras,Milieu,Rayo Vallecano,31,71,76,5,,5.0,81.6
2012/2013,Diego Daniel Colotto,Défenseur,RCD Espanyol,31,75,74,-1,,-1.0,73.7
2012/2013,Jose Canas,Milieu,Real Betis Balompié,25,70,78,8,,8.0,68.4
2012/2013,Salva Sevilla,Milieu,Real Betis Balompié,28,73,74,1,,1.0,39.5
2012/2013,Diego Mainz,Défenseur,Granada CF,30,69,70,1,,1.0,68.4
2012/2013,Pape Diakhate,Défenseur,Granada CF,28,72,70,-2,,-2.0,44.7
2012/2013,Andres Palop,Gardien,Sevilla FC,39,74,72,-2,,-2.0,39.5
2012/2013,Michael Essien,Milieu,Real Madrid CF,30,83,81,-2,,-2.0,50.0
2012/2013,Geromel,Défenseur,RCD Mallorca,27,77,74,-3,,-3.0,76.3
2012/2013,David Villa,Attaquant,FC Barcelona,31,87,83,-4,,-4.0,44.7
2012/2013,Ruben Pardo,Milieu,Real Sociedad,20,59,72,13,,11.0,26.3
2012/2013,David Albelda,Milieu,Valencia CF,35,77,75,-2,,-2.0,42.1
2012/2013,Karim Benzema,Attaquant,Real Madrid CF,25,86,85,-1,,-1.0,50.0
2012/2013,Christian Alfonso,Milieu,RCD Espanyol,23,60,67,7,,5.0,5.3
2012/2013,Koke,Milieu,Atlético Madrid,20,71,79,8,,8.0,76.3
2012/2013,Diego Costa,Attaquant,Atlético Madrid,24,75,81,6,,6.0,63.2
2012/2013,Antonio Amaya,Défenseur,Real Betis Balompié,29,70,73,3,,3.0,68.4
2012/2013,Christian Lell,Défenseur,Levante UD,28,74,74,0,,0.0,52.6
2012/2013,Juan Bernat,Milieu,Valencia CF,19,66,71,5,,5.0,15.8
2012/2013,Jon Echaide,Défenseur,CA Osasuna,24,68,65,-3,,-3.0,2.6
2012/2013,Juanma Ortiz,Défenseur,Granada CF,30,68,67,-1,,-1.0,13.2
2012/2013,Coke,Défenseur,Sevilla FC,25,75,74,-1,,-1.0,50.0
2012/2013,Adrian Colunga,Attaquant,Getafe CF,28,71,74,3,,3.0,39.5
2012/2013,Jesus Vazquez,Milieu,RC Deportivo de La Coruña,32,69,68,-1,,-1.0,5.3
2012/2013,Juan Jesus Calatayud,Gardien,RCD Mallorca,33,73,70,-3,,-3.0,7.9
2012/2013,Miguel Angel de las Cuevas,Milieu,CA Osasuna,26,77,71,-6,,-6.0,39.5
2012/2013,Hector Rodas,Défenseur,Levante UD,24,68,68,0,,0.0,13.2
2013/2014,Alberto Lopo,Défenseur,Getafe CF,33,75,68,-7,-2,-7.0,2.6
2014/2015,Diego Reyes,Défenseur,FC Porto,22,73,72,-1,-2,-1.0,5.9
2014/2015,Bruno Lopes,Attaquant,Estoril Praia,28,68,68,0,,0.0,8.8
2012/2013,Raul Fernandez,Gardien,Athletic Club de Bilbao,24,67,68,1,,1.0,7.9
2012/2013,Alejandro Alfaro,Attaquant,RCD Mallorca,26,72,73,1,,1.0,34.2
2012/2013,Alvaro Morata,Milieu,Real Madrid CF,20,70,73,3,,3.0,13.2
2012/2013,Marc Bartra,Défenseur,FC Barcelona,21,70,74,4,,4.0,7.9
2012/2013,Theofanis Gekas,Attaquant,Levante UD,32,74,70,-4,,-4.0,5.3
2012/2013,Anthony Annan,Milieu,CA Osasuna,26,74,69,-5,,-5.0,13.2
2012/2013,Diego Perotti,Milieu,Sevilla FC,24,76,74,-2,,-2.0,21.1
